case,h,candidate_basis,status,error_message,candidate_kind,fit_scope,feature_family,feature_scope,active_stage_rows,training_sample_count,basis_row_count,compression_row_count,source_consistency_rows,velocity_stage_rows,active_velocity_rows,history_feature_rows,history_feature_rank,history_feature_condition,history_step_count,history_direction_count,history_delta_norm,history_source_transport_used,history_velocity_transport_used,history_combined_transport_used,uses_final_stage_velocity_feature,target_row_count,stage_unknown_count,basis_rank,augmented_rank,independent_target_rank,basis_condition,target_jacobian_norm,oracle_correction_norm,history_projected_correction_norm,history_correction_residual_norm,history_correction_relative_residual,max_history_row_relative_residual,projection_residual_norm,projection_relative_residual,max_row_relative_residual,min_row_relative_residual,value_residual_norm,value_level_balance_ok,meaningful_nonfinal_energy,target_jacobian_used_for_capacity_fit,target_direction_oracle_used_for_formula,endpoint_boundary_source_removed,target_terminal_boundary_row_used,terminal_row_replacement_used,projection_used,accepted_h_sweep_present,full_tfe_stage_replacement,multi_step_history_capacity_spans_target,blocking_gap,next_repair_target,notes
cylindrical_smooth,0.04,case_local_multi_step_history_capacity_value_scalar_nonfinal,paper_tfe_lower_pair_velocity_compression_multi_step_history_capacity_gap_not_full_tfe,,case_local_multi_step_history_capacity_nonfinal_stage_scalar_value_fit,case_local_multi_step_history_capacity_oracle_fit,two_step_source_transport_delta_rows_perp,two-step transported source-row deltas residualized against local source rows,"0,1",1,24,8,16,24,16,32,32,3.2138156391372997e+05,2,32,6.9305235199943360e-01,True,False,False,False,8,132,24,30,6,1.0052635089896254e+03,3.7127280938507345e-01,3.6464473006524034e-01,2.3774387324050911e-01,2.7648441167804083e-01,7.5822955573380613e-01,9.9214882737296972e-01,2.7648441167804083e-01,7.4469340250359994e-01,9.9030204908338759e-01,4.2242290281152585e-13,6.7406137997733683e-18,True,True,True,False,True,True,False,False,False,False,False,The tested two-step history-transport non-final source features do not reproduce the local correction.,derive a revised weak-row formula or nonlinear recurrent history source law for the coefficient-gradient closure,"This capacity audit advances the terminal output twice and stacks transported source-row/non-final velocity-row deltas from both future states. It tests a multi-step trajectory-history feature space, not a target-free formula and not an accepted nonlinear h-sweep."
cylindrical_smooth,0.04,case_local_multi_step_history_capacity_value_scalar_nonfinal,paper_tfe_lower_pair_velocity_compression_multi_step_history_capacity_gap_not_full_tfe,,case_local_multi_step_history_capacity_nonfinal_stage_scalar_value_fit,case_local_multi_step_history_capacity_oracle_fit,active_plus_two_step_source_transport_delta_rows_perp,active non-final velocity plus two-step transported source-row deltas,"0,1",1,24,8,16,24,16,48,44,4.6415043123519179e+04,2,48,9.1122983731065754e-01,True,False,False,False,8,132,24,30,6,9.3322509853038957e+02,3.7127280938507345e-01,3.6464473006524034e-01,2.5719817117665178e-01,2.5848574410929609e-01,7.0887009408595913e-01,9.9214882736067667e-01,2.5848574410929609e-01,6.9621512153668685e-01,9.9030204907111741e-01,1.6199856050426333e-15,6.7406137997733683e-18,True,True,True,False,True,True,False,False,False,False,False,The tested two-step history-transport non-final source features do not reproduce the local correction.,derive a revised weak-row formula or nonlinear recurrent history source law for the coefficient-gradient closure,"This capacity audit advances the terminal output twice and stacks transported source-row/non-final velocity-row deltas from both future states. It tests a multi-step trajectory-history feature space, not a target-free formula and not an accepted nonlinear h-sweep."
cylindrical_smooth,0.04,case_local_multi_step_history_capacity_value_scalar_nonfinal,paper_tfe_lower_pair_velocity_compression_multi_step_history_capacity_gap_not_full_tfe,,case_local_multi_step_history_capacity_nonfinal_stage_scalar_value_fit,case_local_multi_step_history_capacity_oracle_fit,two_step_velocity_transport_delta_rows_perp,two-step transported non-final velocity-row deltas residualized against local source rows,"0,1",1,24,8,16,24,16,32,24,5.2312515272980243e+04,2,32,1.3647019615824618e-01,False,True,False,False,8,132,24,32,8,3.0370692844758660e+08,3.7127280938507345e-01,3.6464473006524034e-01,2.9351004027663771e-02,3.6346154917256385e-01,9.9675525026108347e-01,9.9993792365800915e-01,3.6346154917256385e-01,9.7896086108366742e-01,9.9952645825462516e-01,9.3044106278535188e-01,6.7406137997733683e-18,True,True,True,False,True,True,False,False,False,False,False,The tested two-step history-transport non-final source features do not reproduce the local correction.,derive a revised weak-row formula or nonlinear recurrent history source law for the coefficient-gradient closure,"This capacity audit advances the terminal output twice and stacks transported source-row/non-final velocity-row deltas from both future states. It tests a multi-step trajectory-history feature space, not a target-free formula and not an accepted nonlinear h-sweep."
cylindrical_smooth,0.04,case_local_multi_step_history_capacity_value_scalar_nonfinal,paper_tfe_lower_pair_velocity_compression_multi_step_history_capacity_gap_not_full_tfe,,case_local_multi_step_history_capacity_nonfinal_stage_scalar_value_fit,case_local_multi_step_history_capacity_oracle_fit,active_plus_two_step_velocity_transport_delta_rows_perp,active non-final velocity plus two-step transported velocity-row deltas,"0,1",1,24,8,16,24,16,48,32,2.0480486463077574e+04,2,48,6.0715926101207651e-01,False,True,False,False,8,132,24,32,8,3.0387292300416887e+08,3.7127280938507345e-01,3.6464473006524034e-01,2.9351004027663684e-02,3.6346154917256385e-01,9.9675525026108347e-01,9.9993792365800915e-01,3.6346154917256385e-01,9.7896086108366742e-01,9.9952645825462516e-01,9.3044106278535166e-01,6.7406137997733683e-18,True,True,True,False,True,True,False,False,False,False,False,The tested two-step history-transport non-final source features do not reproduce the local correction.,derive a revised weak-row formula or nonlinear recurrent history source law for the coefficient-gradient closure,"This capacity audit advances the terminal output twice and stacks transported source-row/non-final velocity-row deltas from both future states. It tests a multi-step trajectory-history feature space, not a target-free formula and not an accepted nonlinear h-sweep."
cylindrical_smooth,0.04,case_local_multi_step_history_capacity_value_scalar_nonfinal,paper_tfe_lower_pair_velocity_compression_multi_step_history_capacity_gap_not_full_tfe,,case_local_multi_step_history_capacity_nonfinal_stage_scalar_value_fit,case_local_multi_step_history_capacity_oracle_fit,two_step_source_velocity_transport_delta_rows_perp,two-step transported source-row and non-final velocity-row deltas,"0,1",1,24,8,16,24,16,64,45,1.7819005496278817e+06,2,64,7.0636086885629279e-01,True,True,True,False,8,132,24,29,5,8.6132443454015947e+02,3.7127280938507345e-01,3.6464473006524034e-01,2.5748286847747609e-01,2.5820215259552953e-01,7.0809237404674230e-01,9.9214876648145423e-01,2.5820215259552953e-01,6.9545128560096003e-01,9.9030198830521510e-01,6.4206088897548278e-15,6.7406137997733683e-18,True,True,True,False,True,True,False,False,False,False,False,The tested two-step history-transport non-final source features do not reproduce the local correction.,derive a revised weak-row formula or nonlinear recurrent history source law for the coefficient-gradient closure,"This capacity audit advances the terminal output twice and stacks transported source-row/non-final velocity-row deltas from both future states. It tests a multi-step trajectory-history feature space, not a target-free formula and not an accepted nonlinear h-sweep."
cylindrical_smooth,0.04,case_local_multi_step_history_capacity_value_scalar_nonfinal,paper_tfe_lower_pair_velocity_compression_multi_step_history_capacity_gap_not_full_tfe,,case_local_multi_step_history_capacity_nonfinal_stage_scalar_value_fit,case_local_multi_step_history_capacity_oracle_fit,active_plus_two_step_source_velocity_transport_delta_rows_perp,active non-final velocity plus two-step source/velocity transport deltas,"0,1",1,24,8,16,24,16,80,53,9.5789955030819727e+05,2,80,9.2139238701254611e-01,True,True,True,False,8,132,24,29,5,8.6132443454017277e+02,3.7127280938507345e-01,3.6464473006524034e-01,2.5748286847746987e-01,2.5820215259552953e-01,7.0809237404674230e-01,9.9214876648145423e-01,2.5820215259552953e-01,6.9545128560096003e-01,9.9030198830521510e-01,2.7692950926613839e-15,6.7406137997733683e-18,True,True,True,False,True,True,False,False,False,False,False,The tested two-step history-transport non-final source features do not reproduce the local correction.,derive a revised weak-row formula or nonlinear recurrent history source law for the coefficient-gradient closure,"This capacity audit advances the terminal output twice and stacks transported source-row/non-final velocity-row deltas from both future states. It tests a multi-step trajectory-history feature space, not a target-free formula and not an accepted nonlinear h-sweep."
cylindrical_smooth,0.04,universal_multi_step_history_capacity_value_scalar_nonfinal,paper_tfe_lower_pair_velocity_compression_multi_step_history_capacity_gap_not_full_tfe,,universal_multi_step_history_capacity_nonfinal_stage_scalar_value_fit,all_case_h_multi_step_history_capacity_oracle_fit,two_step_source_transport_delta_rows_perp,two-step transported source-row deltas residualized against local source rows,"0,1",6,24,8,16,24,16,32,32,3.2138156391372997e+05,2,32,6.9305235199943360e-01,True,False,False,False,8,132,24,30,6,1.0052635089886511e+03,3.7127280938507345e-01,3.6464473007478193e-01,2.3774387313847731e-01,2.7648441177835759e-01,7.5822955598907382e-01,9.9214882737030541e-01,2.7648441177835753e-01,7.4469340277379659e-01,9.9030204908338715e-01,3.4387192143372557e-13,7.6071816433064978e-18,True,True,True,False,True,True,False,False,False,False,False,The tested two-step history-transport non-final source features do not reproduce the local correction.,derive a revised weak-row formula or nonlinear recurrent history source law for the coefficient-gradient closure,"This capacity audit advances the terminal output twice and stacks transported source-row/non-final velocity-row deltas from both future states. It tests a multi-step trajectory-history feature space, not a target-free formula and not an accepted nonlinear h-sweep."
cylindrical_smooth,0.04,universal_multi_step_history_capacity_value_scalar_nonfinal,paper_tfe_lower_pair_velocity_compression_multi_step_history_capacity_gap_not_full_tfe,,universal_multi_step_history_capacity_nonfinal_stage_scalar_value_fit,all_case_h_multi_step_history_capacity_oracle_fit,active_plus_two_step_source_transport_delta_rows_perp,active non-final velocity plus two-step transported source-row deltas,"0,1",6,24,8,16,24,16,48,44,4.6415043123519179e+04,2,48,9.1122983731065754e-01,True,False,False,False,8,132,24,30,6,9.3322509853072052e+02,3.7127280938507345e-01,3.6464473007478193e-01,2.5719817119017879e-01,2.5848574410929609e-01,7.0887009406741031e-01,9.9214882735801280e-01,2.5848574410929609e-01,6.9621512153668685e-01,9.9030204907111741e-01,2.2403780631977860e-15,7.6071816433064978e-18,True,True,True,False,True,True,False,False,False,False,False,The tested two-step history-transport non-final source features do not reproduce the local correction.,derive a revised weak-row formula or nonlinear recurrent history source law for the coefficient-gradient closure,"This capacity audit advances the terminal output twice and stacks transported source-row/non-final velocity-row deltas from both future states. It tests a multi-step trajectory-history feature space, not a target-free formula and not an accepted nonlinear h-sweep."
cylindrical_smooth,0.04,universal_multi_step_history_capacity_value_scalar_nonfinal,paper_tfe_lower_pair_velocity_compression_multi_step_history_capacity_gap_not_full_tfe,,universal_multi_step_history_capacity_nonfinal_stage_scalar_value_fit,all_case_h_multi_step_history_capacity_oracle_fit,two_step_velocity_transport_delta_rows_perp,two-step transported non-final velocity-row deltas residualized against local source rows,"0,1",6,24,8,16,24,16,32,24,5.2312515272980243e+04,2,32,1.3647019615824618e-01,False,True,False,False,8,132,24,32,8,3.0386813552717626e+08,3.7127280938507345e-01,3.6464473007478193e-01,2.9351004146204888e-02,3.6346154917256385e-01,9.9675525023500156e-01,9.9993792365742518e-01,3.6346154917256385e-01,9.7896086108366742e-01,9.9952645825462516e-01,9.3044106278535166e-01,7.6071816433064978e-18,True,True,True,False,True,True,False,False,False,False,False,The tested two-step history-transport non-final source features do not reproduce the local correction.,derive a revised weak-row formula or nonlinear recurrent history source law for the coefficient-gradient closure,"This capacity audit advances the terminal output twice and stacks transported source-row/non-final velocity-row deltas from both future states. It tests a multi-step trajectory-history feature space, not a target-free formula and not an accepted nonlinear h-sweep."
cylindrical_smooth,0.04,universal_multi_step_history_capacity_value_scalar_nonfinal,paper_tfe_lower_pair_velocity_compression_multi_step_history_capacity_gap_not_full_tfe,,universal_multi_step_history_capacity_nonfinal_stage_scalar_value_fit,all_case_h_multi_step_history_capacity_oracle_fit,active_plus_two_step_velocity_transport_delta_rows_perp,active non-final velocity plus two-step transported velocity-row deltas,"0,1",6,24,8,16,24,16,48,32,2.0480486463077574e+04,2,48,6.0715926101207651e-01,False,True,False,False,8,132,24,32,8,3.0387292301700670e+08,3.7127280938507345e-01,3.6464473007478193e-01,2.9351004146204750e-02,3.6346154917256385e-01,9.9675525023500156e-01,9.9993792365742518e-01,3.6346154917256385e-01,9.7896086108366742e-01,9.9952645825462516e-01,9.3044106278535166e-01,7.6071816433064978e-18,True,True,True,False,True,True,False,False,False,False,False,The tested two-step history-transport non-final source features do not reproduce the local correction.,derive a revised weak-row formula or nonlinear recurrent history source law for the coefficient-gradient closure,"This capacity audit advances the terminal output twice and stacks transported source-row/non-final velocity-row deltas from both future states. It tests a multi-step trajectory-history feature space, not a target-free formula and not an accepted nonlinear h-sweep."
cylindrical_smooth,0.04,universal_multi_step_history_capacity_value_scalar_nonfinal,paper_tfe_lower_pair_velocity_compression_multi_step_history_capacity_gap_not_full_tfe,,universal_multi_step_history_capacity_nonfinal_stage_scalar_value_fit,all_case_h_multi_step_history_capacity_oracle_fit,two_step_source_velocity_transport_delta_rows_perp,two-step transported source-row and non-final velocity-row deltas,"0,1",6,24,8,16,24,16,64,45,1.7819005496278817e+06,2,64,7.0636086885629279e-01,True,True,True,False,8,132,24,29,5,8.6132443454005988e+02,3.7127280938507345e-01,3.6464473007478193e-01,2.5748286849098684e-01,2.5820215259552953e-01,7.0809237402821379e-01,9.9214876647879036e-01,2.5820215259552953e-01,6.9545128560096003e-01,9.9030198830521510e-01,7.5193383245595907e-15,7.6071816433064978e-18,True,True,True,False,True,True,False,False,False,False,False,The tested two-step history-transport non-final source features do not reproduce the local correction.,derive a revised weak-row formula or nonlinear recurrent history source law for the coefficient-gradient closure,"This capacity audit advances the terminal output twice and stacks transported source-row/non-final velocity-row deltas from both future states. It tests a multi-step trajectory-history feature space, not a target-free formula and not an accepted nonlinear h-sweep."
cylindrical_smooth,0.04,universal_multi_step_history_capacity_value_scalar_nonfinal,paper_tfe_lower_pair_velocity_compression_multi_step_history_capacity_gap_not_full_tfe,,universal_multi_step_history_capacity_nonfinal_stage_scalar_value_fit,all_case_h_multi_step_history_capacity_oracle_fit,active_plus_two_step_source_velocity_transport_delta_rows_perp,active non-final velocity plus two-step source/velocity transport deltas,"0,1",6,24,8,16,24,16,80,53,9.5789955030819727e+05,2,80,9.2139238701254611e-01,True,True,True,False,8,132,24,29,5,8.6132443454015333e+02,3.7127280938507345e-01,3.6464473007478193e-01,2.5748286849098301e-01,2.5820215259552953e-01,7.0809237402821379e-01,9.9214876647879036e-01,2.5820215259552953e-01,6.9545128560096003e-01,9.9030198830521510e-01,2.6575791559446458e-15,7.6071816433064978e-18,True,True,True,False,True,True,False,False,False,False,False,The tested two-step history-transport non-final source features do not reproduce the local correction.,derive a revised weak-row formula or nonlinear recurrent history source law for the coefficient-gradient closure,"This capacity audit advances the terminal output twice and stacks transported source-row/non-final velocity-row deltas from both future states. It tests a multi-step trajectory-history feature space, not a target-free formula and not an accepted nonlinear h-sweep."
cylindrical_smooth,0.04,case_local_multi_step_history_capacity_value_component_nonfinal,paper_tfe_lower_pair_velocity_compression_multi_step_history_capacity_gap_not_full_tfe,,case_local_multi_step_history_capacity_nonfinal_component_diagonal_value_fit,case_local_multi_step_history_capacity_oracle_fit,two_step_source_transport_delta_rows_perp,two-step transported source-row deltas residualized against local source rows,"0,1",1,24,8,16,24,16,32,32,3.2138156391372997e+05,2,32,6.9305235199943360e-01,True,False,False,False,8,132,24,30,6,1.0052635418983458e+03,3.7127280938507345e-01,3.6505364663439654e-01,2.3837058301315989e-01,2.7648441199286167e-01,7.5738022217255785e-01,9.9214882736952226e-01,2.7648441199286167e-01,7.4469340335155010e-01,9.9030204908338715e-01,3.2673624317689599e-13,1.0969092796788381e-33,True,True,True,False,True,True,False,False,False,False,False,The tested two-step history-transport non-final source features do not reproduce the local correction.,derive a revised weak-row formula or nonlinear recurrent history source law for the coefficient-gradient closure,"This capacity audit advances the terminal output twice and stacks transported source-row/non-final velocity-row deltas from both future states. It tests a multi-step trajectory-history feature space, not a target-free formula and not an accepted nonlinear h-sweep."
cylindrical_smooth,0.04,case_local_multi_step_history_capacity_value_component_nonfinal,paper_tfe_lower_pair_velocity_compression_multi_step_history_capacity_gap_not_full_tfe,,case_local_multi_step_history_capacity_nonfinal_component_diagonal_value_fit,case_local_multi_step_history_capacity_oracle_fit,active_plus_two_step_source_transport_delta_rows_perp,active non-final velocity plus two-step transported source-row deltas,"0,1",1,24,8,16,24,16,48,44,4.6415043123519179e+04,2,48,9.1122983731065754e-01,True,False,False,False,8,132,24,30,6,9.3322511324338359e+02,3.7127280938507345e-01,3.6505364663439654e-01,2.5777758826812797e-01,2.5848574410929609e-01,7.0807604989677353e-01,9.9214882735722965e-01,2.5848574410929609e-01,6.9621512153668685e-01,9.9030204907111741e-01,1.9362579746903441e-15,1.0969092796788381e-33,True,True,True,False,True,True,False,False,False,False,False,The tested two-step history-transport non-final source features do not reproduce the local correction.,derive a revised weak-row formula or nonlinear recurrent history source law for the coefficient-gradient closure,"This capacity audit advances the terminal output twice and stacks transported source-row/non-final velocity-row deltas from both future states. It tests a multi-step trajectory-history feature space, not a target-free formula and not an accepted nonlinear h-sweep."
cylindrical_smooth,0.04,case_local_multi_step_history_capacity_value_component_nonfinal,paper_tfe_lower_pair_velocity_compression_multi_step_history_capacity_gap_not_full_tfe,,case_local_multi_step_history_capacity_nonfinal_component_diagonal_value_fit,case_local_multi_step_history_capacity_oracle_fit,two_step_velocity_transport_delta_rows_perp,two-step transported non-final velocity-row deltas residualized against local source rows,"0,1",1,24,8,16,24,16,32,24,5.2312515272980243e+04,2,32,1.3647019615824618e-01,False,True,False,False,8,132,24,32,8,3.0387158388786095e+08,3.7127280938507345e-01,3.6505364663439654e-01,3.4056823019048471e-02,3.6346154917256385e-01,9.9563873015237347e-01,9.9993792365753009e-01,3.6346154917256385e-01,9.7896086108366742e-01,9.9952645825462516e-01,9.3044106278535166e-01,1.0969092796788381e-33,True,True,True,False,True,True,False,False,False,False,False,The tested two-step history-transport non-final source features do not reproduce the local correction.,derive a revised weak-row formula or nonlinear recurrent history source law for the coefficient-gradient closure,"This capacity audit advances the terminal output twice and stacks transported source-row/non-final velocity-row deltas from both future states. It tests a multi-step trajectory-history feature space, not a target-free formula and not an accepted nonlinear h-sweep."
cylindrical_smooth,0.04,case_local_multi_step_history_capacity_value_component_nonfinal,paper_tfe_lower_pair_velocity_compression_multi_step_history_capacity_gap_not_full_tfe,,case_local_multi_step_history_capacity_nonfinal_component_diagonal_value_fit,case_local_multi_step_history_capacity_oracle_fit,active_plus_two_step_velocity_transport_delta_rows_perp,active non-final velocity plus two-step transported velocity-row deltas,"0,1",1,24,8,16,24,16,48,32,2.0480486463077574e+04,2,48,6.0715926101207651e-01,False,True,False,False,8,132,24,32,8,3.0387296795922059e+08,3.7127280938507345e-01,3.6505364663439654e-01,3.4056823019048513e-02,3.6346154917256385e-01,9.9563873015237347e-01,9.9993792365753009e-01,3.6346154917256385e-01,9.7896086108366742e-01,9.9952645825462516e-01,9.3044106278535166e-01,1.0969092796788381e-33,True,True,True,False,True,True,False,False,False,False,False,The tested two-step history-transport non-final source features do not reproduce the local correction.,derive a revised weak-row formula or nonlinear recurrent history source law for the coefficient-gradient closure,"This capacity audit advances the terminal output twice and stacks transported source-row/non-final velocity-row deltas from both future states. It tests a multi-step trajectory-history feature space, not a target-free formula and not an accepted nonlinear h-sweep."
cylindrical_smooth,0.04,case_local_multi_step_history_capacity_value_component_nonfinal,paper_tfe_lower_pair_velocity_compression_multi_step_history_capacity_gap_not_full_tfe,,case_local_multi_step_history_capacity_nonfinal_component_diagonal_value_fit,case_local_multi_step_history_capacity_oracle_fit,two_step_source_velocity_transport_delta_rows_perp,two-step transported source-row and non-final velocity-row deltas,"0,1",1,24,8,16,24,16,64,45,1.7819005496278817e+06,2,64,7.0636086885629279e-01,True,True,True,False,8,132,24,29,5,8.6132445495888226e+02,3.7127280938507345e-01,3.6505364663439654e-01,2.5806164634851764e-01,2.5820215259552953e-01,7.0729920102433752e-01,9.9214876647800720e-01,2.5820215259552953e-01,6.9545128560096003e-01,9.9030198830521510e-01,6.5030179256347010e-15,1.0969092796788381e-33,True,True,True,False,True,True,False,False,False,False,False,The tested two-step history-transport non-final source features do not reproduce the local correction.,derive a revised weak-row formula or nonlinear recurrent history source law for the coefficient-gradient closure,"This capacity audit advances the terminal output twice and stacks transported source-row/non-final velocity-row deltas from both future states. It tests a multi-step trajectory-history feature space, not a target-free formula and not an accepted nonlinear h-sweep."
cylindrical_smooth,0.04,case_local_multi_step_history_capacity_value_component_nonfinal,paper_tfe_lower_pair_velocity_compression_multi_step_history_capacity_gap_not_full_tfe,,case_local_multi_step_history_capacity_nonfinal_component_diagonal_value_fit,case_local_multi_step_history_capacity_oracle_fit,active_plus_two_step_source_velocity_transport_delta_rows_perp,active non-final velocity plus two-step source/velocity transport deltas,"0,1",1,24,8,16,24,16,80,53,9.5789955030819727e+05,2,80,9.2139238701254611e-01,True,True,True,False,8,132,24,29,5,8.6132445495905790e+02,3.7127280938507345e-01,3.6505364663439654e-01,2.5806164634851297e-01,2.5820215259552953e-01,7.0729920102433752e-01,9.9214876647800720e-01,2.5820215259552953e-01,6.9545128560096003e-01,9.9030198830521510e-01,2.9546398991830922e-15,1.0969092796788381e-33,True,True,True,False,True,True,False,False,False,False,False,The tested two-step history-transport non-final source features do not reproduce the local correction.,derive a revised weak-row formula or nonlinear recurrent history source law for the coefficient-gradient closure,"This capacity audit advances the terminal output twice and stacks transported source-row/non-final velocity-row deltas from both future states. It tests a multi-step trajectory-history feature space, not a target-free formula and not an accepted nonlinear h-sweep."
cylindrical_smooth,0.04,universal_multi_step_history_capacity_value_component_nonfinal,paper_tfe_lower_pair_velocity_compression_multi_step_history_capacity_gap_not_full_tfe,,universal_multi_step_history_capacity_nonfinal_component_diagonal_value_fit,all_case_h_multi_step_history_capacity_oracle_fit,two_step_source_transport_delta_rows_perp,two-step transported source-row deltas residualized against local source rows,"0,1",6,24,8,16,24,16,32,32,3.2138156391372997e+05,2,32,6.9305235199943360e-01,True,False,False,False,8,132,24,30,6,1.0052635966860641e+03,3.7127280938507345e-01,3.6499396871481160e-01,2.3827917874909749e-01,2.7648441216972958e-01,7.5750405724035663e-01,9.9214882736949572e-01,2.7648441216972947e-01,7.4469340382793237e-01,9.9030204908338715e-01,3.3345038428981441e-13,2.6003532570117728e-19,True,True,True,False,True,True,False,False,False,False,False,The tested two-step history-transport non-final source features do not reproduce the local correction.,derive a revised weak-row formula or nonlinear recurrent history source law for the coefficient-gradient closure,"This capacity audit advances the terminal output twice and stacks transported source-row/non-final velocity-row deltas from both future states. It tests a multi-step trajectory-history feature space, not a target-free formula and not an accepted nonlinear h-sweep."
cylindrical_smooth,0.04,universal_multi_step_history_capacity_value_component_nonfinal,paper_tfe_lower_pair_velocity_compression_multi_step_history_capacity_gap_not_full_tfe,,universal_multi_step_history_capacity_nonfinal_component_diagonal_value_fit,all_case_h_multi_step_history_capacity_oracle_fit,active_plus_two_step_source_transport_delta_rows_perp,active non-final velocity plus two-step transported source-row deltas,"0,1",6,24,8,16,24,16,48,44,4.6415043123519179e+04,2,48,9.1122983731065754e-01,True,False,False,False,8,132,24,30,6,9.3322520434480145e+02,3.7127280938507345e-01,3.6499396871481160e-01,2.5769306799068437e-01,2.5848574410929609e-01,7.0819182305794259e-01,9.9214882735720311e-01,2.5848574410929609e-01,6.9621512153668685e-01,9.9030204907111741e-01,1.6819811757417343e-15,2.6003532570117728e-19,True,True,True,False,True,True,False,False,False,False,False,The tested two-step history-transport non-final source features do not reproduce the local correction.,derive a revised weak-row formula or nonlinear recurrent history source law for the coefficient-gradient closure,"This capacity audit advances the terminal output twice and stacks transported source-row/non-final velocity-row deltas from both future states. It tests a multi-step trajectory-history feature space, not a target-free formula and not an accepted nonlinear h-sweep."
cylindrical_smooth,0.04,universal_multi_step_history_capacity_value_component_nonfinal,paper_tfe_lower_pair_velocity_compression_multi_step_history_capacity_gap_not_full_tfe,,universal_multi_step_history_capacity_nonfinal_component_diagonal_value_fit,all_case_h_multi_step_history_capacity_oracle_fit,two_step_velocity_transport_delta_rows_perp,two-step transported non-final velocity-row deltas residualized against local source rows,"0,1",6,24,8,16,24,16,32,24,5.2312515272980243e+04,2,32,1.3647019615824618e-01,False,True,False,False,8,132,24,32,8,3.0367139517583096e+08,3.7127280938507345e-01,3.6499396871481160e-01,3.3411068095299153e-02,3.6346154917256401e-01,9.9580152091925400e-01,9.9993792365730849e-01,3.6346154917256401e-01,9.7896086108366787e-01,9.9952645825462516e-01,9.3044106278535166e-01,2.6003532570117728e-19,True,True,True,False,True,True,False,False,False,False,False,The tested two-step history-transport non-final source features do not reproduce the local correction.,derive a revised weak-row formula or nonlinear recurrent history source law for the coefficient-gradient closure,"This capacity audit advances the terminal output twice and stacks transported source-row/non-final velocity-row deltas from both future states. It tests a multi-step trajectory-history feature space, not a target-free formula and not an accepted nonlinear h-sweep."
cylindrical_smooth,0.04,universal_multi_step_history_capacity_value_component_nonfinal,paper_tfe_lower_pair_velocity_compression_multi_step_history_capacity_gap_not_full_tfe,,universal_multi_step_history_capacity_nonfinal_component_diagonal_value_fit,all_case_h_multi_step_history_capacity_oracle_fit,active_plus_two_step_velocity_transport_delta_rows_perp,active non-final velocity plus two-step transported velocity-row deltas,"0,1",6,24,8,16,24,16,48,32,2.0480486463077574e+04,2,48,6.0715926101207651e-01,False,True,False,False,8,132,24,32,8,3.0387301513592833e+08,3.7127280938507345e-01,3.6499396871481160e-01,3.3411068095300894e-02,3.6346154917256385e-01,9.9580152091925356e-01,9.9993792365730849e-01,3.6346154917256385e-01,9.7896086108366742e-01,9.9952645825462516e-01,9.3044106278535166e-01,2.6003532570117728e-19,True,True,True,False,True,True,False,False,False,False,False,The tested two-step history-transport non-final source features do not reproduce the local correction.,derive a revised weak-row formula or nonlinear recurrent history source law for the coefficient-gradient closure,"This capacity audit advances the terminal output twice and stacks transported source-row/non-final velocity-row deltas from both future states. It tests a multi-step trajectory-history feature space, not a target-free formula and not an accepted nonlinear h-sweep."
cylindrical_smooth,0.04,universal_multi_step_history_capacity_value_component_nonfinal,paper_tfe_lower_pair_velocity_compression_multi_step_history_capacity_gap_not_full_tfe,,universal_multi_step_history_capacity_nonfinal_component_diagonal_value_fit,all_case_h_multi_step_history_capacity_oracle_fit,two_step_source_velocity_transport_delta_rows_perp,two-step transported source-row and non-final velocity-row deltas,"0,1",6,24,8,16,24,16,64,45,1.7819005496278817e+06,2,64,7.0636086885629279e-01,True,True,True,False,8,132,24,29,5,8.6132452991851926e+02,3.7127280938507345e-01,3.6499396871481160e-01,2.5797721913615951e-01,2.5820215259552975e-01,7.0741484716772474e-01,9.9214876647798067e-01,2.5820215259552975e-01,6.9545128560096070e-01,9.9030198830521510e-01,6.9624829256815992e-15,2.6003532570117728e-19,True,True,True,False,True,True,False,False,False,False,False,The tested two-step history-transport non-final source features do not reproduce the local correction.,derive a revised weak-row formula or nonlinear recurrent history source law for the coefficient-gradient closure,"This capacity audit advances the terminal output twice and stacks transported source-row/non-final velocity-row deltas from both future states. It tests a multi-step trajectory-history feature space, not a target-free formula and not an accepted nonlinear h-sweep."
cylindrical_smooth,0.04,universal_multi_step_history_capacity_value_component_nonfinal,paper_tfe_lower_pair_velocity_compression_multi_step_history_capacity_gap_not_full_tfe,,universal_multi_step_history_capacity_nonfinal_component_diagonal_value_fit,all_case_h_multi_step_history_capacity_oracle_fit,active_plus_two_step_source_velocity_transport_delta_rows_perp,active non-final velocity plus two-step source/velocity transport deltas,"0,1",6,24,8,16,24,16,80,53,9.5789955030819727e+05,2,80,9.2139238701254611e-01,True,True,True,False,8,132,24,29,5,8.6132452991904677e+02,3.7127280938507345e-01,3.6499396871481160e-01,2.5797721913615362e-01,2.5820215259552953e-01,7.0741484716772418e-01,9.9214876647798067e-01,2.5820215259552953e-01,6.9545128560096003e-01,9.9030198830521510e-01,4.6712238955301353e-15,2.6003532570117728e-19,True,True,True,False,True,True,False,False,False,False,False,The tested two-step history-transport non-final source features do not reproduce the local correction.,derive a revised weak-row formula or nonlinear recurrent history source law for the coefficient-gradient closure,"This capacity audit advances the terminal output twice and stacks transported source-row/non-final velocity-row deltas from both future states. It tests a multi-step trajectory-history feature space, not a target-free formula and not an accepted nonlinear h-sweep."
cylindrical_smooth,0.04,case_local_multi_step_history_capacity_value_full_nonfinal,paper_tfe_lower_pair_velocity_compression_multi_step_history_capacity_gap_not_full_tfe,,case_local_multi_step_history_capacity_nonfinal_full_component_value_fit,case_local_multi_step_history_capacity_oracle_fit,two_step_source_transport_delta_rows_perp,two-step transported source-row deltas residualized against local source rows,"0,1",1,24,8,16,24,16,32,32,3.2138156391372997e+05,2,32,6.9305235199943360e-01,True,False,False,False,8,132,24,30,6,1.0052635089896080e+03,3.7127280938507345e-01,3.6464473007330461e-01,2.3774387315383055e-01,2.7648441176320693e-01,7.5822955595059660e-01,9.9214882737071741e-01,2.7648441176320693e-01,7.4469340273298945e-01,9.9030204908338715e-01,8.3640256435308674e-13,1.8913227921974338e-33,True,True,True,False,True,True,False,False,False,False,False,The tested two-step history-transport non-final source features do not reproduce the local correction.,derive a revised weak-row formula or nonlinear recurrent history source law for the coefficient-gradient closure,"This capacity audit advances the terminal output twice and stacks transported source-row/non-final velocity-row deltas from both future states. It tests a multi-step trajectory-history feature space, not a target-free formula and not an accepted nonlinear h-sweep."
cylindrical_smooth,0.04,case_local_multi_step_history_capacity_value_full_nonfinal,paper_tfe_lower_pair_velocity_compression_multi_step_history_capacity_gap_not_full_tfe,,case_local_multi_step_history_capacity_nonfinal_full_component_value_fit,case_local_multi_step_history_capacity_oracle_fit,active_plus_two_step_source_transport_delta_rows_perp,active non-final velocity plus two-step transported source-row deltas,"0,1",1,24,8,16,24,16,48,44,4.6415043123519179e+04,2,48,9.1122983731065754e-01,True,False,False,False,8,132,24,30,6,9.3322509853026679e+02,3.7127280938507345e-01,3.6464473007330461e-01,2.5719817118808425e-01,2.5848574410929609e-01,7.0887009407028212e-01,9.9214882735842480e-01,2.5848574410929609e-01,6.9621512153668685e-01,9.9030204907111741e-01,2.1765866470952449e-15,1.8913227921974338e-33,True,True,True,False,True,True,False,False,False,False,False,The tested two-step history-transport non-final source features do not reproduce the local correction.,derive a revised weak-row formula or nonlinear recurrent history source law for the coefficient-gradient closure,"This capacity audit advances the terminal output twice and stacks transported source-row/non-final velocity-row deltas from both future states. It tests a multi-step trajectory-history feature space, not a target-free formula and not an accepted nonlinear h-sweep."
cylindrical_smooth,0.04,case_local_multi_step_history_capacity_value_full_nonfinal,paper_tfe_lower_pair_velocity_compression_multi_step_history_capacity_gap_not_full_tfe,,case_local_multi_step_history_capacity_nonfinal_full_component_value_fit,case_local_multi_step_history_capacity_oracle_fit,two_step_velocity_transport_delta_rows_perp,two-step transported non-final velocity-row deltas residualized against local source rows,"0,1",1,24,8,16,24,16,32,24,5.2312515272980243e+04,2,32,1.3647019615824618e-01,False,True,False,False,8,132,24,32,8,3.0387291410562104e+08,3.7127280938507345e-01,3.6464473007330461e-01,2.9351004127851490e-02,3.6346154917256385e-01,9.9675525023903977e-01,9.9993792365751122e-01,3.6346154917256385e-01,9.7896086108366742e-01,9.9952645825462516e-01,9.3044106278535166e-01,1.8913227921974338e-33,True,True,True,False,True,True,False,False,False,False,False,The tested two-step history-transport non-final source features do not reproduce the local correction.,derive a revised weak-row formula or nonlinear recurrent history source law for the coefficient-gradient closure,"This capacity audit advances the terminal output twice and stacks transported source-row/non-final velocity-row deltas from both future states. It tests a multi-step trajectory-history feature space, not a target-free formula and not an accepted nonlinear h-sweep."
cylindrical_smooth,0.04,case_local_multi_step_history_capacity_value_full_nonfinal,paper_tfe_lower_pair_velocity_compression_multi_step_history_capacity_gap_not_full_tfe,,case_local_multi_step_history_capacity_nonfinal_full_component_value_fit,case_local_multi_step_history_capacity_oracle_fit,active_plus_two_step_velocity_transport_delta_rows_perp,active non-final velocity plus two-step transported velocity-row deltas,"0,1",1,24,8,16,24,16,48,32,2.0480486463077574e+04,2,48,6.0715926101207651e-01,False,True,False,False,8,132,24,32,8,3.0387292301723313e+08,3.7127280938507345e-01,3.6464473007330461e-01,2.9351004127851285e-02,3.6346154917256385e-01,9.9675525023903977e-01,9.9993792365751122e-01,3.6346154917256385e-01,9.7896086108366742e-01,9.9952645825462516e-01,9.3044106278535166e-01,1.8913227921974338e-33,True,True,True,False,True,True,False,False,False,False,False,The tested two-step history-transport non-final source features do not reproduce the local correction.,derive a revised weak-row formula or nonlinear recurrent history source law for the coefficient-gradient closure,"This capacity audit advances the terminal output twice and stacks transported source-row/non-final velocity-row deltas from both future states. It tests a multi-step trajectory-history feature space, not a target-free formula and not an accepted nonlinear h-sweep."
cylindrical_smooth,0.04,case_local_multi_step_history_capacity_value_full_nonfinal,paper_tfe_lower_pair_velocity_compression_multi_step_history_capacity_gap_not_full_tfe,,case_local_multi_step_history_capacity_nonfinal_full_component_value_fit,case_local_multi_step_history_capacity_oracle_fit,two_step_source_velocity_transport_delta_rows_perp,two-step transported source-row and non-final velocity-row deltas,"0,1",1,24,8,16,24,16,64,45,1.7819005496278817e+06,2,64,7.0636086885629279e-01,True,True,True,False,8,132,24,29,5,8.6132443454007171e+02,3.7127280938507345e-01,3.6464473007330461e-01,2.5748286848889584e-01,2.5820215259552953e-01,7.0809237403108249e-01,9.9214876647920236e-01,2.5820215259552953e-01,6.9545128560096003e-01,9.9030198830521510e-01,6.4584210362215605e-13,1.8913227921974338e-33,True,True,True,False,True,True,False,False,False,False,False,The tested two-step history-transport non-final source features do not reproduce the local correction.,derive a revised weak-row formula or nonlinear recurrent history source law for the coefficient-gradient closure,"This capacity audit advances the terminal output twice and stacks transported source-row/non-final velocity-row deltas from both future states. It tests a multi-step trajectory-history feature space, not a target-free formula and not an accepted nonlinear h-sweep."
cylindrical_smooth,0.04,case_local_multi_step_history_capacity_value_full_nonfinal,paper_tfe_lower_pair_velocity_compression_multi_step_history_capacity_gap_not_full_tfe,,case_local_multi_step_history_capacity_nonfinal_full_component_value_fit,case_local_multi_step_history_capacity_oracle_fit,active_plus_two_step_source_velocity_transport_delta_rows_perp,active non-final velocity plus two-step source/velocity transport deltas,"0,1",1,24,8,16,24,16,80,53,9.5789955030819727e+05,2,80,9.2139238701254611e-01,True,True,True,False,8,132,24,29,5,8.6132443454009558e+02,3.7127280938507345e-01,3.6464473007330461e-01,2.5748286848888946e-01,2.5820215259552953e-01,7.0809237403108249e-01,9.9214876647920236e-01,2.5820215259552953e-01,6.9545128560096003e-01,9.9030198830521510e-01,2.9551251308410638e-15,1.8913227921974338e-33,True,True,True,False,True,True,False,False,False,False,False,The tested two-step history-transport non-final source features do not reproduce the local correction.,derive a revised weak-row formula or nonlinear recurrent history source law for the coefficient-gradient closure,"This capacity audit advances the terminal output twice and stacks transported source-row/non-final velocity-row deltas from both future states. It tests a multi-step trajectory-history feature space, not a target-free formula and not an accepted nonlinear h-sweep."
cylindrical_smooth,0.04,universal_multi_step_history_capacity_value_full_nonfinal,paper_tfe_lower_pair_velocity_compression_multi_step_history_capacity_gap_not_full_tfe,,universal_multi_step_history_capacity_nonfinal_full_component_value_fit,all_case_h_multi_step_history_capacity_oracle_fit,two_step_source_transport_delta_rows_perp,two-step transported source-row deltas residualized against local source rows,"0,1",6,24,8,16,24,16,32,32,3.2138156391372997e+05,2,32,6.9305235199943360e-01,True,False,False,False,8,132,24,32,8,1.0052629896474492e+03,3.7127280938507345e-01,3.6464472482720589e-01,2.3774400100508311e-01,2.7648429490733739e-01,7.5822924639415790e-01,9.9214875642334133e-01,2.7648429448343875e-01,7.4469308684729785e-01,9.9030206386619657e-01,1.7220542269625066e-06,3.0619550613943693e-28,True,True,True,False,True,True,False,False,False,False,False,The tested two-step history-transport non-final source features do not reproduce the local correction.,derive a revised weak-row formula or nonlinear recurrent history source law for the coefficient-gradient closure,"This capacity audit advances the terminal output twice and stacks transported source-row/non-final velocity-row deltas from both future states. It tests a multi-step trajectory-history feature space, not a target-free formula and not an accepted nonlinear h-sweep."
cylindrical_smooth,0.04,universal_multi_step_history_capacity_value_full_nonfinal,paper_tfe_lower_pair_velocity_compression_multi_step_history_capacity_gap_not_full_tfe,,universal_multi_step_history_capacity_nonfinal_full_component_value_fit,all_case_h_multi_step_history_capacity_oracle_fit,active_plus_two_step_source_transport_delta_rows_perp,active non-final velocity plus two-step transported source-row deltas,"0,1",6,24,8,16,24,16,48,44,4.6415043123519179e+04,2,48,9.1122983731065754e-01,True,False,False,False,8,132,24,30,6,9.3322509853043061e+02,3.7127280938507345e-01,3.6464472482720589e-01,2.5719816375038657e-01,2.5848574410929609e-01,7.0887010426870889e-01,9.9214874160041766e-01,2.5848574410929609e-01,6.9621512153668685e-01,9.9030204907111741e-01,2.0143475157206900e-15,3.0619550613943693e-28,True,True,True,False,True,True,False,False,False,False,False,The tested two-step history-transport non-final source features do not reproduce the local correction.,derive a revised weak-row formula or nonlinear recurrent history source law for the coefficient-gradient closure,"This capacity audit advances the terminal output twice and stacks transported source-row/non-final velocity-row deltas from both future states. It tests a multi-step trajectory-history feature space, not a target-free formula and not an accepted nonlinear h-sweep."
cylindrical_smooth,0.04,universal_multi_step_history_capacity_value_full_nonfinal,paper_tfe_lower_pair_velocity_compression_multi_step_history_capacity_gap_not_full_tfe,,universal_multi_step_history_capacity_nonfinal_full_component_value_fit,all_case_h_multi_step_history_capacity_oracle_fit,two_step_velocity_transport_delta_rows_perp,two-step transported non-final velocity-row deltas residualized against local source rows,"0,1",6,24,8,16,24,16,32,24,5.2312515272980243e+04,2,32,1.3647019615824618e-01,False,True,False,False,8,132,24,32,8,1.7101253675035459e+06,3.7127280938507345e-01,3.6464472482720589e-01,2.9350924472854513e-02,3.6346155034184496e-01,9.9675526778586587e-01,9.9993793266064401e-01,3.6346154925784246e-01,9.7896086131336002e-01,9.9952645828338937e-01,9.3044106280339856e-01,3.0619550613943693e-28,True,True,True,False,True,True,False,False,False,False,False,The tested two-step history-transport non-final source features do not reproduce the local correction.,derive a revised weak-row formula or nonlinear recurrent history source law for the coefficient-gradient closure,"This capacity audit advances the terminal output twice and stacks transported source-row/non-final velocity-row deltas from both future states. It tests a multi-step trajectory-history feature space, not a target-free formula and not an accepted nonlinear h-sweep."
cylindrical_smooth,0.04,universal_multi_step_history_capacity_value_full_nonfinal,paper_tfe_lower_pair_velocity_compression_multi_step_history_capacity_gap_not_full_tfe,,universal_multi_step_history_capacity_nonfinal_full_component_value_fit,all_case_h_multi_step_history_capacity_oracle_fit,active_plus_two_step_velocity_transport_delta_rows_perp,active non-final velocity plus two-step transported velocity-row deltas,"0,1",6,24,8,16,24,16,48,32,2.0480486463077574e+04,2,48,6.0715926101207651e-01,False,True,False,False,8,132,24,32,8,3.0387292300181872e+08,3.7127280938507345e-01,3.6464472482720589e-01,2.9350938952419622e-02,3.6346154917256385e-01,9.9675526457923469e-01,9.9993793132978737e-01,3.6346154917256385e-01,9.7896086108366742e-01,9.9952645825462516e-01,9.3044106278535166e-01,3.0619550613943693e-28,True,True,True,False,True,True,False,False,False,False,False,The tested two-step history-transport non-final source features do not reproduce the local correction.,derive a revised weak-row formula or nonlinear recurrent history source law for the coefficient-gradient closure,"This capacity audit advances the terminal output twice and stacks transported source-row/non-final velocity-row deltas from both future states. It tests a multi-step trajectory-history feature space, not a target-free formula and not an accepted nonlinear h-sweep."
cylindrical_smooth,0.04,universal_multi_step_history_capacity_value_full_nonfinal,paper_tfe_lower_pair_velocity_compression_multi_step_history_capacity_gap_not_full_tfe,,universal_multi_step_history_capacity_nonfinal_full_component_value_fit,all_case_h_multi_step_history_capacity_oracle_fit,two_step_source_velocity_transport_delta_rows_perp,two-step transported source-row and non-final velocity-row deltas,"0,1",6,24,8,16,24,16,64,45,1.7819005496278817e+06,2,64,7.0636086885629279e-01,True,True,True,False,8,132,24,32,8,8.6132427035116200e+02,3.7127280938507345e-01,3.6464472482720589e-01,2.5748285940887172e-01,2.5820215424148296e-01,7.0809238873217528e-01,9.9214869370241221e-01,2.5820215424146137e-01,6.9545129003417416e-01,9.9030200126209411e-01,1.5438571161563903e-06,3.0619550613943693e-28,True,True,True,False,True,True,False,False,False,False,False,The tested two-step history-transport non-final source features do not reproduce the local correction.,derive a revised weak-row formula or nonlinear recurrent history source law for the coefficient-gradient closure,"This capacity audit advances the terminal output twice and stacks transported source-row/non-final velocity-row deltas from both future states. It tests a multi-step trajectory-history feature space, not a target-free formula and not an accepted nonlinear h-sweep."
cylindrical_smooth,0.04,universal_multi_step_history_capacity_value_full_nonfinal,paper_tfe_lower_pair_velocity_compression_multi_step_history_capacity_gap_not_full_tfe,,universal_multi_step_history_capacity_nonfinal_full_component_value_fit,all_case_h_multi_step_history_capacity_oracle_fit,active_plus_two_step_source_velocity_transport_delta_rows_perp,active non-final velocity plus two-step source/velocity transport deltas,"0,1",6,24,8,16,24,16,80,53,9.5789955030819727e+05,2,80,9.2139238701254611e-01,True,True,True,False,8,132,24,29,5,8.6132443454123347e+02,3.7127280938507345e-01,3.6464472482720589e-01,2.5748286105941681e-01,2.5820215259552953e-01,7.0809238421832021e-01,9.9214868072120055e-01,2.5820215259552953e-01,6.9545128560096003e-01,9.9030198830521510e-01,2.9009027457233434e-15,3.0619550613943693e-28,True,True,True,False,True,True,False,False,False,False,False,The tested two-step history-transport non-final source features do not reproduce the local correction.,derive a revised weak-row formula or nonlinear recurrent history source law for the coefficient-gradient closure,"This capacity audit advances the terminal output twice and stacks transported source-row/non-final velocity-row deltas from both future states. It tests a multi-step trajectory-history feature space, not a target-free formula and not an accepted nonlinear h-sweep."
cylindrical_smooth,0.02,case_local_multi_step_history_capacity_value_scalar_nonfinal,paper_tfe_lower_pair_velocity_compression_multi_step_history_capacity_gap_not_full_tfe,,case_local_multi_step_history_capacity_nonfinal_stage_scalar_value_fit,case_local_multi_step_history_capacity_oracle_fit,two_step_source_transport_delta_rows_perp,two-step transported source-row deltas residualized against local source rows,"0,1",1,24,8,16,24,16,32,32,2.1020587914558756e+06,2,32,2.0076410268056955e-01,True,False,False,False,8,132,24,30,6,2.6553699550228748e+03,2.6042001459760067e-01,2.5971476305788754e-01,1.7303330991947405e-01,1.9367816554413989e-01,7.4573414026899643e-01,9.9256683179365279e-01,1.9367816554413986e-01,7.4371459445392518e-01,9.9229801068436951e-01,1.2693093113259986e-12,5.2364152976339945e-18,True,True,True,False,True,True,False,False,False,False,False,The tested two-step history-transport non-final source features do not reproduce the local correction.,derive a revised weak-row formula or nonlinear recurrent history source law for the coefficient-gradient closure,"This capacity audit advances the terminal output twice and stacks transported source-row/non-final velocity-row deltas from both future states. It tests a multi-step trajectory-history feature space, not a target-free formula and not an accepted nonlinear h-sweep."
cylindrical_smooth,0.02,case_local_multi_step_history_capacity_value_scalar_nonfinal,paper_tfe_lower_pair_velocity_compression_multi_step_history_capacity_gap_not_full_tfe,,case_local_multi_step_history_capacity_nonfinal_stage_scalar_value_fit,case_local_multi_step_history_capacity_oracle_fit,active_plus_two_step_source_transport_delta_rows_perp,active non-final velocity plus two-step transported source-row deltas,"0,1",1,24,8,16,24,16,48,44,2.0246993086703881e+05,2,48,4.6482411209776647e-01,True,False,False,False,8,132,24,30,6,2.1787769861827451e+03,2.6042001459760067e-01,2.5971476305788754e-01,1.8462352547106967e-01,1.8266338437915300e-01,7.0332306961864677e-01,9.9256683177812466e-01,1.8266338437915300e-01,7.0141837854284461e-01,9.9229801066884549e-01,2.4658873232996371e-15,5.2364152976339945e-18,True,True,True,False,True,True,False,False,False,False,False,The tested two-step history-transport non-final source features do not reproduce the local correction.,derive a revised weak-row formula or nonlinear recurrent history source law for the coefficient-gradient closure,"This capacity audit advances the terminal output twice and stacks transported source-row/non-final velocity-row deltas from both future states. It tests a multi-step trajectory-history feature space, not a target-free formula and not an accepted nonlinear h-sweep."
cylindrical_smooth,0.02,case_local_multi_step_history_capacity_value_scalar_nonfinal,paper_tfe_lower_pair_velocity_compression_multi_step_history_capacity_gap_not_full_tfe,,case_local_multi_step_history_capacity_nonfinal_stage_scalar_value_fit,case_local_multi_step_history_capacity_oracle_fit,two_step_velocity_transport_delta_rows_perp,two-step transported non-final velocity-row deltas residualized against local source rows,"0,1",1,24,8,16,24,16,32,24,1.5200163794287847e+05,2,32,4.7346243367871250e-02,False,True,False,False,8,132,24,32,8,6.1967916234463155e+08,2.6042001459760067e-01,2.5971476305788754e-01,7.8279924073298597e-03,2.5959676555204891e-01,9.9954566500398623e-01,9.9999158443926428e-01,2.5959676555204891e-01,9.9683876430610052e-01,9.9993041744599787e-01,9.8926730244587635e-01,5.2364152976339945e-18,True,True,True,False,True,True,False,False,False,False,False,The tested two-step history-transport non-final source features do not reproduce the local correction.,derive a revised weak-row formula or nonlinear recurrent history source law for the coefficient-gradient closure,"This capacity audit advances the terminal output twice and stacks transported source-row/non-final velocity-row deltas from both future states. It tests a multi-step trajectory-history feature space, not a target-free formula and not an accepted nonlinear h-sweep."
cylindrical_smooth,0.02,case_local_multi_step_history_capacity_value_scalar_nonfinal,paper_tfe_lower_pair_velocity_compression_multi_step_history_capacity_gap_not_full_tfe,,case_local_multi_step_history_capacity_nonfinal_stage_scalar_value_fit,case_local_multi_step_history_capacity_oracle_fit,active_plus_two_step_velocity_transport_delta_rows_perp,active non-final velocity plus two-step transported velocity-row deltas,"0,1",1,24,8,16,24,16,48,32,4.3664263457953690e+04,2,48,4.2189678479859560e-01,False,True,False,False,8,132,24,32,8,5.6007111962898712e+09,2.6042001459760067e-01,2.5971476305788754e-01,7.8279924073400113e-03,2.5959676555204858e-01,9.9954566500398490e-01,9.9999158443926195e-01,2.5959676555204864e-01,9.9683876430609952e-01,9.9993041744599698e-01,9.8926730244587635e-01,5.2364152976339945e-18,True,True,True,False,True,True,False,False,False,False,False,The tested two-step history-transport non-final source features do not reproduce the local correction.,derive a revised weak-row formula or nonlinear recurrent history source law for the coefficient-gradient closure,"This capacity audit advances the terminal output twice and stacks transported source-row/non-final velocity-row deltas from both future states. It tests a multi-step trajectory-history feature space, not a target-free formula and not an accepted nonlinear h-sweep."
cylindrical_smooth,0.02,case_local_multi_step_history_capacity_value_scalar_nonfinal,paper_tfe_lower_pair_velocity_compression_multi_step_history_capacity_gap_not_full_tfe,,case_local_multi_step_history_capacity_nonfinal_stage_scalar_value_fit,case_local_multi_step_history_capacity_oracle_fit,two_step_source_velocity_transport_delta_rows_perp,two-step transported source-row and non-final velocity-row deltas,"0,1",1,24,8,16,24,16,64,45,5.1907775585859660e+06,2,64,2.0627140297720370e-01,True,True,True,False,8,132,24,29,5,2.0637865640439782e+03,2.6042001459760067e-01,2.5971476305788754e-01,1.8471167050998816e-01,1.8257425045067724e-01,7.0297987030480613e-01,9.9256681659545776e-01,1.8257425045067724e-01,7.0107610865773817e-01,9.9229799549029063e-01,1.2348594084619498e-14,5.2364152976339945e-18,True,True,True,False,True,True,False,False,False,False,False,The tested two-step history-transport non-final source features do not reproduce the local correction.,derive a revised weak-row formula or nonlinear recurrent history source law for the coefficient-gradient closure,"This capacity audit advances the terminal output twice and stacks transported source-row/non-final velocity-row deltas from both future states. It tests a multi-step trajectory-history feature space, not a target-free formula and not an accepted nonlinear h-sweep."
cylindrical_smooth,0.02,case_local_multi_step_history_capacity_value_scalar_nonfinal,paper_tfe_lower_pair_velocity_compression_multi_step_history_capacity_gap_not_full_tfe,,case_local_multi_step_history_capacity_nonfinal_stage_scalar_value_fit,case_local_multi_step_history_capacity_oracle_fit,active_plus_two_step_source_velocity_transport_delta_rows_perp,active non-final velocity plus two-step source/velocity transport deltas,"0,1",1,24,8,16,24,16,80,53,1.3639798960539573e+06,2,80,4.6722919637852978e-01,True,True,True,False,8,132,24,29,5,2.0637865640795162e+03,2.6042001459760067e-01,2.5971476305788754e-01,1.8471167050998313e-01,1.8257425045067679e-01,7.0297987030480447e-01,9.9256681659545543e-01,1.8257425045067679e-01,7.0107610865773640e-01,9.9229799549028819e-01,2.9640403351618166e-15,5.2364152976339945e-18,True,True,True,False,True,True,False,False,False,False,False,The tested two-step history-transport non-final source features do not reproduce the local correction.,derive a revised weak-row formula or nonlinear recurrent history source law for the coefficient-gradient closure,"This capacity audit advances the terminal output twice and stacks transported source-row/non-final velocity-row deltas from both future states. It tests a multi-step trajectory-history feature space, not a target-free formula and not an accepted nonlinear h-sweep."
cylindrical_smooth,0.02,universal_multi_step_history_capacity_value_scalar_nonfinal,paper_tfe_lower_pair_velocity_compression_multi_step_history_capacity_gap_not_full_tfe,,universal_multi_step_history_capacity_nonfinal_stage_scalar_value_fit,all_case_h_multi_step_history_capacity_oracle_fit,two_step_source_transport_delta_rows_perp,two-step transported source-row deltas residualized against local source rows,"0,1",6,24,8,16,24,16,32,32,2.1020587914558756e+06,2,32,2.0076410268056955e-01,True,False,False,False,8,132,24,30,6,2.6553699551058212e+03,2.6042001459760067e-01,2.5971476306639779e-01,1.7303330794509056e-01,1.9367816731946874e-01,7.4573414708024754e-01,9.9256683179036165e-01,1.9367816731946874e-01,7.4371460127110045e-01,9.9229801068436563e-01,1.2490989423398647e-12,5.6547069701932444e-18,True,True,True,False,True,True,False,False,False,False,False,The tested two-step history-transport non-final source features do not reproduce the local correction.,derive a revised weak-row formula or nonlinear recurrent history source law for the coefficient-gradient closure,"This capacity audit advances the terminal output twice and stacks transported source-row/non-final velocity-row deltas from both future states. It tests a multi-step trajectory-history feature space, not a target-free formula and not an accepted nonlinear h-sweep."
cylindrical_smooth,0.02,universal_multi_step_history_capacity_value_scalar_nonfinal,paper_tfe_lower_pair_velocity_compression_multi_step_history_capacity_gap_not_full_tfe,,universal_multi_step_history_capacity_nonfinal_stage_scalar_value_fit,all_case_h_multi_step_history_capacity_oracle_fit,active_plus_two_step_source_transport_delta_rows_perp,active non-final velocity plus two-step transported source-row deltas,"0,1",6,24,8,16,24,16,48,44,2.0246993086703881e+05,2,48,4.6482411209776647e-01,True,False,False,False,8,132,24,30,6,2.1787769861837883e+03,2.6042001459760067e-01,2.5971476306639779e-01,1.8462352548303920e-01,1.8266338437915300e-01,7.0332306959560054e-01,9.9256683177483740e-01,1.8266338437915300e-01,7.0141837854284461e-01,9.9229801066884549e-01,2.3904343062760094e-15,5.6547069701932444e-18,True,True,True,False,True,True,False,False,False,False,False,The tested two-step history-transport non-final source features do not reproduce the local correction.,derive a revised weak-row formula or nonlinear recurrent history source law for the coefficient-gradient closure,"This capacity audit advances the terminal output twice and stacks transported source-row/non-final velocity-row deltas from both future states. It tests a multi-step trajectory-history feature space, not a target-free formula and not an accepted nonlinear h-sweep."
cylindrical_smooth,0.02,universal_multi_step_history_capacity_value_scalar_nonfinal,paper_tfe_lower_pair_velocity_compression_multi_step_history_capacity_gap_not_full_tfe,,universal_multi_step_history_capacity_nonfinal_stage_scalar_value_fit,all_case_h_multi_step_history_capacity_oracle_fit,two_step_velocity_transport_delta_rows_perp,two-step transported non-final velocity-row deltas residualized against local source rows,"0,1",6,24,8,16,24,16,32,24,1.5200163794287847e+05,2,32,4.7346243367871250e-02,False,True,False,False,8,132,24,32,8,5.5913102901128330e+09,2.6042001459760067e-01,2.5971476306639779e-01,7.8279926896905449e-03,2.5959676555204864e-01,9.9954566497123232e-01,9.9999158443851854e-01,2.5959676555204864e-01,9.9683876430609952e-01,9.9993041744599698e-01,9.8926730244587635e-01,5.6547069701932444e-18,True,True,True,False,True,True,False,False,False,False,False,The tested two-step history-transport non-final source features do not reproduce the local correction.,derive a revised weak-row formula or nonlinear recurrent history source law for the coefficient-gradient closure,"This capacity audit advances the terminal output twice and stacks transported source-row/non-final velocity-row deltas from both future states. It tests a multi-step trajectory-history feature space, not a target-free formula and not an accepted nonlinear h-sweep."
cylindrical_smooth,0.02,universal_multi_step_history_capacity_value_scalar_nonfinal,paper_tfe_lower_pair_velocity_compression_multi_step_history_capacity_gap_not_full_tfe,,universal_multi_step_history_capacity_nonfinal_stage_scalar_value_fit,all_case_h_multi_step_history_capacity_oracle_fit,active_plus_two_step_velocity_transport_delta_rows_perp,active non-final velocity plus two-step transported velocity-row deltas,"0,1",6,24,8,16,24,16,48,32,4.3664263457953690e+04,2,48,4.2189678479859560e-01,False,True,False,False,8,132,24,32,8,5.6007111955378132e+09,2.6042001459760067e-01,2.5971476306639779e-01,7.8279926896905449e-03,2.5959676555204864e-01,9.9954566497123232e-01,9.9999158443851854e-01,2.5959676555204864e-01,9.9683876430609952e-01,9.9993041744599698e-01,9.8926730244587635e-01,5.6547069701932444e-18,True,True,True,False,True,True,False,False,False,False,False,The tested two-step history-transport non-final source features do not reproduce the local correction.,derive a revised weak-row formula or nonlinear recurrent history source law for the coefficient-gradient closure,"This capacity audit advances the terminal output twice and stacks transported source-row/non-final velocity-row deltas from both future states. It tests a multi-step trajectory-history feature space, not a target-free formula and not an accepted nonlinear h-sweep."
cylindrical_smooth,0.02,universal_multi_step_history_capacity_value_scalar_nonfinal,paper_tfe_lower_pair_velocity_compression_multi_step_history_capacity_gap_not_full_tfe,,universal_multi_step_history_capacity_nonfinal_stage_scalar_value_fit,all_case_h_multi_step_history_capacity_oracle_fit,two_step_source_velocity_transport_delta_rows_perp,two-step transported source-row and non-final velocity-row deltas,"0,1",6,24,8,16,24,16,64,45,5.1907775585859660e+06,2,64,2.0627140297720370e-01,True,True,True,False,8,132,24,29,5,2.0637865640793475e+03,2.6042001459760067e-01,2.5971476306639779e-01,1.8471167052194976e-01,1.8257425045067679e-01,7.0297987028176945e-01,9.9256681659216806e-01,1.8257425045067679e-01,7.0107610865773640e-01,9.9229799549028819e-01,1.0817037204280060e-14,5.6547069701932444e-18,True,True,True,False,True,True,False,False,False,False,False,The tested two-step history-transport non-final source features do not reproduce the local correction.,derive a revised weak-row formula or nonlinear recurrent history source law for the coefficient-gradient closure,"This capacity audit advances the terminal output twice and stacks transported source-row/non-final velocity-row deltas from both future states. It tests a multi-step trajectory-history feature space, not a target-free formula and not an accepted nonlinear h-sweep."
cylindrical_smooth,0.02,universal_multi_step_history_capacity_value_scalar_nonfinal,paper_tfe_lower_pair_velocity_compression_multi_step_history_capacity_gap_not_full_tfe,,universal_multi_step_history_capacity_nonfinal_stage_scalar_value_fit,all_case_h_multi_step_history_capacity_oracle_fit,active_plus_two_step_source_velocity_transport_delta_rows_perp,active non-final velocity plus two-step source/velocity transport deltas,"0,1",6,24,8,16,24,16,80,53,1.3639798960539573e+06,2,80,4.6722919637852978e-01,True,True,True,False,8,132,24,29,5,2.0637865640801811e+03,2.6042001459760067e-01,2.5971476306639779e-01,1.8471167052194901e-01,1.8257425045067679e-01,7.0297987028176945e-01,9.9256681659216806e-01,1.8257425045067679e-01,7.0107610865773640e-01,9.9229799549028819e-01,2.5980975019933819e-15,5.6547069701932444e-18,True,True,True,False,True,True,False,False,False,False,False,The tested two-step history-transport non-final source features do not reproduce the local correction.,derive a revised weak-row formula or nonlinear recurrent history source law for the coefficient-gradient closure,"This capacity audit advances the terminal output twice and stacks transported source-row/non-final velocity-row deltas from both future states. It tests a multi-step trajectory-history feature space, not a target-free formula and not an accepted nonlinear h-sweep."
cylindrical_smooth,0.02,case_local_multi_step_history_capacity_value_component_nonfinal,paper_tfe_lower_pair_velocity_compression_multi_step_history_capacity_gap_not_full_tfe,,case_local_multi_step_history_capacity_nonfinal_component_diagonal_value_fit,case_local_multi_step_history_capacity_oracle_fit,two_step_source_transport_delta_rows_perp,two-step transported source-row deltas residualized against local source rows,"0,1",1,24,8,16,24,16,32,32,2.1020587914558756e+06,2,32,2.0076410268056955e-01,True,False,False,False,8,132,24,30,6,2.6553699733736885e+03,2.6042001459760067e-01,2.5976201820512657e-01,1.7310422693077626e-01,1.9367816789897357e-01,7.4559848755883751e-01,9.9256683179836758e-01,1.9367816789897344e-01,7.4371460349636986e-01,9.9229801068436563e-01,1.2224971948608249e-12,8.6140718810505691e-34,True,True,True,False,True,True,False,False,False,False,False,The tested two-step history-transport non-final source features do not reproduce the local correction.,derive a revised weak-row formula or nonlinear recurrent history source law for the coefficient-gradient closure,"This capacity audit advances the terminal output twice and stacks transported source-row/non-final velocity-row deltas from both future states. It tests a multi-step trajectory-history feature space, not a target-free formula and not an accepted nonlinear h-sweep."
cylindrical_smooth,0.02,case_local_multi_step_history_capacity_value_component_nonfinal,paper_tfe_lower_pair_velocity_compression_multi_step_history_capacity_gap_not_full_tfe,,case_local_multi_step_history_capacity_nonfinal_component_diagonal_value_fit,case_local_multi_step_history_capacity_oracle_fit,active_plus_two_step_source_transport_delta_rows_perp,active non-final velocity plus two-step transported source-row deltas,"0,1",1,24,8,16,24,16,48,44,2.0246993086703881e+05,2,48,4.6482411209776647e-01,True,False,False,False,8,132,24,30,6,2.1787769990010856e+03,2.6042001459760067e-01,2.5976201820512657e-01,1.8468999461029872e-01,1.8266338437915300e-01,7.0319512314117072e-01,9.9256683178284333e-01,1.8266338437915297e-01,7.0141837854284461e-01,9.9229801066884549e-01,2.3381808924064587e-15,8.6140718810505691e-34,True,True,True,False,True,True,False,False,False,False,False,The tested two-step history-transport non-final source features do not reproduce the local correction.,derive a revised weak-row formula or nonlinear recurrent history source law for the coefficient-gradient closure,"This capacity audit advances the terminal output twice and stacks transported source-row/non-final velocity-row deltas from both future states. It tests a multi-step trajectory-history feature space, not a target-free formula and not an accepted nonlinear h-sweep."
cylindrical_smooth,0.02,case_local_multi_step_history_capacity_value_component_nonfinal,paper_tfe_lower_pair_velocity_compression_multi_step_history_capacity_gap_not_full_tfe,,case_local_multi_step_history_capacity_nonfinal_component_diagonal_value_fit,case_local_multi_step_history_capacity_oracle_fit,two_step_velocity_transport_delta_rows_perp,two-step transported non-final velocity-row deltas residualized against local source rows,"0,1",1,24,8,16,24,16,32,24,1.5200163794287847e+05,2,32,4.7346243367871250e-02,False,True,False,False,8,132,24,32,8,7.5552496640050459e+08,2.6042001459760067e-01,2.5976201820512657e-01,9.2642008244200099e-03,2.5959676555204864e-01,9.9936383057761957e-01,9.9999158443914415e-01,2.5959676555204864e-01,9.9683876430609952e-01,9.9993041744599720e-01,9.8926730244587635e-01,8.6140718810505691e-34,True,True,True,False,True,True,False,False,False,False,False,The tested two-step history-transport non-final source features do not reproduce the local correction.,derive a revised weak-row formula or nonlinear recurrent history source law for the coefficient-gradient closure,"This capacity audit advances the terminal output twice and stacks transported source-row/non-final velocity-row deltas from both future states. It tests a multi-step trajectory-history feature space, not a target-free formula and not an accepted nonlinear h-sweep."
cylindrical_smooth,0.02,case_local_multi_step_history_capacity_value_component_nonfinal,paper_tfe_lower_pair_velocity_compression_multi_step_history_capacity_gap_not_full_tfe,,case_local_multi_step_history_capacity_nonfinal_component_diagonal_value_fit,case_local_multi_step_history_capacity_oracle_fit,active_plus_two_step_velocity_transport_delta_rows_perp,active non-final velocity plus two-step transported velocity-row deltas,"0,1",1,24,8,16,24,16,48,32,4.3664263457953690e+04,2,48,4.2189678479859560e-01,False,True,False,False,8,132,24,32,8,5.6007111985588589e+09,2.6042001459760067e-01,2.5976201820512657e-01,9.2642008244213994e-03,2.5959676555204858e-01,9.9936383057761935e-01,9.9999158443914404e-01,2.5959676555204864e-01,9.9683876430609952e-01,9.9993041744599698e-01,9.8926730244587635e-01,8.6140718810505691e-34,True,True,True,False,True,True,False,False,False,False,False,The tested two-step history-transport non-final source features do not reproduce the local correction.,derive a revised weak-row formula or nonlinear recurrent history source law for the coefficient-gradient closure,"This capacity audit advances the terminal output twice and stacks transported source-row/non-final velocity-row deltas from both future states. It tests a multi-step trajectory-history feature space, not a target-free formula and not an accepted nonlinear h-sweep."
cylindrical_smooth,0.02,case_local_multi_step_history_capacity_value_component_nonfinal,paper_tfe_lower_pair_velocity_compression_multi_step_history_capacity_gap_not_full_tfe,,case_local_multi_step_history_capacity_nonfinal_component_diagonal_value_fit,case_local_multi_step_history_capacity_oracle_fit,two_step_source_velocity_transport_delta_rows_perp,two-step transported source-row and non-final velocity-row deltas,"0,1",1,24,8,16,24,16,64,45,5.1907775585859660e+06,2,64,2.0627140297720370e-01,True,True,True,False,8,132,24,29,5,2.0637865759557690e+03,2.6042001459760067e-01,2.5976201820512657e-01,1.8477810794132465e-01,1.8257425045067688e-01,7.0285198626114487e-01,9.9256681660017532e-01,1.8257425045067688e-01,7.0107610865773673e-01,9.9229799549028952e-01,1.0134296598107552e-14,8.6140718810505691e-34,True,True,True,False,True,True,False,False,False,False,False,The tested two-step history-transport non-final source features do not reproduce the local correction.,derive a revised weak-row formula or nonlinear recurrent history source law for the coefficient-gradient closure,"This capacity audit advances the terminal output twice and stacks transported source-row/non-final velocity-row deltas from both future states. It tests a multi-step trajectory-history feature space, not a target-free formula and not an accepted nonlinear h-sweep."
cylindrical_smooth,0.02,case_local_multi_step_history_capacity_value_component_nonfinal,paper_tfe_lower_pair_velocity_compression_multi_step_history_capacity_gap_not_full_tfe,,case_local_multi_step_history_capacity_nonfinal_component_diagonal_value_fit,case_local_multi_step_history_capacity_oracle_fit,active_plus_two_step_source_velocity_transport_delta_rows_perp,active non-final velocity plus two-step source/velocity transport deltas,"0,1",1,24,8,16,24,16,80,53,1.3639798960539573e+06,2,80,4.6722919637852978e-01,True,True,True,False,8,132,24,29,5,2.0637865759566630e+03,2.6042001459760067e-01,2.5976201820512657e-01,1.8477810794132069e-01,1.8257425045067679e-01,7.0285198626114453e-01,9.9256681660017398e-01,1.8257425045067679e-01,7.0107610865773640e-01,9.9229799549028819e-01,2.7526904785476496e-15,8.6140718810505691e-34,True,True,True,False,True,True,False,False,False,False,False,The tested two-step history-transport non-final source features do not reproduce the local correction.,derive a revised weak-row formula or nonlinear recurrent history source law for the coefficient-gradient closure,"This capacity audit advances the terminal output twice and stacks transported source-row/non-final velocity-row deltas from both future states. It tests a multi-step trajectory-history feature space, not a target-free formula and not an accepted nonlinear h-sweep."
cylindrical_smooth,0.02,universal_multi_step_history_capacity_value_component_nonfinal,paper_tfe_lower_pair_velocity_compression_multi_step_history_capacity_gap_not_full_tfe,,universal_multi_step_history_capacity_nonfinal_component_diagonal_value_fit,all_case_h_multi_step_history_capacity_oracle_fit,two_step_source_transport_delta_rows_perp,two-step transported source-row deltas residualized against local source rows,"0,1",6,24,8,16,24,16,32,32,2.1020587914558756e+06,2,32,2.0076410268056955e-01,True,False,False,False,8,132,24,30,6,2.6553699928174296e+03,2.6042001459760067e-01,2.6003035716321488e-01,1.7350663973762984e-01,1.9367816762197929e-01,7.4482906432502460e-01,9.9256683179027472e-01,1.9367816762197862e-01,7.4371460243272347e-01,9.9229801068436563e-01,1.2035691132316905e-12,5.6396941262862447e-18,True,True,True,False,True,True,False,False,False,False,False,The tested two-step history-transport non-final source features do not reproduce the local correction.,derive a revised weak-row formula or nonlinear recurrent history source law for the coefficient-gradient closure,"This capacity audit advances the terminal output twice and stacks transported source-row/non-final velocity-row deltas from both future states. It tests a multi-step trajectory-history feature space, not a target-free formula and not an accepted nonlinear h-sweep."
cylindrical_smooth,0.02,universal_multi_step_history_capacity_value_component_nonfinal,paper_tfe_lower_pair_velocity_compression_multi_step_history_capacity_gap_not_full_tfe,,universal_multi_step_history_capacity_nonfinal_component_diagonal_value_fit,all_case_h_multi_step_history_capacity_oracle_fit,active_plus_two_step_source_transport_delta_rows_perp,active non-final velocity plus two-step transported source-row deltas,"0,1",6,24,8,16,24,16,48,44,2.0246993086703881e+05,2,48,4.6482411209776647e-01,True,False,False,False,8,132,24,30,6,2.1787770190783249e+03,2.6042001459760067e-01,2.6003035716321488e-01,1.8506721658246528e-01,1.8266338437915300e-01,7.0246945922740678e-01,9.9256683177475047e-01,1.8266338437915300e-01,7.0141837854284461e-01,9.9229801066884549e-01,3.8297814829240607e-15,5.6396941262862447e-18,True,True,True,False,True,True,False,False,False,False,False,The tested two-step history-transport non-final source features do not reproduce the local correction.,derive a revised weak-row formula or nonlinear recurrent history source law for the coefficient-gradient closure,"This capacity audit advances the terminal output twice and stacks transported source-row/non-final velocity-row deltas from both future states. It tests a multi-step trajectory-history feature space, not a target-free formula and not an accepted nonlinear h-sweep."
cylindrical_smooth,0.02,universal_multi_step_history_capacity_value_component_nonfinal,paper_tfe_lower_pair_velocity_compression_multi_step_history_capacity_gap_not_full_tfe,,universal_multi_step_history_capacity_nonfinal_component_diagonal_value_fit,all_case_h_multi_step_history_capacity_oracle_fit,two_step_velocity_transport_delta_rows_perp,two-step transported non-final velocity-row deltas residualized against local source rows,"0,1",6,24,8,16,24,16,32,24,1.5200163794287847e+05,2,32,4.7346243367871250e-02,False,True,False,False,8,132,24,32,8,4.0156191902189622e+09,2.6042001459760067e-01,2.6003035716321488e-01,1.5010195246689352e-02,2.5959676555204875e-01,9.9833253464750671e-01,9.9999158443851177e-01,2.5959676555204869e-01,9.9683876430609963e-01,9.9993041744599698e-01,9.8926730244587646e-01,5.6396941262862447e-18,True,True,True,False,True,True,False,False,False,False,False,The tested two-step history-transport non-final source features do not reproduce the local correction.,derive a revised weak-row formula or nonlinear recurrent history source law for the coefficient-gradient closure,"This capacity audit advances the terminal output twice and stacks transported source-row/non-final velocity-row deltas from both future states. It tests a multi-step trajectory-history feature space, not a target-free formula and not an accepted nonlinear h-sweep."
cylindrical_smooth,0.02,universal_multi_step_history_capacity_value_component_nonfinal,paper_tfe_lower_pair_velocity_compression_multi_step_history_capacity_gap_not_full_tfe,,universal_multi_step_history_capacity_nonfinal_component_diagonal_value_fit,all_case_h_multi_step_history_capacity_oracle_fit,active_plus_two_step_velocity_transport_delta_rows_perp,active non-final velocity plus two-step transported velocity-row deltas,"0,1",6,24,8,16,24,16,48,32,4.3664263457953690e+04,2,48,4.2189678479859560e-01,False,True,False,False,8,132,24,32,8,5.6007112109411097e+09,2.6042001459760067e-01,2.6003035716321488e-01,1.5010195246691532e-02,2.5959676555204858e-01,9.9833253464750604e-01,9.9999158443851177e-01,2.5959676555204864e-01,9.9683876430609952e-01,9.9993041744599698e-01,9.8926730244587635e-01,5.6396941262862447e-18,True,True,True,False,True,True,False,False,False,False,False,The tested two-step history-transport non-final source features do not reproduce the local correction.,derive a revised weak-row formula or nonlinear recurrent history source law for the coefficient-gradient closure,"This capacity audit advances the terminal output twice and stacks transported source-row/non-final velocity-row deltas from both future states. It tests a multi-step trajectory-history feature space, not a target-free formula and not an accepted nonlinear h-sweep."
cylindrical_smooth,0.02,universal_multi_step_history_capacity_value_component_nonfinal,paper_tfe_lower_pair_velocity_compression_multi_step_history_capacity_gap_not_full_tfe,,universal_multi_step_history_capacity_nonfinal_component_diagonal_value_fit,all_case_h_multi_step_history_capacity_oracle_fit,two_step_source_velocity_transport_delta_rows_perp,two-step transported source-row and non-final velocity-row deltas,"0,1",6,24,8,16,24,16,64,45,5.1907775585859660e+06,2,64,2.0627140297720370e-01,True,True,True,False,8,132,24,29,5,2.0637865971945666e+03,2.6042001459760067e-01,2.6003035716321488e-01,1.8515515039772723e-01,1.8257425045067699e-01,7.0212667644831739e-01,9.9256681659208112e-01,1.8257425045067699e-01,7.0107610865773717e-01,9.9229799549028819e-01,1.0214916074772129e-14,5.6396941262862447e-18,True,True,True,False,True,True,False,False,False,False,False,The tested two-step history-transport non-final source features do not reproduce the local correction.,derive a revised weak-row formula or nonlinear recurrent history source law for the coefficient-gradient closure,"This capacity audit advances the terminal output twice and stacks transported source-row/non-final velocity-row deltas from both future states. It tests a multi-step trajectory-history feature space, not a target-free formula and not an accepted nonlinear h-sweep."
cylindrical_smooth,0.02,universal_multi_step_history_capacity_value_component_nonfinal,paper_tfe_lower_pair_velocity_compression_multi_step_history_capacity_gap_not_full_tfe,,universal_multi_step_history_capacity_nonfinal_component_diagonal_value_fit,all_case_h_multi_step_history_capacity_oracle_fit,active_plus_two_step_source_velocity_transport_delta_rows_perp,active non-final velocity plus two-step source/velocity transport deltas,"0,1",6,24,8,16,24,16,80,53,1.3639798960539573e+06,2,80,4.6722919637852978e-01,True,True,True,False,8,132,24,29,5,2.0637865972068280e+03,2.6042001459760067e-01,2.6003035716321488e-01,1.8515515039772193e-01,1.8257425045067679e-01,7.0212667644831672e-01,9.9256681659208112e-01,1.8257425045067679e-01,7.0107610865773640e-01,9.9229799549028819e-01,2.2722740998425104e-15,5.6396941262862447e-18,True,True,True,False,True,True,False,False,False,False,False,The tested two-step history-transport non-final source features do not reproduce the local correction.,derive a revised weak-row formula or nonlinear recurrent history source law for the coefficient-gradient closure,"This capacity audit advances the terminal output twice and stacks transported source-row/non-final velocity-row deltas from both future states. It tests a multi-step trajectory-history feature space, not a target-free formula and not an accepted nonlinear h-sweep."
cylindrical_smooth,0.02,case_local_multi_step_history_capacity_value_full_nonfinal,paper_tfe_lower_pair_velocity_compression_multi_step_history_capacity_gap_not_full_tfe,,case_local_multi_step_history_capacity_nonfinal_full_component_value_fit,case_local_multi_step_history_capacity_oracle_fit,two_step_source_transport_delta_rows_perp,two-step transported source-row deltas residualized against local source rows,"0,1",1,24,8,16,24,16,32,32,2.1020587914558756e+06,2,32,2.0076410268056955e-01,True,False,False,False,8,132,24,30,6,2.6553699551070704e+03,2.6042001459760067e-01,2.5971476306666380e-01,1.7303330794500013e-01,1.9367816731989790e-01,7.4573414708113617e-01,9.9256683178974059e-01,1.9367816731989757e-01,7.4371460127274713e-01,9.9229801068436518e-01,9.8091438380327096e-11,3.8518598887744717e-34,True,True,True,False,True,True,False,False,False,False,False,The tested two-step history-transport non-final source features do not reproduce the local correction.,derive a revised weak-row formula or nonlinear recurrent history source law for the coefficient-gradient closure,"This capacity audit advances the terminal output twice and stacks transported source-row/non-final velocity-row deltas from both future states. It tests a multi-step trajectory-history feature space, not a target-free formula and not an accepted nonlinear h-sweep."
cylindrical_smooth,0.02,case_local_multi_step_history_capacity_value_full_nonfinal,paper_tfe_lower_pair_velocity_compression_multi_step_history_capacity_gap_not_full_tfe,,case_local_multi_step_history_capacity_nonfinal_full_component_value_fit,case_local_multi_step_history_capacity_oracle_fit,active_plus_two_step_source_transport_delta_rows_perp,active non-final velocity plus two-step transported source-row deltas,"0,1",1,24,8,16,24,16,48,44,2.0246993086703881e+05,2,48,4.6482411209776647e-01,True,False,False,False,8,132,24,30,6,2.1787769861908096e+03,2.6042001459760067e-01,2.5971476306666380e-01,1.8462352548341282e-01,1.8266338437915300e-01,7.0332306959488022e-01,9.9256683177421667e-01,1.8266338437915297e-01,7.0141837854284461e-01,9.9229801066884549e-01,1.9069749507547681e-15,3.8518598887744717e-34,True,True,True,False,True,True,False,False,False,False,False,The tested two-step history-transport non-final source features do not reproduce the local correction.,derive a revised weak-row formula or nonlinear recurrent history source law for the coefficient-gradient closure,"This capacity audit advances the terminal output twice and stacks transported source-row/non-final velocity-row deltas from both future states. It tests a multi-step trajectory-history feature space, not a target-free formula and not an accepted nonlinear h-sweep."
cylindrical_smooth,0.02,case_local_multi_step_history_capacity_value_full_nonfinal,paper_tfe_lower_pair_velocity_compression_multi_step_history_capacity_gap_not_full_tfe,,case_local_multi_step_history_capacity_nonfinal_full_component_value_fit,case_local_multi_step_history_capacity_oracle_fit,two_step_velocity_transport_delta_rows_perp,two-step transported non-final velocity-row deltas residualized against local source rows,"0,1",1,24,8,16,24,16,32,24,1.5200163794287847e+05,2,32,4.7346243367871250e-02,False,True,False,False,8,132,24,32,8,5.5921624216594706e+09,2.6042001459760067e-01,2.5971476306666380e-01,7.8279926985151300e-03,2.5959676555204858e-01,9.9954566497020836e-01,9.9999158443804881e-01,2.5959676555204864e-01,9.9683876430609952e-01,9.9993041744599698e-01,9.8926730244587646e-01,3.8518598887744717e-34,True,True,True,False,True,True,False,False,False,False,False,The tested two-step history-transport non-final source features do not reproduce the local correction.,derive a revised weak-row formula or nonlinear recurrent history source law for the coefficient-gradient closure,"This capacity audit advances the terminal output twice and stacks transported source-row/non-final velocity-row deltas from both future states. It tests a multi-step trajectory-history feature space, not a target-free formula and not an accepted nonlinear h-sweep."
cylindrical_smooth,0.02,case_local_multi_step_history_capacity_value_full_nonfinal,paper_tfe_lower_pair_velocity_compression_multi_step_history_capacity_gap_not_full_tfe,,case_local_multi_step_history_capacity_nonfinal_full_component_value_fit,case_local_multi_step_history_capacity_oracle_fit,active_plus_two_step_velocity_transport_delta_rows_perp,active non-final velocity plus two-step transported velocity-row deltas,"0,1",1,24,8,16,24,16,48,32,4.3664263457953690e+04,2,48,4.2189678479859560e-01,False,True,False,False,8,132,24,32,8,5.6007111965317354e+09,2.6042001459760067e-01,2.5971476306666380e-01,7.8279926985152029e-03,2.5959676555204858e-01,9.9954566497020836e-01,9.9999158443804881e-01,2.5959676555204858e-01,9.9683876430609930e-01,9.9993041744599698e-01,9.8926730244587635e-01,3.8518598887744717e-34,True,True,True,False,True,True,False,False,False,False,False,The tested two-step history-transport non-final source features do not reproduce the local correction.,derive a revised weak-row formula or nonlinear recurrent history source law for the coefficient-gradient closure,"This capacity audit advances the terminal output twice and stacks transported source-row/non-final velocity-row deltas from both future states. It tests a multi-step trajectory-history feature space, not a target-free formula and not an accepted nonlinear h-sweep."
cylindrical_smooth,0.02,case_local_multi_step_history_capacity_value_full_nonfinal,paper_tfe_lower_pair_velocity_compression_multi_step_history_capacity_gap_not_full_tfe,,case_local_multi_step_history_capacity_nonfinal_full_component_value_fit,case_local_multi_step_history_capacity_oracle_fit,two_step_source_velocity_transport_delta_rows_perp,two-step transported source-row and non-final velocity-row deltas,"0,1",1,24,8,16,24,16,64,45,5.1907775585859660e+06,2,64,2.0627140297720370e-01,True,True,True,False,8,132,24,29,5,2.0637865640783953e+03,2.6042001459760067e-01,2.5971476306666380e-01,1.8471167052232379e-01,1.8257425045067679e-01,7.0297987028104936e-01,9.9256681659154733e-01,1.8257425045067679e-01,7.0107610865773640e-01,9.9229799549028819e-01,9.4469590294677736e-11,3.8518598887744717e-34,True,True,True,False,True,True,False,False,False,False,False,The tested two-step history-transport non-final source features do not reproduce the local correction.,derive a revised weak-row formula or nonlinear recurrent history source law for the coefficient-gradient closure,"This capacity audit advances the terminal output twice and stacks transported source-row/non-final velocity-row deltas from both future states. It tests a multi-step trajectory-history feature space, not a target-free formula and not an accepted nonlinear h-sweep."
cylindrical_smooth,0.02,case_local_multi_step_history_capacity_value_full_nonfinal,paper_tfe_lower_pair_velocity_compression_multi_step_history_capacity_gap_not_full_tfe,,case_local_multi_step_history_capacity_nonfinal_full_component_value_fit,case_local_multi_step_history_capacity_oracle_fit,active_plus_two_step_source_velocity_transport_delta_rows_perp,active non-final velocity plus two-step source/velocity transport deltas,"0,1",1,24,8,16,24,16,80,53,1.3639798960539573e+06,2,80,4.6722919637852978e-01,True,True,True,False,8,132,24,29,5,2.0637865640794794e+03,2.6042001459760067e-01,2.5971476306666380e-01,1.8471167052232315e-01,1.8257425045067679e-01,7.0297987028104936e-01,9.9256681659154733e-01,1.8257425045067679e-01,7.0107610865773640e-01,9.9229799549028819e-01,2.5083007358022818e-15,3.8518598887744717e-34,True,True,True,False,True,True,False,False,False,False,False,The tested two-step history-transport non-final source features do not reproduce the local correction.,derive a revised weak-row formula or nonlinear recurrent history source law for the coefficient-gradient closure,"This capacity audit advances the terminal output twice and stacks transported source-row/non-final velocity-row deltas from both future states. It tests a multi-step trajectory-history feature space, not a target-free formula and not an accepted nonlinear h-sweep."
cylindrical_smooth,0.02,universal_multi_step_history_capacity_value_full_nonfinal,paper_tfe_lower_pair_velocity_compression_multi_step_history_capacity_gap_not_full_tfe,,universal_multi_step_history_capacity_nonfinal_full_component_value_fit,all_case_h_multi_step_history_capacity_oracle_fit,two_step_source_transport_delta_rows_perp,two-step transported source-row deltas residualized against local source rows,"0,1",6,24,8,16,24,16,32,32,2.1020587914558756e+06,2,32,2.0076410268056955e-01,True,False,False,False,8,132,24,32,8,2.6553182589146818e+03,2.6042001459760067e-01,2.5971476539207483e-01,1.7303350524052702e-01,1.9367799417292375e-01,7.4573347372276055e-01,9.9256680861279434e-01,1.9367798959222390e-01,7.4371391880725413e-01,9.9229802466004036e-01,1.6312233307929587e-06,1.8174507740069540e-29,True,True,True,False,True,True,False,False,False,False,False,The tested two-step history-transport non-final source features do not reproduce the local correction.,derive a revised weak-row formula or nonlinear recurrent history source law for the coefficient-gradient closure,"This capacity audit advances the terminal output twice and stacks transported source-row/non-final velocity-row deltas from both future states. It tests a multi-step trajectory-history feature space, not a target-free formula and not an accepted nonlinear h-sweep."
cylindrical_smooth,0.02,universal_multi_step_history_capacity_value_full_nonfinal,paper_tfe_lower_pair_velocity_compression_multi_step_history_capacity_gap_not_full_tfe,,universal_multi_step_history_capacity_nonfinal_full_component_value_fit,all_case_h_multi_step_history_capacity_oracle_fit,active_plus_two_step_source_transport_delta_rows_perp,active non-final velocity plus two-step transported source-row deltas,"0,1",6,24,8,16,24,16,48,44,2.0246993086703881e+05,2,48,4.6482411209776647e-01,True,False,False,False,8,132,24,30,6,2.1787769861821362e+03,2.6042001459760067e-01,2.5971476539207483e-01,1.8462352875463270e-01,1.8266338437915300e-01,7.0332306329752847e-01,9.9256679461627673e-01,1.8266338437915300e-01,7.0141837854284461e-01,9.9229801066884549e-01,2.3408783367590074e-15,1.8174507740069540e-29,True,True,True,False,True,True,False,False,False,False,False,The tested two-step history-transport non-final source features do not reproduce the local correction.,derive a revised weak-row formula or nonlinear recurrent history source law for the coefficient-gradient closure,"This capacity audit advances the terminal output twice and stacks transported source-row/non-final velocity-row deltas from both future states. It tests a multi-step trajectory-history feature space, not a target-free formula and not an accepted nonlinear h-sweep."
cylindrical_smooth,0.02,universal_multi_step_history_capacity_value_full_nonfinal,paper_tfe_lower_pair_velocity_compression_multi_step_history_capacity_gap_not_full_tfe,,universal_multi_step_history_capacity_nonfinal_full_component_value_fit,all_case_h_multi_step_history_capacity_oracle_fit,two_step_velocity_transport_delta_rows_perp,two-step transported non-final velocity-row deltas residualized against local source rows,"0,1",6,24,8,16,24,16,32,24,1.5200163794287847e+05,2,32,4.7346243367871250e-02,False,True,False,False,8,132,24,32,8,1.9814630541538806e+06,2.6042001459760067e-01,2.5971476539207483e-01,7.8280427046893020e-03,2.5959676637060414e-01,9.9954565917231331e-01,9.9999158504164742e-01,2.5959676555215361e-01,9.9683876430650253e-01,9.9993041744630862e-01,9.8926730244602612e-01,1.8174507740069540e-29,True,True,True,False,True,True,False,False,False,False,False,The tested two-step history-transport non-final source features do not reproduce the local correction.,derive a revised weak-row formula or nonlinear recurrent history source law for the coefficient-gradient closure,"This capacity audit advances the terminal output twice and stacks transported source-row/non-final velocity-row deltas from both future states. It tests a multi-step trajectory-history feature space, not a target-free formula and not an accepted nonlinear h-sweep."
cylindrical_smooth,0.02,universal_multi_step_history_capacity_value_full_nonfinal,paper_tfe_lower_pair_velocity_compression_multi_step_history_capacity_gap_not_full_tfe,,universal_multi_step_history_capacity_nonfinal_full_component_value_fit,all_case_h_multi_step_history_capacity_oracle_fit,active_plus_two_step_velocity_transport_delta_rows_perp,active non-final velocity plus two-step transported velocity-row deltas,"0,1",6,24,8,16,24,16,48,32,4.3664263457953690e+04,2,48,4.2189678479859560e-01,False,True,False,False,8,132,24,32,8,5.6007111964288673e+09,2.6042001459760067e-01,2.5971476539207483e-01,7.8280698499163075e-03,2.5959676555204864e-01,9.9954565602056522e-01,9.9999158371073349e-01,2.5959676555204864e-01,9.9683876430609952e-01,9.9993041744599698e-01,9.8926730244587635e-01,1.8174507740069540e-29,True,True,True,False,True,True,False,False,False,False,False,The tested two-step history-transport non-final source features do not reproduce the local correction.,derive a revised weak-row formula or nonlinear recurrent history source law for the coefficient-gradient closure,"This capacity audit advances the terminal output twice and stacks transported source-row/non-final velocity-row deltas from both future states. It tests a multi-step trajectory-history feature space, not a target-free formula and not an accepted nonlinear h-sweep."
cylindrical_smooth,0.02,universal_multi_step_history_capacity_value_full_nonfinal,paper_tfe_lower_pair_velocity_compression_multi_step_history_capacity_gap_not_full_tfe,,universal_multi_step_history_capacity_nonfinal_full_component_value_fit,all_case_h_multi_step_history_capacity_oracle_fit,two_step_source_velocity_transport_delta_rows_perp,two-step transported source-row and non-final velocity-row deltas,"0,1",6,24,8,16,24,16,64,45,5.1907775585859660e+06,2,64,2.0627140297720370e-01,True,True,True,False,8,132,24,32,8,2.0637755147046505e+03,2.6042001459760067e-01,2.5971476539207483e-01,1.8471167264156896e-01,1.8257425161455598e-01,7.0297986846814531e-01,9.9256679242029022e-01,1.8257425161446406e-01,7.0107611312662210e-01,9.9229800847242300e-01,1.5438302570048805e-06,1.8174507740069540e-29,True,True,True,False,True,True,False,False,False,False,False,The tested two-step history-transport non-final source features do not reproduce the local correction.,derive a revised weak-row formula or nonlinear recurrent history source law for the coefficient-gradient closure,"This capacity audit advances the terminal output twice and stacks transported source-row/non-final velocity-row deltas from both future states. It tests a multi-step trajectory-history feature space, not a target-free formula and not an accepted nonlinear h-sweep."
cylindrical_smooth,0.02,universal_multi_step_history_capacity_value_full_nonfinal,paper_tfe_lower_pair_velocity_compression_multi_step_history_capacity_gap_not_full_tfe,,universal_multi_step_history_capacity_nonfinal_full_component_value_fit,all_case_h_multi_step_history_capacity_oracle_fit,active_plus_two_step_source_velocity_transport_delta_rows_perp,active non-final velocity plus two-step source/velocity transport deltas,"0,1",6,24,8,16,24,16,80,53,1.3639798960539573e+06,2,80,4.6722919637852978e-01,True,True,True,False,8,132,24,29,5,2.0637865640810824e+03,2.6042001459760067e-01,2.5971476539207483e-01,1.8471167379197873e-01,1.8257425045067679e-01,7.0297986398677059e-01,9.9256677943360805e-01,1.8257425045067679e-01,7.0107610865773640e-01,9.9229799549028819e-01,2.7079935530219599e-15,1.8174507740069540e-29,True,True,True,False,True,True,False,False,False,False,False,The tested two-step history-transport non-final source features do not reproduce the local correction.,derive a revised weak-row formula or nonlinear recurrent history source law for the coefficient-gradient closure,"This capacity audit advances the terminal output twice and stacks transported source-row/non-final velocity-row deltas from both future states. It tests a multi-step trajectory-history feature space, not a target-free formula and not an accepted nonlinear h-sweep."
cylindrical_smooth,0.01,case_local_multi_step_history_capacity_value_scalar_nonfinal,paper_tfe_lower_pair_velocity_compression_multi_step_history_capacity_gap_not_full_tfe,,case_local_multi_step_history_capacity_nonfinal_stage_scalar_value_fit,case_local_multi_step_history_capacity_oracle_fit,two_step_source_transport_delta_rows_perp,two-step transported source-row deltas residualized against local source rows,"0,1",1,24,8,16,24,16,32,32,1.8238335546150893e+07,2,32,6.7502349161956826e-02,True,False,False,False,8,132,24,30,6,1.6478935517350183e+04,1.8390267947137043e-01,1.8388667796229685e-01,1.2322345981013266e-01,1.3649281770277391e-01,7.4226593908428573e-01,9.9263213167339703e-01,1.3649281770247010e-01,7.4220135397058751e-01,9.9262348428152425e-01,4.5936155805040584e-12,1.4501435478675553e-18,True,True,True,False,True,True,False,False,False,False,False,The tested two-step history-transport non-final source features do not reproduce the local correction.,derive a revised weak-row formula or nonlinear recurrent history source law for the coefficient-gradient closure,"This capacity audit advances the terminal output twice and stacks transported source-row/non-final velocity-row deltas from both future states. It tests a multi-step trajectory-history feature space, not a target-free formula and not an accepted nonlinear h-sweep."
cylindrical_smooth,0.01,case_local_multi_step_history_capacity_value_scalar_nonfinal,paper_tfe_lower_pair_velocity_compression_multi_step_history_capacity_gap_not_full_tfe,,case_local_multi_step_history_capacity_nonfinal_stage_scalar_value_fit,case_local_multi_step_history_capacity_oracle_fit,active_plus_two_step_source_transport_delta_rows_perp,active non-final velocity plus two-step transported source-row deltas,"0,1",1,24,8,16,24,16,48,44,1.0886634138528139e+06,2,48,3.0407988528845692e-01,True,False,False,False,8,132,24,30,6,1.3335722562874309e+04,1.8390267947137043e-01,1.8388667796229685e-01,1.3088782857205775e-01,1.2916147515300450e-01,7.0239713166979434e-01,9.9263213164731678e-01,1.2916147515300452e-01,7.0233601557236747e-01,9.9262348425544455e-01,6.9593805214356257e-15,1.4501435478675553e-18,True,True,True,False,True,True,False,False,False,False,False,The tested two-step history-transport non-final source features do not reproduce the local correction.,derive a revised weak-row formula or nonlinear recurrent history source law for the coefficient-gradient closure,"This capacity audit advances the terminal output twice and stacks transported source-row/non-final velocity-row deltas from both future states. It tests a multi-step trajectory-history feature space, not a target-free formula and not an accepted nonlinear h-sweep."
cylindrical_smooth,0.01,case_local_multi_step_history_capacity_value_scalar_nonfinal,paper_tfe_lower_pair_velocity_compression_multi_step_history_capacity_gap_not_full_tfe,,case_local_multi_step_history_capacity_nonfinal_stage_scalar_value_fit,case_local_multi_step_history_capacity_oracle_fit,two_step_velocity_transport_delta_rows_perp,two-step transported non-final velocity-row deltas residualized against local source rows,"0,1",1,24,8,16,24,16,32,24,3.9017485923876509e+05,2,32,1.6693145285537937e-02,False,True,False,False,8,132,24,32,8,7.1701582847600887e+06,1.8390267947137043e-01,1.8388667796229685e-01,9.9185217129404849e-04,1.8388400300537230e-01,9.9998545323155441e-01,9.9999973203329273e-01,1.8388400300444452e-01,9.9989844374764092e-01,9.9999775693659643e-01,9.9965450060223049e-01,1.4501435478675553e-18,True,True,True,False,True,True,False,False,False,False,False,The tested two-step history-transport non-final source features do not reproduce the local correction.,derive a revised weak-row formula or nonlinear recurrent history source law for the coefficient-gradient closure,"This capacity audit advances the terminal output twice and stacks transported source-row/non-final velocity-row deltas from both future states. It tests a multi-step trajectory-history feature space, not a target-free formula and not an accepted nonlinear h-sweep."
cylindrical_smooth,0.01,case_local_multi_step_history_capacity_value_scalar_nonfinal,paper_tfe_lower_pair_velocity_compression_multi_step_history_capacity_gap_not_full_tfe,,case_local_multi_step_history_capacity_nonfinal_stage_scalar_value_fit,case_local_multi_step_history_capacity_oracle_fit,active_plus_two_step_velocity_transport_delta_rows_perp,active non-final velocity plus two-step transported velocity-row deltas,"0,1",1,24,8,16,24,16,48,32,4.5514228440245026e+05,2,48,2.9696240602841023e-01,False,True,False,False,8,132,23,31,8,2.4397797624855010e+12,1.8390267947137043e-01,1.8388667796229685e-01,9.9185253729839056e-04,1.8388400300339811e-01,9.9998545322081844e-01,9.9999973201235215e-01,1.8388400300339811e-01,9.9989844374195092e-01,9.9999775693489812e-01,9.9965450060223049e-01,1.4501435478675553e-18,True,True,True,False,True,True,False,False,False,False,False,The tested two-step history-transport non-final source features do not reproduce the local correction.,derive a revised weak-row formula or nonlinear recurrent history source law for the coefficient-gradient closure,"This capacity audit advances the terminal output twice and stacks transported source-row/non-final velocity-row deltas from both future states. It tests a multi-step trajectory-history feature space, not a target-free formula and not an accepted nonlinear h-sweep."
cylindrical_smooth,0.01,case_local_multi_step_history_capacity_value_scalar_nonfinal,paper_tfe_lower_pair_velocity_compression_multi_step_history_capacity_gap_not_full_tfe,,case_local_multi_step_history_capacity_nonfinal_stage_scalar_value_fit,case_local_multi_step_history_capacity_oracle_fit,two_step_source_velocity_transport_delta_rows_perp,two-step transported source-row and non-final velocity-row deltas,"0,1",1,24,8,16,24,16,64,45,3.8549155026868418e+07,2,64,6.9535805466729217e-02,True,True,True,False,8,132,24,29,5,1.1599066526616594e+04,1.8390267947137043e-01,1.8388667796229685e-01,1.3094898930380552e-01,1.2909946759114774e-01,7.0205992637279357e-01,9.9263212788147992e-01,1.2909946759114774e-01,7.0199883961585052e-01,9.9262348048964033e-01,3.3347658664237010e-14,1.4501435478675553e-18,True,True,True,False,True,True,False,False,False,False,False,The tested two-step history-transport non-final source features do not reproduce the local correction.,derive a revised weak-row formula or nonlinear recurrent history source law for the coefficient-gradient closure,"This capacity audit advances the terminal output twice and stacks transported source-row/non-final velocity-row deltas from both future states. It tests a multi-step trajectory-history feature space, not a target-free formula and not an accepted nonlinear h-sweep."
cylindrical_smooth,0.01,case_local_multi_step_history_capacity_value_scalar_nonfinal,paper_tfe_lower_pair_velocity_compression_multi_step_history_capacity_gap_not_full_tfe,,case_local_multi_step_history_capacity_nonfinal_stage_scalar_value_fit,case_local_multi_step_history_capacity_oracle_fit,active_plus_two_step_source_velocity_transport_delta_rows_perp,active non-final velocity plus two-step source/velocity transport deltas,"0,1",1,24,8,16,24,16,80,53,1.9892402237606045e+07,2,80,3.0453774435456293e-01,True,True,True,False,8,132,24,29,5,1.1599128009098720e+04,1.8390267947137043e-01,1.8388667796229685e-01,1.3094898930659155e-01,1.2909946758833579e-01,7.0205992635750192e-01,9.9263212785985910e-01,1.2909946758833579e-01,7.0199883960056009e-01,9.9262348046801974e-01,7.1674784338324825e-15,1.4501435478675553e-18,True,True,True,False,True,True,False,False,False,False,False,The tested two-step history-transport non-final source features do not reproduce the local correction.,derive a revised weak-row formula or nonlinear recurrent history source law for the coefficient-gradient closure,"This capacity audit advances the terminal output twice and stacks transported source-row/non-final velocity-row deltas from both future states. It tests a multi-step trajectory-history feature space, not a target-free formula and not an accepted nonlinear h-sweep."
cylindrical_smooth,0.01,universal_multi_step_history_capacity_value_scalar_nonfinal,paper_tfe_lower_pair_velocity_compression_multi_step_history_capacity_gap_not_full_tfe,,universal_multi_step_history_capacity_nonfinal_stage_scalar_value_fit,all_case_h_multi_step_history_capacity_oracle_fit,two_step_source_transport_delta_rows_perp,two-step transported source-row deltas residualized against local source rows,"0,1",6,24,8,16,24,16,32,32,1.8238335546150893e+07,2,32,6.7502349161956826e-02,True,False,False,False,8,132,24,30,6,1.6479131024377231e+04,1.8390267947137043e-01,1.8388667815555412e-01,1.2322360084776993e-01,1.3649269063658068e-01,7.4226524730148347e-01,9.9263213156690311e-01,1.3649269063658068e-01,7.4220066302965182e-01,9.9262348425994062e-01,3.9497680918347404e-12,1.6433765094034822e-18,True,True,True,False,True,True,False,False,False,False,False,The tested two-step history-transport non-final source features do not reproduce the local correction.,derive a revised weak-row formula or nonlinear recurrent history source law for the coefficient-gradient closure,"This capacity audit advances the terminal output twice and stacks transported source-row/non-final velocity-row deltas from both future states. It tests a multi-step trajectory-history feature space, not a target-free formula and not an accepted nonlinear h-sweep."
cylindrical_smooth,0.01,universal_multi_step_history_capacity_value_scalar_nonfinal,paper_tfe_lower_pair_velocity_compression_multi_step_history_capacity_gap_not_full_tfe,,universal_multi_step_history_capacity_nonfinal_stage_scalar_value_fit,all_case_h_multi_step_history_capacity_oracle_fit,active_plus_two_step_source_transport_delta_rows_perp,active non-final velocity plus two-step transported source-row deltas,"0,1",6,24,8,16,24,16,48,44,1.0886634138528139e+06,2,48,3.0407988528845692e-01,True,False,False,False,8,132,24,30,6,1.3335722563129711e+04,1.8390267947137043e-01,1.8388667815555412e-01,1.3088782884356534e-01,1.2916147515300452e-01,7.0239713093160427e-01,9.9263213156240704e-01,1.2916147515300450e-01,7.0233601557236736e-01,9.9262348425544455e-01,3.7133602421030819e-15,1.6433765094034822e-18,True,True,True,False,True,True,False,False,False,False,False,The tested two-step history-transport non-final source features do not reproduce the local correction.,derive a revised weak-row formula or nonlinear recurrent history source law for the coefficient-gradient closure,"This capacity audit advances the terminal output twice and stacks transported source-row/non-final velocity-row deltas from both future states. It tests a multi-step trajectory-history feature space, not a target-free formula and not an accepted nonlinear h-sweep."
cylindrical_smooth,0.01,universal_multi_step_history_capacity_value_scalar_nonfinal,paper_tfe_lower_pair_velocity_compression_multi_step_history_capacity_gap_not_full_tfe,,universal_multi_step_history_capacity_nonfinal_stage_scalar_value_fit,all_case_h_multi_step_history_capacity_oracle_fit,two_step_velocity_transport_delta_rows_perp,two-step transported non-final velocity-row deltas residualized against local source rows,"0,1",6,24,8,16,24,16,32,24,3.9017485923876509e+05,2,32,1.6693145285537937e-02,False,True,False,False,8,132,23,31,8,7.0807491438858429e+10,1.8390267947137043e-01,1.8388667815555412e-01,9.9188836600817083e-04,1.8388400300339813e-01,9.9998545216987533e-01,9.9999973200981418e-01,1.8388400300339811e-01,9.9989844374195092e-01,9.9999775693489834e-01,9.9965450060223049e-01,1.6433765094034822e-18,True,True,True,False,True,True,False,False,False,False,False,The tested two-step history-transport non-final source features do not reproduce the local correction.,derive a revised weak-row formula or nonlinear recurrent history source law for the coefficient-gradient closure,"This capacity audit advances the terminal output twice and stacks transported source-row/non-final velocity-row deltas from both future states. It tests a multi-step trajectory-history feature space, not a target-free formula and not an accepted nonlinear h-sweep."
cylindrical_smooth,0.01,universal_multi_step_history_capacity_value_scalar_nonfinal,paper_tfe_lower_pair_velocity_compression_multi_step_history_capacity_gap_not_full_tfe,,universal_multi_step_history_capacity_nonfinal_stage_scalar_value_fit,all_case_h_multi_step_history_capacity_oracle_fit,active_plus_two_step_velocity_transport_delta_rows_perp,active non-final velocity plus two-step transported velocity-row deltas,"0,1",6,24,8,16,24,16,48,32,4.5514228440245026e+05,2,48,2.9696240602841023e-01,False,True,False,False,8,132,23,31,8,2.4397797642833374e+12,1.8390267947137043e-01,1.8388667815555412e-01,9.9188836600816736e-04,1.8388400300339813e-01,9.9998545216987533e-01,9.9999973200981418e-01,1.8388400300339811e-01,9.9989844374195092e-01,9.9999775693489834e-01,9.9965450060223049e-01,1.6433765094034822e-18,True,True,True,False,True,True,False,False,False,False,False,The tested two-step history-transport non-final source features do not reproduce the local correction.,derive a revised weak-row formula or nonlinear recurrent history source law for the coefficient-gradient closure,"This capacity audit advances the terminal output twice and stacks transported source-row/non-final velocity-row deltas from both future states. It tests a multi-step trajectory-history feature space, not a target-free formula and not an accepted nonlinear h-sweep."
cylindrical_smooth,0.01,universal_multi_step_history_capacity_value_scalar_nonfinal,paper_tfe_lower_pair_velocity_compression_multi_step_history_capacity_gap_not_full_tfe,,universal_multi_step_history_capacity_nonfinal_stage_scalar_value_fit,all_case_h_multi_step_history_capacity_oracle_fit,two_step_source_velocity_transport_delta_rows_perp,two-step transported source-row and non-final velocity-row deltas,"0,1",6,24,8,16,24,16,64,45,3.8549155026868418e+07,2,64,6.9535805466729217e-02,True,True,True,False,8,132,24,29,5,1.1599128009161224e+04,1.8390267947137043e-01,1.8388667815555412e-01,1.3094898957796905e-01,1.2909946758833579e-01,7.0205992561966601e-01,9.9263212777494936e-01,1.2909946758833579e-01,7.0199883960056009e-01,9.9262348046801974e-01,2.5384224711855798e-14,1.6433765094034822e-18,True,True,True,False,True,True,False,False,False,False,False,The tested two-step history-transport non-final source features do not reproduce the local correction.,derive a revised weak-row formula or nonlinear recurrent history source law for the coefficient-gradient closure,"This capacity audit advances the terminal output twice and stacks transported source-row/non-final velocity-row deltas from both future states. It tests a multi-step trajectory-history feature space, not a target-free formula and not an accepted nonlinear h-sweep."
cylindrical_smooth,0.01,universal_multi_step_history_capacity_value_scalar_nonfinal,paper_tfe_lower_pair_velocity_compression_multi_step_history_capacity_gap_not_full_tfe,,universal_multi_step_history_capacity_nonfinal_stage_scalar_value_fit,all_case_h_multi_step_history_capacity_oracle_fit,active_plus_two_step_source_velocity_transport_delta_rows_perp,active non-final velocity plus two-step source/velocity transport deltas,"0,1",6,24,8,16,24,16,80,53,1.9892402237606045e+07,2,80,3.0453774435456293e-01,True,True,True,False,8,132,24,29,5,1.1599128009096334e+04,1.8390267947137043e-01,1.8388667815555412e-01,1.3094898957797402e-01,1.2909946758833579e-01,7.0205992561966601e-01,9.9263212777494936e-01,1.2909946758833579e-01,7.0199883960056009e-01,9.9262348046801974e-01,6.5953997479225939e-15,1.6433765094034822e-18,True,True,True,False,True,True,False,False,False,False,False,The tested two-step history-transport non-final source features do not reproduce the local correction.,derive a revised weak-row formula or nonlinear recurrent history source law for the coefficient-gradient closure,"This capacity audit advances the terminal output twice and stacks transported source-row/non-final velocity-row deltas from both future states. It tests a multi-step trajectory-history feature space, not a target-free formula and not an accepted nonlinear h-sweep."
cylindrical_smooth,0.01,case_local_multi_step_history_capacity_value_component_nonfinal,paper_tfe_lower_pair_velocity_compression_multi_step_history_capacity_gap_not_full_tfe,,case_local_multi_step_history_capacity_nonfinal_component_diagonal_value_fit,case_local_multi_step_history_capacity_oracle_fit,two_step_source_transport_delta_rows_perp,two-step transported source-row deltas residualized against local source rows,"0,1",1,24,8,16,24,16,32,32,1.8238335546150893e+07,2,32,6.7502349161956826e-02,True,False,False,False,8,132,24,30,6,1.6479129123642640e+04,1.8390267947137043e-01,1.8401235660084056e-01,1.2341107657220705e-01,1.3649268684113192e-01,7.4175826755597574e-01,9.9263213157641228e-01,1.3649268684058044e-01,7.4220064238829819e-01,9.9262348426051183e-01,5.8068455745857848e-12,9.7232345226756130e-35,True,True,True,False,True,True,False,False,False,False,False,The tested two-step history-transport non-final source features do not reproduce the local correction.,derive a revised weak-row formula or nonlinear recurrent history source law for the coefficient-gradient closure,"This capacity audit advances the terminal output twice and stacks transported source-row/non-final velocity-row deltas from both future states. It tests a multi-step trajectory-history feature space, not a target-free formula and not an accepted nonlinear h-sweep."
cylindrical_smooth,0.01,case_local_multi_step_history_capacity_value_component_nonfinal,paper_tfe_lower_pair_velocity_compression_multi_step_history_capacity_gap_not_full_tfe,,case_local_multi_step_history_capacity_nonfinal_component_diagonal_value_fit,case_local_multi_step_history_capacity_oracle_fit,active_plus_two_step_source_transport_delta_rows_perp,active non-final velocity plus two-step transported source-row deltas,"0,1",1,24,8,16,24,16,48,44,1.0886634138528139e+06,2,48,3.0407988528845692e-01,True,False,False,False,8,132,24,30,6,1.3335722587296563e+04,1.8390267947137043e-01,1.8401235660084056e-01,1.3106433808665754e-01,1.2916147515300450e-01,7.0191740130355185e-01,9.9263213157134500e-01,1.2916147515300452e-01,7.0233601557236747e-01,9.9262348425544455e-01,4.0610938502279626e-15,9.7232345226756130e-35,True,True,True,False,True,True,False,False,False,False,False,The tested two-step history-transport non-final source features do not reproduce the local correction.,derive a revised weak-row formula or nonlinear recurrent history source law for the coefficient-gradient closure,"This capacity audit advances the terminal output twice and stacks transported source-row/non-final velocity-row deltas from both future states. It tests a multi-step trajectory-history feature space, not a target-free formula and not an accepted nonlinear h-sweep."
cylindrical_smooth,0.01,case_local_multi_step_history_capacity_value_component_nonfinal,paper_tfe_lower_pair_velocity_compression_multi_step_history_capacity_gap_not_full_tfe,,case_local_multi_step_history_capacity_nonfinal_component_diagonal_value_fit,case_local_multi_step_history_capacity_oracle_fit,two_step_velocity_transport_delta_rows_perp,two-step transported non-final velocity-row deltas residualized against local source rows,"0,1",1,24,8,16,24,16,32,24,3.9017485923876509e+05,2,32,1.6693145285537937e-02,False,True,False,False,8,132,24,32,8,1.6002213110280627e+08,1.8390267947137043e-01,1.8401235660084056e-01,6.8717407714468564e-03,1.8388400300342864e-01,9.9930247294375807e-01,9.9999973200973635e-01,1.8388400300341501e-01,9.9989844374204273e-01,9.9999775693489878e-01,9.9965450060223049e-01,9.7232345226756130e-35,True,True,True,False,True,True,False,False,False,False,False,The tested two-step history-transport non-final source features do not reproduce the local correction.,derive a revised weak-row formula or nonlinear recurrent history source law for the coefficient-gradient closure,"This capacity audit advances the terminal output twice and stacks transported source-row/non-final velocity-row deltas from both future states. It tests a multi-step trajectory-history feature space, not a target-free formula and not an accepted nonlinear h-sweep."
cylindrical_smooth,0.01,case_local_multi_step_history_capacity_value_component_nonfinal,paper_tfe_lower_pair_velocity_compression_multi_step_history_capacity_gap_not_full_tfe,,case_local_multi_step_history_capacity_nonfinal_component_diagonal_value_fit,case_local_multi_step_history_capacity_oracle_fit,active_plus_two_step_velocity_transport_delta_rows_perp,active non-final velocity plus two-step transported velocity-row deltas,"0,1",1,24,8,16,24,16,48,32,4.5514228440245026e+05,2,48,2.9696240602841023e-01,False,True,False,False,8,132,23,31,8,2.4397797035906343e+12,1.8390267947137043e-01,1.8401235660084056e-01,6.8717407722635616e-03,1.8388400300339813e-01,9.9930247294359231e-01,9.9999973200973558e-01,1.8388400300339811e-01,9.9989844374195092e-01,9.9999775693489812e-01,9.9965450060223049e-01,9.7232345226756130e-35,True,True,True,False,True,True,False,False,False,False,False,The tested two-step history-transport non-final source features do not reproduce the local correction.,derive a revised weak-row formula or nonlinear recurrent history source law for the coefficient-gradient closure,"This capacity audit advances the terminal output twice and stacks transported source-row/non-final velocity-row deltas from both future states. It tests a multi-step trajectory-history feature space, not a target-free formula and not an accepted nonlinear h-sweep."
cylindrical_smooth,0.01,case_local_multi_step_history_capacity_value_component_nonfinal,paper_tfe_lower_pair_velocity_compression_multi_step_history_capacity_gap_not_full_tfe,,case_local_multi_step_history_capacity_nonfinal_component_diagonal_value_fit,case_local_multi_step_history_capacity_oracle_fit,two_step_source_velocity_transport_delta_rows_perp,two-step transported source-row and non-final velocity-row deltas,"0,1",1,24,8,16,24,16,64,45,3.8549155026868418e+07,2,64,6.9535805466729217e-02,True,True,True,False,8,132,24,29,5,1.1599127418865513e+04,1.8390267947137043e-01,1.8401235660084056e-01,1.3112541649195292e-01,1.2909946758837926e-01,7.0158042629942352e-01,9.9263212778446475e-01,1.2909946758837926e-01,7.0199883960079645e-01,9.9262348046859727e-01,1.5974361765791508e-14,9.7232345226756130e-35,True,True,True,False,True,True,False,False,False,False,False,The tested two-step history-transport non-final source features do not reproduce the local correction.,derive a revised weak-row formula or nonlinear recurrent history source law for the coefficient-gradient closure,"This capacity audit advances the terminal output twice and stacks transported source-row/non-final velocity-row deltas from both future states. It tests a multi-step trajectory-history feature space, not a target-free formula and not an accepted nonlinear h-sweep."
cylindrical_smooth,0.01,case_local_multi_step_history_capacity_value_component_nonfinal,paper_tfe_lower_pair_velocity_compression_multi_step_history_capacity_gap_not_full_tfe,,case_local_multi_step_history_capacity_nonfinal_component_diagonal_value_fit,case_local_multi_step_history_capacity_oracle_fit,active_plus_two_step_source_velocity_transport_delta_rows_perp,active non-final velocity plus two-step source/velocity transport deltas,"0,1",1,24,8,16,24,16,80,53,1.9892402237606045e+07,2,80,3.0453774435456293e-01,True,True,True,False,8,132,24,29,5,1.1599128042997723e+04,1.8390267947137043e-01,1.8401235660084056e-01,1.3112541649201023e-01,1.2909946758833579e-01,7.0158042629918727e-01,9.9263212778388721e-01,1.2909946758833579e-01,7.0199883960056009e-01,9.9262348046801974e-01,2.6703725458491172e-15,9.7232345226756130e-35,True,True,True,False,True,True,False,False,False,False,False,The tested two-step history-transport non-final source features do not reproduce the local correction.,derive a revised weak-row formula or nonlinear recurrent history source law for the coefficient-gradient closure,"This capacity audit advances the terminal output twice and stacks transported source-row/non-final velocity-row deltas from both future states. It tests a multi-step trajectory-history feature space, not a target-free formula and not an accepted nonlinear h-sweep."
cylindrical_smooth,0.01,universal_multi_step_history_capacity_value_component_nonfinal,paper_tfe_lower_pair_velocity_compression_multi_step_history_capacity_gap_not_full_tfe,,universal_multi_step_history_capacity_nonfinal_component_diagonal_value_fit,all_case_h_multi_step_history_capacity_oracle_fit,two_step_source_transport_delta_rows_perp,two-step transported source-row deltas residualized against local source rows,"0,1",6,24,8,16,24,16,32,32,1.8238335546150893e+07,2,32,6.7502349161956826e-02,True,False,False,False,8,132,24,30,6,1.6479131399632177e+04,1.8390267947137043e-01,1.8411674096983208e-01,1.2356666074623283e-01,1.3649269085707399e-01,7.4133775200506413e-01,9.9263213156690810e-01,1.3649269085705310e-01,7.4220066422850561e-01,9.9262348425994062e-01,5.5873121751275542e-12,1.6450722467175256e-18,True,True,True,False,True,True,False,False,False,False,False,The tested two-step history-transport non-final source features do not reproduce the local correction.,derive a revised weak-row formula or nonlinear recurrent history source law for the coefficient-gradient closure,"This capacity audit advances the terminal output twice and stacks transported source-row/non-final velocity-row deltas from both future states. It tests a multi-step trajectory-history feature space, not a target-free formula and not an accepted nonlinear h-sweep."
cylindrical_smooth,0.01,universal_multi_step_history_capacity_value_component_nonfinal,paper_tfe_lower_pair_velocity_compression_multi_step_history_capacity_gap_not_full_tfe,,universal_multi_step_history_capacity_nonfinal_component_diagonal_value_fit,all_case_h_multi_step_history_capacity_oracle_fit,active_plus_two_step_source_transport_delta_rows_perp,active non-final velocity plus two-step transported source-row deltas,"0,1",6,24,8,16,24,16,48,44,1.0886634138528139e+06,2,48,3.0407988528845692e-01,True,False,False,False,8,132,24,30,6,1.3335722852541796e+04,1.8390267947137043e-01,1.8411674096983208e-01,1.3121085184408804e-01,1.2916147515300450e-01,7.0151945158625140e-01,9.9263213156241192e-01,1.2916147515300450e-01,7.0233601557236736e-01,9.9262348425544455e-01,3.8908634774854724e-15,1.6450722467175256e-18,True,True,True,False,True,True,False,False,False,False,False,The tested two-step history-transport non-final source features do not reproduce the local correction.,derive a revised weak-row formula or nonlinear recurrent history source law for the coefficient-gradient closure,"This capacity audit advances the terminal output twice and stacks transported source-row/non-final velocity-row deltas from both future states. It tests a multi-step trajectory-history feature space, not a target-free formula and not an accepted nonlinear h-sweep."
cylindrical_smooth,0.01,universal_multi_step_history_capacity_value_component_nonfinal,paper_tfe_lower_pair_velocity_compression_multi_step_history_capacity_gap_not_full_tfe,,universal_multi_step_history_capacity_nonfinal_component_diagonal_value_fit,all_case_h_multi_step_history_capacity_oracle_fit,two_step_velocity_transport_delta_rows_perp,two-step transported non-final velocity-row deltas residualized against local source rows,"0,1",6,24,8,16,24,16,32,24,3.9017485923876509e+05,2,32,1.6693145285537937e-02,False,True,False,False,8,132,23,31,8,2.0955323373644337e+10,1.8390267947137043e-01,1.8411674096983208e-01,9.2546066798373482e-03,1.8388400300339822e-01,9.9873592175699011e-01,9.9999973200981651e-01,1.8388400300339816e-01,9.9989844374195114e-01,9.9999775693489812e-01,9.9965450060223049e-01,1.6450722467175256e-18,True,True,True,False,True,True,False,False,False,False,False,The tested two-step history-transport non-final source features do not reproduce the local correction.,derive a revised weak-row formula or nonlinear recurrent history source law for the coefficient-gradient closure,"This capacity audit advances the terminal output twice and stacks transported source-row/non-final velocity-row deltas from both future states. It tests a multi-step trajectory-history feature space, not a target-free formula and not an accepted nonlinear h-sweep."
cylindrical_smooth,0.01,universal_multi_step_history_capacity_value_component_nonfinal,paper_tfe_lower_pair_velocity_compression_multi_step_history_capacity_gap_not_full_tfe,,universal_multi_step_history_capacity_nonfinal_component_diagonal_value_fit,all_case_h_multi_step_history_capacity_oracle_fit,active_plus_two_step_velocity_transport_delta_rows_perp,active non-final velocity plus two-step transported velocity-row deltas,"0,1",6,24,8,16,24,16,48,32,4.5514228440245026e+05,2,48,2.9696240602841023e-01,False,True,False,False,8,132,23,31,8,2.4397800629141431e+12,1.8390267947137043e-01,1.8411674096983208e-01,9.2546066798390898e-03,1.8388400300339811e-01,9.9873592175698944e-01,9.9999973200981651e-01,1.8388400300339811e-01,9.9989844374195092e-01,9.9999775693489834e-01,9.9965450060223049e-01,1.6450722467175256e-18,True,True,True,False,True,True,False,False,False,False,False,The tested two-step history-transport non-final source features do not reproduce the local correction.,derive a revised weak-row formula or nonlinear recurrent history source law for the coefficient-gradient closure,"This capacity audit advances the terminal output twice and stacks transported source-row/non-final velocity-row deltas from both future states. It tests a multi-step trajectory-history feature space, not a target-free formula and not an accepted nonlinear h-sweep."
cylindrical_smooth,0.01,universal_multi_step_history_capacity_value_component_nonfinal,paper_tfe_lower_pair_velocity_compression_multi_step_history_capacity_gap_not_full_tfe,,universal_multi_step_history_capacity_nonfinal_component_diagonal_value_fit,all_case_h_multi_step_history_capacity_oracle_fit,two_step_source_velocity_transport_delta_rows_perp,two-step transported source-row and non-final velocity-row deltas,"0,1",6,24,8,16,24,16,64,45,3.8549155026868418e+07,2,64,6.9535805466729217e-02,True,True,True,False,8,132,24,29,5,1.1599128234480102e+04,1.8390267947137043e-01,1.8411674096983208e-01,1.3127186207927230e-01,1.2909946758833590e-01,7.0118266762873627e-01,9.9263212777495424e-01,1.2909946758833590e-01,7.0199883960056075e-01,9.9262348046801974e-01,1.6276701294017596e-14,1.6450722467175256e-18,True,True,True,False,True,True,False,False,False,False,False,The tested two-step history-transport non-final source features do not reproduce the local correction.,derive a revised weak-row formula or nonlinear recurrent history source law for the coefficient-gradient closure,"This capacity audit advances the terminal output twice and stacks transported source-row/non-final velocity-row deltas from both future states. It tests a multi-step trajectory-history feature space, not a target-free formula and not an accepted nonlinear h-sweep."
cylindrical_smooth,0.01,universal_multi_step_history_capacity_value_component_nonfinal,paper_tfe_lower_pair_velocity_compression_multi_step_history_capacity_gap_not_full_tfe,,universal_multi_step_history_capacity_nonfinal_component_diagonal_value_fit,all_case_h_multi_step_history_capacity_oracle_fit,active_plus_two_step_source_velocity_transport_delta_rows_perp,active non-final velocity plus two-step source/velocity transport deltas,"0,1",6,24,8,16,24,16,80,53,1.9892402237606045e+07,2,80,3.0453774435456293e-01,True,True,True,False,8,132,24,29,5,1.1599128237194680e+04,1.8390267947137043e-01,1.8411674096983208e-01,1.3127186207927616e-01,1.2909946758833579e-01,7.0118266762873571e-01,9.9263212777495424e-01,1.2909946758833579e-01,7.0199883960056009e-01,9.9262348046801974e-01,2.6418288218904140e-15,1.6450722467175256e-18,True,True,True,False,True,True,False,False,False,False,False,The tested two-step history-transport non-final source features do not reproduce the local correction.,derive a revised weak-row formula or nonlinear recurrent history source law for the coefficient-gradient closure,"This capacity audit advances the terminal output twice and stacks transported source-row/non-final velocity-row deltas from both future states. It tests a multi-step trajectory-history feature space, not a target-free formula and not an accepted nonlinear h-sweep."
cylindrical_smooth,0.01,case_local_multi_step_history_capacity_value_full_nonfinal,paper_tfe_lower_pair_velocity_compression_multi_step_history_capacity_gap_not_full_tfe,,case_local_multi_step_history_capacity_nonfinal_full_component_value_fit,case_local_multi_step_history_capacity_oracle_fit,two_step_source_transport_delta_rows_perp,two-step transported source-row deltas residualized against local source rows,"0,1",1,24,8,16,24,16,32,32,1.8238335546150893e+07,2,32,6.7502349161956826e-02,True,False,False,False,8,132,24,31,7,1.6479131024144150e+04,1.8390267947137043e-01,1.8388667815553009e-01,1.2322360086013402e-01,1.3649269062536409e-01,7.4226524724058318e-01,9.9263213156603070e-01,1.3649269062522584e-01,7.4220066296790810e-01,9.9262348425994529e-01,2.7334643561998055e-09,1.6692610498525925e-34,True,True,True,False,True,True,False,False,False,False,False,The tested two-step history-transport non-final source features do not reproduce the local correction.,derive a revised weak-row formula or nonlinear recurrent history source law for the coefficient-gradient closure,"This capacity audit advances the terminal output twice and stacks transported source-row/non-final velocity-row deltas from both future states. It tests a multi-step trajectory-history feature space, not a target-free formula and not an accepted nonlinear h-sweep."
cylindrical_smooth,0.01,case_local_multi_step_history_capacity_value_full_nonfinal,paper_tfe_lower_pair_velocity_compression_multi_step_history_capacity_gap_not_full_tfe,,case_local_multi_step_history_capacity_nonfinal_full_component_value_fit,case_local_multi_step_history_capacity_oracle_fit,active_plus_two_step_source_transport_delta_rows_perp,active non-final velocity plus two-step transported source-row deltas,"0,1",1,24,8,16,24,16,48,44,1.0886634138528139e+06,2,48,3.0407988528845692e-01,True,False,False,False,8,132,24,30,6,1.3335722563302334e+04,1.8390267947137043e-01,1.8388667815553009e-01,1.3088782884353625e-01,1.2916147515300452e-01,7.0239713093169609e-01,9.9263213156152985e-01,1.2916147515300452e-01,7.0233601557236747e-01,9.9262348425544455e-01,4.1596958172183243e-15,1.6692610498525925e-34,True,True,True,False,True,True,False,False,False,False,False,The tested two-step history-transport non-final source features do not reproduce the local correction.,derive a revised weak-row formula or nonlinear recurrent history source law for the coefficient-gradient closure,"This capacity audit advances the terminal output twice and stacks transported source-row/non-final velocity-row deltas from both future states. It tests a multi-step trajectory-history feature space, not a target-free formula and not an accepted nonlinear h-sweep."
cylindrical_smooth,0.01,case_local_multi_step_history_capacity_value_full_nonfinal,paper_tfe_lower_pair_velocity_compression_multi_step_history_capacity_gap_not_full_tfe,,case_local_multi_step_history_capacity_nonfinal_full_component_value_fit,case_local_multi_step_history_capacity_oracle_fit,two_step_velocity_transport_delta_rows_perp,two-step transported non-final velocity-row deltas residualized against local source rows,"0,1",1,24,8,16,24,16,32,24,3.9017485923876509e+05,2,32,1.6693145285537937e-02,False,True,False,False,8,132,24,32,8,6.4742525357123032e+09,1.8390267947137043e-01,1.8388667815553009e-01,9.9188836146398614e-04,1.8388400300339861e-01,9.9998545217000867e-01,9.9999973200985237e-01,1.8388400300339811e-01,9.9989844374195092e-01,9.9999775693489812e-01,9.9965450060223049e-01,1.6692610498525925e-34,True,True,True,False,True,True,False,False,False,False,False,The tested two-step history-transport non-final source features do not reproduce the local correction.,derive a revised weak-row formula or nonlinear recurrent history source law for the coefficient-gradient closure,"This capacity audit advances the terminal output twice and stacks transported source-row/non-final velocity-row deltas from both future states. It tests a multi-step trajectory-history feature space, not a target-free formula and not an accepted nonlinear h-sweep."
cylindrical_smooth,0.01,case_local_multi_step_history_capacity_value_full_nonfinal,paper_tfe_lower_pair_velocity_compression_multi_step_history_capacity_gap_not_full_tfe,,case_local_multi_step_history_capacity_nonfinal_full_component_value_fit,case_local_multi_step_history_capacity_oracle_fit,active_plus_two_step_velocity_transport_delta_rows_perp,active non-final velocity plus two-step transported velocity-row deltas,"0,1",1,24,8,16,24,16,48,32,4.5514228440245026e+05,2,48,2.9696240602841023e-01,False,True,False,False,8,132,23,31,8,2.4397795886338965e+12,1.8390267947137043e-01,1.8388667815553009e-01,9.9188836155186875e-04,1.8388400300339813e-01,9.9998545217000612e-01,9.9999973200985237e-01,1.8388400300339811e-01,9.9989844374195092e-01,9.9999775693489834e-01,9.9965450060223049e-01,1.6692610498525925e-34,True,True,True,False,True,True,False,False,False,False,False,The tested two-step history-transport non-final source features do not reproduce the local correction.,derive a revised weak-row formula or nonlinear recurrent history source law for the coefficient-gradient closure,"This capacity audit advances the terminal output twice and stacks transported source-row/non-final velocity-row deltas from both future states. It tests a multi-step trajectory-history feature space, not a target-free formula and not an accepted nonlinear h-sweep."
cylindrical_smooth,0.01,case_local_multi_step_history_capacity_value_full_nonfinal,paper_tfe_lower_pair_velocity_compression_multi_step_history_capacity_gap_not_full_tfe,,case_local_multi_step_history_capacity_nonfinal_full_component_value_fit,case_local_multi_step_history_capacity_oracle_fit,two_step_source_velocity_transport_delta_rows_perp,two-step transported source-row and non-final velocity-row deltas,"0,1",1,24,8,16,24,16,64,45,3.8549155026868418e+07,2,64,6.9535805466729217e-02,True,True,True,False,8,132,24,30,6,1.1599128009138863e+04,1.8390267947137043e-01,1.8388667815553009e-01,1.3094898957793413e-01,1.2909946758833646e-01,7.0205992561976138e-01,9.9263212777407961e-01,1.2909946758833646e-01,7.0199883960056375e-01,9.9262348046802729e-01,2.6948263594506179e-09,1.6692610498525925e-34,True,True,True,False,True,True,False,False,False,False,False,The tested two-step history-transport non-final source features do not reproduce the local correction.,derive a revised weak-row formula or nonlinear recurrent history source law for the coefficient-gradient closure,"This capacity audit advances the terminal output twice and stacks transported source-row/non-final velocity-row deltas from both future states. It tests a multi-step trajectory-history feature space, not a target-free formula and not an accepted nonlinear h-sweep."
cylindrical_smooth,0.01,case_local_multi_step_history_capacity_value_full_nonfinal,paper_tfe_lower_pair_velocity_compression_multi_step_history_capacity_gap_not_full_tfe,,case_local_multi_step_history_capacity_nonfinal_full_component_value_fit,case_local_multi_step_history_capacity_oracle_fit,active_plus_two_step_source_velocity_transport_delta_rows_perp,active non-final velocity plus two-step source/velocity transport deltas,"0,1",1,24,8,16,24,16,80,53,1.9892402237606045e+07,2,80,3.0453774435456293e-01,True,True,True,False,8,132,24,29,5,1.1599128009106218e+04,1.8390267947137043e-01,1.8388667815553009e-01,1.3094898957794104e-01,1.2909946758833579e-01,7.0205992561975783e-01,9.9263212777407217e-01,1.2909946758833579e-01,7.0199883960056009e-01,9.9262348046801974e-01,2.4346374743411545e-15,1.6692610498525925e-34,True,True,True,False,True,True,False,False,False,False,False,The tested two-step history-transport non-final source features do not reproduce the local correction.,derive a revised weak-row formula or nonlinear recurrent history source law for the coefficient-gradient closure,"This capacity audit advances the terminal output twice and stacks transported source-row/non-final velocity-row deltas from both future states. It tests a multi-step trajectory-history feature space, not a target-free formula and not an accepted nonlinear h-sweep."
cylindrical_smooth,0.01,universal_multi_step_history_capacity_value_full_nonfinal,paper_tfe_lower_pair_velocity_compression_multi_step_history_capacity_gap_not_full_tfe,,universal_multi_step_history_capacity_nonfinal_full_component_value_fit,all_case_h_multi_step_history_capacity_oracle_fit,two_step_source_transport_delta_rows_perp,two-step transported source-row deltas residualized against local source rows,"0,1",6,24,8,16,24,16,32,32,1.8238335546150893e+07,2,32,6.7502349161956826e-02,True,False,False,False,8,132,24,32,8,1.6463404542463621e+04,1.8390267947137043e-01,1.8388667986011836e-01,1.2322379997923244e-01,1.3649251315981650e-01,7.4226427527891436e-01,9.9263211149012354e-01,1.3649223018802623e-01,7.4219815926757626e-01,9.9262349779468961e-01,1.5925754036809002e-06,6.4630228833806393e-32,True,True,True,False,True,True,False,False,False,False,False,The tested two-step history-transport non-final source features do not reproduce the local correction.,derive a revised weak-row formula or nonlinear recurrent history source law for the coefficient-gradient closure,"This capacity audit advances the terminal output twice and stacks transported source-row/non-final velocity-row deltas from both future states. It tests a multi-step trajectory-history feature space, not a target-free formula and not an accepted nonlinear h-sweep."
cylindrical_smooth,0.01,universal_multi_step_history_capacity_value_full_nonfinal,paper_tfe_lower_pair_velocity_compression_multi_step_history_capacity_gap_not_full_tfe,,universal_multi_step_history_capacity_nonfinal_full_component_value_fit,all_case_h_multi_step_history_capacity_oracle_fit,active_plus_two_step_source_transport_delta_rows_perp,active non-final velocity plus two-step transported source-row deltas,"0,1",6,24,8,16,24,16,48,44,1.0886634138528139e+06,2,48,3.0407988528845692e-01,True,False,False,False,8,132,24,30,6,1.3335722563448275e+04,1.8390267947137043e-01,1.8388667986011836e-01,1.3088783123833378e-01,1.2916147515300452e-01,7.0239712442063218e-01,9.9263209789958429e-01,1.2916147515300450e-01,7.0233601557236736e-01,9.9262348425544455e-01,4.1205504141171986e-15,6.4630228833806393e-32,True,True,True,False,True,True,False,False,False,False,False,The tested two-step history-transport non-final source features do not reproduce the local correction.,derive a revised weak-row formula or nonlinear recurrent history source law for the coefficient-gradient closure,"This capacity audit advances the terminal output twice and stacks transported source-row/non-final velocity-row deltas from both future states. It tests a multi-step trajectory-history feature space, not a target-free formula and not an accepted nonlinear h-sweep."
cylindrical_smooth,0.01,universal_multi_step_history_capacity_value_full_nonfinal,paper_tfe_lower_pair_velocity_compression_multi_step_history_capacity_gap_not_full_tfe,,universal_multi_step_history_capacity_nonfinal_full_component_value_fit,all_case_h_multi_step_history_capacity_oracle_fit,two_step_velocity_transport_delta_rows_perp,two-step transported non-final velocity-row deltas residualized against local source rows,"0,1",6,24,8,16,24,16,32,24,3.9017485923876509e+05,2,32,1.6693145285537937e-02,False,True,False,False,8,132,24,32,8,1.9903600147215337e+06,1.8390267947137043e-01,1.8388667986011836e-01,9.9209723795680004e-04,1.8388400358119272e-01,9.9998544604248840e-01,9.9999972933409653e-01,1.8388400300346591e-01,9.9989844374231962e-01,9.9999775693512094e-01,9.9965450060238181e-01,6.4630228833806393e-32,True,True,True,False,True,True,False,False,False,False,False,The tested two-step history-transport non-final source features do not reproduce the local correction.,derive a revised weak-row formula or nonlinear recurrent history source law for the coefficient-gradient closure,"This capacity audit advances the terminal output twice and stacks transported source-row/non-final velocity-row deltas from both future states. It tests a multi-step trajectory-history feature space, not a target-free formula and not an accepted nonlinear h-sweep."
cylindrical_smooth,0.01,universal_multi_step_history_capacity_value_full_nonfinal,paper_tfe_lower_pair_velocity_compression_multi_step_history_capacity_gap_not_full_tfe,,universal_multi_step_history_capacity_nonfinal_full_component_value_fit,all_case_h_multi_step_history_capacity_oracle_fit,active_plus_two_step_velocity_transport_delta_rows_perp,active non-final velocity plus two-step transported velocity-row deltas,"0,1",6,24,8,16,24,16,48,32,4.5514228440245026e+05,2,48,2.9696240602841023e-01,False,True,False,False,8,132,23,31,8,2.4397798803147676e+12,1.8390267947137043e-01,1.8388667986011836e-01,9.9220432569408520e-04,1.8388400300339811e-01,9.9998544290036506e-01,9.9999972800318448e-01,1.8388400300339811e-01,9.9989844374195092e-01,9.9999775693489834e-01,9.9965450060223049e-01,6.4630228833806393e-32,True,True,True,False,True,True,False,False,False,False,False,The tested two-step history-transport non-final source features do not reproduce the local correction.,derive a revised weak-row formula or nonlinear recurrent history source law for the coefficient-gradient closure,"This capacity audit advances the terminal output twice and stacks transported source-row/non-final velocity-row deltas from both future states. It tests a multi-step trajectory-history feature space, not a target-free formula and not an accepted nonlinear h-sweep."
cylindrical_smooth,0.01,universal_multi_step_history_capacity_value_full_nonfinal,paper_tfe_lower_pair_velocity_compression_multi_step_history_capacity_gap_not_full_tfe,,universal_multi_step_history_capacity_nonfinal_full_component_value_fit,all_case_h_multi_step_history_capacity_oracle_fit,two_step_source_velocity_transport_delta_rows_perp,two-step transported source-row and non-final velocity-row deltas,"0,1",6,24,8,16,24,16,64,45,3.8549155026868418e+07,2,64,6.9535805466729217e-02,True,True,True,False,8,132,24,32,8,1.1596385605998990e+04,1.8390267947137043e-01,1.8388667986011836e-01,1.3094899116026187e-01,1.2909946841132278e-01,7.0205992358733149e-01,9.9263210709966343e-01,1.2909946840931683e-01,7.0199884406477475e-01,9.9262349342361145e-01,1.5428638299988211e-06,6.4630228833806393e-32,True,True,True,False,True,True,False,False,False,False,False,The tested two-step history-transport non-final source features do not reproduce the local correction.,derive a revised weak-row formula or nonlinear recurrent history source law for the coefficient-gradient closure,"This capacity audit advances the terminal output twice and stacks transported source-row/non-final velocity-row deltas from both future states. It tests a multi-step trajectory-history feature space, not a target-free formula and not an accepted nonlinear h-sweep."
cylindrical_smooth,0.01,universal_multi_step_history_capacity_value_full_nonfinal,paper_tfe_lower_pair_velocity_compression_multi_step_history_capacity_gap_not_full_tfe,,universal_multi_step_history_capacity_nonfinal_full_component_value_fit,all_case_h_multi_step_history_capacity_oracle_fit,active_plus_two_step_source_velocity_transport_delta_rows_perp,active non-final velocity plus two-step source/velocity transport deltas,"0,1",6,24,8,16,24,16,80,53,1.9892402237606045e+07,2,80,3.0453774435456293e-01,True,True,True,False,8,132,24,29,5,1.1599128009086855e+04,1.8390267947137043e-01,1.8388667986011836e-01,1.3094899197163007e-01,1.2909946758833579e-01,7.0205991911181975e-01,9.9263209411212672e-01,1.2909946758833579e-01,7.0199883960056009e-01,9.9262348046801974e-01,2.2150374847877363e-15,6.4630228833806393e-32,True,True,True,False,True,True,False,False,False,False,False,The tested two-step history-transport non-final source features do not reproduce the local correction.,derive a revised weak-row formula or nonlinear recurrent history source law for the coefficient-gradient closure,"This capacity audit advances the terminal output twice and stacks transported source-row/non-final velocity-row deltas from both future states. It tests a multi-step trajectory-history feature space, not a target-free formula and not an accepted nonlinear h-sweep."
cylindrical_sharp,0.04,case_local_multi_step_history_capacity_value_scalar_nonfinal,paper_tfe_lower_pair_velocity_compression_multi_step_history_capacity_gap_not_full_tfe,,case_local_multi_step_history_capacity_nonfinal_stage_scalar_value_fit,case_local_multi_step_history_capacity_oracle_fit,two_step_source_transport_delta_rows_perp,two-step transported source-row deltas residualized against local source rows,"0,1",1,24,8,16,24,16,32,32,2.3994456874369775e+05,2,32,6.9879327622525134e-01,True,False,False,False,8,132,24,30,6,9.7263939767919771e+02,3.7137778489504708e-01,3.6458407253839792e-01,2.3866238117492056e-01,2.7561170831550741e-01,7.5596201006965280e-01,9.9213021213275587e-01,2.7561170831550735e-01,7.4213299644025932e-01,9.9023108927406844e-01,2.2911324516378902e-13,1.1640035118717464e-17,True,True,True,False,True,True,False,False,False,False,False,The tested two-step history-transport non-final source features do not reproduce the local correction.,derive a revised weak-row formula or nonlinear recurrent history source law for the coefficient-gradient closure,"This capacity audit advances the terminal output twice and stacks transported source-row/non-final velocity-row deltas from both future states. It tests a multi-step trajectory-history feature space, not a target-free formula and not an accepted nonlinear h-sweep."
cylindrical_sharp,0.04,case_local_multi_step_history_capacity_value_scalar_nonfinal,paper_tfe_lower_pair_velocity_compression_multi_step_history_capacity_gap_not_full_tfe,,case_local_multi_step_history_capacity_nonfinal_stage_scalar_value_fit,case_local_multi_step_history_capacity_oracle_fit,active_plus_two_step_source_transport_delta_rows_perp,active non-final velocity plus two-step transported source-row deltas,"0,1",1,24,8,16,24,16,48,44,4.4229002926582631e+04,2,48,9.1557677078333100e-01,True,False,False,False,8,132,24,30,6,9.4883682544916451e+02,3.7137778489504708e-01,3.6458407253839792e-01,2.5501057299389995e-01,2.6055930919851117e-01,7.1467551334423451e-01,9.9213021194794604e-01,2.6055930919851111e-01,7.0160176455397372e-01,9.9023108908961233e-01,2.2146537007838188e-15,1.1640035118717464e-17,True,True,True,False,True,True,False,False,False,False,False,The tested two-step history-transport non-final source features do not reproduce the local correction.,derive a revised weak-row formula or nonlinear recurrent history source law for the coefficient-gradient closure,"This capacity audit advances the terminal output twice and stacks transported source-row/non-final velocity-row deltas from both future states. It tests a multi-step trajectory-history feature space, not a target-free formula and not an accepted nonlinear h-sweep."
cylindrical_sharp,0.04,case_local_multi_step_history_capacity_value_scalar_nonfinal,paper_tfe_lower_pair_velocity_compression_multi_step_history_capacity_gap_not_full_tfe,,case_local_multi_step_history_capacity_nonfinal_stage_scalar_value_fit,case_local_multi_step_history_capacity_oracle_fit,two_step_velocity_transport_delta_rows_perp,two-step transported non-final velocity-row deltas residualized against local source rows,"0,1",1,24,8,16,24,16,32,24,5.2672652594059051e+04,2,32,1.3696668586156943e-01,False,True,False,False,8,132,24,32,8,2.2471778192932159e+08,3.7137778489504708e-01,3.6458407253839792e-01,2.9910815395797180e-02,3.6335504547349051e-01,9.9662896117114941e-01,9.9993476651793078e-01,3.6335504547349046e-01,9.7839736314916126e-01,9.9951004792058151e-01,9.2872099286313459e-01,1.1640035118717464e-17,True,True,True,False,True,True,False,False,False,False,False,The tested two-step history-transport non-final source features do not reproduce the local correction.,derive a revised weak-row formula or nonlinear recurrent history source law for the coefficient-gradient closure,"This capacity audit advances the terminal output twice and stacks transported source-row/non-final velocity-row deltas from both future states. It tests a multi-step trajectory-history feature space, not a target-free formula and not an accepted nonlinear h-sweep."
cylindrical_sharp,0.04,case_local_multi_step_history_capacity_value_scalar_nonfinal,paper_tfe_lower_pair_velocity_compression_multi_step_history_capacity_gap_not_full_tfe,,case_local_multi_step_history_capacity_nonfinal_stage_scalar_value_fit,case_local_multi_step_history_capacity_oracle_fit,active_plus_two_step_velocity_transport_delta_rows_perp,active non-final velocity plus two-step transported velocity-row deltas,"0,1",1,24,8,16,24,16,48,32,3.4757347232014174e+04,2,48,6.0723031325545129e-01,False,True,False,False,8,132,24,32,8,2.2479757896957090e+08,3.7137778489504708e-01,3.6458407253839792e-01,2.9910815395797319e-02,3.6335504547349051e-01,9.9662896117114941e-01,9.9993476651793078e-01,3.6335504547349046e-01,9.7839736314916126e-01,9.9951004792058151e-01,9.2872099286313481e-01,1.1640035118717464e-17,True,True,True,False,True,True,False,False,False,False,False,The tested two-step history-transport non-final source features do not reproduce the local correction.,derive a revised weak-row formula or nonlinear recurrent history source law for the coefficient-gradient closure,"This capacity audit advances the terminal output twice and stacks transported source-row/non-final velocity-row deltas from both future states. It tests a multi-step trajectory-history feature space, not a target-free formula and not an accepted nonlinear h-sweep."
cylindrical_sharp,0.04,case_local_multi_step_history_capacity_value_scalar_nonfinal,paper_tfe_lower_pair_velocity_compression_multi_step_history_capacity_gap_not_full_tfe,,case_local_multi_step_history_capacity_nonfinal_stage_scalar_value_fit,case_local_multi_step_history_capacity_oracle_fit,two_step_source_velocity_transport_delta_rows_perp,two-step transported source-row and non-final velocity-row deltas,"0,1",1,24,8,16,24,16,64,45,1.0872808103501687e+06,2,64,7.1208982293915857e-01,True,True,True,False,8,132,24,29,5,8.6529533764629628e+02,3.7137778489504708e-01,3.6458407253839792e-01,2.5739799533505348e-01,2.5820111918072736e-01,7.0820734812416597e-01,9.9213015521046355e-01,2.5820111918072730e-01,6.9525192319647233e-01,9.9023103246073607e-01,8.5696435894168136e-15,1.1640035118717464e-17,True,True,True,False,True,True,False,False,False,False,False,The tested two-step history-transport non-final source features do not reproduce the local correction.,derive a revised weak-row formula or nonlinear recurrent history source law for the coefficient-gradient closure,"This capacity audit advances the terminal output twice and stacks transported source-row/non-final velocity-row deltas from both future states. It tests a multi-step trajectory-history feature space, not a target-free formula and not an accepted nonlinear h-sweep."
cylindrical_sharp,0.04,case_local_multi_step_history_capacity_value_scalar_nonfinal,paper_tfe_lower_pair_velocity_compression_multi_step_history_capacity_gap_not_full_tfe,,case_local_multi_step_history_capacity_nonfinal_stage_scalar_value_fit,case_local_multi_step_history_capacity_oracle_fit,active_plus_two_step_source_velocity_transport_delta_rows_perp,active non-final velocity plus two-step source/velocity transport deltas,"0,1",1,24,8,16,24,16,80,53,7.7811604222456994e+05,2,80,9.2576492493177442e-01,True,True,True,False,8,132,24,29,5,8.6529533764645817e+02,3.7137778489504708e-01,3.6458407253839792e-01,2.5739799533505325e-01,2.5820111918072730e-01,7.0820734812416586e-01,9.9213015521046355e-01,2.5820111918072730e-01,6.9525192319647233e-01,9.9023103246073607e-01,3.6675476930665988e-15,1.1640035118717464e-17,True,True,True,False,True,True,False,False,False,False,False,The tested two-step history-transport non-final source features do not reproduce the local correction.,derive a revised weak-row formula or nonlinear recurrent history source law for the coefficient-gradient closure,"This capacity audit advances the terminal output twice and stacks transported source-row/non-final velocity-row deltas from both future states. It tests a multi-step trajectory-history feature space, not a target-free formula and not an accepted nonlinear h-sweep."
cylindrical_sharp,0.04,universal_multi_step_history_capacity_value_scalar_nonfinal,paper_tfe_lower_pair_velocity_compression_multi_step_history_capacity_gap_not_full_tfe,,universal_multi_step_history_capacity_nonfinal_stage_scalar_value_fit,all_case_h_multi_step_history_capacity_oracle_fit,two_step_source_transport_delta_rows_perp,two-step transported source-row deltas residualized against local source rows,"0,1",6,24,8,16,24,16,32,32,2.3994456874369775e+05,2,32,6.9879327622525134e-01,True,False,False,False,8,132,24,30,6,9.7263939767951217e+02,3.7137778489504708e-01,3.6458407253007830e-01,2.3866238125469874e-01,2.7561170823542558e-01,7.5596200986725093e-01,9.9213021213509267e-01,2.7561170823542558e-01,7.4213299622462503e-01,9.9023108927406867e-01,2.4023903067440790e-13,1.1858915487241241e-17,True,True,True,False,True,True,False,False,False,False,False,The tested two-step history-transport non-final source features do not reproduce the local correction.,derive a revised weak-row formula or nonlinear recurrent history source law for the coefficient-gradient closure,"This capacity audit advances the terminal output twice and stacks transported source-row/non-final velocity-row deltas from both future states. It tests a multi-step trajectory-history feature space, not a target-free formula and not an accepted nonlinear h-sweep."
cylindrical_sharp,0.04,universal_multi_step_history_capacity_value_scalar_nonfinal,paper_tfe_lower_pair_velocity_compression_multi_step_history_capacity_gap_not_full_tfe,,universal_multi_step_history_capacity_nonfinal_stage_scalar_value_fit,all_case_h_multi_step_history_capacity_oracle_fit,active_plus_two_step_source_transport_delta_rows_perp,active non-final velocity plus two-step transported source-row deltas,"0,1",6,24,8,16,24,16,48,44,4.4229002926582631e+04,2,48,9.1557677078333100e-01,True,False,False,False,8,132,24,30,6,9.4883682544781402e+02,3.7137778489504708e-01,3.6458407253007830e-01,2.5501057298200769e-01,2.6055930919851117e-01,7.1467551336054302e-01,9.9213021195028261e-01,2.6055930919851111e-01,7.0160176455397372e-01,9.9023108908961233e-01,1.7680920925384121e-15,1.1858915487241241e-17,True,True,True,False,True,True,False,False,False,False,False,The tested two-step history-transport non-final source features do not reproduce the local correction.,derive a revised weak-row formula or nonlinear recurrent history source law for the coefficient-gradient closure,"This capacity audit advances the terminal output twice and stacks transported source-row/non-final velocity-row deltas from both future states. It tests a multi-step trajectory-history feature space, not a target-free formula and not an accepted nonlinear h-sweep."
cylindrical_sharp,0.04,universal_multi_step_history_capacity_value_scalar_nonfinal,paper_tfe_lower_pair_velocity_compression_multi_step_history_capacity_gap_not_full_tfe,,universal_multi_step_history_capacity_nonfinal_stage_scalar_value_fit,all_case_h_multi_step_history_capacity_oracle_fit,two_step_velocity_transport_delta_rows_perp,two-step transported non-final velocity-row deltas residualized against local source rows,"0,1",6,24,8,16,24,16,32,24,5.2672652594059051e+04,2,32,1.3696668586156943e-01,False,True,False,False,8,132,24,32,8,2.2479571535150498e+08,3.7137778489504708e-01,3.6458407253007830e-01,2.9910815294388139e-02,3.6335504547349051e-01,9.9662896119389199e-01,9.9993476651844382e-01,3.6335504547349051e-01,9.7839736314916137e-01,9.9951004792058151e-01,9.2872099286313459e-01,1.1858915487241241e-17,True,True,True,False,True,True,False,False,False,False,False,The tested two-step history-transport non-final source features do not reproduce the local correction.,derive a revised weak-row formula or nonlinear recurrent history source law for the coefficient-gradient closure,"This capacity audit advances the terminal output twice and stacks transported source-row/non-final velocity-row deltas from both future states. It tests a multi-step trajectory-history feature space, not a target-free formula and not an accepted nonlinear h-sweep."
cylindrical_sharp,0.04,universal_multi_step_history_capacity_value_scalar_nonfinal,paper_tfe_lower_pair_velocity_compression_multi_step_history_capacity_gap_not_full_tfe,,universal_multi_step_history_capacity_nonfinal_stage_scalar_value_fit,all_case_h_multi_step_history_capacity_oracle_fit,active_plus_two_step_velocity_transport_delta_rows_perp,active non-final velocity plus two-step transported velocity-row deltas,"0,1",6,24,8,16,24,16,48,32,3.4757347232014174e+04,2,48,6.0723031325545129e-01,False,True,False,False,8,132,24,32,8,2.2479757895527321e+08,3.7137778489504708e-01,3.6458407253007830e-01,2.9910815294388320e-02,3.6335504547349051e-01,9.9662896119389199e-01,9.9993476651844382e-01,3.6335504547349051e-01,9.7839736314916137e-01,9.9951004792058151e-01,9.2872099286313481e-01,1.1858915487241241e-17,True,True,True,False,True,True,False,False,False,False,False,The tested two-step history-transport non-final source features do not reproduce the local correction.,derive a revised weak-row formula or nonlinear recurrent history source law for the coefficient-gradient closure,"This capacity audit advances the terminal output twice and stacks transported source-row/non-final velocity-row deltas from both future states. It tests a multi-step trajectory-history feature space, not a target-free formula and not an accepted nonlinear h-sweep."
cylindrical_sharp,0.04,universal_multi_step_history_capacity_value_scalar_nonfinal,paper_tfe_lower_pair_velocity_compression_multi_step_history_capacity_gap_not_full_tfe,,universal_multi_step_history_capacity_nonfinal_stage_scalar_value_fit,all_case_h_multi_step_history_capacity_oracle_fit,two_step_source_velocity_transport_delta_rows_perp,two-step transported source-row and non-final velocity-row deltas,"0,1",6,24,8,16,24,16,64,45,1.0872808103501687e+06,2,64,7.1208982293915857e-01,True,True,True,False,8,132,24,29,5,8.6529533764636687e+02,3.7137778489504708e-01,3.6458407253007830e-01,2.5739799532326951e-01,2.5820111918072736e-01,7.0820734814032693e-01,9.9213015521280012e-01,2.5820111918072730e-01,6.9525192319647233e-01,9.9023103246073607e-01,5.2160656195019104e-15,1.1858915487241241e-17,True,True,True,False,True,True,False,False,False,False,False,The tested two-step history-transport non-final source features do not reproduce the local correction.,derive a revised weak-row formula or nonlinear recurrent history source law for the coefficient-gradient closure,"This capacity audit advances the terminal output twice and stacks transported source-row/non-final velocity-row deltas from both future states. It tests a multi-step trajectory-history feature space, not a target-free formula and not an accepted nonlinear h-sweep."
cylindrical_sharp,0.04,universal_multi_step_history_capacity_value_scalar_nonfinal,paper_tfe_lower_pair_velocity_compression_multi_step_history_capacity_gap_not_full_tfe,,universal_multi_step_history_capacity_nonfinal_stage_scalar_value_fit,all_case_h_multi_step_history_capacity_oracle_fit,active_plus_two_step_source_velocity_transport_delta_rows_perp,active non-final velocity plus two-step source/velocity transport deltas,"0,1",6,24,8,16,24,16,80,53,7.7811604222456994e+05,2,80,9.2576492493177442e-01,True,True,True,False,8,132,24,29,5,8.6529533764636153e+02,3.7137778489504708e-01,3.6458407253007830e-01,2.5739799532327012e-01,2.5820111918072730e-01,7.0820734814032671e-01,9.9213015521280012e-01,2.5820111918072730e-01,6.9525192319647233e-01,9.9023103246073607e-01,3.3521596175691505e-15,1.1858915487241241e-17,True,True,True,False,True,True,False,False,False,False,False,The tested two-step history-transport non-final source features do not reproduce the local correction.,derive a revised weak-row formula or nonlinear recurrent history source law for the coefficient-gradient closure,"This capacity audit advances the terminal output twice and stacks transported source-row/non-final velocity-row deltas from both future states. It tests a multi-step trajectory-history feature space, not a target-free formula and not an accepted nonlinear h-sweep."
cylindrical_sharp,0.04,case_local_multi_step_history_capacity_value_component_nonfinal,paper_tfe_lower_pair_velocity_compression_multi_step_history_capacity_gap_not_full_tfe,,case_local_multi_step_history_capacity_nonfinal_component_diagonal_value_fit,case_local_multi_step_history_capacity_oracle_fit,two_step_source_transport_delta_rows_perp,two-step transported source-row deltas residualized against local source rows,"0,1",1,24,8,16,24,16,32,32,2.3994456874369775e+05,2,32,6.9879327622525134e-01,True,False,False,False,8,132,24,30,6,9.7263979643323626e+02,3.7137778489504708e-01,3.6654316047024932e-01,2.4164452154070729e-01,2.7561170819991732e-01,7.5192156865327053e-01,9.9213021213516972e-01,2.7561170819991732e-01,7.4213299612901273e-01,9.9023108927406867e-01,1.7693291632887360e-13,4.6444969609303800e-33,True,True,True,False,True,True,False,False,False,False,False,The tested two-step history-transport non-final source features do not reproduce the local correction.,derive a revised weak-row formula or nonlinear recurrent history source law for the coefficient-gradient closure,"This capacity audit advances the terminal output twice and stacks transported source-row/non-final velocity-row deltas from both future states. It tests a multi-step trajectory-history feature space, not a target-free formula and not an accepted nonlinear h-sweep."
cylindrical_sharp,0.04,case_local_multi_step_history_capacity_value_component_nonfinal,paper_tfe_lower_pair_velocity_compression_multi_step_history_capacity_gap_not_full_tfe,,case_local_multi_step_history_capacity_nonfinal_component_diagonal_value_fit,case_local_multi_step_history_capacity_oracle_fit,active_plus_two_step_source_transport_delta_rows_perp,active non-final velocity plus two-step transported source-row deltas,"0,1",1,24,8,16,24,16,48,44,4.4229002926582631e+04,2,48,9.1557677078333100e-01,True,False,False,False,8,132,24,30,6,9.4883724282758226e+02,3.7137778489504708e-01,3.6654316047024932e-01,2.5780367506595725e-01,2.6055930919851111e-01,7.1085573896463294e-01,9.9213021195035955e-01,2.6055930919851117e-01,7.0160176455397383e-01,9.9023108908961233e-01,3.1359682769078915e-15,4.6444969609303800e-33,True,True,True,False,True,True,False,False,False,False,False,The tested two-step history-transport non-final source features do not reproduce the local correction.,derive a revised weak-row formula or nonlinear recurrent history source law for the coefficient-gradient closure,"This capacity audit advances the terminal output twice and stacks transported source-row/non-final velocity-row deltas from both future states. It tests a multi-step trajectory-history feature space, not a target-free formula and not an accepted nonlinear h-sweep."
cylindrical_sharp,0.04,case_local_multi_step_history_capacity_value_component_nonfinal,paper_tfe_lower_pair_velocity_compression_multi_step_history_capacity_gap_not_full_tfe,,case_local_multi_step_history_capacity_nonfinal_component_diagonal_value_fit,case_local_multi_step_history_capacity_oracle_fit,two_step_velocity_transport_delta_rows_perp,two-step transported non-final velocity-row deltas residualized against local source rows,"0,1",1,24,8,16,24,16,32,24,5.2672652594059051e+04,2,32,1.3696668586156943e-01,False,True,False,False,8,132,24,32,8,2.2479797722102824e+08,3.7137778489504708e-01,3.6654316047024932e-01,4.8238982332513752e-02,3.6335504547349051e-01,9.9130221119753348e-01,9.9993476651856383e-01,3.6335504547349051e-01,9.7839736314916137e-01,9.9951004792058151e-01,9.2872099286313481e-01,4.6444969609303800e-33,True,True,True,False,True,True,False,False,False,False,False,The tested two-step history-transport non-final source features do not reproduce the local correction.,derive a revised weak-row formula or nonlinear recurrent history source law for the coefficient-gradient closure,"This capacity audit advances the terminal output twice and stacks transported source-row/non-final velocity-row deltas from both future states. It tests a multi-step trajectory-history feature space, not a target-free formula and not an accepted nonlinear h-sweep."
cylindrical_sharp,0.04,case_local_multi_step_history_capacity_value_component_nonfinal,paper_tfe_lower_pair_velocity_compression_multi_step_history_capacity_gap_not_full_tfe,,case_local_multi_step_history_capacity_nonfinal_component_diagonal_value_fit,case_local_multi_step_history_capacity_oracle_fit,active_plus_two_step_velocity_transport_delta_rows_perp,active non-final velocity plus two-step transported velocity-row deltas,"0,1",1,24,8,16,24,16,48,32,3.4757347232014174e+04,2,48,6.0723031325545129e-01,False,True,False,False,8,132,24,32,8,2.2479819171828654e+08,3.7137778489504708e-01,3.6654316047024932e-01,4.8238982332513863e-02,3.6335504547349051e-01,9.9130221119753348e-01,9.9993476651856383e-01,3.6335504547349046e-01,9.7839736314916126e-01,9.9951004792058151e-01,9.2872099286313481e-01,4.6444969609303800e-33,True,True,True,False,True,True,False,False,False,False,False,The tested two-step history-transport non-final source features do not reproduce the local correction.,derive a revised weak-row formula or nonlinear recurrent history source law for the coefficient-gradient closure,"This capacity audit advances the terminal output twice and stacks transported source-row/non-final velocity-row deltas from both future states. It tests a multi-step trajectory-history feature space, not a target-free formula and not an accepted nonlinear h-sweep."
cylindrical_sharp,0.04,case_local_multi_step_history_capacity_value_component_nonfinal,paper_tfe_lower_pair_velocity_compression_multi_step_history_capacity_gap_not_full_tfe,,case_local_multi_step_history_capacity_nonfinal_component_diagonal_value_fit,case_local_multi_step_history_capacity_oracle_fit,two_step_source_velocity_transport_delta_rows_perp,two-step transported source-row and non-final velocity-row deltas,"0,1",1,24,8,16,24,16,64,45,1.0872808103501687e+06,2,64,7.1208982293915857e-01,True,True,True,False,8,132,24,29,5,8.6529584268136614e+02,3.7137778489504708e-01,3.6654316047024932e-01,2.6016546761885517e-01,2.5820111918072730e-01,7.0442214458311880e-01,9.9213015521287706e-01,2.5820111918072730e-01,6.9525192319647233e-01,9.9023103246073607e-01,6.9030878465538749e-15,4.6444969609303800e-33,True,True,True,False,True,True,False,False,False,False,False,The tested two-step history-transport non-final source features do not reproduce the local correction.,derive a revised weak-row formula or nonlinear recurrent history source law for the coefficient-gradient closure,"This capacity audit advances the terminal output twice and stacks transported source-row/non-final velocity-row deltas from both future states. It tests a multi-step trajectory-history feature space, not a target-free formula and not an accepted nonlinear h-sweep."
cylindrical_sharp,0.04,case_local_multi_step_history_capacity_value_component_nonfinal,paper_tfe_lower_pair_velocity_compression_multi_step_history_capacity_gap_not_full_tfe,,case_local_multi_step_history_capacity_nonfinal_component_diagonal_value_fit,case_local_multi_step_history_capacity_oracle_fit,active_plus_two_step_source_velocity_transport_delta_rows_perp,active non-final velocity plus two-step source/velocity transport deltas,"0,1",1,24,8,16,24,16,80,53,7.7811604222456994e+05,2,80,9.2576492493177442e-01,True,True,True,False,8,132,24,29,5,8.6529584268154974e+02,3.7137778489504708e-01,3.6654316047024932e-01,2.6016546761885861e-01,2.5820111918072730e-01,7.0442214458311880e-01,9.9213015521287706e-01,2.5820111918072730e-01,6.9525192319647233e-01,9.9023103246073607e-01,4.0029228583434381e-15,4.6444969609303800e-33,True,True,True,False,True,True,False,False,False,False,False,The tested two-step history-transport non-final source features do not reproduce the local correction.,derive a revised weak-row formula or nonlinear recurrent history source law for the coefficient-gradient closure,"This capacity audit advances the terminal output twice and stacks transported source-row/non-final velocity-row deltas from both future states. It tests a multi-step trajectory-history feature space, not a target-free formula and not an accepted nonlinear h-sweep."
cylindrical_sharp,0.04,universal_multi_step_history_capacity_value_component_nonfinal,paper_tfe_lower_pair_velocity_compression_multi_step_history_capacity_gap_not_full_tfe,,universal_multi_step_history_capacity_nonfinal_component_diagonal_value_fit,all_case_h_multi_step_history_capacity_oracle_fit,two_step_source_transport_delta_rows_perp,two-step transported source-row deltas residualized against local source rows,"0,1",6,24,8,16,24,16,32,32,2.3994456874369775e+05,2,32,6.9879327622525134e-01,True,False,False,False,8,132,24,30,6,9.7263949865116012e+02,3.7137778489504708e-01,3.6492988180991714e-01,2.3919031066824889e-01,2.7561170860510875e-01,7.5524565770875407e-01,9.9213021213425368e-01,2.7561170860510864e-01,7.4213299722006165e-01,9.9023108927406867e-01,2.8501031031790718e-13,4.0313416495214741e-19,True,True,True,False,True,True,False,False,False,False,False,The tested two-step history-transport non-final source features do not reproduce the local correction.,derive a revised weak-row formula or nonlinear recurrent history source law for the coefficient-gradient closure,"This capacity audit advances the terminal output twice and stacks transported source-row/non-final velocity-row deltas from both future states. It tests a multi-step trajectory-history feature space, not a target-free formula and not an accepted nonlinear h-sweep."
cylindrical_sharp,0.04,universal_multi_step_history_capacity_value_component_nonfinal,paper_tfe_lower_pair_velocity_compression_multi_step_history_capacity_gap_not_full_tfe,,universal_multi_step_history_capacity_nonfinal_component_diagonal_value_fit,all_case_h_multi_step_history_capacity_oracle_fit,active_plus_two_step_source_transport_delta_rows_perp,active non-final velocity plus two-step transported source-row deltas,"0,1",6,24,8,16,24,16,48,44,4.4229002926582631e+04,2,48,9.1557677078333100e-01,True,False,False,False,8,132,24,30,6,9.4883693588529513e+02,3.7137778489504708e-01,3.6492988180991714e-01,2.5550472603808089e-01,2.6055930919851111e-01,7.1399828346813743e-01,9.9213021194944362e-01,2.6055930919851111e-01,7.0160176455397372e-01,9.9023108908961233e-01,1.7913868446133145e-15,4.0313416495214741e-19,True,True,True,False,True,True,False,False,False,False,False,The tested two-step history-transport non-final source features do not reproduce the local correction.,derive a revised weak-row formula or nonlinear recurrent history source law for the coefficient-gradient closure,"This capacity audit advances the terminal output twice and stacks transported source-row/non-final velocity-row deltas from both future states. It tests a multi-step trajectory-history feature space, not a target-free formula and not an accepted nonlinear h-sweep."
cylindrical_sharp,0.04,universal_multi_step_history_capacity_value_component_nonfinal,paper_tfe_lower_pair_velocity_compression_multi_step_history_capacity_gap_not_full_tfe,,universal_multi_step_history_capacity_nonfinal_component_diagonal_value_fit,all_case_h_multi_step_history_capacity_oracle_fit,two_step_velocity_transport_delta_rows_perp,two-step transported non-final velocity-row deltas residualized against local source rows,"0,1",6,24,8,16,24,16,32,24,5.2672652594059051e+04,2,32,1.3696668586156943e-01,False,True,False,False,8,132,24,32,8,2.2472926799064434e+08,3.7137778489504708e-01,3.6492988180991714e-01,3.3866348589087832e-02,3.6335504547349068e-01,9.9568455088244390e-01,9.9993476651832225e-01,3.6335504547349062e-01,9.7839736314916170e-01,9.9951004792058151e-01,9.2872099286313481e-01,4.0313416495214741e-19,True,True,True,False,True,True,False,False,False,False,False,The tested two-step history-transport non-final source features do not reproduce the local correction.,derive a revised weak-row formula or nonlinear recurrent history source law for the coefficient-gradient closure,"This capacity audit advances the terminal output twice and stacks transported source-row/non-final velocity-row deltas from both future states. It tests a multi-step trajectory-history feature space, not a target-free formula and not an accepted nonlinear h-sweep."
cylindrical_sharp,0.04,universal_multi_step_history_capacity_value_component_nonfinal,paper_tfe_lower_pair_velocity_compression_multi_step_history_capacity_gap_not_full_tfe,,universal_multi_step_history_capacity_nonfinal_component_diagonal_value_fit,all_case_h_multi_step_history_capacity_oracle_fit,active_plus_two_step_velocity_transport_delta_rows_perp,active non-final velocity plus two-step transported velocity-row deltas,"0,1",6,24,8,16,24,16,48,32,3.4757347232014174e+04,2,48,6.0723031325545129e-01,False,True,False,False,8,132,24,32,8,2.2479764444965112e+08,3.7137778489504708e-01,3.6492988180991714e-01,3.3866348589090003e-02,3.6335504547349051e-01,9.9568455088244345e-01,9.9993476651832225e-01,3.6335504547349051e-01,9.7839736314916137e-01,9.9951004792058151e-01,9.2872099286313481e-01,4.0313416495214741e-19,True,True,True,False,True,True,False,False,False,False,False,The tested two-step history-transport non-final source features do not reproduce the local correction.,derive a revised weak-row formula or nonlinear recurrent history source law for the coefficient-gradient closure,"This capacity audit advances the terminal output twice and stacks transported source-row/non-final velocity-row deltas from both future states. It tests a multi-step trajectory-history feature space, not a target-free formula and not an accepted nonlinear h-sweep."
cylindrical_sharp,0.04,universal_multi_step_history_capacity_value_component_nonfinal,paper_tfe_lower_pair_velocity_compression_multi_step_history_capacity_gap_not_full_tfe,,universal_multi_step_history_capacity_nonfinal_component_diagonal_value_fit,all_case_h_multi_step_history_capacity_oracle_fit,two_step_source_velocity_transport_delta_rows_perp,two-step transported source-row and non-final velocity-row deltas,"0,1",6,24,8,16,24,16,64,45,1.0872808103501687e+06,2,64,7.1208982293915857e-01,True,True,True,False,8,132,24,29,5,8.6529543544471596e+02,3.7137778489504708e-01,3.6492988180991714e-01,2.5788757374410259e-01,2.5820111918072758e-01,7.0753624751183875e-01,9.9213015521196113e-01,2.5820111918072758e-01,6.9525192319647311e-01,9.9023103246073607e-01,8.1275268193762662e-15,4.0313416495214741e-19,True,True,True,False,True,True,False,False,False,False,False,The tested two-step history-transport non-final source features do not reproduce the local correction.,derive a revised weak-row formula or nonlinear recurrent history source law for the coefficient-gradient closure,"This capacity audit advances the terminal output twice and stacks transported source-row/non-final velocity-row deltas from both future states. It tests a multi-step trajectory-history feature space, not a target-free formula and not an accepted nonlinear h-sweep."
cylindrical_sharp,0.04,universal_multi_step_history_capacity_value_component_nonfinal,paper_tfe_lower_pair_velocity_compression_multi_step_history_capacity_gap_not_full_tfe,,universal_multi_step_history_capacity_nonfinal_component_diagonal_value_fit,all_case_h_multi_step_history_capacity_oracle_fit,active_plus_two_step_source_velocity_transport_delta_rows_perp,active non-final velocity plus two-step source/velocity transport deltas,"0,1",6,24,8,16,24,16,80,53,7.7811604222456994e+05,2,80,9.2576492493177442e-01,True,True,True,False,8,132,24,29,5,8.6529543544535136e+02,3.7137778489504708e-01,3.6492988180991714e-01,2.5788757374410443e-01,2.5820111918072730e-01,7.0753624751183797e-01,9.9213015521196113e-01,2.5820111918072730e-01,6.9525192319647233e-01,9.9023103246073607e-01,4.3122576712558295e-15,4.0313416495214741e-19,True,True,True,False,True,True,False,False,False,False,False,The tested two-step history-transport non-final source features do not reproduce the local correction.,derive a revised weak-row formula or nonlinear recurrent history source law for the coefficient-gradient closure,"This capacity audit advances the terminal output twice and stacks transported source-row/non-final velocity-row deltas from both future states. It tests a multi-step trajectory-history feature space, not a target-free formula and not an accepted nonlinear h-sweep."
cylindrical_sharp,0.04,case_local_multi_step_history_capacity_value_full_nonfinal,paper_tfe_lower_pair_velocity_compression_multi_step_history_capacity_gap_not_full_tfe,,case_local_multi_step_history_capacity_nonfinal_full_component_value_fit,case_local_multi_step_history_capacity_oracle_fit,two_step_source_transport_delta_rows_perp,two-step transported source-row deltas residualized against local source rows,"0,1",1,24,8,16,24,16,32,32,2.3994456874369775e+05,2,32,6.9879327622525134e-01,True,False,False,False,8,132,24,30,6,9.7263939767916509e+02,3.7137778489504708e-01,3.6458407252842701e-01,2.3866238126867595e-01,2.7561170822114073e-01,7.5596200983149364e-01,9.9213021213545727e-01,2.7561170822114067e-01,7.4213299618616035e-01,9.9023108927406867e-01,6.8102163661223277e-12,1.5997975634355494e-33,True,True,True,False,True,True,False,False,False,False,False,The tested two-step history-transport non-final source features do not reproduce the local correction.,derive a revised weak-row formula or nonlinear recurrent history source law for the coefficient-gradient closure,"This capacity audit advances the terminal output twice and stacks transported source-row/non-final velocity-row deltas from both future states. It tests a multi-step trajectory-history feature space, not a target-free formula and not an accepted nonlinear h-sweep."
cylindrical_sharp,0.04,case_local_multi_step_history_capacity_value_full_nonfinal,paper_tfe_lower_pair_velocity_compression_multi_step_history_capacity_gap_not_full_tfe,,case_local_multi_step_history_capacity_nonfinal_full_component_value_fit,case_local_multi_step_history_capacity_oracle_fit,active_plus_two_step_source_transport_delta_rows_perp,active non-final velocity plus two-step transported source-row deltas,"0,1",1,24,8,16,24,16,48,44,4.4229002926582631e+04,2,48,9.1557677078333100e-01,True,False,False,False,8,132,24,30,6,9.4883682544828650e+02,3.7137778489504708e-01,3.6458407252842701e-01,2.5501057297964852e-01,2.6055930919851111e-01,7.1467551336377988e-01,9.9213021195064710e-01,2.6055930919851111e-01,7.0160176455397372e-01,9.9023108908961233e-01,2.9131077939165758e-15,1.5997975634355494e-33,True,True,True,False,True,True,False,False,False,False,False,The tested two-step history-transport non-final source features do not reproduce the local correction.,derive a revised weak-row formula or nonlinear recurrent history source law for the coefficient-gradient closure,"This capacity audit advances the terminal output twice and stacks transported source-row/non-final velocity-row deltas from both future states. It tests a multi-step trajectory-history feature space, not a target-free formula and not an accepted nonlinear h-sweep."
cylindrical_sharp,0.04,case_local_multi_step_history_capacity_value_full_nonfinal,paper_tfe_lower_pair_velocity_compression_multi_step_history_capacity_gap_not_full_tfe,,case_local_multi_step_history_capacity_nonfinal_full_component_value_fit,case_local_multi_step_history_capacity_oracle_fit,two_step_velocity_transport_delta_rows_perp,two-step transported non-final velocity-row deltas residualized against local source rows,"0,1",1,24,8,16,24,16,32,24,5.2672652594059051e+04,2,32,1.3696668586156943e-01,False,True,False,False,8,132,24,32,8,2.2479757801274067e+08,3.7137778489504708e-01,3.6458407252842701e-01,2.9910815274261527e-02,3.6335504547349051e-01,9.9662896119840594e-01,9.9993476651855395e-01,3.6335504547349051e-01,9.7839736314916137e-01,9.9951004792058151e-01,9.2872099286313459e-01,1.5997975634355494e-33,True,True,True,False,True,True,False,False,False,False,False,The tested two-step history-transport non-final source features do not reproduce the local correction.,derive a revised weak-row formula or nonlinear recurrent history source law for the coefficient-gradient closure,"This capacity audit advances the terminal output twice and stacks transported source-row/non-final velocity-row deltas from both future states. It tests a multi-step trajectory-history feature space, not a target-free formula and not an accepted nonlinear h-sweep."
cylindrical_sharp,0.04,case_local_multi_step_history_capacity_value_full_nonfinal,paper_tfe_lower_pair_velocity_compression_multi_step_history_capacity_gap_not_full_tfe,,case_local_multi_step_history_capacity_nonfinal_full_component_value_fit,case_local_multi_step_history_capacity_oracle_fit,active_plus_two_step_velocity_transport_delta_rows_perp,active non-final velocity plus two-step transported velocity-row deltas,"0,1",1,24,8,16,24,16,48,32,3.4757347232014174e+04,2,48,6.0723031325545129e-01,False,True,False,False,8,132,24,32,8,2.2479757896074250e+08,3.7137778489504708e-01,3.6458407252842701e-01,2.9910815274261600e-02,3.6335504547349051e-01,9.9662896119840594e-01,9.9993476651855395e-01,3.6335504547349051e-01,9.7839736314916137e-01,9.9951004792058151e-01,9.2872099286313481e-01,1.5997975634355494e-33,True,True,True,False,True,True,False,False,False,False,False,The tested two-step history-transport non-final source features do not reproduce the local correction.,derive a revised weak-row formula or nonlinear recurrent history source law for the coefficient-gradient closure,"This capacity audit advances the terminal output twice and stacks transported source-row/non-final velocity-row deltas from both future states. It tests a multi-step trajectory-history feature space, not a target-free formula and not an accepted nonlinear h-sweep."
cylindrical_sharp,0.04,case_local_multi_step_history_capacity_value_full_nonfinal,paper_tfe_lower_pair_velocity_compression_multi_step_history_capacity_gap_not_full_tfe,,case_local_multi_step_history_capacity_nonfinal_full_component_value_fit,case_local_multi_step_history_capacity_oracle_fit,two_step_source_velocity_transport_delta_rows_perp,two-step transported source-row and non-final velocity-row deltas,"0,1",1,24,8,16,24,16,64,45,1.0872808103501687e+06,2,64,7.1208982293915857e-01,True,True,True,False,8,132,24,29,5,8.6529533764632549e+02,3.7137778489504708e-01,3.6458407252842701e-01,2.5739799532093044e-01,2.5820111918072736e-01,7.0820734814353459e-01,9.9213015521316472e-01,2.5820111918072730e-01,6.9525192319647233e-01,9.9023103246073607e-01,4.1439804574574090e-12,1.5997975634355494e-33,True,True,True,False,True,True,False,False,False,False,False,The tested two-step history-transport non-final source features do not reproduce the local correction.,derive a revised weak-row formula or nonlinear recurrent history source law for the coefficient-gradient closure,"This capacity audit advances the terminal output twice and stacks transported source-row/non-final velocity-row deltas from both future states. It tests a multi-step trajectory-history feature space, not a target-free formula and not an accepted nonlinear h-sweep."
cylindrical_sharp,0.04,case_local_multi_step_history_capacity_value_full_nonfinal,paper_tfe_lower_pair_velocity_compression_multi_step_history_capacity_gap_not_full_tfe,,case_local_multi_step_history_capacity_nonfinal_full_component_value_fit,case_local_multi_step_history_capacity_oracle_fit,active_plus_two_step_source_velocity_transport_delta_rows_perp,active non-final velocity plus two-step source/velocity transport deltas,"0,1",1,24,8,16,24,16,80,53,7.7811604222456994e+05,2,80,9.2576492493177442e-01,True,True,True,False,8,132,24,29,5,8.6529533764639689e+02,3.7137778489504708e-01,3.6458407252842701e-01,2.5739799532093066e-01,2.5820111918072730e-01,7.0820734814353437e-01,9.9213015521316472e-01,2.5820111918072730e-01,6.9525192319647233e-01,9.9023103246073607e-01,3.4742497033000411e-15,1.5997975634355494e-33,True,True,True,False,True,True,False,False,False,False,False,The tested two-step history-transport non-final source features do not reproduce the local correction.,derive a revised weak-row formula or nonlinear recurrent history source law for the coefficient-gradient closure,"This capacity audit advances the terminal output twice and stacks transported source-row/non-final velocity-row deltas from both future states. It tests a multi-step trajectory-history feature space, not a target-free formula and not an accepted nonlinear h-sweep."
cylindrical_sharp,0.04,universal_multi_step_history_capacity_value_full_nonfinal,paper_tfe_lower_pair_velocity_compression_multi_step_history_capacity_gap_not_full_tfe,,universal_multi_step_history_capacity_nonfinal_full_component_value_fit,all_case_h_multi_step_history_capacity_oracle_fit,two_step_source_transport_delta_rows_perp,two-step transported source-row deltas residualized against local source rows,"0,1",6,24,8,16,24,16,32,32,2.3994456874369775e+05,2,32,6.9879327622525134e-01,True,False,False,False,8,132,24,32,8,9.7263926623225939e+02,3.7137778489504708e-01,3.6458406683330119e-01,2.3866242909544866e-01,2.7561165927253961e-01,7.5596188738153924e-01,9.9213013875976408e-01,2.7561165899575280e-01,7.4213286363814623e-01,9.9023110360566846e-01,1.6552021069276458e-06,2.1732456171071242e-28,True,True,True,False,True,True,False,False,False,False,False,The tested two-step history-transport non-final source features do not reproduce the local correction.,derive a revised weak-row formula or nonlinear recurrent history source law for the coefficient-gradient closure,"This capacity audit advances the terminal output twice and stacks transported source-row/non-final velocity-row deltas from both future states. It tests a multi-step trajectory-history feature space, not a target-free formula and not an accepted nonlinear h-sweep."
cylindrical_sharp,0.04,universal_multi_step_history_capacity_value_full_nonfinal,paper_tfe_lower_pair_velocity_compression_multi_step_history_capacity_gap_not_full_tfe,,universal_multi_step_history_capacity_nonfinal_full_component_value_fit,all_case_h_multi_step_history_capacity_oracle_fit,active_plus_two_step_source_transport_delta_rows_perp,active non-final velocity plus two-step transported source-row deltas,"0,1",6,24,8,16,24,16,48,44,4.4229002926582631e+04,2,48,9.1557677078333100e-01,True,False,False,False,8,132,24,30,6,9.4883682544820215e+02,3.7137778489504708e-01,3.6458406683330119e-01,2.5501056483742696e-01,2.6055930919851111e-01,7.1467552452764394e-01,9.9213012421562907e-01,2.6055930919851111e-01,7.0160176455397372e-01,9.9023108908961233e-01,2.4140239331387219e-15,2.1732456171071242e-28,True,True,True,False,True,True,False,False,False,False,False,The tested two-step history-transport non-final source features do not reproduce the local correction.,derive a revised weak-row formula or nonlinear recurrent history source law for the coefficient-gradient closure,"This capacity audit advances the terminal output twice and stacks transported source-row/non-final velocity-row deltas from both future states. It tests a multi-step trajectory-history feature space, not a target-free formula and not an accepted nonlinear h-sweep."
cylindrical_sharp,0.04,universal_multi_step_history_capacity_value_full_nonfinal,paper_tfe_lower_pair_velocity_compression_multi_step_history_capacity_gap_not_full_tfe,,universal_multi_step_history_capacity_nonfinal_full_component_value_fit,all_case_h_multi_step_history_capacity_oracle_fit,two_step_velocity_transport_delta_rows_perp,two-step transported non-final velocity-row deltas residualized against local source rows,"0,1",6,24,8,16,24,16,32,24,5.2672652594059051e+04,2,32,1.3696668586156943e-01,False,True,False,False,8,132,24,32,8,1.6752422082272333e+06,3.7137778489504708e-01,3.6458406683330119e-01,2.9910731647508130e-02,3.6335504664311435e-01,9.9662897997473709e-01,9.9993477575429857e-01,3.6335504554989478e-01,9.7839736335489336e-01,9.9951004794051168e-01,9.2872099287844900e-01,2.1732456171071242e-28,True,True,True,False,True,True,False,False,False,False,False,The tested two-step history-transport non-final source features do not reproduce the local correction.,derive a revised weak-row formula or nonlinear recurrent history source law for the coefficient-gradient closure,"This capacity audit advances the terminal output twice and stacks transported source-row/non-final velocity-row deltas from both future states. It tests a multi-step trajectory-history feature space, not a target-free formula and not an accepted nonlinear h-sweep."
cylindrical_sharp,0.04,universal_multi_step_history_capacity_value_full_nonfinal,paper_tfe_lower_pair_velocity_compression_multi_step_history_capacity_gap_not_full_tfe,,universal_multi_step_history_capacity_nonfinal_full_component_value_fit,all_case_h_multi_step_history_capacity_oracle_fit,active_plus_two_step_velocity_transport_delta_rows_perp,active non-final velocity plus two-step transported velocity-row deltas,"0,1",6,24,8,16,24,16,48,32,3.4757347232014174e+04,2,48,6.0723031325545129e-01,False,True,False,False,8,132,24,32,8,2.2479757897203293e+08,3.7137778489504708e-01,3.6458406683330119e-01,2.9910745856074904e-02,3.6335504547349051e-01,9.9662897676663242e-01,9.9993477442344425e-01,3.6335504547349051e-01,9.7839736314916137e-01,9.9951004792058151e-01,9.2872099286313481e-01,2.1732456171071242e-28,True,True,True,False,True,True,False,False,False,False,False,The tested two-step history-transport non-final source features do not reproduce the local correction.,derive a revised weak-row formula or nonlinear recurrent history source law for the coefficient-gradient closure,"This capacity audit advances the terminal output twice and stacks transported source-row/non-final velocity-row deltas from both future states. It tests a multi-step trajectory-history feature space, not a target-free formula and not an accepted nonlinear h-sweep."
cylindrical_sharp,0.04,universal_multi_step_history_capacity_value_full_nonfinal,paper_tfe_lower_pair_velocity_compression_multi_step_history_capacity_gap_not_full_tfe,,universal_multi_step_history_capacity_nonfinal_full_component_value_fit,all_case_h_multi_step_history_capacity_oracle_fit,two_step_source_velocity_transport_delta_rows_perp,two-step transported source-row and non-final velocity-row deltas,"0,1",6,24,8,16,24,16,64,45,1.0872808103501687e+06,2,64,7.1208982293915857e-01,True,True,True,False,8,132,24,32,8,8.6529517183989844e+02,3.7137778489504708e-01,3.6458406683330119e-01,2.5739798560313820e-01,2.5820112082668739e-01,7.0820736372098436e-01,9.9213008045911988e-01,2.5820112082666624e-01,6.9525192762845245e-01,9.9023104541669038e-01,1.5438572292089293e-06,2.1732456171071242e-28,True,True,True,False,True,True,False,False,False,False,False,The tested two-step history-transport non-final source features do not reproduce the local correction.,derive a revised weak-row formula or nonlinear recurrent history source law for the coefficient-gradient closure,"This capacity audit advances the terminal output twice and stacks transported source-row/non-final velocity-row deltas from both future states. It tests a multi-step trajectory-history feature space, not a target-free formula and not an accepted nonlinear h-sweep."
cylindrical_sharp,0.04,universal_multi_step_history_capacity_value_full_nonfinal,paper_tfe_lower_pair_velocity_compression_multi_step_history_capacity_gap_not_full_tfe,,universal_multi_step_history_capacity_nonfinal_full_component_value_fit,all_case_h_multi_step_history_capacity_oracle_fit,active_plus_two_step_source_velocity_transport_delta_rows_perp,active non-final velocity plus two-step source/velocity transport deltas,"0,1",6,24,8,16,24,16,80,53,7.7811604222456994e+05,2,80,9.2576492493177442e-01,True,True,True,False,8,132,24,29,5,8.6529533764749385e+02,3.7137778489504708e-01,3.6458406683330119e-01,2.5739798725423252e-01,2.5820111918072730e-01,7.0820735920636002e-01,9.9213006747815169e-01,2.5820111918072730e-01,6.9525192319647233e-01,9.9023103246073607e-01,3.1088298429489874e-15,2.1732456171071242e-28,True,True,True,False,True,True,False,False,False,False,False,The tested two-step history-transport non-final source features do not reproduce the local correction.,derive a revised weak-row formula or nonlinear recurrent history source law for the coefficient-gradient closure,"This capacity audit advances the terminal output twice and stacks transported source-row/non-final velocity-row deltas from both future states. It tests a multi-step trajectory-history feature space, not a target-free formula and not an accepted nonlinear h-sweep."
cylindrical_sharp,0.02,case_local_multi_step_history_capacity_value_scalar_nonfinal,paper_tfe_lower_pair_velocity_compression_multi_step_history_capacity_gap_not_full_tfe,,case_local_multi_step_history_capacity_nonfinal_stage_scalar_value_fit,case_local_multi_step_history_capacity_oracle_fit,two_step_source_transport_delta_rows_perp,two-step transported source-row deltas residualized against local source rows,"0,1",1,24,8,16,24,16,32,32,2.1265592815448358e+06,2,32,2.0232390507443973e-01,True,False,False,False,8,132,24,30,6,2.5834047038128847e+03,2.6043562229773637e-01,2.5970145206752637e-01,1.7257759342718723e-01,1.9406653099613730e-01,7.4726779327239579e-01,9.9256383268476489e-01,1.9406653099613447e-01,7.4516123901926468e-01,9.9228289053796670e-01,1.3584518220482847e-12,3.1541822023455162e-18,True,True,True,False,True,True,False,False,False,False,False,The tested two-step history-transport non-final source features do not reproduce the local correction.,derive a revised weak-row formula or nonlinear recurrent history source law for the coefficient-gradient closure,"This capacity audit advances the terminal output twice and stacks transported source-row/non-final velocity-row deltas from both future states. It tests a multi-step trajectory-history feature space, not a target-free formula and not an accepted nonlinear h-sweep."
cylindrical_sharp,0.02,case_local_multi_step_history_capacity_value_scalar_nonfinal,paper_tfe_lower_pair_velocity_compression_multi_step_history_capacity_gap_not_full_tfe,,case_local_multi_step_history_capacity_nonfinal_stage_scalar_value_fit,case_local_multi_step_history_capacity_oracle_fit,active_plus_two_step_source_transport_delta_rows_perp,active non-final velocity plus two-step transported source-row deltas,"0,1",1,24,8,16,24,16,48,44,1.9324422450371084e+05,2,48,4.6549512567040119e-01,True,False,False,False,8,132,24,30,6,2.1416896585931649e+03,2.6043562229773637e-01,2.5970145206752637e-01,1.8460436758736071e-01,1.8266382146898752e-01,7.0336080146942004e-01,9.9256383265805703e-01,1.8266382146898752e-01,7.0137802139893812e-01,9.9228289051126628e-01,2.6494593611961636e-15,3.1541822023455162e-18,True,True,True,False,True,True,False,False,False,False,False,The tested two-step history-transport non-final source features do not reproduce the local correction.,derive a revised weak-row formula or nonlinear recurrent history source law for the coefficient-gradient closure,"This capacity audit advances the terminal output twice and stacks transported source-row/non-final velocity-row deltas from both future states. It tests a multi-step trajectory-history feature space, not a target-free formula and not an accepted nonlinear h-sweep."
cylindrical_sharp,0.02,case_local_multi_step_history_capacity_value_scalar_nonfinal,paper_tfe_lower_pair_velocity_compression_multi_step_history_capacity_gap_not_full_tfe,,case_local_multi_step_history_capacity_nonfinal_stage_scalar_value_fit,case_local_multi_step_history_capacity_oracle_fit,two_step_velocity_transport_delta_rows_perp,two-step transported non-final velocity-row deltas residualized against local source rows,"0,1",1,24,8,16,24,16,32,24,2.2184731424556926e+05,2,32,4.7803865377208883e-02,False,True,False,False,8,132,24,32,8,7.0111102960737675e+07,2.6043562229773637e-01,2.5970145206752637e-01,8.0072599608073010e-03,2.5957798056441878e-01,9.9952456367831366e-01,9.9999101962555093e-01,2.5957798056441028e-01,9.9670689544786772e-01,9.9992678378151556e-01,9.8883437023761345e-01,3.1541822023455162e-18,True,True,True,False,True,True,False,False,False,False,False,The tested two-step history-transport non-final source features do not reproduce the local correction.,derive a revised weak-row formula or nonlinear recurrent history source law for the coefficient-gradient closure,"This capacity audit advances the terminal output twice and stacks transported source-row/non-final velocity-row deltas from both future states. It tests a multi-step trajectory-history feature space, not a target-free formula and not an accepted nonlinear h-sweep."
cylindrical_sharp,0.02,case_local_multi_step_history_capacity_value_scalar_nonfinal,paper_tfe_lower_pair_velocity_compression_multi_step_history_capacity_gap_not_full_tfe,,case_local_multi_step_history_capacity_nonfinal_stage_scalar_value_fit,case_local_multi_step_history_capacity_oracle_fit,active_plus_two_step_velocity_transport_delta_rows_perp,active non-final velocity plus two-step transported velocity-row deltas,"0,1",1,24,8,16,24,16,48,32,4.4496765617067307e+04,2,48,4.2194307554850813e-01,False,True,False,False,8,132,24,32,8,4.2158978633009725e+09,2.6043562229773637e-01,2.5970145206752637e-01,8.0072599614476377e-03,2.5957798056439901e-01,9.9952456367823750e-01,9.9999101962540315e-01,2.5957798056439901e-01,9.9670689544782443e-01,9.9992678378147082e-01,9.8883437023761345e-01,3.1541822023455162e-18,True,True,True,False,True,True,False,False,False,False,False,The tested two-step history-transport non-final source features do not reproduce the local correction.,derive a revised weak-row formula or nonlinear recurrent history source law for the coefficient-gradient closure,"This capacity audit advances the terminal output twice and stacks transported source-row/non-final velocity-row deltas from both future states. It tests a multi-step trajectory-history feature space, not a target-free formula and not an accepted nonlinear h-sweep."
cylindrical_sharp,0.02,case_local_multi_step_history_capacity_value_scalar_nonfinal,paper_tfe_lower_pair_velocity_compression_multi_step_history_capacity_gap_not_full_tfe,,case_local_multi_step_history_capacity_nonfinal_stage_scalar_value_fit,case_local_multi_step_history_capacity_oracle_fit,two_step_source_velocity_transport_delta_rows_perp,two-step transported source-row and non-final velocity-row deltas,"0,1",1,24,8,16,24,16,64,45,4.1801494975305274e+06,2,64,2.0789461779847310e-01,True,True,True,False,8,132,24,29,5,2.0617579498365585e+03,2.6043562229773637e-01,2.5970145206752637e-01,1.8469290789652082e-01,1.8257429714697085e-01,7.0301608132517768e-01,9.9256381751308731e-01,1.8257429714697085e-01,7.0103427302370891e-01,9.9228287537058335e-01,1.3645685533059994e-14,3.1541822023455162e-18,True,True,True,False,True,True,False,False,False,False,False,The tested two-step history-transport non-final source features do not reproduce the local correction.,derive a revised weak-row formula or nonlinear recurrent history source law for the coefficient-gradient closure,"This capacity audit advances the terminal output twice and stacks transported source-row/non-final velocity-row deltas from both future states. It tests a multi-step trajectory-history feature space, not a target-free formula and not an accepted nonlinear h-sweep."
cylindrical_sharp,0.02,case_local_multi_step_history_capacity_value_scalar_nonfinal,paper_tfe_lower_pair_velocity_compression_multi_step_history_capacity_gap_not_full_tfe,,case_local_multi_step_history_capacity_nonfinal_stage_scalar_value_fit,case_local_multi_step_history_capacity_oracle_fit,active_plus_two_step_source_velocity_transport_delta_rows_perp,active non-final velocity plus two-step source/velocity transport deltas,"0,1",1,24,8,16,24,16,80,53,1.2116534856835864e+06,2,80,4.6794328883733860e-01,True,True,True,False,8,132,24,29,5,2.0617579521786715e+03,2.6043562229773637e-01,2.5970145206752637e-01,1.8469290789654474e-01,1.8257429714694276e-01,7.0301608132506954e-01,9.9256381751293465e-01,1.8257429714694276e-01,7.0103427302360111e-01,9.9228287537043081e-01,3.0028271268726616e-15,3.1541822023455162e-18,True,True,True,False,True,True,False,False,False,False,False,The tested two-step history-transport non-final source features do not reproduce the local correction.,derive a revised weak-row formula or nonlinear recurrent history source law for the coefficient-gradient closure,"This capacity audit advances the terminal output twice and stacks transported source-row/non-final velocity-row deltas from both future states. It tests a multi-step trajectory-history feature space, not a target-free formula and not an accepted nonlinear h-sweep."
cylindrical_sharp,0.02,universal_multi_step_history_capacity_value_scalar_nonfinal,paper_tfe_lower_pair_velocity_compression_multi_step_history_capacity_gap_not_full_tfe,,universal_multi_step_history_capacity_nonfinal_stage_scalar_value_fit,all_case_h_multi_step_history_capacity_oracle_fit,two_step_source_transport_delta_rows_perp,two-step transported source-row deltas residualized against local source rows,"0,1",6,24,8,16,24,16,32,32,2.1265592815448358e+06,2,32,2.0232390507443973e-01,True,False,False,False,8,132,24,30,6,2.5834047088865100e+03,2.6043562229773637e-01,2.5970145217160140e-01,1.7257757756798678e-01,1.9406654523852374e-01,7.4726784781431077e-01,9.9256383264449666e-01,1.9406654523852374e-01,7.4516129370605888e-01,9.9228289053780183e-01,1.2453109873763931e-12,3.3521064770341994e-18,True,True,True,False,True,True,False,False,False,False,False,The tested two-step history-transport non-final source features do not reproduce the local correction.,derive a revised weak-row formula or nonlinear recurrent history source law for the coefficient-gradient closure,"This capacity audit advances the terminal output twice and stacks transported source-row/non-final velocity-row deltas from both future states. It tests a multi-step trajectory-history feature space, not a target-free formula and not an accepted nonlinear h-sweep."
cylindrical_sharp,0.02,universal_multi_step_history_capacity_value_scalar_nonfinal,paper_tfe_lower_pair_velocity_compression_multi_step_history_capacity_gap_not_full_tfe,,universal_multi_step_history_capacity_nonfinal_stage_scalar_value_fit,all_case_h_multi_step_history_capacity_oracle_fit,active_plus_two_step_source_transport_delta_rows_perp,active non-final velocity plus two-step transported source-row deltas,"0,1",6,24,8,16,24,16,48,44,1.9324422450371084e+05,2,48,4.6549512567040119e-01,True,False,False,False,8,132,24,30,6,2.1416896585977775e+03,2.6043562229773637e-01,2.5970145217160140e-01,1.8460436773377242e-01,1.8266382146898752e-01,7.0336080118754907e-01,9.9256383261795356e-01,1.8266382146898752e-01,7.0137802139893812e-01,9.9228289051126628e-01,2.5498702528066079e-15,3.3521064770341994e-18,True,True,True,False,True,True,False,False,False,False,False,The tested two-step history-transport non-final source features do not reproduce the local correction.,derive a revised weak-row formula or nonlinear recurrent history source law for the coefficient-gradient closure,"This capacity audit advances the terminal output twice and stacks transported source-row/non-final velocity-row deltas from both future states. It tests a multi-step trajectory-history feature space, not a target-free formula and not an accepted nonlinear h-sweep."
cylindrical_sharp,0.02,universal_multi_step_history_capacity_value_scalar_nonfinal,paper_tfe_lower_pair_velocity_compression_multi_step_history_capacity_gap_not_full_tfe,,universal_multi_step_history_capacity_nonfinal_stage_scalar_value_fit,all_case_h_multi_step_history_capacity_oracle_fit,two_step_velocity_transport_delta_rows_perp,two-step transported non-final velocity-row deltas residualized against local source rows,"0,1",6,24,8,16,24,16,32,24,2.2184731424556926e+05,2,32,4.7803865377208883e-02,False,True,False,False,8,132,24,32,8,4.2059033932014599e+09,2.6043562229773637e-01,2.5970145217160140e-01,8.0072633369368661e-03,2.5957798056439901e-01,9.9952456327767936e-01,9.9999101961638537e-01,2.5957798056439901e-01,9.9670689544782443e-01,9.9992678378147082e-01,9.8883437023761345e-01,3.3521064770341994e-18,True,True,True,False,True,True,False,False,False,False,False,The tested two-step history-transport non-final source features do not reproduce the local correction.,derive a revised weak-row formula or nonlinear recurrent history source law for the coefficient-gradient closure,"This capacity audit advances the terminal output twice and stacks transported source-row/non-final velocity-row deltas from both future states. It tests a multi-step trajectory-history feature space, not a target-free formula and not an accepted nonlinear h-sweep."
cylindrical_sharp,0.02,universal_multi_step_history_capacity_value_scalar_nonfinal,paper_tfe_lower_pair_velocity_compression_multi_step_history_capacity_gap_not_full_tfe,,universal_multi_step_history_capacity_nonfinal_stage_scalar_value_fit,all_case_h_multi_step_history_capacity_oracle_fit,active_plus_two_step_velocity_transport_delta_rows_perp,active non-final velocity plus two-step transported velocity-row deltas,"0,1",6,24,8,16,24,16,48,32,4.4496765617067307e+04,2,48,4.2194307554850813e-01,False,True,False,False,8,132,24,32,8,4.2158978633684435e+09,2.6043562229773637e-01,2.5970145217160140e-01,8.0072633369368835e-03,2.5957798056439901e-01,9.9952456327767936e-01,9.9999101961638537e-01,2.5957798056439901e-01,9.9670689544782443e-01,9.9992678378147082e-01,9.8883437023761345e-01,3.3521064770341994e-18,True,True,True,False,True,True,False,False,False,False,False,The tested two-step history-transport non-final source features do not reproduce the local correction.,derive a revised weak-row formula or nonlinear recurrent history source law for the coefficient-gradient closure,"This capacity audit advances the terminal output twice and stacks transported source-row/non-final velocity-row deltas from both future states. It tests a multi-step trajectory-history feature space, not a target-free formula and not an accepted nonlinear h-sweep."
cylindrical_sharp,0.02,universal_multi_step_history_capacity_value_scalar_nonfinal,paper_tfe_lower_pair_velocity_compression_multi_step_history_capacity_gap_not_full_tfe,,universal_multi_step_history_capacity_nonfinal_stage_scalar_value_fit,all_case_h_multi_step_history_capacity_oracle_fit,two_step_source_velocity_transport_delta_rows_perp,two-step transported source-row and non-final velocity-row deltas,"0,1",6,24,8,16,24,16,64,45,4.1801494975305274e+06,2,64,2.0789461779847310e-01,True,True,True,False,8,132,24,29,5,2.0617579521784915e+03,2.6043562229773637e-01,2.5970145217160140e-01,1.8469290804289085e-01,1.8257429714694276e-01,7.0301608104333668e-01,9.9256381747283129e-01,1.8257429714694276e-01,7.0103427302360111e-01,9.9228287537043081e-01,1.2362641067001902e-14,3.3521064770341994e-18,True,True,True,False,True,True,False,False,False,False,False,The tested two-step history-transport non-final source features do not reproduce the local correction.,derive a revised weak-row formula or nonlinear recurrent history source law for the coefficient-gradient closure,"This capacity audit advances the terminal output twice and stacks transported source-row/non-final velocity-row deltas from both future states. It tests a multi-step trajectory-history feature space, not a target-free formula and not an accepted nonlinear h-sweep."
cylindrical_sharp,0.02,universal_multi_step_history_capacity_value_scalar_nonfinal,paper_tfe_lower_pair_velocity_compression_multi_step_history_capacity_gap_not_full_tfe,,universal_multi_step_history_capacity_nonfinal_stage_scalar_value_fit,all_case_h_multi_step_history_capacity_oracle_fit,active_plus_two_step_source_velocity_transport_delta_rows_perp,active non-final velocity plus two-step source/velocity transport deltas,"0,1",6,24,8,16,24,16,80,53,1.2116534856835864e+06,2,80,4.6794328883733860e-01,True,True,True,False,8,132,24,29,5,2.0617579521788607e+03,2.6043562229773637e-01,2.5970145217160140e-01,1.8469290804288779e-01,1.8257429714694276e-01,7.0301608104333668e-01,9.9256381747283129e-01,1.8257429714694276e-01,7.0103427302360111e-01,9.9228287537043081e-01,3.0102939809988749e-15,3.3521064770341994e-18,True,True,True,False,True,True,False,False,False,False,False,The tested two-step history-transport non-final source features do not reproduce the local correction.,derive a revised weak-row formula or nonlinear recurrent history source law for the coefficient-gradient closure,"This capacity audit advances the terminal output twice and stacks transported source-row/non-final velocity-row deltas from both future states. It tests a multi-step trajectory-history feature space, not a target-free formula and not an accepted nonlinear h-sweep."
cylindrical_sharp,0.02,case_local_multi_step_history_capacity_value_component_nonfinal,paper_tfe_lower_pair_velocity_compression_multi_step_history_capacity_gap_not_full_tfe,,case_local_multi_step_history_capacity_nonfinal_component_diagonal_value_fit,case_local_multi_step_history_capacity_oracle_fit,two_step_source_transport_delta_rows_perp,two-step transported source-row deltas residualized against local source rows,"0,1",1,24,8,16,24,16,32,32,2.1265592815448358e+06,2,32,2.0232390507443973e-01,True,False,False,False,8,132,24,30,6,2.5834047729858398e+03,2.6043562229773637e-01,2.5992975651812394e-01,1.7292094820340256e-01,1.9406654527768552e-01,7.4661149949622629e-01,9.9256383264648207e-01,1.9406654527768524e-01,7.4516129385642804e-01,9.9228289053780172e-01,1.0503677922578502e-12,5.7878120260073902e-34,True,True,True,False,True,True,False,False,False,False,False,The tested two-step history-transport non-final source features do not reproduce the local correction.,derive a revised weak-row formula or nonlinear recurrent history source law for the coefficient-gradient closure,"This capacity audit advances the terminal output twice and stacks transported source-row/non-final velocity-row deltas from both future states. It tests a multi-step trajectory-history feature space, not a target-free formula and not an accepted nonlinear h-sweep."
cylindrical_sharp,0.02,case_local_multi_step_history_capacity_value_component_nonfinal,paper_tfe_lower_pair_velocity_compression_multi_step_history_capacity_gap_not_full_tfe,,case_local_multi_step_history_capacity_nonfinal_component_diagonal_value_fit,case_local_multi_step_history_capacity_oracle_fit,active_plus_two_step_source_transport_delta_rows_perp,active non-final velocity plus two-step transported source-row deltas,"0,1",1,24,8,16,24,16,48,44,1.9324422450371084e+05,2,48,4.6549512567040119e-01,True,False,False,False,8,132,24,30,6,2.1416897042783030e+03,2.6043562229773637e-01,2.5992975651812394e-01,1.8492540834055093e-01,1.8266382146898752e-01,7.0274301763619373e-01,9.9256383261993919e-01,1.8266382146898752e-01,7.0137802139893812e-01,9.9228289051126628e-01,2.2709175333108763e-15,5.7878120260073902e-34,True,True,True,False,True,True,False,False,False,False,False,The tested two-step history-transport non-final source features do not reproduce the local correction.,derive a revised weak-row formula or nonlinear recurrent history source law for the coefficient-gradient closure,"This capacity audit advances the terminal output twice and stacks transported source-row/non-final velocity-row deltas from both future states. It tests a multi-step trajectory-history feature space, not a target-free formula and not an accepted nonlinear h-sweep."
cylindrical_sharp,0.02,case_local_multi_step_history_capacity_value_component_nonfinal,paper_tfe_lower_pair_velocity_compression_multi_step_history_capacity_gap_not_full_tfe,,case_local_multi_step_history_capacity_nonfinal_component_diagonal_value_fit,case_local_multi_step_history_capacity_oracle_fit,two_step_velocity_transport_delta_rows_perp,two-step transported non-final velocity-row deltas residualized against local source rows,"0,1",1,24,8,16,24,16,32,24,2.2184731424556926e+05,2,32,4.7803865377208883e-02,False,True,False,False,8,132,24,32,8,6.8194151258548284e+08,2.6043562229773637e-01,2.5992975651812394e-01,1.3518518028226793e-02,2.5957798056439946e-01,9.9864664993174812e-01,9.9999101961644654e-01,2.5957798056439935e-01,9.9670689544782565e-01,9.9992678378147082e-01,9.8883437023761345e-01,5.7878120260073902e-34,True,True,True,False,True,True,False,False,False,False,False,The tested two-step history-transport non-final source features do not reproduce the local correction.,derive a revised weak-row formula or nonlinear recurrent history source law for the coefficient-gradient closure,"This capacity audit advances the terminal output twice and stacks transported source-row/non-final velocity-row deltas from both future states. It tests a multi-step trajectory-history feature space, not a target-free formula and not an accepted nonlinear h-sweep."
cylindrical_sharp,0.02,case_local_multi_step_history_capacity_value_component_nonfinal,paper_tfe_lower_pair_velocity_compression_multi_step_history_capacity_gap_not_full_tfe,,case_local_multi_step_history_capacity_nonfinal_component_diagonal_value_fit,case_local_multi_step_history_capacity_oracle_fit,active_plus_two_step_velocity_transport_delta_rows_perp,active non-final velocity plus two-step transported velocity-row deltas,"0,1",1,24,8,16,24,16,48,32,4.4496765617067307e+04,2,48,4.2194307554850813e-01,False,True,False,False,8,132,24,32,8,4.2158980992244654e+09,2.6043562229773637e-01,2.5992975651812394e-01,1.3518518028234904e-02,2.5957798056439901e-01,9.9864664993174646e-01,9.9999101961644654e-01,2.5957798056439901e-01,9.9670689544782443e-01,9.9992678378147082e-01,9.8883437023761345e-01,5.7878120260073902e-34,True,True,True,False,True,True,False,False,False,False,False,The tested two-step history-transport non-final source features do not reproduce the local correction.,derive a revised weak-row formula or nonlinear recurrent history source law for the coefficient-gradient closure,"This capacity audit advances the terminal output twice and stacks transported source-row/non-final velocity-row deltas from both future states. It tests a multi-step trajectory-history feature space, not a target-free formula and not an accepted nonlinear h-sweep."
cylindrical_sharp,0.02,case_local_multi_step_history_capacity_value_component_nonfinal,paper_tfe_lower_pair_velocity_compression_multi_step_history_capacity_gap_not_full_tfe,,case_local_multi_step_history_capacity_nonfinal_component_diagonal_value_fit,case_local_multi_step_history_capacity_oracle_fit,two_step_source_velocity_transport_delta_rows_perp,two-step transported source-row and non-final velocity-row deltas,"0,1",1,24,8,16,24,16,64,45,4.1801494975305274e+06,2,64,2.0789461779847310e-01,True,True,True,False,8,132,24,29,5,2.0617579966318335e+03,2.6043562229773637e-01,2.5992975651812394e-01,1.8501379501235304e-01,1.8257429714694334e-01,7.0239860027035073e-01,9.9256381747481692e-01,1.8257429714694334e-01,7.0103427302360333e-01,9.9228287537043081e-01,1.0444461807615710e-14,5.7878120260073902e-34,True,True,True,False,True,True,False,False,False,False,False,The tested two-step history-transport non-final source features do not reproduce the local correction.,derive a revised weak-row formula or nonlinear recurrent history source law for the coefficient-gradient closure,"This capacity audit advances the terminal output twice and stacks transported source-row/non-final velocity-row deltas from both future states. It tests a multi-step trajectory-history feature space, not a target-free formula and not an accepted nonlinear h-sweep."
cylindrical_sharp,0.02,case_local_multi_step_history_capacity_value_component_nonfinal,paper_tfe_lower_pair_velocity_compression_multi_step_history_capacity_gap_not_full_tfe,,case_local_multi_step_history_capacity_nonfinal_component_diagonal_value_fit,case_local_multi_step_history_capacity_oracle_fit,active_plus_two_step_source_velocity_transport_delta_rows_perp,active non-final velocity plus two-step source/velocity transport deltas,"0,1",1,24,8,16,24,16,80,53,1.2116534856835864e+06,2,80,4.6794328883733860e-01,True,True,True,False,8,132,24,29,5,2.0617579966758408e+03,2.6043562229773637e-01,2.5992975651812394e-01,1.8501379501234830e-01,1.8257429714694276e-01,7.0239860027034851e-01,9.9256381747481692e-01,1.8257429714694276e-01,7.0103427302360111e-01,9.9228287537043081e-01,2.2422301163417949e-15,5.7878120260073902e-34,True,True,True,False,True,True,False,False,False,False,False,The tested two-step history-transport non-final source features do not reproduce the local correction.,derive a revised weak-row formula or nonlinear recurrent history source law for the coefficient-gradient closure,"This capacity audit advances the terminal output twice and stacks transported source-row/non-final velocity-row deltas from both future states. It tests a multi-step trajectory-history feature space, not a target-free formula and not an accepted nonlinear h-sweep."
cylindrical_sharp,0.02,universal_multi_step_history_capacity_value_component_nonfinal,paper_tfe_lower_pair_velocity_compression_multi_step_history_capacity_gap_not_full_tfe,,universal_multi_step_history_capacity_nonfinal_component_diagonal_value_fit,all_case_h_multi_step_history_capacity_oracle_fit,two_step_source_transport_delta_rows_perp,two-step transported source-row deltas residualized against local source rows,"0,1",6,24,8,16,24,16,32,32,2.1265592815448358e+06,2,32,2.0232390507443973e-01,True,False,False,False,8,132,24,30,6,2.5834047461300829e+03,2.6043562229773637e-01,2.6001651966512862e-01,1.7305134036251518e-01,1.9406654553916231e-01,7.4636236877986717e-01,9.9256383264440462e-01,1.9406654553916169e-01,7.4516129486042459e-01,9.9228289053780183e-01,1.2626953948335529e-12,3.3868279671505633e-18,True,True,True,False,True,True,False,False,False,False,False,The tested two-step history-transport non-final source features do not reproduce the local correction.,derive a revised weak-row formula or nonlinear recurrent history source law for the coefficient-gradient closure,"This capacity audit advances the terminal output twice and stacks transported source-row/non-final velocity-row deltas from both future states. It tests a multi-step trajectory-history feature space, not a target-free formula and not an accepted nonlinear h-sweep."
cylindrical_sharp,0.02,universal_multi_step_history_capacity_value_component_nonfinal,paper_tfe_lower_pair_velocity_compression_multi_step_history_capacity_gap_not_full_tfe,,universal_multi_step_history_capacity_nonfinal_component_diagonal_value_fit,all_case_h_multi_step_history_capacity_oracle_fit,active_plus_two_step_source_transport_delta_rows_perp,active non-final velocity plus two-step transported source-row deltas,"0,1",6,24,8,16,24,16,48,44,1.9324422450371084e+05,2,48,4.6549512567040119e-01,True,False,False,False,8,132,24,30,6,2.1416896920406475e+03,2.6043562229773637e-01,2.6001651966512862e-01,1.8504734211847892e-01,1.8266382146898752e-01,7.0250852409007525e-01,9.9256383261786152e-01,1.8266382146898752e-01,7.0137802139893812e-01,9.9228289051126628e-01,1.9670053022328839e-15,3.3868279671505633e-18,True,True,True,False,True,True,False,False,False,False,False,The tested two-step history-transport non-final source features do not reproduce the local correction.,derive a revised weak-row formula or nonlinear recurrent history source law for the coefficient-gradient closure,"This capacity audit advances the terminal output twice and stacks transported source-row/non-final velocity-row deltas from both future states. It tests a multi-step trajectory-history feature space, not a target-free formula and not an accepted nonlinear h-sweep."
cylindrical_sharp,0.02,universal_multi_step_history_capacity_value_component_nonfinal,paper_tfe_lower_pair_velocity_compression_multi_step_history_capacity_gap_not_full_tfe,,universal_multi_step_history_capacity_nonfinal_component_diagonal_value_fit,all_case_h_multi_step_history_capacity_oracle_fit,two_step_velocity_transport_delta_rows_perp,two-step transported non-final velocity-row deltas residualized against local source rows,"0,1",6,24,8,16,24,16,32,24,2.2184731424556926e+05,2,32,4.7803865377208883e-02,False,True,False,False,8,132,24,32,8,2.4166592435323610e+09,2.6043562229773637e-01,2.6001651966512862e-01,1.5095115265364258e-02,2.5957798056439912e-01,9.9831341831167386e-01,9.9999101961637793e-01,2.5957798056439907e-01,9.9670689544782465e-01,9.9992678378147082e-01,9.8883437023761345e-01,3.3868279671505633e-18,True,True,True,False,True,True,False,False,False,False,False,The tested two-step history-transport non-final source features do not reproduce the local correction.,derive a revised weak-row formula or nonlinear recurrent history source law for the coefficient-gradient closure,"This capacity audit advances the terminal output twice and stacks transported source-row/non-final velocity-row deltas from both future states. It tests a multi-step trajectory-history feature space, not a target-free formula and not an accepted nonlinear h-sweep."
cylindrical_sharp,0.02,universal_multi_step_history_capacity_value_component_nonfinal,paper_tfe_lower_pair_velocity_compression_multi_step_history_capacity_gap_not_full_tfe,,universal_multi_step_history_capacity_nonfinal_component_diagonal_value_fit,all_case_h_multi_step_history_capacity_oracle_fit,active_plus_two_step_velocity_transport_delta_rows_perp,active non-final velocity plus two-step transported velocity-row deltas,"0,1",6,24,8,16,24,16,48,32,4.4496765617067307e+04,2,48,4.2194307554850813e-01,False,True,False,False,8,132,24,32,8,4.2158981569575686e+09,2.6043562229773637e-01,2.6001651966512862e-01,1.5095115265366393e-02,2.5957798056439901e-01,9.9831341831167342e-01,9.9999101961637793e-01,2.5957798056439901e-01,9.9670689544782443e-01,9.9992678378147082e-01,9.8883437023761334e-01,3.3868279671505633e-18,True,True,True,False,True,True,False,False,False,False,False,The tested two-step history-transport non-final source features do not reproduce the local correction.,derive a revised weak-row formula or nonlinear recurrent history source law for the coefficient-gradient closure,"This capacity audit advances the terminal output twice and stacks transported source-row/non-final velocity-row deltas from both future states. It tests a multi-step trajectory-history feature space, not a target-free formula and not an accepted nonlinear h-sweep."
cylindrical_sharp,0.02,universal_multi_step_history_capacity_value_component_nonfinal,paper_tfe_lower_pair_velocity_compression_multi_step_history_capacity_gap_not_full_tfe,,universal_multi_step_history_capacity_nonfinal_component_diagonal_value_fit,all_case_h_multi_step_history_capacity_oracle_fit,two_step_source_velocity_transport_delta_rows_perp,two-step transported source-row and non-final velocity-row deltas,"0,1",6,24,8,16,24,16,64,45,4.1801494975305274e+06,2,64,2.0789461779847310e-01,True,True,True,False,8,132,24,29,5,2.0617579858913950e+03,2.6043562229773637e-01,2.6001651966512862e-01,1.8513567057719610e-01,1.8257429714694293e-01,7.0216422165052295e-01,9.9256381747273914e-01,1.8257429714694293e-01,7.0103427302360166e-01,9.9228287537043081e-01,1.1178527044956757e-14,3.3868279671505633e-18,True,True,True,False,True,True,False,False,False,False,False,The tested two-step history-transport non-final source features do not reproduce the local correction.,derive a revised weak-row formula or nonlinear recurrent history source law for the coefficient-gradient closure,"This capacity audit advances the terminal output twice and stacks transported source-row/non-final velocity-row deltas from both future states. It tests a multi-step trajectory-history feature space, not a target-free formula and not an accepted nonlinear h-sweep."
cylindrical_sharp,0.02,universal_multi_step_history_capacity_value_component_nonfinal,paper_tfe_lower_pair_velocity_compression_multi_step_history_capacity_gap_not_full_tfe,,universal_multi_step_history_capacity_nonfinal_component_diagonal_value_fit,all_case_h_multi_step_history_capacity_oracle_fit,active_plus_two_step_source_velocity_transport_delta_rows_perp,active non-final velocity plus two-step source/velocity transport deltas,"0,1",6,24,8,16,24,16,80,53,1.2116534856835864e+06,2,80,4.6794328883733860e-01,True,True,True,False,8,132,24,29,5,2.0617579859050693e+03,2.6043562229773637e-01,2.6001651966512862e-01,1.8513567057719132e-01,1.8257429714694276e-01,7.0216422165052228e-01,9.9256381747273914e-01,1.8257429714694276e-01,7.0103427302360111e-01,9.9228287537043081e-01,5.3407962984535323e-15,3.3868279671505633e-18,True,True,True,False,True,True,False,False,False,False,False,The tested two-step history-transport non-final source features do not reproduce the local correction.,derive a revised weak-row formula or nonlinear recurrent history source law for the coefficient-gradient closure,"This capacity audit advances the terminal output twice and stacks transported source-row/non-final velocity-row deltas from both future states. It tests a multi-step trajectory-history feature space, not a target-free formula and not an accepted nonlinear h-sweep."
cylindrical_sharp,0.02,case_local_multi_step_history_capacity_value_full_nonfinal,paper_tfe_lower_pair_velocity_compression_multi_step_history_capacity_gap_not_full_tfe,,case_local_multi_step_history_capacity_nonfinal_full_component_value_fit,case_local_multi_step_history_capacity_oracle_fit,two_step_source_transport_delta_rows_perp,two-step transported source-row deltas residualized against local source rows,"0,1",1,24,8,16,24,16,32,32,2.1265592815448358e+06,2,32,2.0232390507443973e-01,True,False,False,False,8,132,24,30,6,2.5834047088839475e+03,2.6043562229773637e-01,2.5970145217120505e-01,1.7257757758373113e-01,1.9406654522397512e-01,7.4726784775943067e-01,9.9256383264490478e-01,1.9406654522397512e-01,7.4516129365019623e-01,9.9228289053780172e-01,1.1564148704123758e-10,4.9278503444992840e-34,True,True,True,False,True,True,False,False,False,False,False,The tested two-step history-transport non-final source features do not reproduce the local correction.,derive a revised weak-row formula or nonlinear recurrent history source law for the coefficient-gradient closure,"This capacity audit advances the terminal output twice and stacks transported source-row/non-final velocity-row deltas from both future states. It tests a multi-step trajectory-history feature space, not a target-free formula and not an accepted nonlinear h-sweep."
cylindrical_sharp,0.02,case_local_multi_step_history_capacity_value_full_nonfinal,paper_tfe_lower_pair_velocity_compression_multi_step_history_capacity_gap_not_full_tfe,,case_local_multi_step_history_capacity_nonfinal_full_component_value_fit,case_local_multi_step_history_capacity_oracle_fit,active_plus_two_step_source_transport_delta_rows_perp,active non-final velocity plus two-step transported source-row deltas,"0,1",1,24,8,16,24,16,48,44,1.9324422450371084e+05,2,48,4.6549512567040119e-01,True,False,False,False,8,132,24,30,6,2.1416896586016533e+03,2.6043562229773637e-01,2.5970145217120505e-01,1.8460436773321506e-01,1.8266382146898752e-01,7.0336080118862254e-01,9.9256383261836190e-01,1.8266382146898752e-01,7.0137802139893812e-01,9.9228289051126628e-01,2.0664225548973776e-15,4.9278503444992840e-34,True,True,True,False,True,True,False,False,False,False,False,The tested two-step history-transport non-final source features do not reproduce the local correction.,derive a revised weak-row formula or nonlinear recurrent history source law for the coefficient-gradient closure,"This capacity audit advances the terminal output twice and stacks transported source-row/non-final velocity-row deltas from both future states. It tests a multi-step trajectory-history feature space, not a target-free formula and not an accepted nonlinear h-sweep."
cylindrical_sharp,0.02,case_local_multi_step_history_capacity_value_full_nonfinal,paper_tfe_lower_pair_velocity_compression_multi_step_history_capacity_gap_not_full_tfe,,case_local_multi_step_history_capacity_nonfinal_full_component_value_fit,case_local_multi_step_history_capacity_oracle_fit,two_step_velocity_transport_delta_rows_perp,two-step transported non-final velocity-row deltas residualized against local source rows,"0,1",1,24,8,16,24,16,32,24,2.2184731424556926e+05,2,32,4.7803865377208883e-02,False,True,False,False,8,132,24,32,8,4.1272782147162571e+09,2.6043562229773637e-01,2.5970145217120505e-01,8.0072633240827994e-03,2.5957798056439901e-01,9.9952456327920480e-01,9.9999101961643910e-01,2.5957798056439901e-01,9.9670689544782443e-01,9.9992678378147082e-01,9.8883437023761334e-01,4.9278503444992840e-34,True,True,True,False,True,True,False,False,False,False,False,The tested two-step history-transport non-final source features do not reproduce the local correction.,derive a revised weak-row formula or nonlinear recurrent history source law for the coefficient-gradient closure,"This capacity audit advances the terminal output twice and stacks transported source-row/non-final velocity-row deltas from both future states. It tests a multi-step trajectory-history feature space, not a target-free formula and not an accepted nonlinear h-sweep."
cylindrical_sharp,0.02,case_local_multi_step_history_capacity_value_full_nonfinal,paper_tfe_lower_pair_velocity_compression_multi_step_history_capacity_gap_not_full_tfe,,case_local_multi_step_history_capacity_nonfinal_full_component_value_fit,case_local_multi_step_history_capacity_oracle_fit,active_plus_two_step_velocity_transport_delta_rows_perp,active non-final velocity plus two-step transported velocity-row deltas,"0,1",1,24,8,16,24,16,48,32,4.4496765617067307e+04,2,48,4.2194307554850813e-01,False,True,False,False,8,132,24,32,8,4.2158978654476161e+09,2.6043562229773637e-01,2.5970145217120505e-01,8.0072633240828237e-03,2.5957798056439901e-01,9.9952456327920480e-01,9.9999101961643910e-01,2.5957798056439901e-01,9.9670689544782443e-01,9.9992678378147082e-01,9.8883437023761345e-01,4.9278503444992840e-34,True,True,True,False,True,True,False,False,False,False,False,The tested two-step history-transport non-final source features do not reproduce the local correction.,derive a revised weak-row formula or nonlinear recurrent history source law for the coefficient-gradient closure,"This capacity audit advances the terminal output twice and stacks transported source-row/non-final velocity-row deltas from both future states. It tests a multi-step trajectory-history feature space, not a target-free formula and not an accepted nonlinear h-sweep."
cylindrical_sharp,0.02,case_local_multi_step_history_capacity_value_full_nonfinal,paper_tfe_lower_pair_velocity_compression_multi_step_history_capacity_gap_not_full_tfe,,case_local_multi_step_history_capacity_nonfinal_full_component_value_fit,case_local_multi_step_history_capacity_oracle_fit,two_step_source_velocity_transport_delta_rows_perp,two-step transported source-row and non-final velocity-row deltas,"0,1",1,24,8,16,24,16,64,45,4.1801494975305274e+06,2,64,2.0789461779847310e-01,True,True,True,False,8,132,24,29,5,2.0617579521782468e+03,2.6043562229773637e-01,2.5970145217120505e-01,1.8469290804233582e-01,1.8257429714694276e-01,7.0301608104440960e-01,9.9256381747323963e-01,1.8257429714694276e-01,7.0103427302360111e-01,9.9228287537043081e-01,8.4189549945531043e-11,4.9278503444992840e-34,True,True,True,False,True,True,False,False,False,False,False,The tested two-step history-transport non-final source features do not reproduce the local correction.,derive a revised weak-row formula or nonlinear recurrent history source law for the coefficient-gradient closure,"This capacity audit advances the terminal output twice and stacks transported source-row/non-final velocity-row deltas from both future states. It tests a multi-step trajectory-history feature space, not a target-free formula and not an accepted nonlinear h-sweep."
cylindrical_sharp,0.02,case_local_multi_step_history_capacity_value_full_nonfinal,paper_tfe_lower_pair_velocity_compression_multi_step_history_capacity_gap_not_full_tfe,,case_local_multi_step_history_capacity_nonfinal_full_component_value_fit,case_local_multi_step_history_capacity_oracle_fit,active_plus_two_step_source_velocity_transport_delta_rows_perp,active non-final velocity plus two-step source/velocity transport deltas,"0,1",1,24,8,16,24,16,80,53,1.2116534856835864e+06,2,80,4.6794328883733860e-01,True,True,True,False,8,132,24,29,5,2.0617579521792236e+03,2.6043562229773637e-01,2.5970145217120505e-01,1.8469290804233002e-01,1.8257429714694276e-01,7.0301608104440960e-01,9.9256381747323963e-01,1.8257429714694276e-01,7.0103427302360111e-01,9.9228287537043081e-01,2.9372891164490986e-15,4.9278503444992840e-34,True,True,True,False,True,True,False,False,False,False,False,The tested two-step history-transport non-final source features do not reproduce the local correction.,derive a revised weak-row formula or nonlinear recurrent history source law for the coefficient-gradient closure,"This capacity audit advances the terminal output twice and stacks transported source-row/non-final velocity-row deltas from both future states. It tests a multi-step trajectory-history feature space, not a target-free formula and not an accepted nonlinear h-sweep."
cylindrical_sharp,0.02,universal_multi_step_history_capacity_value_full_nonfinal,paper_tfe_lower_pair_velocity_compression_multi_step_history_capacity_gap_not_full_tfe,,universal_multi_step_history_capacity_nonfinal_full_component_value_fit,all_case_h_multi_step_history_capacity_oracle_fit,two_step_source_transport_delta_rows_perp,two-step transported source-row deltas residualized against local source rows,"0,1",6,24,8,16,24,16,32,32,2.1265592815448358e+06,2,32,2.0232390507443973e-01,True,False,False,False,8,132,24,32,8,2.5833599400900994e+03,2.6043562229773637e-01,2.5970145446109977e-01,1.7257775923242333e-01,1.9406638675343177e-01,7.4726723096770575e-01,9.9256380934002275e-01,1.9406638339018797e-01,7.4516067225368476e-01,9.9228290451551726e-01,1.6315129930829393e-06,5.4817986714822987e-30,True,True,True,False,True,True,False,False,False,False,False,The tested two-step history-transport non-final source features do not reproduce the local correction.,derive a revised weak-row formula or nonlinear recurrent history source law for the coefficient-gradient closure,"This capacity audit advances the terminal output twice and stacks transported source-row/non-final velocity-row deltas from both future states. It tests a multi-step trajectory-history feature space, not a target-free formula and not an accepted nonlinear h-sweep."
cylindrical_sharp,0.02,universal_multi_step_history_capacity_value_full_nonfinal,paper_tfe_lower_pair_velocity_compression_multi_step_history_capacity_gap_not_full_tfe,,universal_multi_step_history_capacity_nonfinal_full_component_value_fit,all_case_h_multi_step_history_capacity_oracle_fit,active_plus_two_step_source_transport_delta_rows_perp,active non-final velocity plus two-step transported source-row deltas,"0,1",6,24,8,16,24,16,48,44,1.9324422450371084e+05,2,48,4.6549512567040119e-01,True,False,False,False,8,132,24,30,6,2.1416896585981326e+03,2.6043562229773637e-01,2.5970145446109977e-01,1.8460437095463719e-01,1.8266382146898752e-01,7.0336079498680060e-01,9.9256379533036510e-01,1.8266382146898755e-01,7.0137802139893823e-01,9.9228289051126628e-01,2.3660881800366557e-15,5.4817986714822987e-30,True,True,True,False,True,True,False,False,False,False,False,The tested two-step history-transport non-final source features do not reproduce the local correction.,derive a revised weak-row formula or nonlinear recurrent history source law for the coefficient-gradient closure,"This capacity audit advances the terminal output twice and stacks transported source-row/non-final velocity-row deltas from both future states. It tests a multi-step trajectory-history feature space, not a target-free formula and not an accepted nonlinear h-sweep."
cylindrical_sharp,0.02,universal_multi_step_history_capacity_value_full_nonfinal,paper_tfe_lower_pair_velocity_compression_multi_step_history_capacity_gap_not_full_tfe,,universal_multi_step_history_capacity_nonfinal_full_component_value_fit,all_case_h_multi_step_history_capacity_oracle_fit,two_step_velocity_transport_delta_rows_perp,two-step transported non-final velocity-row deltas residualized against local source rows,"0,1",6,24,8,16,24,16,32,24,2.2184731424556926e+05,2,32,4.7803865377208883e-02,False,True,False,False,8,132,24,32,8,2.0108006480092236e+06,2.6043562229773637e-01,2.5970145446109977e-01,8.0073110549320845e-03,2.5957798138301375e-01,9.9952455761812253e-01,9.9999102031592113e-01,2.5957798056449743e-01,9.9670689544820235e-01,9.9992678378174427e-01,9.8883437023776555e-01,5.4817986714822987e-30,True,True,True,False,True,True,False,False,False,False,False,The tested two-step history-transport non-final source features do not reproduce the local correction.,derive a revised weak-row formula or nonlinear recurrent history source law for the coefficient-gradient closure,"This capacity audit advances the terminal output twice and stacks transported source-row/non-final velocity-row deltas from both future states. It tests a multi-step trajectory-history feature space, not a target-free formula and not an accepted nonlinear h-sweep."
cylindrical_sharp,0.02,universal_multi_step_history_capacity_value_full_nonfinal,paper_tfe_lower_pair_velocity_compression_multi_step_history_capacity_gap_not_full_tfe,,universal_multi_step_history_capacity_nonfinal_full_component_value_fit,all_case_h_multi_step_history_capacity_oracle_fit,active_plus_two_step_velocity_transport_delta_rows_perp,active non-final velocity plus two-step transported velocity-row deltas,"0,1",6,24,8,16,24,16,48,32,4.4496765617067307e+04,2,48,4.2194307554850813e-01,False,True,False,False,8,132,24,32,8,4.2158978637790546e+09,2.6043562229773637e-01,2.5970145446109977e-01,8.0073375924315064e-03,2.5957798056439901e-01,9.9952455446598487e-01,9.9999101898500664e-01,2.5957798056439901e-01,9.9670689544782443e-01,9.9992678378147082e-01,9.8883437023761345e-01,5.4817986714822987e-30,True,True,True,False,True,True,False,False,False,False,False,The tested two-step history-transport non-final source features do not reproduce the local correction.,derive a revised weak-row formula or nonlinear recurrent history source law for the coefficient-gradient closure,"This capacity audit advances the terminal output twice and stacks transported source-row/non-final velocity-row deltas from both future states. It tests a multi-step trajectory-history feature space, not a target-free formula and not an accepted nonlinear h-sweep."
cylindrical_sharp,0.02,universal_multi_step_history_capacity_value_full_nonfinal,paper_tfe_lower_pair_velocity_compression_multi_step_history_capacity_gap_not_full_tfe,,universal_multi_step_history_capacity_nonfinal_full_component_value_fit,all_case_h_multi_step_history_capacity_oracle_fit,two_step_source_velocity_transport_delta_rows_perp,two-step transported source-row and non-final velocity-row deltas,"0,1",6,24,8,16,24,16,64,45,4.1801494975305274e+06,2,64,2.0789461779847310e-01,True,True,True,False,8,132,24,32,8,2.0617468238366300e+03,2.6043562229773637e-01,2.5970145446109977e-01,1.8469291011168573e-01,1.8257429831082159e-01,7.0301607932723020e-01,9.9256379317188625e-01,1.8257429831073277e-01,7.0103427749222946e-01,9.9228288835240197e-01,1.5438312982224139e-06,5.4817986714822987e-30,True,True,True,False,True,True,False,False,False,False,False,The tested two-step history-transport non-final source features do not reproduce the local correction.,derive a revised weak-row formula or nonlinear recurrent history source law for the coefficient-gradient closure,"This capacity audit advances the terminal output twice and stacks transported source-row/non-final velocity-row deltas from both future states. It tests a multi-step trajectory-history feature space, not a target-free formula and not an accepted nonlinear h-sweep."
cylindrical_sharp,0.02,universal_multi_step_history_capacity_value_full_nonfinal,paper_tfe_lower_pair_velocity_compression_multi_step_history_capacity_gap_not_full_tfe,,universal_multi_step_history_capacity_nonfinal_full_component_value_fit,all_case_h_multi_step_history_capacity_oracle_fit,active_plus_two_step_source_velocity_transport_delta_rows_perp,active non-final velocity plus two-step source/velocity transport deltas,"0,1",6,24,8,16,24,16,80,53,1.2116534856835864e+06,2,80,4.6794328883733860e-01,True,True,True,False,8,132,24,29,5,2.0617579521790599e+03,2.6043562229773637e-01,2.5970145446109977e-01,1.8469291126221027e-01,1.8257429714694276e-01,7.0301607484562723e-01,9.9256378018524327e-01,1.8257429714694276e-01,7.0103427302360111e-01,9.9228287537043081e-01,2.9381715066637683e-15,5.4817986714822987e-30,True,True,True,False,True,True,False,False,False,False,False,The tested two-step history-transport non-final source features do not reproduce the local correction.,derive a revised weak-row formula or nonlinear recurrent history source law for the coefficient-gradient closure,"This capacity audit advances the terminal output twice and stacks transported source-row/non-final velocity-row deltas from both future states. It tests a multi-step trajectory-history feature space, not a target-free formula and not an accepted nonlinear h-sweep."
cylindrical_sharp,0.01,case_local_multi_step_history_capacity_value_scalar_nonfinal,paper_tfe_lower_pair_velocity_compression_multi_step_history_capacity_gap_not_full_tfe,,case_local_multi_step_history_capacity_nonfinal_stage_scalar_value_fit,case_local_multi_step_history_capacity_oracle_fit,two_step_source_transport_delta_rows_perp,two-step transported source-row deltas residualized against local source rows,"0,1",1,24,8,16,24,16,32,32,1.7800877985329114e+07,2,32,6.8084107923329293e-02,True,False,False,False,8,132,24,30,6,1.8248580265713583e+04,1.8390370753258983e-01,1.8388557844972300e-01,1.2309314731522988e-01,1.3660886884047177e-01,7.4290148249892596e-01,9.9263178170363653e-01,1.3660886879953257e-01,7.4282824763238620e-01,9.9262200233957243e-01,4.3423273583275881e-12,1.0044055051631692e-18,True,True,True,False,True,True,False,False,False,False,False,The tested two-step history-transport non-final source features do not reproduce the local correction.,derive a revised weak-row formula or nonlinear recurrent history source law for the coefficient-gradient closure,"This capacity audit advances the terminal output twice and stacks transported source-row/non-final velocity-row deltas from both future states. It tests a multi-step trajectory-history feature space, not a target-free formula and not an accepted nonlinear h-sweep."
cylindrical_sharp,0.01,case_local_multi_step_history_capacity_value_scalar_nonfinal,paper_tfe_lower_pair_velocity_compression_multi_step_history_capacity_gap_not_full_tfe,,case_local_multi_step_history_capacity_nonfinal_stage_scalar_value_fit,case_local_multi_step_history_capacity_oracle_fit,active_plus_two_step_source_transport_delta_rows_perp,active non-final velocity plus two-step transported source-row deltas,"0,1",1,24,8,16,24,16,48,44,1.0676617458662479e+06,2,48,3.0420985554975888e-01,True,False,False,False,8,132,24,30,6,1.1966043362554125e+04,1.8390370753258983e-01,1.8388557844972300e-01,1.3088674348308765e-01,1.2916100937274091e-01,7.0239879854447318e-01,9.9263177881895792e-01,1.2916100937274091e-01,7.0232955662327856e-01,9.9262199945861129e-01,8.6797983231241722e-15,1.0044055051631692e-18,True,True,True,False,True,True,False,False,False,False,False,The tested two-step history-transport non-final source features do not reproduce the local correction.,derive a revised weak-row formula or nonlinear recurrent history source law for the coefficient-gradient closure,"This capacity audit advances the terminal output twice and stacks transported source-row/non-final velocity-row deltas from both future states. It tests a multi-step trajectory-history feature space, not a target-free formula and not an accepted nonlinear h-sweep."
cylindrical_sharp,0.01,case_local_multi_step_history_capacity_value_scalar_nonfinal,paper_tfe_lower_pair_velocity_compression_multi_step_history_capacity_gap_not_full_tfe,,case_local_multi_step_history_capacity_nonfinal_stage_scalar_value_fit,case_local_multi_step_history_capacity_oracle_fit,two_step_velocity_transport_delta_rows_perp,two-step transported non-final velocity-row deltas residualized against local source rows,"0,1",1,24,8,16,24,16,32,24,3.4314768274773023e+05,2,32,1.6903833596011469e-02,False,True,False,False,8,132,24,32,8,6.2908172127475834e+05,1.8390370753258983e-01,1.8388557844972300e-01,1.0546310416045441e-03,1.8388255413484803e-01,9.9998355327861776e-01,9.9999969081975359e-01,1.8388255400868256e-01,9.9988497500028095e-01,9.9999744544297697e-01,9.9960757166144198e-01,1.0044055051631692e-18,True,True,True,False,True,True,False,False,False,False,False,The tested two-step history-transport non-final source features do not reproduce the local correction.,derive a revised weak-row formula or nonlinear recurrent history source law for the coefficient-gradient closure,"This capacity audit advances the terminal output twice and stacks transported source-row/non-final velocity-row deltas from both future states. It tests a multi-step trajectory-history feature space, not a target-free formula and not an accepted nonlinear h-sweep."
cylindrical_sharp,0.01,case_local_multi_step_history_capacity_value_scalar_nonfinal,paper_tfe_lower_pair_velocity_compression_multi_step_history_capacity_gap_not_full_tfe,,case_local_multi_step_history_capacity_nonfinal_stage_scalar_value_fit,case_local_multi_step_history_capacity_oracle_fit,active_plus_two_step_velocity_transport_delta_rows_perp,active non-final velocity plus two-step transported velocity-row deltas,"0,1",1,24,8,16,24,16,48,32,4.1174520776059391e+05,2,48,2.9697462863371216e-01,False,True,False,False,8,132,23,31,8,3.2871772727061001e+12,1.8390370753258983e-01,1.8388557844972300e-01,1.0546769022044015e-03,1.8388255387181568e-01,9.9998355184820464e-01,9.9999968802974082e-01,1.8388255387181565e-01,9.9988497425604961e-01,9.9999744521797240e-01,9.9960757166144198e-01,1.0044055051631692e-18,True,True,True,False,True,True,False,False,False,False,False,The tested two-step history-transport non-final source features do not reproduce the local correction.,derive a revised weak-row formula or nonlinear recurrent history source law for the coefficient-gradient closure,"This capacity audit advances the terminal output twice and stacks transported source-row/non-final velocity-row deltas from both future states. It tests a multi-step trajectory-history feature space, not a target-free formula and not an accepted nonlinear h-sweep."
cylindrical_sharp,0.01,case_local_multi_step_history_capacity_value_scalar_nonfinal,paper_tfe_lower_pair_velocity_compression_multi_step_history_capacity_gap_not_full_tfe,,case_local_multi_step_history_capacity_nonfinal_stage_scalar_value_fit,case_local_multi_step_history_capacity_oracle_fit,two_step_source_velocity_transport_delta_rows_perp,two-step transported source-row and non-final velocity-row deltas,"0,1",1,24,8,16,24,16,64,45,2.2935147310102966e+07,2,64,7.0151160660086004e-02,True,True,True,False,8,132,24,29,5,1.1009507128365796e+04,1.8390370753258983e-01,1.8388557844972300e-01,1.3094746517674533e-01,1.2909944742552418e-01,7.0206401455686662e-01,9.9263177791184720e-01,1.2909944742529361e-01,7.0199480563716055e-01,9.9262199854950006e-01,2.8345829232266914e-14,1.0044055051631692e-18,True,True,True,False,True,True,False,False,False,False,False,The tested two-step history-transport non-final source features do not reproduce the local correction.,derive a revised weak-row formula or nonlinear recurrent history source law for the coefficient-gradient closure,"This capacity audit advances the terminal output twice and stacks transported source-row/non-final velocity-row deltas from both future states. It tests a multi-step trajectory-history feature space, not a target-free formula and not an accepted nonlinear h-sweep."
cylindrical_sharp,0.01,case_local_multi_step_history_capacity_value_scalar_nonfinal,paper_tfe_lower_pair_velocity_compression_multi_step_history_capacity_gap_not_full_tfe,,case_local_multi_step_history_capacity_nonfinal_stage_scalar_value_fit,case_local_multi_step_history_capacity_oracle_fit,active_plus_two_step_source_velocity_transport_delta_rows_perp,active non-final velocity plus two-step source/velocity transport deltas,"0,1",1,24,8,16,24,16,80,53,1.5240196201344386e+07,2,80,3.0467913581971251e-01,True,True,True,False,8,132,24,29,5,1.1016304505386619e+04,1.8390370753258983e-01,1.8388557844972300e-01,1.3094746554610190e-01,1.2909944705087453e-01,7.0206401251946027e-01,9.9263177503120603e-01,1.2909944705087453e-01,7.0199480360120869e-01,9.9262199567089682e-01,9.8490542664757310e-15,1.0044055051631692e-18,True,True,True,False,True,True,False,False,False,False,False,The tested two-step history-transport non-final source features do not reproduce the local correction.,derive a revised weak-row formula or nonlinear recurrent history source law for the coefficient-gradient closure,"This capacity audit advances the terminal output twice and stacks transported source-row/non-final velocity-row deltas from both future states. It tests a multi-step trajectory-history feature space, not a target-free formula and not an accepted nonlinear h-sweep."
cylindrical_sharp,0.01,universal_multi_step_history_capacity_value_scalar_nonfinal,paper_tfe_lower_pair_velocity_compression_multi_step_history_capacity_gap_not_full_tfe,,universal_multi_step_history_capacity_nonfinal_stage_scalar_value_fit,all_case_h_multi_step_history_capacity_oracle_fit,two_step_source_transport_delta_rows_perp,two-step transported source-row deltas residualized against local source rows,"0,1",6,24,8,16,24,16,32,32,1.7800877985329114e+07,2,32,6.8084107923329293e-02,True,False,False,False,8,132,24,30,6,1.8283566628223954e+04,1.8390370753258983e-01,1.8388558020327053e-01,1.2309477037872357e-01,1.3660740870154647e-01,7.4289353493916221e-01,9.9263178045441558e-01,1.3660740870154647e-01,7.4282030816229239e-01,9.9262199946305840e-01,3.2485147572161683e-12,1.1683695253089600e-18,True,True,True,False,True,True,False,False,False,False,False,The tested two-step history-transport non-final source features do not reproduce the local correction.,derive a revised weak-row formula or nonlinear recurrent history source law for the coefficient-gradient closure,"This capacity audit advances the terminal output twice and stacks transported source-row/non-final velocity-row deltas from both future states. It tests a multi-step trajectory-history feature space, not a target-free formula and not an accepted nonlinear h-sweep."
cylindrical_sharp,0.01,universal_multi_step_history_capacity_value_scalar_nonfinal,paper_tfe_lower_pair_velocity_compression_multi_step_history_capacity_gap_not_full_tfe,,universal_multi_step_history_capacity_nonfinal_stage_scalar_value_fit,all_case_h_multi_step_history_capacity_oracle_fit,active_plus_two_step_source_transport_delta_rows_perp,active non-final velocity plus two-step transported source-row deltas,"0,1",6,24,8,16,24,16,48,44,1.0676617458662479e+06,2,48,3.0420985554975888e-01,True,False,False,False,8,132,24,30,6,1.1966043362783670e+04,1.8390370753258983e-01,1.8388558020327053e-01,1.3088674594668084e-01,1.2916100937274091e-01,7.0239879184634235e-01,9.9263178044996847e-01,1.2916100937274091e-01,7.0232955662327856e-01,9.9262199945861129e-01,3.1690998294253655e-15,1.1683695253089600e-18,True,True,True,False,True,True,False,False,False,False,False,The tested two-step history-transport non-final source features do not reproduce the local correction.,derive a revised weak-row formula or nonlinear recurrent history source law for the coefficient-gradient closure,"This capacity audit advances the terminal output twice and stacks transported source-row/non-final velocity-row deltas from both future states. It tests a multi-step trajectory-history feature space, not a target-free formula and not an accepted nonlinear h-sweep."
cylindrical_sharp,0.01,universal_multi_step_history_capacity_value_scalar_nonfinal,paper_tfe_lower_pair_velocity_compression_multi_step_history_capacity_gap_not_full_tfe,,universal_multi_step_history_capacity_nonfinal_stage_scalar_value_fit,all_case_h_multi_step_history_capacity_oracle_fit,two_step_velocity_transport_delta_rows_perp,two-step transported non-final velocity-row deltas residualized against local source rows,"0,1",6,24,8,16,24,16,32,24,3.4314768274773023e+05,2,32,1.6903833596011469e-02,False,True,False,False,8,132,23,31,8,6.2274107597128685e+10,1.8390370753258983e-01,1.8388558020327053e-01,1.0549825933380420e-03,1.8388255387181568e-01,9.9998354231228181e-01,9.9999969064504068e-01,1.8388255387181568e-01,9.9988497425604972e-01,9.9999744521797240e-01,9.9960757166144198e-01,1.1683695253089600e-18,True,True,True,False,True,True,False,False,False,False,False,The tested two-step history-transport non-final source features do not reproduce the local correction.,derive a revised weak-row formula or nonlinear recurrent history source law for the coefficient-gradient closure,"This capacity audit advances the terminal output twice and stacks transported source-row/non-final velocity-row deltas from both future states. It tests a multi-step trajectory-history feature space, not a target-free formula and not an accepted nonlinear h-sweep."
cylindrical_sharp,0.01,universal_multi_step_history_capacity_value_scalar_nonfinal,paper_tfe_lower_pair_velocity_compression_multi_step_history_capacity_gap_not_full_tfe,,universal_multi_step_history_capacity_nonfinal_stage_scalar_value_fit,all_case_h_multi_step_history_capacity_oracle_fit,active_plus_two_step_velocity_transport_delta_rows_perp,active non-final velocity plus two-step transported velocity-row deltas,"0,1",6,24,8,16,24,16,48,32,4.1174520776059391e+05,2,48,2.9697462863371216e-01,False,True,False,False,8,132,23,31,8,3.2871771633666699e+12,1.8390370753258983e-01,1.8388558020327053e-01,1.0549825933380541e-03,1.8388255387181568e-01,9.9998354231228181e-01,9.9999969064504068e-01,1.8388255387181565e-01,9.9988497425604961e-01,9.9999744521797240e-01,9.9960757166144198e-01,1.1683695253089600e-18,True,True,True,False,True,True,False,False,False,False,False,The tested two-step history-transport non-final source features do not reproduce the local correction.,derive a revised weak-row formula or nonlinear recurrent history source law for the coefficient-gradient closure,"This capacity audit advances the terminal output twice and stacks transported source-row/non-final velocity-row deltas from both future states. It tests a multi-step trajectory-history feature space, not a target-free formula and not an accepted nonlinear h-sweep."
cylindrical_sharp,0.01,universal_multi_step_history_capacity_value_scalar_nonfinal,paper_tfe_lower_pair_velocity_compression_multi_step_history_capacity_gap_not_full_tfe,,universal_multi_step_history_capacity_nonfinal_stage_scalar_value_fit,all_case_h_multi_step_history_capacity_oracle_fit,two_step_source_velocity_transport_delta_rows_perp,two-step transported source-row and non-final velocity-row deltas,"0,1",6,24,8,16,24,16,64,45,2.2935147310102966e+07,2,64,7.0151160660086004e-02,True,True,True,False,8,132,24,29,5,1.1016304505426069e+04,1.8390370753258983e-01,1.8388558020327053e-01,1.3094746800856141e-01,1.2909944705087453e-01,7.0206400582452200e-01,9.9263177666221658e-01,1.2909944705087453e-01,7.0199480360120869e-01,9.9262199567089682e-01,1.8012949805915737e-14,1.1683695253089600e-18,True,True,True,False,True,True,False,False,False,False,False,The tested two-step history-transport non-final source features do not reproduce the local correction.,derive a revised weak-row formula or nonlinear recurrent history source law for the coefficient-gradient closure,"This capacity audit advances the terminal output twice and stacks transported source-row/non-final velocity-row deltas from both future states. It tests a multi-step trajectory-history feature space, not a target-free formula and not an accepted nonlinear h-sweep."
cylindrical_sharp,0.01,universal_multi_step_history_capacity_value_scalar_nonfinal,paper_tfe_lower_pair_velocity_compression_multi_step_history_capacity_gap_not_full_tfe,,universal_multi_step_history_capacity_nonfinal_stage_scalar_value_fit,all_case_h_multi_step_history_capacity_oracle_fit,active_plus_two_step_source_velocity_transport_delta_rows_perp,active non-final velocity plus two-step source/velocity transport deltas,"0,1",6,24,8,16,24,16,80,53,1.5240196201344386e+07,2,80,3.0467913581971251e-01,True,True,True,False,8,132,24,29,5,1.1016304505436918e+04,1.8390370753258983e-01,1.8388558020327053e-01,1.3094746800855553e-01,1.2909944705087453e-01,7.0206400582452200e-01,9.9263177666221658e-01,1.2909944705087453e-01,7.0199480360120869e-01,9.9262199567089682e-01,9.5656275858875597e-15,1.1683695253089600e-18,True,True,True,False,True,True,False,False,False,False,False,The tested two-step history-transport non-final source features do not reproduce the local correction.,derive a revised weak-row formula or nonlinear recurrent history source law for the coefficient-gradient closure,"This capacity audit advances the terminal output twice and stacks transported source-row/non-final velocity-row deltas from both future states. It tests a multi-step trajectory-history feature space, not a target-free formula and not an accepted nonlinear h-sweep."
cylindrical_sharp,0.01,case_local_multi_step_history_capacity_value_component_nonfinal,paper_tfe_lower_pair_velocity_compression_multi_step_history_capacity_gap_not_full_tfe,,case_local_multi_step_history_capacity_nonfinal_component_diagonal_value_fit,case_local_multi_step_history_capacity_oracle_fit,two_step_source_transport_delta_rows_perp,two-step transported source-row deltas residualized against local source rows,"0,1",1,24,8,16,24,16,32,32,1.7800877985329114e+07,2,32,6.8084107923329293e-02,True,False,False,False,8,132,24,30,6,1.8283557532230738e+04,1.8390370753258983e-01,1.8393788717788728e-01,1.2317289631599128e-01,1.3660740811773883e-01,7.4268227287848043e-01,9.9263178045806766e-01,1.3660740811594982e-01,7.4282030497803542e-01,9.9262199946312990e-01,4.3764771586124647e-12,3.1716002775823931e-34,True,True,True,False,True,True,False,False,False,False,False,The tested two-step history-transport non-final source features do not reproduce the local correction.,derive a revised weak-row formula or nonlinear recurrent history source law for the coefficient-gradient closure,"This capacity audit advances the terminal output twice and stacks transported source-row/non-final velocity-row deltas from both future states. It tests a multi-step trajectory-history feature space, not a target-free formula and not an accepted nonlinear h-sweep."
cylindrical_sharp,0.01,case_local_multi_step_history_capacity_value_component_nonfinal,paper_tfe_lower_pair_velocity_compression_multi_step_history_capacity_gap_not_full_tfe,,case_local_multi_step_history_capacity_nonfinal_component_diagonal_value_fit,case_local_multi_step_history_capacity_oracle_fit,active_plus_two_step_source_transport_delta_rows_perp,active non-final velocity plus two-step transported source-row deltas,"0,1",1,24,8,16,24,16,48,44,1.0676617458662479e+06,2,48,3.0420985554975888e-01,True,False,False,False,8,132,24,30,6,1.1966043401044413e+04,1.8390370753258983e-01,1.8393788717788728e-01,1.3096022295828871e-01,1.2916100937274089e-01,7.0219904857245974e-01,9.9263178045354894e-01,1.2916100937274091e-01,7.0232955662327856e-01,9.9262199945861129e-01,3.1473218600002107e-15,3.1716002775823931e-34,True,True,True,False,True,True,False,False,False,False,False,The tested two-step history-transport non-final source features do not reproduce the local correction.,derive a revised weak-row formula or nonlinear recurrent history source law for the coefficient-gradient closure,"This capacity audit advances the terminal output twice and stacks transported source-row/non-final velocity-row deltas from both future states. It tests a multi-step trajectory-history feature space, not a target-free formula and not an accepted nonlinear h-sweep."
cylindrical_sharp,0.01,case_local_multi_step_history_capacity_value_component_nonfinal,paper_tfe_lower_pair_velocity_compression_multi_step_history_capacity_gap_not_full_tfe,,case_local_multi_step_history_capacity_nonfinal_component_diagonal_value_fit,case_local_multi_step_history_capacity_oracle_fit,two_step_velocity_transport_delta_rows_perp,two-step transported non-final velocity-row deltas residualized against local source rows,"0,1",1,24,8,16,24,16,32,24,3.4314768274773023e+05,2,32,1.6903833596011469e-02,False,True,False,False,8,132,24,32,8,1.1515322485318100e+08,1.8390370753258983e-01,1.8393788717788728e-01,4.5113990085914333e-03,1.8388255387189525e-01,9.9969917396116159e-01,9.9999969064575722e-01,1.8388255387183858e-01,9.9988497425617417e-01,9.9999744521797507e-01,9.9960757166144198e-01,3.1716002775823931e-34,True,True,True,False,True,True,False,False,False,False,False,The tested two-step history-transport non-final source features do not reproduce the local correction.,derive a revised weak-row formula or nonlinear recurrent history source law for the coefficient-gradient closure,"This capacity audit advances the terminal output twice and stacks transported source-row/non-final velocity-row deltas from both future states. It tests a multi-step trajectory-history feature space, not a target-free formula and not an accepted nonlinear h-sweep."
cylindrical_sharp,0.01,case_local_multi_step_history_capacity_value_component_nonfinal,paper_tfe_lower_pair_velocity_compression_multi_step_history_capacity_gap_not_full_tfe,,case_local_multi_step_history_capacity_nonfinal_component_diagonal_value_fit,case_local_multi_step_history_capacity_oracle_fit,active_plus_two_step_velocity_transport_delta_rows_perp,active non-final velocity plus two-step transported velocity-row deltas,"0,1",1,24,8,16,24,16,48,32,4.1174520776059391e+05,2,48,2.9697462863371216e-01,False,True,False,False,8,132,23,31,8,3.2871772491317642e+12,1.8390370753258983e-01,1.8393788717788728e-01,4.5113990118358441e-03,1.8388255387181568e-01,9.9969917396072894e-01,9.9999969064570426e-01,1.8388255387181565e-01,9.9988497425604961e-01,9.9999744521797240e-01,9.9960757166144198e-01,3.1716002775823931e-34,True,True,True,False,True,True,False,False,False,False,False,The tested two-step history-transport non-final source features do not reproduce the local correction.,derive a revised weak-row formula or nonlinear recurrent history source law for the coefficient-gradient closure,"This capacity audit advances the terminal output twice and stacks transported source-row/non-final velocity-row deltas from both future states. It tests a multi-step trajectory-history feature space, not a target-free formula and not an accepted nonlinear h-sweep."
cylindrical_sharp,0.01,case_local_multi_step_history_capacity_value_component_nonfinal,paper_tfe_lower_pair_velocity_compression_multi_step_history_capacity_gap_not_full_tfe,,case_local_multi_step_history_capacity_nonfinal_component_diagonal_value_fit,case_local_multi_step_history_capacity_oracle_fit,two_step_source_velocity_transport_delta_rows_perp,two-step transported source-row and non-final velocity-row deltas,"0,1",1,24,8,16,24,16,64,45,2.2935147310102966e+07,2,64,7.0151160660086004e-02,True,True,True,False,8,132,24,29,5,1.1016302768456379e+04,1.8390370753258983e-01,1.8393788717788728e-01,1.3102091096689480e-01,1.2909944705098789e-01,7.0186435775537170e-01,9.9263177666587088e-01,1.2909944705098791e-01,7.0199480360182531e-01,9.9262199567097065e-01,2.2342225399464489e-14,3.1716002775823931e-34,True,True,True,False,True,True,False,False,False,False,False,The tested two-step history-transport non-final source features do not reproduce the local correction.,derive a revised weak-row formula or nonlinear recurrent history source law for the coefficient-gradient closure,"This capacity audit advances the terminal output twice and stacks transported source-row/non-final velocity-row deltas from both future states. It tests a multi-step trajectory-history feature space, not a target-free formula and not an accepted nonlinear h-sweep."
cylindrical_sharp,0.01,case_local_multi_step_history_capacity_value_component_nonfinal,paper_tfe_lower_pair_velocity_compression_multi_step_history_capacity_gap_not_full_tfe,,case_local_multi_step_history_capacity_nonfinal_component_diagonal_value_fit,case_local_multi_step_history_capacity_oracle_fit,active_plus_two_step_source_velocity_transport_delta_rows_perp,active non-final velocity plus two-step source/velocity transport deltas,"0,1",1,24,8,16,24,16,80,53,1.5240196201344386e+07,2,80,3.0467913581971251e-01,True,True,True,False,8,132,24,29,5,1.1016304538510767e+04,1.8390370753258983e-01,1.8393788717788728e-01,1.3102091096700347e-01,1.2909944705087453e-01,7.0186435775475553e-01,9.9263177666579705e-01,1.2909944705087453e-01,7.0199480360120869e-01,9.9262199567089682e-01,4.1889458798480925e-15,3.1716002775823931e-34,True,True,True,False,True,True,False,False,False,False,False,The tested two-step history-transport non-final source features do not reproduce the local correction.,derive a revised weak-row formula or nonlinear recurrent history source law for the coefficient-gradient closure,"This capacity audit advances the terminal output twice and stacks transported source-row/non-final velocity-row deltas from both future states. It tests a multi-step trajectory-history feature space, not a target-free formula and not an accepted nonlinear h-sweep."
cylindrical_sharp,0.01,universal_multi_step_history_capacity_value_component_nonfinal,paper_tfe_lower_pair_velocity_compression_multi_step_history_capacity_gap_not_full_tfe,,universal_multi_step_history_capacity_nonfinal_component_diagonal_value_fit,all_case_h_multi_step_history_capacity_oracle_fit,two_step_source_transport_delta_rows_perp,two-step transported source-row deltas residualized against local source rows,"0,1",6,24,8,16,24,16,32,32,1.7800877985329114e+07,2,32,6.8084107923329293e-02,True,False,False,False,8,132,24,30,6,1.8283567041421662e+04,1.8390370753258983e-01,1.8411563974505604e-01,1.2343818139734494e-01,1.3660740892101439e-01,7.4196526221332393e-01,9.9263178045442046e-01,1.3660740892098974e-01,7.4282030935554333e-01,9.9262199946305840e-01,4.7726458959332504e-12,1.1691914586183223e-18,True,True,True,False,True,True,False,False,False,False,False,The tested two-step history-transport non-final source features do not reproduce the local correction.,derive a revised weak-row formula or nonlinear recurrent history source law for the coefficient-gradient closure,"This capacity audit advances the terminal output twice and stacks transported source-row/non-final velocity-row deltas from both future states. It tests a multi-step trajectory-history feature space, not a target-free formula and not an accepted nonlinear h-sweep."
cylindrical_sharp,0.01,universal_multi_step_history_capacity_value_component_nonfinal,paper_tfe_lower_pair_velocity_compression_multi_step_history_capacity_gap_not_full_tfe,,universal_multi_step_history_capacity_nonfinal_component_diagonal_value_fit,all_case_h_multi_step_history_capacity_oracle_fit,active_plus_two_step_source_transport_delta_rows_perp,active non-final velocity plus two-step transported source-row deltas,"0,1",6,24,8,16,24,16,48,44,1.0676617458662479e+06,2,48,3.0420985554975888e-01,True,False,False,False,8,132,24,30,6,1.1966043609670807e+04,1.8390370753258983e-01,1.8411563974505604e-01,1.3120976509600710e-01,1.2916100937274091e-01,7.0152111766056091e-01,9.9263178044997336e-01,1.2916100937274089e-01,7.0232955662327845e-01,9.9262199945861129e-01,2.9344517936161816e-15,1.1691914586183223e-18,True,True,True,False,True,True,False,False,False,False,False,The tested two-step history-transport non-final source features do not reproduce the local correction.,derive a revised weak-row formula or nonlinear recurrent history source law for the coefficient-gradient closure,"This capacity audit advances the terminal output twice and stacks transported source-row/non-final velocity-row deltas from both future states. It tests a multi-step trajectory-history feature space, not a target-free formula and not an accepted nonlinear h-sweep."
cylindrical_sharp,0.01,universal_multi_step_history_capacity_value_component_nonfinal,paper_tfe_lower_pair_velocity_compression_multi_step_history_capacity_gap_not_full_tfe,,universal_multi_step_history_capacity_nonfinal_component_diagonal_value_fit,all_case_h_multi_step_history_capacity_oracle_fit,two_step_velocity_transport_delta_rows_perp,two-step transported non-final velocity-row deltas residualized against local source rows,"0,1",6,24,8,16,24,16,32,24,3.4314768274773023e+05,2,32,1.6903833596011469e-02,False,True,False,False,8,132,23,31,8,2.4103806242900005e+10,1.8390370753258983e-01,1.8411563974505604e-01,9.2614890978737294e-03,1.8388255387181576e-01,9.9873402458605343e-01,9.9999969064504335e-01,1.8388255387181576e-01,9.9988497425605016e-01,9.9999744521797240e-01,9.9960757166144176e-01,1.1691914586183223e-18,True,True,True,False,True,True,False,False,False,False,False,The tested two-step history-transport non-final source features do not reproduce the local correction.,derive a revised weak-row formula or nonlinear recurrent history source law for the coefficient-gradient closure,"This capacity audit advances the terminal output twice and stacks transported source-row/non-final velocity-row deltas from both future states. It tests a multi-step trajectory-history feature space, not a target-free formula and not an accepted nonlinear h-sweep."
cylindrical_sharp,0.01,universal_multi_step_history_capacity_value_component_nonfinal,paper_tfe_lower_pair_velocity_compression_multi_step_history_capacity_gap_not_full_tfe,,universal_multi_step_history_capacity_nonfinal_component_diagonal_value_fit,all_case_h_multi_step_history_capacity_oracle_fit,active_plus_two_step_velocity_transport_delta_rows_perp,active non-final velocity plus two-step transported velocity-row deltas,"0,1",6,24,8,16,24,16,48,32,4.1174520776059391e+05,2,48,2.9697462863371216e-01,False,True,False,False,8,132,23,31,8,3.2871773739057930e+12,1.8390370753258983e-01,1.8411563974505604e-01,9.2614890978754711e-03,1.8388255387181568e-01,9.9873402458605298e-01,9.9999969064504335e-01,1.8388255387181565e-01,9.9988497425604961e-01,9.9999744521797240e-01,9.9960757166144198e-01,1.1691914586183223e-18,True,True,True,False,True,True,False,False,False,False,False,The tested two-step history-transport non-final source features do not reproduce the local correction.,derive a revised weak-row formula or nonlinear recurrent history source law for the coefficient-gradient closure,"This capacity audit advances the terminal output twice and stacks transported source-row/non-final velocity-row deltas from both future states. It tests a multi-step trajectory-history feature space, not a target-free formula and not an accepted nonlinear h-sweep."
cylindrical_sharp,0.01,universal_multi_step_history_capacity_value_component_nonfinal,paper_tfe_lower_pair_velocity_compression_multi_step_history_capacity_gap_not_full_tfe,,universal_multi_step_history_capacity_nonfinal_component_diagonal_value_fit,all_case_h_multi_step_history_capacity_oracle_fit,two_step_source_velocity_transport_delta_rows_perp,two-step transported source-row and non-final velocity-row deltas,"0,1",6,24,8,16,24,16,64,45,2.2935147310102966e+07,2,64,7.0151160660086004e-02,True,True,True,False,8,132,24,29,5,1.1016304715248278e+04,1.8390370753258983e-01,1.8411563974505604e-01,1.3127033773816216e-01,1.2909944705087464e-01,7.0118674996669472e-01,9.9263177666222158e-01,1.2909944705087464e-01,7.0199480360120936e-01,9.9262199567089682e-01,2.0588209679747001e-14,1.1691914586183223e-18,True,True,True,False,True,True,False,False,False,False,False,The tested two-step history-transport non-final source features do not reproduce the local correction.,derive a revised weak-row formula or nonlinear recurrent history source law for the coefficient-gradient closure,"This capacity audit advances the terminal output twice and stacks transported source-row/non-final velocity-row deltas from both future states. It tests a multi-step trajectory-history feature space, not a target-free formula and not an accepted nonlinear h-sweep."
cylindrical_sharp,0.01,universal_multi_step_history_capacity_value_component_nonfinal,paper_tfe_lower_pair_velocity_compression_multi_step_history_capacity_gap_not_full_tfe,,universal_multi_step_history_capacity_nonfinal_component_diagonal_value_fit,all_case_h_multi_step_history_capacity_oracle_fit,active_plus_two_step_source_velocity_transport_delta_rows_perp,active non-final velocity plus two-step source/velocity transport deltas,"0,1",6,24,8,16,24,16,80,53,1.5240196201344386e+07,2,80,3.0467913581971251e-01,True,True,True,False,8,132,24,29,5,1.1016304717462584e+04,1.8390370753258983e-01,1.8411563974505604e-01,1.3127033773815566e-01,1.2909944705087453e-01,7.0118674996669406e-01,9.9263177666222158e-01,1.2909944705087453e-01,7.0199480360120869e-01,9.9262199567089682e-01,3.7210304572440564e-15,1.1691914586183223e-18,True,True,True,False,True,True,False,False,False,False,False,The tested two-step history-transport non-final source features do not reproduce the local correction.,derive a revised weak-row formula or nonlinear recurrent history source law for the coefficient-gradient closure,"This capacity audit advances the terminal output twice and stacks transported source-row/non-final velocity-row deltas from both future states. It tests a multi-step trajectory-history feature space, not a target-free formula and not an accepted nonlinear h-sweep."
cylindrical_sharp,0.01,case_local_multi_step_history_capacity_value_full_nonfinal,paper_tfe_lower_pair_velocity_compression_multi_step_history_capacity_gap_not_full_tfe,,case_local_multi_step_history_capacity_nonfinal_full_component_value_fit,case_local_multi_step_history_capacity_oracle_fit,two_step_source_transport_delta_rows_perp,two-step transported source-row deltas residualized against local source rows,"0,1",1,24,8,16,24,16,32,32,1.7800877985329114e+07,2,32,6.8084107923329293e-02,True,False,False,False,8,132,24,30,6,1.8283566623960036e+04,1.8390370753258983e-01,1.8388558020348772e-01,1.2309477033741016e-01,1.3660740873908850e-01,7.4289353514244449e-01,9.9263178045510325e-01,1.3660740873863220e-01,7.4282030836395074e-01,9.9262199946305785e-01,1.9287151027519733e-09,1.5237703619020713e-34,True,True,True,False,True,True,False,False,False,False,False,The tested two-step history-transport non-final source features do not reproduce the local correction.,derive a revised weak-row formula or nonlinear recurrent history source law for the coefficient-gradient closure,"This capacity audit advances the terminal output twice and stacks transported source-row/non-final velocity-row deltas from both future states. It tests a multi-step trajectory-history feature space, not a target-free formula and not an accepted nonlinear h-sweep."
cylindrical_sharp,0.01,case_local_multi_step_history_capacity_value_full_nonfinal,paper_tfe_lower_pair_velocity_compression_multi_step_history_capacity_gap_not_full_tfe,,case_local_multi_step_history_capacity_nonfinal_full_component_value_fit,case_local_multi_step_history_capacity_oracle_fit,active_plus_two_step_source_transport_delta_rows_perp,active non-final velocity plus two-step transported source-row deltas,"0,1",1,24,8,16,24,16,48,44,1.0676617458662479e+06,2,48,3.0420985554975888e-01,True,False,False,False,8,132,24,30,6,1.1966043362843995e+04,1.8390370753258983e-01,1.8388558020348772e-01,1.3088674594699265e-01,1.2916100937274091e-01,7.0239879184551279e-01,9.9263178045065681e-01,1.2916100937274091e-01,7.0232955662327856e-01,9.9262199945861129e-01,3.4266130613974664e-15,1.5237703619020713e-34,True,True,True,False,True,True,False,False,False,False,False,The tested two-step history-transport non-final source features do not reproduce the local correction.,derive a revised weak-row formula or nonlinear recurrent history source law for the coefficient-gradient closure,"This capacity audit advances the terminal output twice and stacks transported source-row/non-final velocity-row deltas from both future states. It tests a multi-step trajectory-history feature space, not a target-free formula and not an accepted nonlinear h-sweep."
cylindrical_sharp,0.01,case_local_multi_step_history_capacity_value_full_nonfinal,paper_tfe_lower_pair_velocity_compression_multi_step_history_capacity_gap_not_full_tfe,,case_local_multi_step_history_capacity_nonfinal_full_component_value_fit,case_local_multi_step_history_capacity_oracle_fit,two_step_velocity_transport_delta_rows_perp,two-step transported non-final velocity-row deltas residualized against local source rows,"0,1",1,24,8,16,24,16,32,24,3.4314768274773023e+05,2,32,1.6903833596011469e-02,False,True,False,False,8,132,24,32,8,1.2433962211891279e+09,1.8390370753258983e-01,1.8388558020348772e-01,1.0549826311959238e-03,1.8388255387181568e-01,9.9998354231110076e-01,9.9999969064568395e-01,1.8388255387181565e-01,9.9988497425604961e-01,9.9999744521797240e-01,9.9960757166144198e-01,1.5237703619020713e-34,True,True,True,False,True,True,False,False,False,False,False,The tested two-step history-transport non-final source features do not reproduce the local correction.,derive a revised weak-row formula or nonlinear recurrent history source law for the coefficient-gradient closure,"This capacity audit advances the terminal output twice and stacks transported source-row/non-final velocity-row deltas from both future states. It tests a multi-step trajectory-history feature space, not a target-free formula and not an accepted nonlinear h-sweep."
cylindrical_sharp,0.01,case_local_multi_step_history_capacity_value_full_nonfinal,paper_tfe_lower_pair_velocity_compression_multi_step_history_capacity_gap_not_full_tfe,,case_local_multi_step_history_capacity_nonfinal_full_component_value_fit,case_local_multi_step_history_capacity_oracle_fit,active_plus_two_step_velocity_transport_delta_rows_perp,active non-final velocity plus two-step transported velocity-row deltas,"0,1",1,24,8,16,24,16,48,32,4.1174520776059391e+05,2,48,2.9697462863371216e-01,False,True,False,False,8,132,23,31,8,3.2871773071898008e+12,1.8390370753258983e-01,1.8388558020348772e-01,1.0549826311978380e-03,1.8388255387181568e-01,9.9998354231110076e-01,9.9999969064568384e-01,1.8388255387181568e-01,9.9988497425604972e-01,9.9999744521797240e-01,9.9960757166144198e-01,1.5237703619020713e-34,True,True,True,False,True,True,False,False,False,False,False,The tested two-step history-transport non-final source features do not reproduce the local correction.,derive a revised weak-row formula or nonlinear recurrent history source law for the coefficient-gradient closure,"This capacity audit advances the terminal output twice and stacks transported source-row/non-final velocity-row deltas from both future states. It tests a multi-step trajectory-history feature space, not a target-free formula and not an accepted nonlinear h-sweep."
cylindrical_sharp,0.01,case_local_multi_step_history_capacity_value_full_nonfinal,paper_tfe_lower_pair_velocity_compression_multi_step_history_capacity_gap_not_full_tfe,,case_local_multi_step_history_capacity_nonfinal_full_component_value_fit,case_local_multi_step_history_capacity_oracle_fit,two_step_source_velocity_transport_delta_rows_perp,two-step transported source-row and non-final velocity-row deltas,"0,1",1,24,8,16,24,16,64,45,2.2935147310102966e+07,2,64,7.0151160660086004e-02,True,True,True,False,8,132,24,29,5,1.1016304505174177e+04,1.8390370753258983e-01,1.8388558020348772e-01,1.3094746800886681e-01,1.2909944705087453e-01,7.0206400582369277e-01,9.9263177666290525e-01,1.2909944705087453e-01,7.0199480360120869e-01,9.9262199567089726e-01,1.5519422213467725e-09,1.5237703619020713e-34,True,True,True,False,True,True,False,False,False,False,False,The tested two-step history-transport non-final source features do not reproduce the local correction.,derive a revised weak-row formula or nonlinear recurrent history source law for the coefficient-gradient closure,"This capacity audit advances the terminal output twice and stacks transported source-row/non-final velocity-row deltas from both future states. It tests a multi-step trajectory-history feature space, not a target-free formula and not an accepted nonlinear h-sweep."
cylindrical_sharp,0.01,case_local_multi_step_history_capacity_value_full_nonfinal,paper_tfe_lower_pair_velocity_compression_multi_step_history_capacity_gap_not_full_tfe,,case_local_multi_step_history_capacity_nonfinal_full_component_value_fit,case_local_multi_step_history_capacity_oracle_fit,active_plus_two_step_source_velocity_transport_delta_rows_perp,active non-final velocity plus two-step source/velocity transport deltas,"0,1",1,24,8,16,24,16,80,53,1.5240196201344386e+07,2,80,3.0467913581971251e-01,True,True,True,False,8,132,24,29,5,1.1016304505416965e+04,1.8390370753258983e-01,1.8388558020348772e-01,1.3094746800886084e-01,1.2909944705087453e-01,7.0206400582369277e-01,9.9263177666290492e-01,1.2909944705087453e-01,7.0199480360120869e-01,9.9262199567089682e-01,2.5725209433490696e-15,1.5237703619020713e-34,True,True,True,False,True,True,False,False,False,False,False,The tested two-step history-transport non-final source features do not reproduce the local correction.,derive a revised weak-row formula or nonlinear recurrent history source law for the coefficient-gradient closure,"This capacity audit advances the terminal output twice and stacks transported source-row/non-final velocity-row deltas from both future states. It tests a multi-step trajectory-history feature space, not a target-free formula and not an accepted nonlinear h-sweep."
cylindrical_sharp,0.01,universal_multi_step_history_capacity_value_full_nonfinal,paper_tfe_lower_pair_velocity_compression_multi_step_history_capacity_gap_not_full_tfe,,universal_multi_step_history_capacity_nonfinal_full_component_value_fit,all_case_h_multi_step_history_capacity_oracle_fit,two_step_source_transport_delta_rows_perp,two-step transported source-row deltas residualized against local source rows,"0,1",6,24,8,16,24,16,32,32,1.7800877985329114e+07,2,32,6.8084107923329293e-02,True,False,False,False,8,132,24,32,8,1.8261009078970816e+04,1.8390370753258983e-01,1.8388558191675508e-01,1.2309496028834253e-01,1.3660723988326648e-01,7.4289260995518680e-01,9.9263176045599333e-01,1.3660697980088168e-01,7.4281797595991028e-01,9.9262201302230946e-01,1.5965162428815819e-06,4.5145606179748471e-32,True,True,True,False,True,True,False,False,False,False,False,The tested two-step history-transport non-final source features do not reproduce the local correction.,derive a revised weak-row formula or nonlinear recurrent history source law for the coefficient-gradient closure,"This capacity audit advances the terminal output twice and stacks transported source-row/non-final velocity-row deltas from both future states. It tests a multi-step trajectory-history feature space, not a target-free formula and not an accepted nonlinear h-sweep."
cylindrical_sharp,0.01,universal_multi_step_history_capacity_value_full_nonfinal,paper_tfe_lower_pair_velocity_compression_multi_step_history_capacity_gap_not_full_tfe,,universal_multi_step_history_capacity_nonfinal_full_component_value_fit,all_case_h_multi_step_history_capacity_oracle_fit,active_plus_two_step_source_transport_delta_rows_perp,active non-final velocity plus two-step transported source-row deltas,"0,1",6,24,8,16,24,16,48,44,1.0676617458662479e+06,2,48,3.0420985554975888e-01,True,False,False,False,8,132,24,30,6,1.1966043362889106e+04,1.8390370753258983e-01,1.8388558191675508e-01,1.3088674835399375e-01,1.2916100937274091e-01,7.0239878530124267e-01,9.9263174683660427e-01,1.2916100937274091e-01,7.0232955662327856e-01,9.9262199945861129e-01,3.2676576881851264e-15,4.5145606179748471e-32,True,True,True,False,True,True,False,False,False,False,False,The tested two-step history-transport non-final source features do not reproduce the local correction.,derive a revised weak-row formula or nonlinear recurrent history source law for the coefficient-gradient closure,"This capacity audit advances the terminal output twice and stacks transported source-row/non-final velocity-row deltas from both future states. It tests a multi-step trajectory-history feature space, not a target-free formula and not an accepted nonlinear h-sweep."
cylindrical_sharp,0.01,universal_multi_step_history_capacity_value_full_nonfinal,paper_tfe_lower_pair_velocity_compression_multi_step_history_capacity_gap_not_full_tfe,,universal_multi_step_history_capacity_nonfinal_full_component_value_fit,all_case_h_multi_step_history_capacity_oracle_fit,two_step_velocity_transport_delta_rows_perp,two-step transported non-final velocity-row deltas residualized against local source rows,"0,1",6,24,8,16,24,16,32,24,3.4314768274773023e+05,2,32,1.6903833596011469e-02,False,True,False,False,8,132,24,32,8,2.0219588162459480e+06,1.8390370753258983e-01,1.8388558191675508e-01,1.0551805286755102e-03,1.8388255444961479e-01,9.9998353613639124e-01,9.9999968800858230e-01,1.8388255387188296e-01,9.9988497425641554e-01,9.9999744521819545e-01,9.9960757166159442e-01,4.5145606179748471e-32,True,True,True,False,True,True,False,False,False,False,False,The tested two-step history-transport non-final source features do not reproduce the local correction.,derive a revised weak-row formula or nonlinear recurrent history source law for the coefficient-gradient closure,"This capacity audit advances the terminal output twice and stacks transported source-row/non-final velocity-row deltas from both future states. It tests a multi-step trajectory-history feature space, not a target-free formula and not an accepted nonlinear h-sweep."
cylindrical_sharp,0.01,universal_multi_step_history_capacity_value_full_nonfinal,paper_tfe_lower_pair_velocity_compression_multi_step_history_capacity_gap_not_full_tfe,,universal_multi_step_history_capacity_nonfinal_full_component_value_fit,all_case_h_multi_step_history_capacity_oracle_fit,active_plus_two_step_velocity_transport_delta_rows_perp,active non-final velocity plus two-step transported velocity-row deltas,"0,1",6,24,8,16,24,16,48,32,4.1174520776059391e+05,2,48,2.9697462863371216e-01,False,True,False,False,8,132,23,31,8,3.2871772393827939e+12,1.8390370753258983e-01,1.8388558191675508e-01,1.0552812148714123e-03,1.8388255387181568e-01,9.9998353299422482e-01,9.9999968667766981e-01,1.8388255387181565e-01,9.9988497425604961e-01,9.9999744521797240e-01,9.9960757166144198e-01,4.5145606179748471e-32,True,True,True,False,True,True,False,False,False,False,False,The tested two-step history-transport non-final source features do not reproduce the local correction.,derive a revised weak-row formula or nonlinear recurrent history source law for the coefficient-gradient closure,"This capacity audit advances the terminal output twice and stacks transported source-row/non-final velocity-row deltas from both future states. It tests a multi-step trajectory-history feature space, not a target-free formula and not an accepted nonlinear h-sweep."
cylindrical_sharp,0.01,universal_multi_step_history_capacity_value_full_nonfinal,paper_tfe_lower_pair_velocity_compression_multi_step_history_capacity_gap_not_full_tfe,,universal_multi_step_history_capacity_nonfinal_full_component_value_fit,all_case_h_multi_step_history_capacity_oracle_fit,two_step_source_velocity_transport_delta_rows_perp,two-step transported source-row and non-final velocity-row deltas,"0,1",6,24,8,16,24,16,64,45,2.2935147310102966e+07,2,64,7.0151160660086004e-02,True,True,True,False,8,132,24,32,8,1.1014080450594196e+04,1.8390370753258983e-01,1.8388558191675508e-01,1.3094746960338388e-01,1.2909944787386166e-01,7.0206400375808098e-01,9.9263175603638465e-01,1.2909944787208916e-01,7.0199480806666859e-01,9.9262200863017469e-01,1.5429808652850306e-06,4.5145606179748471e-32,True,True,True,False,True,True,False,False,False,False,False,The tested two-step history-transport non-final source features do not reproduce the local correction.,derive a revised weak-row formula or nonlinear recurrent history source law for the coefficient-gradient closure,"This capacity audit advances the terminal output twice and stacks transported source-row/non-final velocity-row deltas from both future states. It tests a multi-step trajectory-history feature space, not a target-free formula and not an accepted nonlinear h-sweep."
cylindrical_sharp,0.01,universal_multi_step_history_capacity_value_full_nonfinal,paper_tfe_lower_pair_velocity_compression_multi_step_history_capacity_gap_not_full_tfe,,universal_multi_step_history_capacity_nonfinal_full_component_value_fit,all_case_h_multi_step_history_capacity_oracle_fit,active_plus_two_step_source_velocity_transport_delta_rows_perp,active non-final velocity plus two-step source/velocity transport deltas,"0,1",6,24,8,16,24,16,80,53,1.5240196201344386e+07,2,80,3.0467913581971251e-01,True,True,True,False,8,132,24,29,5,1.1016304505366423e+04,1.8390370753258983e-01,1.8388558191675508e-01,1.3094747041474974e-01,1.2909944705087453e-01,7.0206399928254182e-01,9.9263174304885249e-01,1.2909944705087453e-01,7.0199480360120869e-01,9.9262199567089682e-01,2.5641913552687331e-15,4.5145606179748471e-32,True,True,True,False,True,True,False,False,False,False,False,The tested two-step history-transport non-final source features do not reproduce the local correction.,derive a revised weak-row formula or nonlinear recurrent history source law for the coefficient-gradient closure,"This capacity audit advances the terminal output twice and stacks transported source-row/non-final velocity-row deltas from both future states. It tests a multi-step trajectory-history feature space, not a target-free formula and not an accepted nonlinear h-sweep."
