case,h,candidate_basis,status,error_message,candidate_kind,fit_scope,active_stage_rows,training_sample_count,basis_row_count,compression_row_count,source_consistency_rows,velocity_stage_rows,active_velocity_rows,target_row_count,stage_unknown_count,basis_rank,augmented_rank,independent_target_rank,basis_condition,target_jacobian_norm,projection_residual_norm,projection_relative_residual,max_row_relative_residual,min_row_relative_residual,fit_residual_norm,fit_relative_residual,value_residual_norm,value_relative_residual,coefficient_rank,coefficient_condition,coefficient_norm,max_abs_coefficient,coefficient_summary,final_stage_selector_distance_norm,final_stage_selector_relative_distance,nonfinal_stage_energy_fraction,stage0_energy_fraction,stage1_energy_fraction,stage2_energy_fraction,degenerates_to_final_stage_selector,meaningful_nonfinal_energy,basis_value_norm,compressed_value_norm,velocity_basis_value_norm,target_bridge_value_norm,terminal_velocity_norm,residual_norm,min_jacobian_rank,row_span_reproduces_terminal_bridge,velocity_compression_spans_target,value_level_balance_ok,endpoint_boundary_source_removed,target_terminal_boundary_row_used,terminal_row_replacement_used,projection_used,base_projection_relative_residual,oracle_projection_relative_residual,gradient_cap,required_coefficient_gradient_fro_norm,max_required_row_gradient_norm,cap_to_required_gradient_ratio,applied_derivative_fraction,derivative_correction_norm,applied_derivative_correction_norm,bounded_formula_present,bounded_gradient_cap_spans_target,accepted_h_sweep_present,full_tfe_stage_replacement,blocking_gap,next_repair_target,notes
cylindrical_smooth,0.04,case_local_bounded_gradient_value_scalar_nonfinal,paper_tfe_lower_pair_velocity_compression_bounded_gradient_cap_gap_not_full_tfe,,case_local_bounded_gradient_nonfinal_stage_scalar_value_fit,case_local_bounded_gradient_cap_sweep,"0,1",1,24,8,16,24,16,8,132,24,32,8,1.7758709418338032e+10,3.7127280938507345e-01,3.6460859381803423e-01,9.8205035381374428e-01,9.9958717311498269e-01,9.4654885591122195e-01,3.6464473006524034e-01,9.9999999997802724e-01,6.7406137997733683e-18,8.7437433101950413e-01,8,1.0000000000000000e+00,6.9314022035938824e-09,2.1280610198306854e-09,rank=8;fro=6.931402e-09;max_abs=2.128061e-09,2.8284271247461903e+00,1.0000000000000000e+00,9.9999999999999989e-01,8.6837631619231503e-01,4.9590581109346193e-01,0.0000000000000000e+00,False,True,4.9794760420326249e-16,3.7408423261936443e-18,2.7386093150082900e-08,7.7090710015628417e-18,7.8453137228429296e-17,1.1410763597929276e-12,132,False,False,True,True,True,False,False,9.8205078084810948e-01,4.4711225787687983e-15,1.0000000000000000e+04,7.1247367994129296e+16,5.4863606549596488e+16,1.4035606200672547e-13,1.4035606200672547e-13,3.6464473006524034e-01,5.1180098343462538e-14,False,False,False,False,This bounded-gradient cap is insufficient to reproduce the local derivative-aware tangent span.,derive a bounded analytic derivative-aware coefficient-gradient formula and rerun the nonlinear h-sweep,"The row scales the local derivative-aware correction by min(1, cap/required_gradient_norm), so it is an optimistic cap-feasibility audit for bounded coefficient gradients."
cylindrical_smooth,0.04,case_local_bounded_gradient_value_scalar_nonfinal,paper_tfe_lower_pair_velocity_compression_bounded_gradient_cap_gap_not_full_tfe,,case_local_bounded_gradient_nonfinal_stage_scalar_value_fit,case_local_bounded_gradient_cap_sweep,"0,1",1,24,8,16,24,16,8,132,24,32,8,1.7755746837267899e+10,3.7127280938507345e-01,3.6458781537524254e-01,9.8199438838275543e-01,9.9957193956528156e-01,9.4640346435059586e-01,3.6464473006524034e-01,9.9999999997802724e-01,6.7406137997733683e-18,8.7437433101950413e-01,8,1.0000000000000000e+00,6.9314022035938824e-09,2.1280610198306854e-09,rank=8;fro=6.931402e-09;max_abs=2.128061e-09,2.8284271247461903e+00,1.0000000000000000e+00,9.9999999999999989e-01,8.6837631619231503e-01,4.9590581109346193e-01,0.0000000000000000e+00,False,True,4.9794760420326249e-16,3.7408423261936443e-18,2.7386093150082900e-08,7.7090710015628417e-18,7.8453137228429296e-17,1.1410763597929276e-12,132,False,False,True,True,True,False,False,9.8205078084810948e-01,4.4711225787687983e-15,1.0000000000000000e+06,7.1247367994129296e+16,5.4863606549596488e+16,1.4035606200672549e-11,1.4035606200672549e-11,3.6464473006524034e-01,5.1180098343462546e-12,False,False,False,False,This bounded-gradient cap is insufficient to reproduce the local derivative-aware tangent span.,derive a bounded analytic derivative-aware coefficient-gradient formula and rerun the nonlinear h-sweep,"The row scales the local derivative-aware correction by min(1, cap/required_gradient_norm), so it is an optimistic cap-feasibility audit for bounded coefficient gradients."
cylindrical_smooth,0.04,case_local_bounded_gradient_value_scalar_nonfinal,paper_tfe_lower_pair_velocity_compression_bounded_gradient_cap_gap_not_full_tfe,,case_local_bounded_gradient_nonfinal_stage_scalar_value_fit,case_local_bounded_gradient_cap_sweep,"0,1",1,24,8,16,24,16,8,132,24,32,8,1.5455177072687618e+10,3.7127280938507345e-01,3.2097457830068221e-01,8.6452487278101919e-01,8.8143112177336558e-01,8.2657605534566181e-01,3.6464473006524034e-01,9.9999999997802724e-01,6.7406137997733683e-18,8.7437433101950413e-01,8,1.0000000000000000e+00,6.9314022035938824e-09,2.1280610198306854e-09,rank=8;fro=6.931402e-09;max_abs=2.128061e-09,2.8284271247461903e+00,1.0000000000000000e+00,9.9999999999999989e-01,8.6837631619231503e-01,4.9590581109346193e-01,0.0000000000000000e+00,False,True,4.9794760420326249e-16,3.7408423261936443e-18,2.7386093150082900e-08,7.7090710015628417e-18,7.8453137228429296e-17,1.1410763597929276e-12,132,False,False,True,True,True,False,False,9.8205078084810948e-01,4.4711225787687983e-15,1.0000000000000000e+08,7.1247367994129296e+16,5.4863606549596488e+16,1.4035606200672549e-09,1.4035606200672549e-09,3.6464473006524034e-01,5.1180098343462549e-10,False,False,False,False,This bounded-gradient cap is insufficient to reproduce the local derivative-aware tangent span.,derive a bounded analytic derivative-aware coefficient-gradient formula and rerun the nonlinear h-sweep,"The row scales the local derivative-aware correction by min(1, cap/required_gradient_norm), so it is an optimistic cap-feasibility audit for bounded coefficient gradients."
cylindrical_smooth,0.04,case_local_bounded_gradient_value_scalar_nonfinal,paper_tfe_lower_pair_velocity_compression_bounded_gradient_cap_gap_not_full_tfe,,case_local_bounded_gradient_nonfinal_stage_scalar_value_fit,case_local_bounded_gradient_cap_sweep,"0,1",1,24,8,16,24,16,8,132,24,32,8,3.3008485660281223e+08,3.7127280938507345e-01,6.8707542703098081e-03,1.8505945215028283e-02,1.8692201402923964e-02,1.7795753790966748e-02,3.6464473006524034e-01,9.9999999997802724e-01,6.7406137997733683e-18,8.7437433101950413e-01,8,1.0000000000000000e+00,6.9314022035938824e-09,2.1280610198306854e-09,rank=8;fro=6.931402e-09;max_abs=2.128061e-09,2.8284271247461903e+00,1.0000000000000000e+00,9.9999999999999989e-01,8.6837631619231503e-01,4.9590581109346193e-01,0.0000000000000000e+00,False,True,4.9794760420326249e-16,3.7408423261936443e-18,2.7386093150082900e-08,7.7090710015628417e-18,7.8453137228429296e-17,1.1410763597929276e-12,132,False,False,True,True,True,False,False,9.8205078084810948e-01,4.4711225787687983e-15,1.0000000000000000e+10,7.1247367994129296e+16,5.4863606549596488e+16,1.4035606200672547e-07,1.4035606200672547e-07,3.6464473006524034e-01,5.1180098343462547e-08,False,False,False,False,This bounded-gradient cap is insufficient to reproduce the local derivative-aware tangent span.,derive a bounded analytic derivative-aware coefficient-gradient formula and rerun the nonlinear h-sweep,"The row scales the local derivative-aware correction by min(1, cap/required_gradient_norm), so it is an optimistic cap-feasibility audit for bounded coefficient gradients."
cylindrical_smooth,0.04,case_local_bounded_gradient_value_scalar_nonfinal,paper_tfe_lower_pair_velocity_compression_bounded_gradient_cap_gap_not_full_tfe,,case_local_bounded_gradient_nonfinal_stage_scalar_value_fit,case_local_bounded_gradient_cap_sweep,"0,1",1,24,8,16,24,16,8,132,24,32,8,3.3031160989282685e+06,3.7127280938507345e-01,6.8729655390163146e-05,1.8511901128444536e-04,1.8695278119622511e-04,1.7807212537804804e-04,3.6464473006524034e-01,9.9999999997802724e-01,6.7406137997733683e-18,8.7437433101950413e-01,8,1.0000000000000000e+00,6.9314022035938824e-09,2.1280610198306854e-09,rank=8;fro=6.931402e-09;max_abs=2.128061e-09,2.8284271247461903e+00,1.0000000000000000e+00,9.9999999999999989e-01,8.6837631619231503e-01,4.9590581109346193e-01,0.0000000000000000e+00,False,True,4.9794760420326249e-16,3.7408423261936443e-18,2.7386093150082900e-08,7.7090710015628417e-18,7.8453137228429296e-17,1.1410763597929276e-12,132,False,False,True,True,True,False,False,9.8205078084810948e-01,4.4711225787687983e-15,1.0000000000000000e+12,7.1247367994129296e+16,5.4863606549596488e+16,1.4035606200672549e-05,1.4035606200672549e-05,3.6464473006524034e-01,5.1180098343462551e-06,False,False,False,False,This bounded-gradient cap is insufficient to reproduce the local derivative-aware tangent span.,derive a bounded analytic derivative-aware coefficient-gradient formula and rerun the nonlinear h-sweep,"The row scales the local derivative-aware correction by min(1, cap/required_gradient_norm), so it is an optimistic cap-feasibility audit for bounded coefficient gradients."
cylindrical_smooth,0.04,case_local_bounded_gradient_value_scalar_nonfinal,paper_tfe_lower_pair_velocity_compression_bounded_gradient_cap_gap_not_full_tfe,,case_local_bounded_gradient_nonfinal_stage_scalar_value_fit,case_local_bounded_gradient_cap_sweep,"0,1",1,24,8,16,24,16,8,132,24,32,8,3.3031331226862341e+04,3.7127280938507345e-01,6.8634262108614507e-07,1.8486207547030203e-06,1.8669301200477452e-06,1.7782554365621117e-06,3.6464473006524034e-01,9.9999999997802724e-01,6.7406137997733683e-18,8.7437433101950413e-01,8,1.0000000000000000e+00,6.9314022035938824e-09,2.1280610198306854e-09,rank=8;fro=6.931402e-09;max_abs=2.128061e-09,2.8284271247461903e+00,1.0000000000000000e+00,9.9999999999999989e-01,8.6837631619231503e-01,4.9590581109346193e-01,0.0000000000000000e+00,False,True,4.9794760420326249e-16,3.7408423261936443e-18,2.7386093150082900e-08,7.7090710015628417e-18,7.8453137228429296e-17,1.1410763597929276e-12,132,False,False,True,True,True,False,False,9.8205078084810948e-01,4.4711225787687983e-15,1.0000000000000000e+14,7.1247367994129296e+16,5.4863606549596488e+16,1.4035606200672548e-03,1.4035606200672548e-03,3.6464473006524034e-01,5.1180098343462548e-04,False,False,False,False,This bounded-gradient cap is insufficient to reproduce the local derivative-aware tangent span.,derive a bounded analytic derivative-aware coefficient-gradient formula and rerun the nonlinear h-sweep,"The row scales the local derivative-aware correction by min(1, cap/required_gradient_norm), so it is an optimistic cap-feasibility audit for bounded coefficient gradients."
cylindrical_smooth,0.04,case_local_bounded_gradient_value_scalar_nonfinal,paper_tfe_lower_pair_velocity_compression_bounded_gradient_cap_gap_not_full_tfe,,case_local_bounded_gradient_nonfinal_stage_scalar_value_fit,case_local_bounded_gradient_cap_sweep,"0,1",1,24,8,16,24,16,8,132,24,32,8,3.3031332923576321e+02,3.7127280938507345e-01,5.9083956207481633e-09,1.5913892618568105e-08,1.6071508946463090e-08,1.5308151715453684e-08,3.6464473006524034e-01,9.9999999997802724e-01,6.7406137997733683e-18,8.7437433101950413e-01,8,1.0000000000000000e+00,6.9314022035938824e-09,2.1280610198306854e-09,rank=8;fro=6.931402e-09;max_abs=2.128061e-09,2.8284271247461903e+00,1.0000000000000000e+00,9.9999999999999989e-01,8.6837631619231503e-01,4.9590581109346193e-01,0.0000000000000000e+00,False,True,4.9794760420326249e-16,3.7408423261936443e-18,2.7386093150082900e-08,7.7090710015628417e-18,7.8453137228429296e-17,1.1410763597929276e-12,132,False,False,True,True,True,False,False,9.8205078084810948e-01,4.4711225787687983e-15,1.0000000000000000e+16,7.1247367994129296e+16,5.4863606549596488e+16,1.4035606200672548e-01,1.4035606200672548e-01,3.6464473006524034e-01,5.1180098343462550e-02,False,False,False,False,This bounded-gradient cap is insufficient to reproduce the local derivative-aware tangent span.,derive a bounded analytic derivative-aware coefficient-gradient formula and rerun the nonlinear h-sweep,"The row scales the local derivative-aware correction by min(1, cap/required_gradient_norm), so it is an optimistic cap-feasibility audit for bounded coefficient gradients."
cylindrical_smooth,0.04,case_local_bounded_gradient_value_scalar_nonfinal,paper_tfe_lower_pair_velocity_compression_bounded_gradient_cap_spans_not_full_tfe,,case_local_bounded_gradient_nonfinal_stage_scalar_value_fit,case_local_bounded_gradient_cap_sweep,"0,1",1,24,8,16,24,16,8,132,24,24,0,4.6361478140540719e+01,3.7127280938507345e-01,1.6600062409245261e-15,4.4711225787687983e-15,9.0736567829061468e-15,7.2592634788752349e-16,3.6464473006524034e-01,9.9999999997802724e-01,6.7406137997733683e-18,8.7437433101950413e-01,8,1.0000000000000000e+00,6.9314022035938824e-09,2.1280610198306854e-09,rank=8;fro=6.931402e-09;max_abs=2.128061e-09,2.8284271247461903e+00,1.0000000000000000e+00,9.9999999999999989e-01,8.6837631619231503e-01,4.9590581109346193e-01,0.0000000000000000e+00,False,True,4.9794760420326249e-16,3.7408423261936443e-18,2.7386093150082900e-08,7.7090710015628417e-18,7.8453137228429296e-17,1.1410763597929276e-12,132,True,True,True,True,True,False,False,9.8205078084810948e-01,4.4711225787687983e-15,1.0000000000000000e+18,7.1247367994129296e+16,5.4863606549596488e+16,1.4035606200672548e+01,1.0000000000000000e+00,3.6464473006524034e-01,3.6464473006524034e-01,False,True,False,False,"This bounded-gradient cap reproduces the local derivative-aware span, but it is still a cap-scaled oracle rather than an analytic full-TFE residual or nonlinear h-sweep.",derive a bounded analytic derivative-aware coefficient-gradient formula and rerun the nonlinear h-sweep,"The row scales the local derivative-aware correction by min(1, cap/required_gradient_norm), so it is an optimistic cap-feasibility audit for bounded coefficient gradients."
cylindrical_smooth,0.04,universal_bounded_gradient_value_scalar_nonfinal,paper_tfe_lower_pair_velocity_compression_bounded_gradient_cap_gap_not_full_tfe,,universal_bounded_gradient_nonfinal_stage_scalar_value_fit,all_case_h_bounded_gradient_cap_sweep,"0,1",6,24,8,16,24,16,8,132,16,24,8,1.0453703707432651e+11,3.7127280938507345e-01,3.6460022072816028e-01,9.8202780142191193e-01,9.9958684396755371e-01,9.4646611908262746e-01,3.6464473007478193e-01,1.0000000000041940e+00,7.6071816433064978e-18,9.8678318590713610e-01,8,1.0000000000000000e+00,1.1432606374566444e-09,3.2352835765686957e-10,rank=8;fro=1.143261e-09;max_abs=3.235284e-10,2.8284271247461903e+00,1.0000000000000000e+00,1.0000000000000000e+00,8.0040924391222112e-01,5.9945395341082419e-01,0.0000000000000000e+00,False,True,4.9793461947214964e-16,1.0308435453341609e-18,2.7386093150082900e-08,7.7090710015628417e-18,7.8453137228429296e-17,1.1410763597929276e-12,132,False,False,True,True,True,False,False,9.8202502624559018e-01,3.2196221972557013e-15,1.0000000000000000e+04,7.1247367998831528e+16,5.4863606553239992e+16,1.4035606199746217e-13,1.4035606199746217e-13,3.6464473007478193e-01,5.1180098341423958e-14,False,False,False,False,This bounded-gradient cap is insufficient to reproduce the local derivative-aware tangent span.,derive a bounded analytic derivative-aware coefficient-gradient formula and rerun the nonlinear h-sweep,"The row scales the local derivative-aware correction by min(1, cap/required_gradient_norm), so it is an optimistic cap-feasibility audit for bounded coefficient gradients."
cylindrical_smooth,0.04,universal_bounded_gradient_value_scalar_nonfinal,paper_tfe_lower_pair_velocity_compression_bounded_gradient_cap_gap_not_full_tfe,,universal_bounded_gradient_nonfinal_stage_scalar_value_fit,all_case_h_bounded_gradient_cap_sweep,"0,1",6,24,8,16,24,16,8,132,16,24,8,1.0458983877445618e+11,3.7127280938507345e-01,3.6452573047298281e-01,9.8182716659680624e-01,9.9909775508169041e-01,9.4687485183895326e-01,3.6464473007478193e-01,1.0000000000041940e+00,7.6071816433064978e-18,9.8678318590713610e-01,8,1.0000000000000000e+00,1.1432606374566444e-09,3.2352835765686957e-10,rank=8;fro=1.143261e-09;max_abs=3.235284e-10,2.8284271247461903e+00,1.0000000000000000e+00,1.0000000000000000e+00,8.0040924391222112e-01,5.9945395341082419e-01,0.0000000000000000e+00,False,True,4.9793461947214964e-16,1.0308435453341609e-18,2.7386093150082900e-08,7.7090710015628417e-18,7.8453137228429296e-17,1.1410763597929276e-12,132,False,False,True,True,True,False,False,9.8202502624559018e-01,3.2196221972557013e-15,1.0000000000000000e+06,7.1247367998831528e+16,5.4863606553239992e+16,1.4035606199746216e-11,1.4035606199746216e-11,3.6464473007478193e-01,5.1180098341423950e-12,False,False,False,False,This bounded-gradient cap is insufficient to reproduce the local derivative-aware tangent span.,derive a bounded analytic derivative-aware coefficient-gradient formula and rerun the nonlinear h-sweep,"The row scales the local derivative-aware correction by min(1, cap/required_gradient_norm), so it is an optimistic cap-feasibility audit for bounded coefficient gradients."
cylindrical_smooth,0.04,universal_bounded_gradient_value_scalar_nonfinal,paper_tfe_lower_pair_velocity_compression_bounded_gradient_cap_gap_not_full_tfe,,universal_bounded_gradient_nonfinal_stage_scalar_value_fit,all_case_h_bounded_gradient_cap_sweep,"0,1",6,24,8,16,24,16,8,132,22,24,2,3.1780995950961369e+10,3.7127280938507345e-01,1.1138027433759129e-01,2.9999577540317768e-01,3.0251291305889882e-01,2.9031280723469099e-01,3.6464473007478193e-01,1.0000000000041940e+00,7.6071816433064978e-18,9.8678318590713610e-01,8,1.0000000000000000e+00,1.1432606374566444e-09,3.2352835765686957e-10,rank=8;fro=1.143261e-09;max_abs=3.235284e-10,2.8284271247461903e+00,1.0000000000000000e+00,1.0000000000000000e+00,8.0040924391222112e-01,5.9945395341082419e-01,0.0000000000000000e+00,False,True,4.9793461947214964e-16,1.0308435453341609e-18,2.7386093150082900e-08,7.7090710015628417e-18,7.8453137228429296e-17,1.1410763597929276e-12,132,False,False,True,True,True,False,False,9.8202502624559018e-01,3.2196221972557013e-15,1.0000000000000000e+08,7.1247367998831528e+16,5.4863606553239992e+16,1.4035606199746216e-09,1.4035606199746216e-09,3.6464473007478193e-01,5.1180098341423942e-10,False,False,False,False,This bounded-gradient cap is insufficient to reproduce the local derivative-aware tangent span.,derive a bounded analytic derivative-aware coefficient-gradient formula and rerun the nonlinear h-sweep,"The row scales the local derivative-aware correction by min(1, cap/required_gradient_norm), so it is an optimistic cap-feasibility audit for bounded coefficient gradients."
cylindrical_smooth,0.04,universal_bounded_gradient_value_scalar_nonfinal,paper_tfe_lower_pair_velocity_compression_bounded_gradient_cap_gap_not_full_tfe,,universal_bounded_gradient_nonfinal_stage_scalar_value_fit,all_case_h_bounded_gradient_cap_sweep,"0,1",6,24,8,16,24,16,8,132,24,24,0,3.3034442424279773e+08,3.7127280938507345e-01,1.1662368388253739e-03,3.1411856978079606e-03,3.1737409146973933e-03,3.0224094904809122e-03,3.6464473007478193e-01,1.0000000000041940e+00,7.6071816433064978e-18,9.8678318590713610e-01,8,1.0000000000000000e+00,1.1432606374566444e-09,3.2352835765686957e-10,rank=8;fro=1.143261e-09;max_abs=3.235284e-10,2.8284271247461903e+00,1.0000000000000000e+00,1.0000000000000000e+00,8.0040924391222112e-01,5.9945395341082419e-01,0.0000000000000000e+00,False,True,4.9793461947214964e-16,1.0308435453341609e-18,2.7386093150082900e-08,7.7090710015628417e-18,7.8453137228429296e-17,1.1410763597929276e-12,132,False,False,True,True,True,False,False,9.8202502624559018e-01,3.2196221972557013e-15,1.0000000000000000e+10,7.1247367998831528e+16,5.4863606553239992e+16,1.4035606199746216e-07,1.4035606199746216e-07,3.6464473007478193e-01,5.1180098341423950e-08,False,False,False,False,This bounded-gradient cap is insufficient to reproduce the local derivative-aware tangent span.,derive a bounded analytic derivative-aware coefficient-gradient formula and rerun the nonlinear h-sweep,"The row scales the local derivative-aware correction by min(1, cap/required_gradient_norm), so it is an optimistic cap-feasibility audit for bounded coefficient gradients."
cylindrical_smooth,0.04,universal_bounded_gradient_value_scalar_nonfinal,paper_tfe_lower_pair_velocity_compression_bounded_gradient_cap_gap_not_full_tfe,,universal_bounded_gradient_nonfinal_stage_scalar_value_fit,all_case_h_bounded_gradient_cap_sweep,"0,1",6,24,8,16,24,16,8,132,24,24,0,3.3031365667312918e+06,3.7127280938507345e-01,1.1661914838235759e-05,3.1410635369584412e-05,3.1737106251001552e-05,3.0221054203355790e-05,3.6464473007478193e-01,1.0000000000041940e+00,7.6071816433064978e-18,9.8678318590713610e-01,8,1.0000000000000000e+00,1.1432606374566444e-09,3.2352835765686957e-10,rank=8;fro=1.143261e-09;max_abs=3.235284e-10,2.8284271247461903e+00,1.0000000000000000e+00,1.0000000000000000e+00,8.0040924391222112e-01,5.9945395341082419e-01,0.0000000000000000e+00,False,True,4.9793461947214964e-16,1.0308435453341609e-18,2.7386093150082900e-08,7.7090710015628417e-18,7.8453137228429296e-17,1.1410763597929276e-12,132,False,False,True,True,True,False,False,9.8202502624559018e-01,3.2196221972557013e-15,1.0000000000000000e+12,7.1247367998831528e+16,5.4863606553239992e+16,1.4035606199746217e-05,1.4035606199746217e-05,3.6464473007478193e-01,5.1180098341423946e-06,False,False,False,False,This bounded-gradient cap is insufficient to reproduce the local derivative-aware tangent span.,derive a bounded analytic derivative-aware coefficient-gradient formula and rerun the nonlinear h-sweep,"The row scales the local derivative-aware correction by min(1, cap/required_gradient_norm), so it is an optimistic cap-feasibility audit for bounded coefficient gradients."
cylindrical_smooth,0.04,universal_bounded_gradient_value_scalar_nonfinal,paper_tfe_lower_pair_velocity_compression_bounded_gradient_cap_gap_not_full_tfe,,universal_bounded_gradient_nonfinal_stage_scalar_value_fit,all_case_h_bounded_gradient_cap_sweep,"0,1",6,24,8,16,24,16,8,132,24,24,0,3.3031333267465336e+04,3.7127280938507345e-01,1.1645706587453515e-07,3.1366979463812346e-07,3.1693005926755285e-07,3.0179033007824243e-07,3.6464473007478193e-01,1.0000000000041940e+00,7.6071816433064978e-18,9.8678318590713610e-01,8,1.0000000000000000e+00,1.1432606374566444e-09,3.2352835765686957e-10,rank=8;fro=1.143261e-09;max_abs=3.235284e-10,2.8284271247461903e+00,1.0000000000000000e+00,1.0000000000000000e+00,8.0040924391222112e-01,5.9945395341082419e-01,0.0000000000000000e+00,False,True,4.9793461947214964e-16,1.0308435453341609e-18,2.7386093150082900e-08,7.7090710015628417e-18,7.8453137228429296e-17,1.1410763597929276e-12,132,False,False,True,True,True,False,False,9.8202502624559018e-01,3.2196221972557013e-15,1.0000000000000000e+14,7.1247367998831528e+16,5.4863606553239992e+16,1.4035606199746216e-03,1.4035606199746216e-03,3.6464473007478193e-01,5.1180098341423955e-04,False,False,False,False,This bounded-gradient cap is insufficient to reproduce the local derivative-aware tangent span.,derive a bounded analytic derivative-aware coefficient-gradient formula and rerun the nonlinear h-sweep,"The row scales the local derivative-aware correction by min(1, cap/required_gradient_norm), so it is an optimistic cap-feasibility audit for bounded coefficient gradients."
cylindrical_smooth,0.04,universal_bounded_gradient_value_scalar_nonfinal,paper_tfe_lower_pair_velocity_compression_bounded_gradient_cap_spans_not_full_tfe,,universal_bounded_gradient_nonfinal_stage_scalar_value_fit,all_case_h_bounded_gradient_cap_sweep,"0,1",6,24,8,16,24,16,8,132,24,24,0,3.3031332943303704e+02,3.7127280938507345e-01,1.0025232061827033e-09,2.7002333078017443e-09,2.7282993756021287e-09,2.5979686610418089e-09,3.6464473007478193e-01,1.0000000000041940e+00,7.6071816433064978e-18,9.8678318590713610e-01,8,1.0000000000000000e+00,1.1432606374566444e-09,3.2352835765686957e-10,rank=8;fro=1.143261e-09;max_abs=3.235284e-10,2.8284271247461903e+00,1.0000000000000000e+00,1.0000000000000000e+00,8.0040924391222112e-01,5.9945395341082419e-01,0.0000000000000000e+00,False,True,4.9793461947214964e-16,1.0308435453341609e-18,2.7386093150082900e-08,7.7090710015628417e-18,7.8453137228429296e-17,1.1410763597929276e-12,132,True,True,True,True,True,False,False,9.8202502624559018e-01,3.2196221972557013e-15,1.0000000000000000e+16,7.1247367998831528e+16,5.4863606553239992e+16,1.4035606199746217e-01,1.4035606199746217e-01,3.6464473007478193e-01,5.1180098341423952e-02,False,True,False,False,"This bounded-gradient cap reproduces the local derivative-aware span, but it is still a cap-scaled oracle rather than an analytic full-TFE residual or nonlinear h-sweep.",derive a bounded analytic derivative-aware coefficient-gradient formula and rerun the nonlinear h-sweep,"The row scales the local derivative-aware correction by min(1, cap/required_gradient_norm), so it is an optimistic cap-feasibility audit for bounded coefficient gradients."
cylindrical_smooth,0.04,universal_bounded_gradient_value_scalar_nonfinal,paper_tfe_lower_pair_velocity_compression_bounded_gradient_cap_spans_not_full_tfe,,universal_bounded_gradient_nonfinal_stage_scalar_value_fit,all_case_h_bounded_gradient_cap_sweep,"0,1",6,24,8,16,24,16,8,132,24,24,0,4.6361478140540719e+01,3.7127280938507345e-01,1.1953581783336673e-15,3.2196221972557013e-15,6.2719314608305671e-15,6.0337844629087595e-16,3.6464473007478193e-01,1.0000000000041940e+00,7.6071816433064978e-18,9.8678318590713610e-01,8,1.0000000000000000e+00,1.1432606374566444e-09,3.2352835765686957e-10,rank=8;fro=1.143261e-09;max_abs=3.235284e-10,2.8284271247461903e+00,1.0000000000000000e+00,1.0000000000000000e+00,8.0040924391222112e-01,5.9945395341082419e-01,0.0000000000000000e+00,False,True,4.9793461947214964e-16,1.0308435453341609e-18,2.7386093150082900e-08,7.7090710015628417e-18,7.8453137228429296e-17,1.1410763597929276e-12,132,True,True,True,True,True,False,False,9.8202502624559018e-01,3.2196221972557013e-15,1.0000000000000000e+18,7.1247367998831528e+16,5.4863606553239992e+16,1.4035606199746217e+01,1.0000000000000000e+00,3.6464473007478193e-01,3.6464473007478193e-01,False,True,False,False,"This bounded-gradient cap reproduces the local derivative-aware span, but it is still a cap-scaled oracle rather than an analytic full-TFE residual or nonlinear h-sweep.",derive a bounded analytic derivative-aware coefficient-gradient formula and rerun the nonlinear h-sweep,"The row scales the local derivative-aware correction by min(1, cap/required_gradient_norm), so it is an optimistic cap-feasibility audit for bounded coefficient gradients."
cylindrical_smooth,0.04,case_local_bounded_gradient_value_component_nonfinal,paper_tfe_lower_pair_velocity_compression_bounded_gradient_cap_gap_not_full_tfe,,case_local_bounded_gradient_nonfinal_component_diagonal_value_fit,case_local_bounded_gradient_cap_sweep,"0,1",1,24,8,16,24,16,8,132,21,29,8,2.2725976050239746e+12,3.7127280938507345e-01,3.6462823697511998e-01,9.8210326142396842e-01,9.9958181440513183e-01,9.4684084865747709e-01,3.6505364663439654e-01,1.0011214108621884e+00,1.0969092796788381e-33,1.4228812777265437e-16,6,3.6449131705056280e+08,1.7474619986034923e-01,1.7186700044990721e-01,rank=6;fro=1.747462e-01;max_abs=1.718670e-01,2.8338200779805396e+00,1.0019066969013151e+00,1.0000000000000000e+00,9.8444729932693398e-01,1.7568014927107184e-01,0.0000000000000000e+00,False,True,4.9799322526131485e-16,7.7090710015628417e-18,2.7386093150082900e-08,7.7090710015628417e-18,7.8453137228429296e-17,1.1410763597929276e-12,132,False,False,True,True,True,False,False,9.8210382100104332e-01,5.0229174700180062e-15,1.0000000000000000e+04,7.1667440035586576e+16,5.4848208646161960e+16,1.3953337798914661e-13,1.3953337798914661e-13,3.6505364663439654e-01,5.0937168462153606e-14,False,False,False,False,This bounded-gradient cap is insufficient to reproduce the local derivative-aware tangent span.,derive a bounded analytic derivative-aware coefficient-gradient formula and rerun the nonlinear h-sweep,"The row scales the local derivative-aware correction by min(1, cap/required_gradient_norm), so it is an optimistic cap-feasibility audit for bounded coefficient gradients."
cylindrical_smooth,0.04,case_local_bounded_gradient_value_component_nonfinal,paper_tfe_lower_pair_velocity_compression_bounded_gradient_cap_gap_not_full_tfe,,case_local_bounded_gradient_nonfinal_component_diagonal_value_fit,case_local_bounded_gradient_cap_sweep,"0,1",1,24,8,16,24,16,8,132,21,29,8,1.2489766515459541e+12,3.7127280938507345e-01,3.6234831673113438e-01,9.7596243940211935e-01,9.9798637418177361e-01,9.4683931619186534e-01,3.6505364663439654e-01,1.0011214108621884e+00,1.0969092796788381e-33,1.4228812777265437e-16,6,3.6449131705056280e+08,1.7474619986034923e-01,1.7186700044990721e-01,rank=6;fro=1.747462e-01;max_abs=1.718670e-01,2.8338200779805396e+00,1.0019066969013151e+00,1.0000000000000000e+00,9.8444729932693398e-01,1.7568014927107184e-01,0.0000000000000000e+00,False,True,4.9799322526131485e-16,7.7090710015628417e-18,2.7386093150082900e-08,7.7090710015628417e-18,7.8453137228429296e-17,1.1410763597929276e-12,132,False,False,True,True,True,False,False,9.8210382100104332e-01,5.0229174700180062e-15,1.0000000000000000e+06,7.1667440035586576e+16,5.4848208646161960e+16,1.3953337798914660e-11,1.3953337798914660e-11,3.6505364663439654e-01,5.0937168462153599e-12,False,False,False,False,This bounded-gradient cap is insufficient to reproduce the local derivative-aware tangent span.,derive a bounded analytic derivative-aware coefficient-gradient formula and rerun the nonlinear h-sweep,"The row scales the local derivative-aware correction by min(1, cap/required_gradient_norm), so it is an optimistic cap-feasibility audit for bounded coefficient gradients."
cylindrical_smooth,0.04,case_local_bounded_gradient_value_component_nonfinal,paper_tfe_lower_pair_velocity_compression_bounded_gradient_cap_gap_not_full_tfe,,case_local_bounded_gradient_nonfinal_component_diagonal_value_fit,case_local_bounded_gradient_cap_sweep,"0,1",1,24,8,16,24,16,8,132,24,29,5,2.5852912017409504e+10,3.7127280938507345e-01,2.3459737105740544e-01,6.3187328866329073e-01,9.8549746345650024e-01,6.1265208473211333e-03,3.6505364663439654e-01,1.0011214108621884e+00,1.0969092796788381e-33,1.4228812777265437e-16,6,3.6449131705056280e+08,1.7474619986034923e-01,1.7186700044990721e-01,rank=6;fro=1.747462e-01;max_abs=1.718670e-01,2.8338200779805396e+00,1.0019066969013151e+00,1.0000000000000000e+00,9.8444729932693398e-01,1.7568014927107184e-01,0.0000000000000000e+00,False,True,4.9799322526131485e-16,7.7090710015628417e-18,2.7386093150082900e-08,7.7090710015628417e-18,7.8453137228429296e-17,1.1410763597929276e-12,132,False,False,True,True,True,False,False,9.8210382100104332e-01,5.0229174700180062e-15,1.0000000000000000e+08,7.1667440035586576e+16,5.4848208646161960e+16,1.3953337798914661e-09,1.3953337798914661e-09,3.6505364663439654e-01,5.0937168462153605e-10,False,False,False,False,This bounded-gradient cap is insufficient to reproduce the local derivative-aware tangent span.,derive a bounded analytic derivative-aware coefficient-gradient formula and rerun the nonlinear h-sweep,"The row scales the local derivative-aware correction by min(1, cap/required_gradient_norm), so it is an optimistic cap-feasibility audit for bounded coefficient gradients."
cylindrical_smooth,0.04,case_local_bounded_gradient_value_component_nonfinal,paper_tfe_lower_pair_velocity_compression_bounded_gradient_cap_gap_not_full_tfe,,case_local_bounded_gradient_nonfinal_component_diagonal_value_fit,case_local_bounded_gradient_cap_sweep,"0,1",1,24,8,16,24,16,8,132,24,29,5,3.0683018346778375e+08,3.7127280938507345e-01,1.1927623684434932e-01,3.2126305463064342e-01,7.9489157876226535e-01,6.1908810820701112e-05,3.6505364663439654e-01,1.0011214108621884e+00,1.0969092796788381e-33,1.4228812777265437e-16,6,3.6449131705056280e+08,1.7474619986034923e-01,1.7186700044990721e-01,rank=6;fro=1.747462e-01;max_abs=1.718670e-01,2.8338200779805396e+00,1.0019066969013151e+00,1.0000000000000000e+00,9.8444729932693398e-01,1.7568014927107184e-01,0.0000000000000000e+00,False,True,4.9799322526131485e-16,7.7090710015628417e-18,2.7386093150082900e-08,7.7090710015628417e-18,7.8453137228429296e-17,1.1410763597929276e-12,132,False,False,True,True,True,False,False,9.8210382100104332e-01,5.0229174700180062e-15,1.0000000000000000e+10,7.1667440035586576e+16,5.4848208646161960e+16,1.3953337798914660e-07,1.3953337798914660e-07,3.6505364663439654e-01,5.0937168462153606e-08,False,False,False,False,This bounded-gradient cap is insufficient to reproduce the local derivative-aware tangent span.,derive a bounded analytic derivative-aware coefficient-gradient formula and rerun the nonlinear h-sweep,"The row scales the local derivative-aware correction by min(1, cap/required_gradient_norm), so it is an optimistic cap-feasibility audit for bounded coefficient gradients."
cylindrical_smooth,0.04,case_local_bounded_gradient_value_component_nonfinal,paper_tfe_lower_pair_velocity_compression_bounded_gradient_cap_gap_not_full_tfe,,case_local_bounded_gradient_nonfinal_component_diagonal_value_fit,case_local_bounded_gradient_cap_sweep,"0,1",1,24,8,16,24,16,8,132,24,29,5,3.0685083079413008e+06,3.7127280938507345e-01,1.1789956942227023e-01,3.1755508736969801e-01,7.9422947165279889e-01,6.1916373909984835e-07,3.6505364663439654e-01,1.0011214108621884e+00,1.0969092796788381e-33,1.4228812777265437e-16,6,3.6449131705056280e+08,1.7474619986034923e-01,1.7186700044990721e-01,rank=6;fro=1.747462e-01;max_abs=1.718670e-01,2.8338200779805396e+00,1.0019066969013151e+00,1.0000000000000000e+00,9.8444729932693398e-01,1.7568014927107184e-01,0.0000000000000000e+00,False,True,4.9799322526131485e-16,7.7090710015628417e-18,2.7386093150082900e-08,7.7090710015628417e-18,7.8453137228429296e-17,1.1410763597929276e-12,132,False,False,True,True,True,False,False,9.8210382100104332e-01,5.0229174700180062e-15,1.0000000000000000e+12,7.1667440035586576e+16,5.4848208646161960e+16,1.3953337798914661e-05,1.3953337798914661e-05,3.6505364663439654e-01,5.0937168462153610e-06,False,False,False,False,This bounded-gradient cap is insufficient to reproduce the local derivative-aware tangent span.,derive a bounded analytic derivative-aware coefficient-gradient formula and rerun the nonlinear h-sweep,"The row scales the local derivative-aware correction by min(1, cap/required_gradient_norm), so it is an optimistic cap-feasibility audit for bounded coefficient gradients."
cylindrical_smooth,0.04,case_local_bounded_gradient_value_component_nonfinal,paper_tfe_lower_pair_velocity_compression_bounded_gradient_cap_gap_not_full_tfe,,case_local_bounded_gradient_nonfinal_component_diagonal_value_fit,case_local_bounded_gradient_cap_sweep,"0,1",1,24,8,16,24,16,8,132,24,29,5,3.0688466035968486e+04,3.7127280938507345e-01,1.1769543592387231e-01,3.1700526660922806e-01,7.9166537580852259e-01,6.1903219034652444e-09,3.6505364663439654e-01,1.0011214108621884e+00,1.0969092796788381e-33,1.4228812777265437e-16,6,3.6449131705056280e+08,1.7474619986034923e-01,1.7186700044990721e-01,rank=6;fro=1.747462e-01;max_abs=1.718670e-01,2.8338200779805396e+00,1.0019066969013151e+00,1.0000000000000000e+00,9.8444729932693398e-01,1.7568014927107184e-01,0.0000000000000000e+00,False,True,4.9799322526131485e-16,7.7090710015628417e-18,2.7386093150082900e-08,7.7090710015628417e-18,7.8453137228429296e-17,1.1410763597929276e-12,132,False,False,True,True,True,False,False,9.8210382100104332e-01,5.0229174700180062e-15,1.0000000000000000e+14,7.1667440035586576e+16,5.4848208646161960e+16,1.3953337798914660e-03,1.3953337798914660e-03,3.6505364663439654e-01,5.0937168462153600e-04,False,False,False,False,This bounded-gradient cap is insufficient to reproduce the local derivative-aware tangent span.,derive a bounded analytic derivative-aware coefficient-gradient formula and rerun the nonlinear h-sweep,"The row scales the local derivative-aware correction by min(1, cap/required_gradient_norm), so it is an optimistic cap-feasibility audit for bounded coefficient gradients."
cylindrical_smooth,0.04,case_local_bounded_gradient_value_component_nonfinal,paper_tfe_lower_pair_velocity_compression_bounded_gradient_cap_gap_not_full_tfe,,case_local_bounded_gradient_nonfinal_component_diagonal_value_fit,case_local_bounded_gradient_cap_sweep,"0,1",1,24,8,16,24,16,8,132,24,28,4,3.2497823789224725e+02,3.7127280938507345e-01,6.6798462808604700e-02,1.7991746532486644e-01,6.2433267007596571e-01,6.0559317465689497e-11,3.6505364663439654e-01,1.0011214108621884e+00,1.0969092796788381e-33,1.4228812777265437e-16,6,3.6449131705056280e+08,1.7474619986034923e-01,1.7186700044990721e-01,rank=6;fro=1.747462e-01;max_abs=1.718670e-01,2.8338200779805396e+00,1.0019066969013151e+00,1.0000000000000000e+00,9.8444729932693398e-01,1.7568014927107184e-01,0.0000000000000000e+00,False,True,4.9799322526131485e-16,7.7090710015628417e-18,2.7386093150082900e-08,7.7090710015628417e-18,7.8453137228429296e-17,1.1410763597929276e-12,132,False,False,True,True,True,False,False,9.8210382100104332e-01,5.0229174700180062e-15,1.0000000000000000e+16,7.1667440035586576e+16,5.4848208646161960e+16,1.3953337798914661e-01,1.3953337798914661e-01,3.6505364663439654e-01,5.0937168462153612e-02,False,False,False,False,This bounded-gradient cap is insufficient to reproduce the local derivative-aware tangent span.,derive a bounded analytic derivative-aware coefficient-gradient formula and rerun the nonlinear h-sweep,"The row scales the local derivative-aware correction by min(1, cap/required_gradient_norm), so it is an optimistic cap-feasibility audit for bounded coefficient gradients."
cylindrical_smooth,0.04,case_local_bounded_gradient_value_component_nonfinal,paper_tfe_lower_pair_velocity_compression_bounded_gradient_cap_spans_not_full_tfe,,case_local_bounded_gradient_nonfinal_component_diagonal_value_fit,case_local_bounded_gradient_cap_sweep,"0,1",1,24,8,16,24,16,8,132,24,24,0,4.6361944281832784e+01,3.7127280938507345e-01,1.8648726804029507e-15,5.0229174700180062e-15,9.6608307193987226e-15,1.5624181994026775e-15,3.6505364663439654e-01,1.0011214108621884e+00,1.0969092796788381e-33,1.4228812777265437e-16,6,3.6449131705056280e+08,1.7474619986034923e-01,1.7186700044990721e-01,rank=6;fro=1.747462e-01;max_abs=1.718670e-01,2.8338200779805396e+00,1.0019066969013151e+00,1.0000000000000000e+00,9.8444729932693398e-01,1.7568014927107184e-01,0.0000000000000000e+00,False,True,4.9799322526131485e-16,7.7090710015628417e-18,2.7386093150082900e-08,7.7090710015628417e-18,7.8453137228429296e-17,1.1410763597929276e-12,132,True,True,True,True,True,False,False,9.8210382100104332e-01,5.0229174700180062e-15,1.0000000000000000e+18,7.1667440035586576e+16,5.4848208646161960e+16,1.3953337798914660e+01,1.0000000000000000e+00,3.6505364663439654e-01,3.6505364663439654e-01,False,True,False,False,"This bounded-gradient cap reproduces the local derivative-aware span, but it is still a cap-scaled oracle rather than an analytic full-TFE residual or nonlinear h-sweep.",derive a bounded analytic derivative-aware coefficient-gradient formula and rerun the nonlinear h-sweep,"The row scales the local derivative-aware correction by min(1, cap/required_gradient_norm), so it is an optimistic cap-feasibility audit for bounded coefficient gradients."
cylindrical_smooth,0.04,universal_bounded_gradient_value_component_nonfinal,paper_tfe_lower_pair_velocity_compression_bounded_gradient_cap_gap_not_full_tfe,,universal_bounded_gradient_nonfinal_component_diagonal_value_fit,all_case_h_bounded_gradient_cap_sweep,"0,1",6,24,8,16,24,16,8,132,22,30,8,8.9079622385762329e+10,3.7127280938507345e-01,3.6460719937042896e-01,9.8204659795667637e-01,9.9958795716122273e-01,9.4649081300054783e-01,3.6499396871481160e-01,1.0009577504150104e+00,2.6003532570117728e-19,3.3731084542931430e-02,8,5.1760023273602521e+08,1.6219075510265546e-01,9.9289078893220237e-02,rank=8;fro=1.621908e-01;max_abs=9.928908e-02,2.8330735678836105e+00,1.0016427657254339e+00,1.0000000000000000e+00,8.5653393329897720e-01,5.1609071015411934e-01,0.0000000000000000e+00,False,True,4.9799371744516308e-16,7.7407999840729781e-18,2.7386093150082900e-08,7.7090710015628417e-18,7.8453137228429296e-17,1.1410763597929276e-12,132,False,False,True,True,True,False,False,9.8204346218504668e-01,1.7995985870826679e-15,1.0000000000000000e+04,7.1715302472999352e+16,5.5301622470583384e+16,1.3944025410427540e-13,1.3944025410427540e-13,3.6499396871481160e-01,5.0894851744121280e-14,False,False,False,False,This bounded-gradient cap is insufficient to reproduce the local derivative-aware tangent span.,derive a bounded analytic derivative-aware coefficient-gradient formula and rerun the nonlinear h-sweep,"The row scales the local derivative-aware correction by min(1, cap/required_gradient_norm), so it is an optimistic cap-feasibility audit for bounded coefficient gradients."
cylindrical_smooth,0.04,universal_bounded_gradient_value_component_nonfinal,paper_tfe_lower_pair_velocity_compression_bounded_gradient_cap_gap_not_full_tfe,,universal_bounded_gradient_nonfinal_component_diagonal_value_fit,all_case_h_bounded_gradient_cap_sweep,"0,1",6,24,8,16,24,16,8,132,22,30,8,8.9065976296199127e+10,3.7127280938507345e-01,3.6457890305870205e-01,9.8197038361775457e-01,9.9947920893484343e-01,9.4634469085849715e-01,3.6499396871481160e-01,1.0009577504150104e+00,2.6003532570117728e-19,3.3731084542931430e-02,8,5.1760023273602521e+08,1.6219075510265546e-01,9.9289078893220237e-02,rank=8;fro=1.621908e-01;max_abs=9.928908e-02,2.8330735678836105e+00,1.0016427657254339e+00,1.0000000000000000e+00,8.5653393329897720e-01,5.1609071015411934e-01,0.0000000000000000e+00,False,True,4.9799371744516308e-16,7.7407999840729781e-18,2.7386093150082900e-08,7.7090710015628417e-18,7.8453137228429296e-17,1.1410763597929276e-12,132,False,False,True,True,True,False,False,9.8204346218504668e-01,1.7995985870826679e-15,1.0000000000000000e+06,7.1715302472999352e+16,5.5301622470583384e+16,1.3944025410427540e-11,1.3944025410427540e-11,3.6499396871481160e-01,5.0894851744121286e-12,False,False,False,False,This bounded-gradient cap is insufficient to reproduce the local derivative-aware tangent span.,derive a bounded analytic derivative-aware coefficient-gradient formula and rerun the nonlinear h-sweep,"The row scales the local derivative-aware correction by min(1, cap/required_gradient_norm), so it is an optimistic cap-feasibility audit for bounded coefficient gradients."
cylindrical_smooth,0.04,universal_bounded_gradient_value_component_nonfinal,paper_tfe_lower_pair_velocity_compression_bounded_gradient_cap_gap_not_full_tfe,,universal_bounded_gradient_nonfinal_component_diagonal_value_fit,all_case_h_bounded_gradient_cap_sweep,"0,1",6,24,8,16,24,16,8,132,24,30,6,2.0399236821993927e+10,3.7127280938507345e-01,2.8697647810932242e-01,7.7295312464339039e-01,9.8909155272400806e-01,1.5494927852717580e-01,3.6499396871481160e-01,1.0009577504150104e+00,2.6003532570117728e-19,3.3731084542931430e-02,8,5.1760023273602521e+08,1.6219075510265546e-01,9.9289078893220237e-02,rank=8;fro=1.621908e-01;max_abs=9.928908e-02,2.8330735678836105e+00,1.0016427657254339e+00,1.0000000000000000e+00,8.5653393329897720e-01,5.1609071015411934e-01,0.0000000000000000e+00,False,True,4.9799371744516308e-16,7.7407999840729781e-18,2.7386093150082900e-08,7.7090710015628417e-18,7.8453137228429296e-17,1.1410763597929276e-12,132,False,False,True,True,True,False,False,9.8204346218504668e-01,1.7995985870826679e-15,1.0000000000000000e+08,7.1715302472999352e+16,5.5301622470583384e+16,1.3944025410427540e-09,1.3944025410427540e-09,3.6499396871481160e-01,5.0894851744121274e-10,False,False,False,False,This bounded-gradient cap is insufficient to reproduce the local derivative-aware tangent span.,derive a bounded analytic derivative-aware coefficient-gradient formula and rerun the nonlinear h-sweep,"The row scales the local derivative-aware correction by min(1, cap/required_gradient_norm), so it is an optimistic cap-feasibility audit for bounded coefficient gradients."
cylindrical_smooth,0.04,universal_bounded_gradient_value_component_nonfinal,paper_tfe_lower_pair_velocity_compression_bounded_gradient_cap_gap_not_full_tfe,,universal_bounded_gradient_nonfinal_component_diagonal_value_fit,all_case_h_bounded_gradient_cap_sweep,"0,1",6,24,8,16,24,16,8,132,24,30,6,3.0648642352079570e+08,3.7127280938507345e-01,1.4060213134822569e-01,3.7870301243201793e-01,7.9621986343549300e-01,1.5810958321680921e-03,3.6499396871481160e-01,1.0009577504150104e+00,2.6003532570117728e-19,3.3731084542931430e-02,8,5.1760023273602521e+08,1.6219075510265546e-01,9.9289078893220237e-02,rank=8;fro=1.621908e-01;max_abs=9.928908e-02,2.8330735678836105e+00,1.0016427657254339e+00,1.0000000000000000e+00,8.5653393329897720e-01,5.1609071015411934e-01,0.0000000000000000e+00,False,True,4.9799371744516308e-16,7.7407999840729781e-18,2.7386093150082900e-08,7.7090710015628417e-18,7.8453137228429296e-17,1.1410763597929276e-12,132,False,False,True,True,True,False,False,9.8204346218504668e-01,1.7995985870826679e-15,1.0000000000000000e+10,7.1715302472999352e+16,5.5301622470583384e+16,1.3944025410427540e-07,1.3944025410427540e-07,3.6499396871481160e-01,5.0894851744121279e-08,False,False,False,False,This bounded-gradient cap is insufficient to reproduce the local derivative-aware tangent span.,derive a bounded analytic derivative-aware coefficient-gradient formula and rerun the nonlinear h-sweep,"The row scales the local derivative-aware correction by min(1, cap/required_gradient_norm), so it is an optimistic cap-feasibility audit for bounded coefficient gradients."
cylindrical_smooth,0.04,universal_bounded_gradient_value_component_nonfinal,paper_tfe_lower_pair_velocity_compression_bounded_gradient_cap_gap_not_full_tfe,,universal_bounded_gradient_nonfinal_component_diagonal_value_fit,all_case_h_bounded_gradient_cap_sweep,"0,1",6,24,8,16,24,16,8,132,24,30,6,3.0705484931169590e+06,3.7127280938507345e-01,1.1790908329070733e-01,3.1758071237696112e-01,7.9432581528562707e-01,1.5832102152008383e-05,3.6499396871481160e-01,1.0009577504150104e+00,2.6003532570117728e-19,3.3731084542931430e-02,8,5.1760023273602521e+08,1.6219075510265546e-01,9.9289078893220237e-02,rank=8;fro=1.621908e-01;max_abs=9.928908e-02,2.8330735678836105e+00,1.0016427657254339e+00,1.0000000000000000e+00,8.5653393329897720e-01,5.1609071015411934e-01,0.0000000000000000e+00,False,True,4.9799371744516308e-16,7.7407999840729781e-18,2.7386093150082900e-08,7.7090710015628417e-18,7.8453137228429296e-17,1.1410763597929276e-12,132,False,False,True,True,True,False,False,9.8204346218504668e-01,1.7995985870826679e-15,1.0000000000000000e+12,7.1715302472999352e+16,5.5301622470583384e+16,1.3944025410427540e-05,1.3944025410427540e-05,3.6499396871481160e-01,5.0894851744121281e-06,False,False,False,False,This bounded-gradient cap is insufficient to reproduce the local derivative-aware tangent span.,derive a bounded analytic derivative-aware coefficient-gradient formula and rerun the nonlinear h-sweep,"The row scales the local derivative-aware correction by min(1, cap/required_gradient_norm), so it is an optimistic cap-feasibility audit for bounded coefficient gradients."
cylindrical_smooth,0.04,universal_bounded_gradient_value_component_nonfinal,paper_tfe_lower_pair_velocity_compression_bounded_gradient_cap_gap_not_full_tfe,,universal_bounded_gradient_nonfinal_component_diagonal_value_fit,all_case_h_bounded_gradient_cap_sweep,"0,1",6,24,8,16,24,16,8,132,24,30,6,3.0705787807227829e+04,3.7127280938507345e-01,1.1788651905152563e-01,3.1751993701552522e-01,7.9419584356341688e-01,1.5811097480471245e-07,3.6499396871481160e-01,1.0009577504150104e+00,2.6003532570117728e-19,3.3731084542931430e-02,8,5.1760023273602521e+08,1.6219075510265546e-01,9.9289078893220237e-02,rank=8;fro=1.621908e-01;max_abs=9.928908e-02,2.8330735678836105e+00,1.0016427657254339e+00,1.0000000000000000e+00,8.5653393329897720e-01,5.1609071015411934e-01,0.0000000000000000e+00,False,True,4.9799371744516308e-16,7.7407999840729781e-18,2.7386093150082900e-08,7.7090710015628417e-18,7.8453137228429296e-17,1.1410763597929276e-12,132,False,False,True,True,True,False,False,9.8204346218504668e-01,1.7995985870826679e-15,1.0000000000000000e+14,7.1715302472999352e+16,5.5301622470583384e+16,1.3944025410427541e-03,1.3944025410427541e-03,3.6499396871481160e-01,5.0894851744121288e-04,False,False,False,False,This bounded-gradient cap is insufficient to reproduce the local derivative-aware tangent span.,derive a bounded analytic derivative-aware coefficient-gradient formula and rerun the nonlinear h-sweep,"The row scales the local derivative-aware correction by min(1, cap/required_gradient_norm), so it is an optimistic cap-feasibility audit for bounded coefficient gradients."
cylindrical_smooth,0.04,universal_bounded_gradient_value_component_nonfinal,paper_tfe_lower_pair_velocity_compression_bounded_gradient_cap_gap_not_full_tfe,,universal_bounded_gradient_nonfinal_component_diagonal_value_fit,all_case_h_bounded_gradient_cap_sweep,"0,1",6,24,8,16,24,16,8,132,24,29,5,3.1472772692470596e+02,3.7127280938507345e-01,7.9633735218212792e-02,2.1448846563826596e-01,5.7388643676367268e-01,1.4827753449133933e-09,3.6499396871481160e-01,1.0009577504150104e+00,2.6003532570117728e-19,3.3731084542931430e-02,8,5.1760023273602521e+08,1.6219075510265546e-01,9.9289078893220237e-02,rank=8;fro=1.621908e-01;max_abs=9.928908e-02,2.8330735678836105e+00,1.0016427657254339e+00,1.0000000000000000e+00,8.5653393329897720e-01,5.1609071015411934e-01,0.0000000000000000e+00,False,True,4.9799371744516308e-16,7.7407999840729781e-18,2.7386093150082900e-08,7.7090710015628417e-18,7.8453137228429296e-17,1.1410763597929276e-12,132,False,False,True,True,True,False,False,9.8204346218504668e-01,1.7995985870826679e-15,1.0000000000000000e+16,7.1715302472999352e+16,5.5301622470583384e+16,1.3944025410427541e-01,1.3944025410427541e-01,3.6499396871481160e-01,5.0894851744121276e-02,False,False,False,False,This bounded-gradient cap is insufficient to reproduce the local derivative-aware tangent span.,derive a bounded analytic derivative-aware coefficient-gradient formula and rerun the nonlinear h-sweep,"The row scales the local derivative-aware correction by min(1, cap/required_gradient_norm), so it is an optimistic cap-feasibility audit for bounded coefficient gradients."
cylindrical_smooth,0.04,universal_bounded_gradient_value_component_nonfinal,paper_tfe_lower_pair_velocity_compression_bounded_gradient_cap_spans_not_full_tfe,,universal_bounded_gradient_nonfinal_component_diagonal_value_fit,all_case_h_bounded_gradient_cap_sweep,"0,1",6,24,8,16,24,16,8,132,24,24,0,4.6364285432856498e+01,3.7127280938507345e-01,6.6814202319159088e-16,1.7995985870826679e-15,2.8654538360881419e-15,1.1124685353638997e-15,3.6499396871481160e-01,1.0009577504150104e+00,2.6003532570117728e-19,3.3731084542931430e-02,8,5.1760023273602521e+08,1.6219075510265546e-01,9.9289078893220237e-02,rank=8;fro=1.621908e-01;max_abs=9.928908e-02,2.8330735678836105e+00,1.0016427657254339e+00,1.0000000000000000e+00,8.5653393329897720e-01,5.1609071015411934e-01,0.0000000000000000e+00,False,True,4.9799371744516308e-16,7.7407999840729781e-18,2.7386093150082900e-08,7.7090710015628417e-18,7.8453137228429296e-17,1.1410763597929276e-12,132,True,True,True,True,True,False,False,9.8204346218504668e-01,1.7995985870826679e-15,1.0000000000000000e+18,7.1715302472999352e+16,5.5301622470583384e+16,1.3944025410427541e+01,1.0000000000000000e+00,3.6499396871481160e-01,3.6499396871481160e-01,False,True,False,False,"This bounded-gradient cap reproduces the local derivative-aware span, but it is still a cap-scaled oracle rather than an analytic full-TFE residual or nonlinear h-sweep.",derive a bounded analytic derivative-aware coefficient-gradient formula and rerun the nonlinear h-sweep,"The row scales the local derivative-aware correction by min(1, cap/required_gradient_norm), so it is an optimistic cap-feasibility audit for bounded coefficient gradients."
cylindrical_smooth,0.04,case_local_bounded_gradient_value_full_nonfinal,paper_tfe_lower_pair_velocity_compression_bounded_gradient_cap_gap_not_full_tfe,,case_local_bounded_gradient_nonfinal_full_component_value_fit,case_local_bounded_gradient_cap_sweep,"0,1",1,24,8,16,24,16,8,132,24,24,0,6.1730121905352491e+04,3.7127280938507345e-01,6.4439577112880641e-08,1.7356395481697063e-07,2.7047639176958625e-07,2.1941260539389354e-09,3.6464473007330461e-01,1.0000000000001426e+00,1.8913227921974338e-33,2.4533731649559463e-16,1,1.0000000000000000e+00,2.8149582926323710e-10,1.3524641904616002e-10,rank=1;fro=2.814958e-10;max_abs=1.352464e-10,2.8284271247461903e+00,1.0000000000000000e+00,1.0000000000000000e+00,5.3035866684290311e-01,8.4777336859836450e-01,0.0000000000000000e+00,False,True,4.9799322526131485e-16,7.7090710015628432e-18,2.7386093150082900e-08,7.7090710015628417e-18,7.8453137228429296e-17,1.1410763597929276e-12,132,False,False,True,True,True,False,False,9.8207256834463863e-01,1.0184665433389646e-15,1.0000000000000000e+04,1.3314959825593116e+07,5.5271420985271623e+06,7.5103493596568541e-04,7.5103493596568541e-04,3.6464473007330461e-01,2.7386093150082896e-04,False,False,False,False,This bounded-gradient cap is insufficient to reproduce the local derivative-aware tangent span.,derive a bounded analytic derivative-aware coefficient-gradient formula and rerun the nonlinear h-sweep,"The row scales the local derivative-aware correction by min(1, cap/required_gradient_norm), so it is an optimistic cap-feasibility audit for bounded coefficient gradients."
cylindrical_smooth,0.04,case_local_bounded_gradient_value_full_nonfinal,paper_tfe_lower_pair_velocity_compression_bounded_gradient_cap_spans_not_full_tfe,,case_local_bounded_gradient_nonfinal_full_component_value_fit,case_local_bounded_gradient_cap_sweep,"0,1",1,24,8,16,24,16,8,132,24,24,0,6.1730121889786744e+02,3.7127280938507345e-01,5.9644734961751854e-10,1.6064934854922287e-09,2.5035069167413858e-09,2.0308646647511616e-11,3.6464473007330461e-01,1.0000000000001426e+00,1.8913227921974338e-33,2.4533731649559463e-16,1,1.0000000000000000e+00,2.8149582926323710e-10,1.3524641904616002e-10,rank=1;fro=2.814958e-10;max_abs=1.352464e-10,2.8284271247461903e+00,1.0000000000000000e+00,1.0000000000000000e+00,5.3035866684290311e-01,8.4777336859836450e-01,0.0000000000000000e+00,False,True,4.9799322526131485e-16,7.7090710015628432e-18,2.7386093150082900e-08,7.7090710015628417e-18,7.8453137228429296e-17,1.1410763597929276e-12,132,True,True,True,True,True,False,False,9.8207256834463863e-01,1.0184665433389646e-15,1.0000000000000000e+06,1.3314959825593116e+07,5.5271420985271623e+06,7.5103493596568552e-02,7.5103493596568552e-02,3.6464473007330461e-01,2.7386093150082905e-02,False,True,False,False,"This bounded-gradient cap reproduces the local derivative-aware span, but it is still a cap-scaled oracle rather than an analytic full-TFE residual or nonlinear h-sweep.",derive a bounded analytic derivative-aware coefficient-gradient formula and rerun the nonlinear h-sweep,"The row scales the local derivative-aware correction by min(1, cap/required_gradient_norm), so it is an optimistic cap-feasibility audit for bounded coefficient gradients."
cylindrical_smooth,0.04,case_local_bounded_gradient_value_full_nonfinal,paper_tfe_lower_pair_velocity_compression_bounded_gradient_cap_spans_not_full_tfe,,case_local_bounded_gradient_nonfinal_full_component_value_fit,case_local_bounded_gradient_cap_sweep,"0,1",1,24,8,16,24,16,8,132,24,24,0,4.6361478140540719e+01,3.7127280938507345e-01,3.7812893481016204e-16,1.0184665433389646e-15,2.0204979008149536e-15,4.5486227963750574e-16,3.6464473007330461e-01,1.0000000000001426e+00,1.8913227921974338e-33,2.4533731649559463e-16,1,1.0000000000000000e+00,2.8149582926323710e-10,1.3524641904616002e-10,rank=1;fro=2.814958e-10;max_abs=1.352464e-10,2.8284271247461903e+00,1.0000000000000000e+00,1.0000000000000000e+00,5.3035866684290311e-01,8.4777336859836450e-01,0.0000000000000000e+00,False,True,4.9799322526131485e-16,7.7090710015628432e-18,2.7386093150082900e-08,7.7090710015628417e-18,7.8453137228429296e-17,1.1410763597929276e-12,132,True,True,True,True,True,False,False,9.8207256834463863e-01,1.0184665433389646e-15,1.0000000000000000e+08,1.3314959825593116e+07,5.5271420985271623e+06,7.5103493596568542e+00,1.0000000000000000e+00,3.6464473007330461e-01,3.6464473007330461e-01,False,True,False,False,"This bounded-gradient cap reproduces the local derivative-aware span, but it is still a cap-scaled oracle rather than an analytic full-TFE residual or nonlinear h-sweep.",derive a bounded analytic derivative-aware coefficient-gradient formula and rerun the nonlinear h-sweep,"The row scales the local derivative-aware correction by min(1, cap/required_gradient_norm), so it is an optimistic cap-feasibility audit for bounded coefficient gradients."
cylindrical_smooth,0.04,case_local_bounded_gradient_value_full_nonfinal,paper_tfe_lower_pair_velocity_compression_bounded_gradient_cap_spans_not_full_tfe,,case_local_bounded_gradient_nonfinal_full_component_value_fit,case_local_bounded_gradient_cap_sweep,"0,1",1,24,8,16,24,16,8,132,24,24,0,4.6361478140540719e+01,3.7127280938507345e-01,3.7812893481016204e-16,1.0184665433389646e-15,2.0204979008149536e-15,4.5486227963750574e-16,3.6464473007330461e-01,1.0000000000001426e+00,1.8913227921974338e-33,2.4533731649559463e-16,1,1.0000000000000000e+00,2.8149582926323710e-10,1.3524641904616002e-10,rank=1;fro=2.814958e-10;max_abs=1.352464e-10,2.8284271247461903e+00,1.0000000000000000e+00,1.0000000000000000e+00,5.3035866684290311e-01,8.4777336859836450e-01,0.0000000000000000e+00,False,True,4.9799322526131485e-16,7.7090710015628432e-18,2.7386093150082900e-08,7.7090710015628417e-18,7.8453137228429296e-17,1.1410763597929276e-12,132,True,True,True,True,True,False,False,9.8207256834463863e-01,1.0184665433389646e-15,1.0000000000000000e+10,1.3314959825593116e+07,5.5271420985271623e+06,7.5103493596568546e+02,1.0000000000000000e+00,3.6464473007330461e-01,3.6464473007330461e-01,False,True,False,False,"This bounded-gradient cap reproduces the local derivative-aware span, but it is still a cap-scaled oracle rather than an analytic full-TFE residual or nonlinear h-sweep.",derive a bounded analytic derivative-aware coefficient-gradient formula and rerun the nonlinear h-sweep,"The row scales the local derivative-aware correction by min(1, cap/required_gradient_norm), so it is an optimistic cap-feasibility audit for bounded coefficient gradients."
cylindrical_smooth,0.04,case_local_bounded_gradient_value_full_nonfinal,paper_tfe_lower_pair_velocity_compression_bounded_gradient_cap_spans_not_full_tfe,,case_local_bounded_gradient_nonfinal_full_component_value_fit,case_local_bounded_gradient_cap_sweep,"0,1",1,24,8,16,24,16,8,132,24,24,0,4.6361478140540719e+01,3.7127280938507345e-01,3.7812893481016204e-16,1.0184665433389646e-15,2.0204979008149536e-15,4.5486227963750574e-16,3.6464473007330461e-01,1.0000000000001426e+00,1.8913227921974338e-33,2.4533731649559463e-16,1,1.0000000000000000e+00,2.8149582926323710e-10,1.3524641904616002e-10,rank=1;fro=2.814958e-10;max_abs=1.352464e-10,2.8284271247461903e+00,1.0000000000000000e+00,1.0000000000000000e+00,5.3035866684290311e-01,8.4777336859836450e-01,0.0000000000000000e+00,False,True,4.9799322526131485e-16,7.7090710015628432e-18,2.7386093150082900e-08,7.7090710015628417e-18,7.8453137228429296e-17,1.1410763597929276e-12,132,True,True,True,True,True,False,False,9.8207256834463863e-01,1.0184665433389646e-15,1.0000000000000000e+12,1.3314959825593116e+07,5.5271420985271623e+06,7.5103493596568544e+04,1.0000000000000000e+00,3.6464473007330461e-01,3.6464473007330461e-01,False,True,False,False,"This bounded-gradient cap reproduces the local derivative-aware span, but it is still a cap-scaled oracle rather than an analytic full-TFE residual or nonlinear h-sweep.",derive a bounded analytic derivative-aware coefficient-gradient formula and rerun the nonlinear h-sweep,"The row scales the local derivative-aware correction by min(1, cap/required_gradient_norm), so it is an optimistic cap-feasibility audit for bounded coefficient gradients."
cylindrical_smooth,0.04,case_local_bounded_gradient_value_full_nonfinal,paper_tfe_lower_pair_velocity_compression_bounded_gradient_cap_spans_not_full_tfe,,case_local_bounded_gradient_nonfinal_full_component_value_fit,case_local_bounded_gradient_cap_sweep,"0,1",1,24,8,16,24,16,8,132,24,24,0,4.6361478140540719e+01,3.7127280938507345e-01,3.7812893481016204e-16,1.0184665433389646e-15,2.0204979008149536e-15,4.5486227963750574e-16,3.6464473007330461e-01,1.0000000000001426e+00,1.8913227921974338e-33,2.4533731649559463e-16,1,1.0000000000000000e+00,2.8149582926323710e-10,1.3524641904616002e-10,rank=1;fro=2.814958e-10;max_abs=1.352464e-10,2.8284271247461903e+00,1.0000000000000000e+00,1.0000000000000000e+00,5.3035866684290311e-01,8.4777336859836450e-01,0.0000000000000000e+00,False,True,4.9799322526131485e-16,7.7090710015628432e-18,2.7386093150082900e-08,7.7090710015628417e-18,7.8453137228429296e-17,1.1410763597929276e-12,132,True,True,True,True,True,False,False,9.8207256834463863e-01,1.0184665433389646e-15,1.0000000000000000e+14,1.3314959825593116e+07,5.5271420985271623e+06,7.5103493596568545e+06,1.0000000000000000e+00,3.6464473007330461e-01,3.6464473007330461e-01,False,True,False,False,"This bounded-gradient cap reproduces the local derivative-aware span, but it is still a cap-scaled oracle rather than an analytic full-TFE residual or nonlinear h-sweep.",derive a bounded analytic derivative-aware coefficient-gradient formula and rerun the nonlinear h-sweep,"The row scales the local derivative-aware correction by min(1, cap/required_gradient_norm), so it is an optimistic cap-feasibility audit for bounded coefficient gradients."
cylindrical_smooth,0.04,case_local_bounded_gradient_value_full_nonfinal,paper_tfe_lower_pair_velocity_compression_bounded_gradient_cap_spans_not_full_tfe,,case_local_bounded_gradient_nonfinal_full_component_value_fit,case_local_bounded_gradient_cap_sweep,"0,1",1,24,8,16,24,16,8,132,24,24,0,4.6361478140540719e+01,3.7127280938507345e-01,3.7812893481016204e-16,1.0184665433389646e-15,2.0204979008149536e-15,4.5486227963750574e-16,3.6464473007330461e-01,1.0000000000001426e+00,1.8913227921974338e-33,2.4533731649559463e-16,1,1.0000000000000000e+00,2.8149582926323710e-10,1.3524641904616002e-10,rank=1;fro=2.814958e-10;max_abs=1.352464e-10,2.8284271247461903e+00,1.0000000000000000e+00,1.0000000000000000e+00,5.3035866684290311e-01,8.4777336859836450e-01,0.0000000000000000e+00,False,True,4.9799322526131485e-16,7.7090710015628432e-18,2.7386093150082900e-08,7.7090710015628417e-18,7.8453137228429296e-17,1.1410763597929276e-12,132,True,True,True,True,True,False,False,9.8207256834463863e-01,1.0184665433389646e-15,1.0000000000000000e+16,1.3314959825593116e+07,5.5271420985271623e+06,7.5103493596568549e+08,1.0000000000000000e+00,3.6464473007330461e-01,3.6464473007330461e-01,False,True,False,False,"This bounded-gradient cap reproduces the local derivative-aware span, but it is still a cap-scaled oracle rather than an analytic full-TFE residual or nonlinear h-sweep.",derive a bounded analytic derivative-aware coefficient-gradient formula and rerun the nonlinear h-sweep,"The row scales the local derivative-aware correction by min(1, cap/required_gradient_norm), so it is an optimistic cap-feasibility audit for bounded coefficient gradients."
cylindrical_smooth,0.04,case_local_bounded_gradient_value_full_nonfinal,paper_tfe_lower_pair_velocity_compression_bounded_gradient_cap_spans_not_full_tfe,,case_local_bounded_gradient_nonfinal_full_component_value_fit,case_local_bounded_gradient_cap_sweep,"0,1",1,24,8,16,24,16,8,132,24,24,0,4.6361478140540719e+01,3.7127280938507345e-01,3.7812893481016204e-16,1.0184665433389646e-15,2.0204979008149536e-15,4.5486227963750574e-16,3.6464473007330461e-01,1.0000000000001426e+00,1.8913227921974338e-33,2.4533731649559463e-16,1,1.0000000000000000e+00,2.8149582926323710e-10,1.3524641904616002e-10,rank=1;fro=2.814958e-10;max_abs=1.352464e-10,2.8284271247461903e+00,1.0000000000000000e+00,1.0000000000000000e+00,5.3035866684290311e-01,8.4777336859836450e-01,0.0000000000000000e+00,False,True,4.9799322526131485e-16,7.7090710015628432e-18,2.7386093150082900e-08,7.7090710015628417e-18,7.8453137228429296e-17,1.1410763597929276e-12,132,True,True,True,True,True,False,False,9.8207256834463863e-01,1.0184665433389646e-15,1.0000000000000000e+18,1.3314959825593116e+07,5.5271420985271623e+06,7.5103493596568542e+10,1.0000000000000000e+00,3.6464473007330461e-01,3.6464473007330461e-01,False,True,False,False,"This bounded-gradient cap reproduces the local derivative-aware span, but it is still a cap-scaled oracle rather than an analytic full-TFE residual or nonlinear h-sweep.",derive a bounded analytic derivative-aware coefficient-gradient formula and rerun the nonlinear h-sweep,"The row scales the local derivative-aware correction by min(1, cap/required_gradient_norm), so it is an optimistic cap-feasibility audit for bounded coefficient gradients."
cylindrical_smooth,0.04,universal_bounded_gradient_value_full_nonfinal,paper_tfe_lower_pair_velocity_compression_bounded_gradient_cap_gap_not_full_tfe,,universal_bounded_gradient_nonfinal_full_component_value_fit,all_case_h_bounded_gradient_cap_sweep,"0,1",6,24,8,16,24,16,8,132,24,28,4,6.1720711775168391e+04,3.7127280938507345e-01,5.1760810898888045e-02,1.3941449411449688e-01,2.8588614926532641e-01,4.0247811929323861e-03,3.6464472482720589e-01,9.9999998561326608e-01,3.0619550613943693e-28,3.9718859260391119e-11,5,3.5701436665937002e+05,3.0358074882992864e-04,1.2382849716460902e-04,rank=5;fro=3.035807e-04;max_abs=1.238285e-04,2.8284271410381550e+00,1.0000000057600793e+00,1.0000000000000002e+00,8.0421962872893915e-01,5.9433222087237336e-01,0.0000000000000000e+00,False,True,4.9799322526131485e-16,7.7090710015663037e-18,2.7386093150082900e-08,7.7090710015628417e-18,7.8453137228429296e-17,1.1410763597929276e-12,132,False,False,True,True,True,False,False,9.8201622699192104e-01,1.3783849545682829e-15,1.0000000000000000e+04,1.3314959634032432e+07,5.5271420546935750e+06,7.5103494677073259e-04,7.5103494677073259e-04,3.6464472482720589e-01,2.7386093150082901e-04,False,False,False,False,This bounded-gradient cap is insufficient to reproduce the local derivative-aware tangent span.,derive a bounded analytic derivative-aware coefficient-gradient formula and rerun the nonlinear h-sweep,"The row scales the local derivative-aware correction by min(1, cap/required_gradient_norm), so it is an optimistic cap-feasibility audit for bounded coefficient gradients."
cylindrical_smooth,0.04,universal_bounded_gradient_value_full_nonfinal,paper_tfe_lower_pair_velocity_compression_bounded_gradient_cap_gap_not_full_tfe,,universal_bounded_gradient_nonfinal_full_component_value_fit,all_case_h_bounded_gradient_cap_sweep,"0,1",6,24,8,16,24,16,8,132,24,28,4,6.1730053647117950e+02,3.7127280938507345e-01,5.8514702783918002e-04,1.5760567783251868e-03,3.2340224765989713e-03,4.3004908935817139e-05,3.6464472482720589e-01,9.9999998561326608e-01,3.0619550613943693e-28,3.9718859260391119e-11,5,3.5701436665937002e+05,3.0358074882992864e-04,1.2382849716460902e-04,rank=5;fro=3.035807e-04;max_abs=1.238285e-04,2.8284271410381550e+00,1.0000000057600793e+00,1.0000000000000002e+00,8.0421962872893915e-01,5.9433222087237336e-01,0.0000000000000000e+00,False,True,4.9799322526131485e-16,7.7090710015663037e-18,2.7386093150082900e-08,7.7090710015628417e-18,7.8453137228429296e-17,1.1410763597929276e-12,132,False,False,True,True,True,False,False,9.8201622699192104e-01,1.3783849545682829e-15,1.0000000000000000e+06,1.3314959634032432e+07,5.5271420546935750e+06,7.5103494677073251e-02,7.5103494677073251e-02,3.6464472482720589e-01,2.7386093150082901e-02,False,False,False,False,This bounded-gradient cap is insufficient to reproduce the local derivative-aware tangent span.,derive a bounded analytic derivative-aware coefficient-gradient formula and rerun the nonlinear h-sweep,"The row scales the local derivative-aware correction by min(1, cap/required_gradient_norm), so it is an optimistic cap-feasibility audit for bounded coefficient gradients."
cylindrical_smooth,0.04,universal_bounded_gradient_value_full_nonfinal,paper_tfe_lower_pair_velocity_compression_bounded_gradient_cap_spans_not_full_tfe,,universal_bounded_gradient_nonfinal_full_component_value_fit,all_case_h_bounded_gradient_cap_sweep,"0,1",6,24,8,16,24,16,8,132,24,24,0,4.6361478140556763e+01,3.7127280938507345e-01,5.1175685449668321e-16,1.3783849545682829e-15,1.8891513511259121e-15,6.8109508307524069e-16,3.6464472482720589e-01,9.9999998561326608e-01,3.0619550613943693e-28,3.9718859260391119e-11,5,3.5701436665937002e+05,3.0358074882992864e-04,1.2382849716460902e-04,rank=5;fro=3.035807e-04;max_abs=1.238285e-04,2.8284271410381550e+00,1.0000000057600793e+00,1.0000000000000002e+00,8.0421962872893915e-01,5.9433222087237336e-01,0.0000000000000000e+00,False,True,4.9799322526131485e-16,7.7090710015663037e-18,2.7386093150082900e-08,7.7090710015628417e-18,7.8453137228429296e-17,1.1410763597929276e-12,132,True,True,True,True,True,False,False,9.8201622699192104e-01,1.3783849545682829e-15,1.0000000000000000e+08,1.3314959634032432e+07,5.5271420546935750e+06,7.5103494677073250e+00,1.0000000000000000e+00,3.6464472482720589e-01,3.6464472482720589e-01,False,True,False,False,"This bounded-gradient cap reproduces the local derivative-aware span, but it is still a cap-scaled oracle rather than an analytic full-TFE residual or nonlinear h-sweep.",derive a bounded analytic derivative-aware coefficient-gradient formula and rerun the nonlinear h-sweep,"The row scales the local derivative-aware correction by min(1, cap/required_gradient_norm), so it is an optimistic cap-feasibility audit for bounded coefficient gradients."
cylindrical_smooth,0.04,universal_bounded_gradient_value_full_nonfinal,paper_tfe_lower_pair_velocity_compression_bounded_gradient_cap_spans_not_full_tfe,,universal_bounded_gradient_nonfinal_full_component_value_fit,all_case_h_bounded_gradient_cap_sweep,"0,1",6,24,8,16,24,16,8,132,24,24,0,4.6361478140556763e+01,3.7127280938507345e-01,5.1175685449668321e-16,1.3783849545682829e-15,1.8891513511259121e-15,6.8109508307524069e-16,3.6464472482720589e-01,9.9999998561326608e-01,3.0619550613943693e-28,3.9718859260391119e-11,5,3.5701436665937002e+05,3.0358074882992864e-04,1.2382849716460902e-04,rank=5;fro=3.035807e-04;max_abs=1.238285e-04,2.8284271410381550e+00,1.0000000057600793e+00,1.0000000000000002e+00,8.0421962872893915e-01,5.9433222087237336e-01,0.0000000000000000e+00,False,True,4.9799322526131485e-16,7.7090710015663037e-18,2.7386093150082900e-08,7.7090710015628417e-18,7.8453137228429296e-17,1.1410763597929276e-12,132,True,True,True,True,True,False,False,9.8201622699192104e-01,1.3783849545682829e-15,1.0000000000000000e+10,1.3314959634032432e+07,5.5271420546935750e+06,7.5103494677073252e+02,1.0000000000000000e+00,3.6464472482720589e-01,3.6464472482720589e-01,False,True,False,False,"This bounded-gradient cap reproduces the local derivative-aware span, but it is still a cap-scaled oracle rather than an analytic full-TFE residual or nonlinear h-sweep.",derive a bounded analytic derivative-aware coefficient-gradient formula and rerun the nonlinear h-sweep,"The row scales the local derivative-aware correction by min(1, cap/required_gradient_norm), so it is an optimistic cap-feasibility audit for bounded coefficient gradients."
cylindrical_smooth,0.04,universal_bounded_gradient_value_full_nonfinal,paper_tfe_lower_pair_velocity_compression_bounded_gradient_cap_spans_not_full_tfe,,universal_bounded_gradient_nonfinal_full_component_value_fit,all_case_h_bounded_gradient_cap_sweep,"0,1",6,24,8,16,24,16,8,132,24,24,0,4.6361478140556763e+01,3.7127280938507345e-01,5.1175685449668321e-16,1.3783849545682829e-15,1.8891513511259121e-15,6.8109508307524069e-16,3.6464472482720589e-01,9.9999998561326608e-01,3.0619550613943693e-28,3.9718859260391119e-11,5,3.5701436665937002e+05,3.0358074882992864e-04,1.2382849716460902e-04,rank=5;fro=3.035807e-04;max_abs=1.238285e-04,2.8284271410381550e+00,1.0000000057600793e+00,1.0000000000000002e+00,8.0421962872893915e-01,5.9433222087237336e-01,0.0000000000000000e+00,False,True,4.9799322526131485e-16,7.7090710015663037e-18,2.7386093150082900e-08,7.7090710015628417e-18,7.8453137228429296e-17,1.1410763597929276e-12,132,True,True,True,True,True,False,False,9.8201622699192104e-01,1.3783849545682829e-15,1.0000000000000000e+12,1.3314959634032432e+07,5.5271420546935750e+06,7.5103494677073249e+04,1.0000000000000000e+00,3.6464472482720589e-01,3.6464472482720589e-01,False,True,False,False,"This bounded-gradient cap reproduces the local derivative-aware span, but it is still a cap-scaled oracle rather than an analytic full-TFE residual or nonlinear h-sweep.",derive a bounded analytic derivative-aware coefficient-gradient formula and rerun the nonlinear h-sweep,"The row scales the local derivative-aware correction by min(1, cap/required_gradient_norm), so it is an optimistic cap-feasibility audit for bounded coefficient gradients."
cylindrical_smooth,0.04,universal_bounded_gradient_value_full_nonfinal,paper_tfe_lower_pair_velocity_compression_bounded_gradient_cap_spans_not_full_tfe,,universal_bounded_gradient_nonfinal_full_component_value_fit,all_case_h_bounded_gradient_cap_sweep,"0,1",6,24,8,16,24,16,8,132,24,24,0,4.6361478140556763e+01,3.7127280938507345e-01,5.1175685449668321e-16,1.3783849545682829e-15,1.8891513511259121e-15,6.8109508307524069e-16,3.6464472482720589e-01,9.9999998561326608e-01,3.0619550613943693e-28,3.9718859260391119e-11,5,3.5701436665937002e+05,3.0358074882992864e-04,1.2382849716460902e-04,rank=5;fro=3.035807e-04;max_abs=1.238285e-04,2.8284271410381550e+00,1.0000000057600793e+00,1.0000000000000002e+00,8.0421962872893915e-01,5.9433222087237336e-01,0.0000000000000000e+00,False,True,4.9799322526131485e-16,7.7090710015663037e-18,2.7386093150082900e-08,7.7090710015628417e-18,7.8453137228429296e-17,1.1410763597929276e-12,132,True,True,True,True,True,False,False,9.8201622699192104e-01,1.3783849545682829e-15,1.0000000000000000e+14,1.3314959634032432e+07,5.5271420546935750e+06,7.5103494677073257e+06,1.0000000000000000e+00,3.6464472482720589e-01,3.6464472482720589e-01,False,True,False,False,"This bounded-gradient cap reproduces the local derivative-aware span, but it is still a cap-scaled oracle rather than an analytic full-TFE residual or nonlinear h-sweep.",derive a bounded analytic derivative-aware coefficient-gradient formula and rerun the nonlinear h-sweep,"The row scales the local derivative-aware correction by min(1, cap/required_gradient_norm), so it is an optimistic cap-feasibility audit for bounded coefficient gradients."
cylindrical_smooth,0.04,universal_bounded_gradient_value_full_nonfinal,paper_tfe_lower_pair_velocity_compression_bounded_gradient_cap_spans_not_full_tfe,,universal_bounded_gradient_nonfinal_full_component_value_fit,all_case_h_bounded_gradient_cap_sweep,"0,1",6,24,8,16,24,16,8,132,24,24,0,4.6361478140556763e+01,3.7127280938507345e-01,5.1175685449668321e-16,1.3783849545682829e-15,1.8891513511259121e-15,6.8109508307524069e-16,3.6464472482720589e-01,9.9999998561326608e-01,3.0619550613943693e-28,3.9718859260391119e-11,5,3.5701436665937002e+05,3.0358074882992864e-04,1.2382849716460902e-04,rank=5;fro=3.035807e-04;max_abs=1.238285e-04,2.8284271410381550e+00,1.0000000057600793e+00,1.0000000000000002e+00,8.0421962872893915e-01,5.9433222087237336e-01,0.0000000000000000e+00,False,True,4.9799322526131485e-16,7.7090710015663037e-18,2.7386093150082900e-08,7.7090710015628417e-18,7.8453137228429296e-17,1.1410763597929276e-12,132,True,True,True,True,True,False,False,9.8201622699192104e-01,1.3783849545682829e-15,1.0000000000000000e+16,1.3314959634032432e+07,5.5271420546935750e+06,7.5103494677073252e+08,1.0000000000000000e+00,3.6464472482720589e-01,3.6464472482720589e-01,False,True,False,False,"This bounded-gradient cap reproduces the local derivative-aware span, but it is still a cap-scaled oracle rather than an analytic full-TFE residual or nonlinear h-sweep.",derive a bounded analytic derivative-aware coefficient-gradient formula and rerun the nonlinear h-sweep,"The row scales the local derivative-aware correction by min(1, cap/required_gradient_norm), so it is an optimistic cap-feasibility audit for bounded coefficient gradients."
cylindrical_smooth,0.04,universal_bounded_gradient_value_full_nonfinal,paper_tfe_lower_pair_velocity_compression_bounded_gradient_cap_spans_not_full_tfe,,universal_bounded_gradient_nonfinal_full_component_value_fit,all_case_h_bounded_gradient_cap_sweep,"0,1",6,24,8,16,24,16,8,132,24,24,0,4.6361478140556763e+01,3.7127280938507345e-01,5.1175685449668321e-16,1.3783849545682829e-15,1.8891513511259121e-15,6.8109508307524069e-16,3.6464472482720589e-01,9.9999998561326608e-01,3.0619550613943693e-28,3.9718859260391119e-11,5,3.5701436665937002e+05,3.0358074882992864e-04,1.2382849716460902e-04,rank=5;fro=3.035807e-04;max_abs=1.238285e-04,2.8284271410381550e+00,1.0000000057600793e+00,1.0000000000000002e+00,8.0421962872893915e-01,5.9433222087237336e-01,0.0000000000000000e+00,False,True,4.9799322526131485e-16,7.7090710015663037e-18,2.7386093150082900e-08,7.7090710015628417e-18,7.8453137228429296e-17,1.1410763597929276e-12,132,True,True,True,True,True,False,False,9.8201622699192104e-01,1.3783849545682829e-15,1.0000000000000000e+18,1.3314959634032432e+07,5.5271420546935750e+06,7.5103494677073257e+10,1.0000000000000000e+00,3.6464472482720589e-01,3.6464472482720589e-01,False,True,False,False,"This bounded-gradient cap reproduces the local derivative-aware span, but it is still a cap-scaled oracle rather than an analytic full-TFE residual or nonlinear h-sweep.",derive a bounded analytic derivative-aware coefficient-gradient formula and rerun the nonlinear h-sweep,"The row scales the local derivative-aware correction by min(1, cap/required_gradient_norm), so it is an optimistic cap-feasibility audit for bounded coefficient gradients."
cylindrical_smooth,0.02,case_local_bounded_gradient_value_scalar_nonfinal,paper_tfe_lower_pair_velocity_compression_bounded_gradient_cap_gap_not_full_tfe,,case_local_bounded_gradient_nonfinal_stage_scalar_value_fit,case_local_bounded_gradient_cap_sweep,"0,1",1,24,8,16,24,16,8,132,24,32,8,6.7731541989129925e+08,2.6042001459760067e-01,2.5971468241265633e-01,9.9729155922967672e-01,9.9993882793740496e-01,9.9172396208500735e-01,2.5971476305788754e-01,9.9999999996751832e-01,5.2364152976339945e-18,9.2601872264400997e-01,8,1.0000000000000000e+00,1.8178137091029887e-07,5.5354295382618419e-08,rank=8;fro=1.817814e-07;max_abs=5.535430e-08,2.8284271247461961e+00,1.0000000000000020e+00,1.0000000000000000e+00,8.6128512370318178e-01,5.0812196930224807e-01,0.0000000000000000e+00,False,True,5.9053913969624968e-16,2.1345458135345947e-18,3.2156011462016375e-10,5.6547617986413359e-18,7.0466756796527945e-17,2.5293403096553380e-12,132,False,False,True,True,True,False,False,9.9729155994877705e-01,1.5441560704596797e-15,1.0000000000000000e+04,9.4188614669219376e+16,8.3356736734165600e+16,1.0616994458532977e-13,1.0616994458532977e-13,2.5971476305788754e-01,2.7573902001847970e-14,False,False,False,False,This bounded-gradient cap is insufficient to reproduce the local derivative-aware tangent span.,derive a bounded analytic derivative-aware coefficient-gradient formula and rerun the nonlinear h-sweep,"The row scales the local derivative-aware correction by min(1, cap/required_gradient_norm), so it is an optimistic cap-feasibility audit for bounded coefficient gradients."
cylindrical_smooth,0.02,case_local_bounded_gradient_value_scalar_nonfinal,paper_tfe_lower_pair_velocity_compression_bounded_gradient_cap_gap_not_full_tfe,,case_local_bounded_gradient_nonfinal_stage_scalar_value_fit,case_local_bounded_gradient_cap_sweep,"0,1",1,24,8,16,24,16,8,132,24,32,8,6.7731524939842510e+08,2.6042001459760067e-01,2.5971466084160427e-01,9.9729147639790161e-01,9.9993881450609257e-01,9.9172373309839879e-01,2.5971476305788754e-01,9.9999999996751832e-01,5.2364152976339945e-18,9.2601872264400997e-01,8,1.0000000000000000e+00,1.8178137091029887e-07,5.5354295382618419e-08,rank=8;fro=1.817814e-07;max_abs=5.535430e-08,2.8284271247461961e+00,1.0000000000000020e+00,1.0000000000000000e+00,8.6128512370318178e-01,5.0812196930224807e-01,0.0000000000000000e+00,False,True,5.9053913969624968e-16,2.1345458135345947e-18,3.2156011462016375e-10,5.6547617986413359e-18,7.0466756796527945e-17,2.5293403096553380e-12,132,False,False,True,True,True,False,False,9.9729155994877705e-01,1.5441560704596797e-15,1.0000000000000000e+06,9.4188614669219376e+16,8.3356736734165600e+16,1.0616994458532977e-11,1.0616994458532977e-11,2.5971476305788754e-01,2.7573902001847969e-12,False,False,False,False,This bounded-gradient cap is insufficient to reproduce the local derivative-aware tangent span.,derive a bounded analytic derivative-aware coefficient-gradient formula and rerun the nonlinear h-sweep,"The row scales the local derivative-aware correction by min(1, cap/required_gradient_norm), so it is an optimistic cap-feasibility audit for bounded coefficient gradients."
cylindrical_smooth,0.02,case_local_bounded_gradient_value_scalar_nonfinal,paper_tfe_lower_pair_velocity_compression_bounded_gradient_cap_gap_not_full_tfe,,case_local_bounded_gradient_nonfinal_stage_scalar_value_fit,case_local_bounded_gradient_cap_sweep,"0,1",1,24,8,16,24,16,8,132,24,32,8,6.7721869708069515e+08,2.6042001459760067e-01,2.5968219778147705e-01,9.9716681984960454e-01,9.9982054613757076e-01,9.9158494569718214e-01,2.5971476305788754e-01,9.9999999996751832e-01,5.2364152976339945e-18,9.2601872264400997e-01,8,1.0000000000000000e+00,1.8178137091029887e-07,5.5354295382618419e-08,rank=8;fro=1.817814e-07;max_abs=5.535430e-08,2.8284271247461961e+00,1.0000000000000020e+00,1.0000000000000000e+00,8.6128512370318178e-01,5.0812196930224807e-01,0.0000000000000000e+00,False,True,5.9053913969624968e-16,2.1345458135345947e-18,3.2156011462016375e-10,5.6547617986413359e-18,7.0466756796527945e-17,2.5293403096553380e-12,132,False,False,True,True,True,False,False,9.9729155994877705e-01,1.5441560704596797e-15,1.0000000000000000e+08,9.4188614669219376e+16,8.3356736734165600e+16,1.0616994458532977e-09,1.0616994458532977e-09,2.5971476305788754e-01,2.7573902001847973e-10,False,False,False,False,This bounded-gradient cap is insufficient to reproduce the local derivative-aware tangent span.,derive a bounded analytic derivative-aware coefficient-gradient formula and rerun the nonlinear h-sweep,"The row scales the local derivative-aware correction by min(1, cap/required_gradient_norm), so it is an optimistic cap-feasibility audit for bounded coefficient gradients."
cylindrical_smooth,0.02,case_local_bounded_gradient_value_scalar_nonfinal,paper_tfe_lower_pair_velocity_compression_bounded_gradient_cap_gap_not_full_tfe,,case_local_bounded_gradient_nonfinal_stage_scalar_value_fit,case_local_bounded_gradient_cap_sweep,"0,1",1,24,8,16,24,16,8,132,24,32,8,3.6858376280614465e+08,2.6042001459760067e-01,1.4169733428572975e-01,5.4411076853935192e-01,5.4527099374458399e-01,5.4056338432395912e-01,2.5971476305788754e-01,9.9999999996751832e-01,5.2364152976339945e-18,9.2601872264400997e-01,8,1.0000000000000000e+00,1.8178137091029887e-07,5.5354295382618419e-08,rank=8;fro=1.817814e-07;max_abs=5.535430e-08,2.8284271247461961e+00,1.0000000000000020e+00,1.0000000000000000e+00,8.6128512370318178e-01,5.0812196930224807e-01,0.0000000000000000e+00,False,True,5.9053913969624968e-16,2.1345458135345947e-18,3.2156011462016375e-10,5.6547617986413359e-18,7.0466756796527945e-17,2.5293403096553380e-12,132,False,False,True,True,True,False,False,9.9729155994877705e-01,1.5441560704596797e-15,1.0000000000000000e+10,9.4188614669219376e+16,8.3356736734165600e+16,1.0616994458532977e-07,1.0616994458532977e-07,2.5971476305788754e-01,2.7573902001847972e-08,False,False,False,False,This bounded-gradient cap is insufficient to reproduce the local derivative-aware tangent span.,derive a bounded analytic derivative-aware coefficient-gradient formula and rerun the nonlinear h-sweep,"The row scales the local derivative-aware correction by min(1, cap/required_gradient_norm), so it is an optimistic cap-feasibility audit for bounded coefficient gradients."
cylindrical_smooth,0.02,case_local_bounded_gradient_value_scalar_nonfinal,paper_tfe_lower_pair_velocity_compression_bounded_gradient_cap_gap_not_full_tfe,,case_local_bounded_gradient_nonfinal_stage_scalar_value_fit,case_local_bounded_gradient_cap_sweep,"0,1",1,24,8,16,24,16,8,132,24,32,8,4.3977067104887320e+06,2.6042001459760067e-01,1.6912588512475188e-03,6.4943504970646788e-03,6.5048050820572479e-03,6.4535104416729881e-03,2.5971476305788754e-01,9.9999999996751832e-01,5.2364152976339945e-18,9.2601872264400997e-01,8,1.0000000000000000e+00,1.8178137091029887e-07,5.5354295382618419e-08,rank=8;fro=1.817814e-07;max_abs=5.535430e-08,2.8284271247461961e+00,1.0000000000000020e+00,1.0000000000000000e+00,8.6128512370318178e-01,5.0812196930224807e-01,0.0000000000000000e+00,False,True,5.9053913969624968e-16,2.1345458135345947e-18,3.2156011462016375e-10,5.6547617986413359e-18,7.0466756796527945e-17,2.5293403096553380e-12,132,False,False,True,True,True,False,False,9.9729155994877705e-01,1.5441560704596797e-15,1.0000000000000000e+12,9.4188614669219376e+16,8.3356736734165600e+16,1.0616994458532977e-05,1.0616994458532977e-05,2.5971476305788754e-01,2.7573902001847973e-06,False,False,False,False,This bounded-gradient cap is insufficient to reproduce the local derivative-aware tangent span.,derive a bounded analytic derivative-aware coefficient-gradient formula and rerun the nonlinear h-sweep,"The row scales the local derivative-aware correction by min(1, cap/required_gradient_norm), so it is an optimistic cap-feasibility audit for bounded coefficient gradients."
cylindrical_smooth,0.02,case_local_bounded_gradient_value_scalar_nonfinal,paper_tfe_lower_pair_velocity_compression_bounded_gradient_cap_gap_not_full_tfe,,case_local_bounded_gradient_nonfinal_stage_scalar_value_fit,case_local_bounded_gradient_cap_sweep,"0,1",1,24,8,16,24,16,8,132,24,32,8,4.3978437058294323e+04,2.6042001459760067e-01,1.6895221300332070e-05,6.4876815733377704e-05,6.4981058539527399e-05,6.4469232736668258e-05,2.5971476305788754e-01,9.9999999996751832e-01,5.2364152976339945e-18,9.2601872264400997e-01,8,1.0000000000000000e+00,1.8178137091029887e-07,5.5354295382618419e-08,rank=8;fro=1.817814e-07;max_abs=5.535430e-08,2.8284271247461961e+00,1.0000000000000020e+00,1.0000000000000000e+00,8.6128512370318178e-01,5.0812196930224807e-01,0.0000000000000000e+00,False,True,5.9053913969624968e-16,2.1345458135345947e-18,3.2156011462016375e-10,5.6547617986413359e-18,7.0466756796527945e-17,2.5293403096553380e-12,132,False,False,True,True,True,False,False,9.9729155994877705e-01,1.5441560704596797e-15,1.0000000000000000e+14,9.4188614669219376e+16,8.3356736734165600e+16,1.0616994458532978e-03,1.0616994458532978e-03,2.5971476305788754e-01,2.7573902001847971e-04,False,False,False,False,This bounded-gradient cap is insufficient to reproduce the local derivative-aware tangent span.,derive a bounded analytic derivative-aware coefficient-gradient formula and rerun the nonlinear h-sweep,"The row scales the local derivative-aware correction by min(1, cap/required_gradient_norm), so it is an optimistic cap-feasibility audit for bounded coefficient gradients."
cylindrical_smooth,0.02,case_local_bounded_gradient_value_scalar_nonfinal,paper_tfe_lower_pair_velocity_compression_bounded_gradient_cap_gap_not_full_tfe,,case_local_bounded_gradient_nonfinal_stage_scalar_value_fit,case_local_bounded_gradient_cap_sweep,"0,1",1,24,8,16,24,16,8,132,24,32,8,4.3978441580605744e+02,2.6042001459760067e-01,1.5117507330705003e-07,5.8050481849732163e-07,5.8143754510157004e-07,5.7685788285843373e-07,2.5971476305788754e-01,9.9999999996751832e-01,5.2364152976339945e-18,9.2601872264400997e-01,8,1.0000000000000000e+00,1.8178137091029887e-07,5.5354295382618419e-08,rank=8;fro=1.817814e-07;max_abs=5.535430e-08,2.8284271247461961e+00,1.0000000000000020e+00,1.0000000000000000e+00,8.6128512370318178e-01,5.0812196930224807e-01,0.0000000000000000e+00,False,True,5.9053913969624968e-16,2.1345458135345947e-18,3.2156011462016375e-10,5.6547617986413359e-18,7.0466756796527945e-17,2.5293403096553380e-12,132,False,False,True,True,True,False,False,9.9729155994877705e-01,1.5441560704596797e-15,1.0000000000000000e+16,9.4188614669219376e+16,8.3356736734165600e+16,1.0616994458532977e-01,1.0616994458532977e-01,2.5971476305788754e-01,2.7573902001847974e-02,False,False,False,False,This bounded-gradient cap is insufficient to reproduce the local derivative-aware tangent span.,derive a bounded analytic derivative-aware coefficient-gradient formula and rerun the nonlinear h-sweep,"The row scales the local derivative-aware correction by min(1, cap/required_gradient_norm), so it is an optimistic cap-feasibility audit for bounded coefficient gradients."
cylindrical_smooth,0.02,case_local_bounded_gradient_value_scalar_nonfinal,paper_tfe_lower_pair_velocity_compression_bounded_gradient_cap_spans_not_full_tfe,,case_local_bounded_gradient_nonfinal_stage_scalar_value_fit,case_local_bounded_gradient_cap_sweep,"0,1",1,24,8,16,24,16,8,132,24,24,0,4.6691887098091101e+01,2.6042001459760067e-01,4.0212914641008344e-16,1.5441560704596797e-15,2.6205492327193038e-15,4.8763801174322871e-16,2.5971476305788754e-01,9.9999999996751832e-01,5.2364152976339945e-18,9.2601872264400997e-01,8,1.0000000000000000e+00,1.8178137091029887e-07,5.5354295382618419e-08,rank=8;fro=1.817814e-07;max_abs=5.535430e-08,2.8284271247461961e+00,1.0000000000000020e+00,1.0000000000000000e+00,8.6128512370318178e-01,5.0812196930224807e-01,0.0000000000000000e+00,False,True,5.9053913969624968e-16,2.1345458135345947e-18,3.2156011462016375e-10,5.6547617986413359e-18,7.0466756796527945e-17,2.5293403096553380e-12,132,True,True,True,True,True,False,False,9.9729155994877705e-01,1.5441560704596797e-15,1.0000000000000000e+18,9.4188614669219376e+16,8.3356736734165600e+16,1.0616994458532977e+01,1.0000000000000000e+00,2.5971476305788754e-01,2.5971476305788754e-01,False,True,False,False,"This bounded-gradient cap reproduces the local derivative-aware span, but it is still a cap-scaled oracle rather than an analytic full-TFE residual or nonlinear h-sweep.",derive a bounded analytic derivative-aware coefficient-gradient formula and rerun the nonlinear h-sweep,"The row scales the local derivative-aware correction by min(1, cap/required_gradient_norm), so it is an optimistic cap-feasibility audit for bounded coefficient gradients."
cylindrical_smooth,0.02,universal_bounded_gradient_value_scalar_nonfinal,paper_tfe_lower_pair_velocity_compression_bounded_gradient_cap_gap_not_full_tfe,,universal_bounded_gradient_nonfinal_stage_scalar_value_fit,all_case_h_bounded_gradient_cap_sweep,"0,1",6,24,8,16,24,16,8,132,16,24,8,1.0496803271373351e+11,2.6042001459760067e-01,2.5971464515498932e-01,9.9729141616207462e-01,9.9993879916202100e-01,9.9172344587259464e-01,2.5971476306639779e-01,1.0000000000002860e+00,5.6547069701932444e-18,9.9999030402162925e-01,8,1.0000000000000000e+00,1.1432606374566444e-09,3.2352835765686957e-10,rank=8;fro=1.143261e-09;max_abs=3.235284e-10,2.8284271247461903e+00,1.0000000000000000e+00,1.0000000000000000e+00,8.0040924391222112e-01,5.9945395341082419e-01,0.0000000000000000e+00,False,True,5.9053528196548588e-16,4.3242544921615753e-21,3.2156011462016375e-10,5.6547617986413359e-18,7.0466756796527945e-17,2.5293403096553380e-12,132,False,False,True,True,True,False,False,9.9729129249413828e-01,2.1507688256271234e-15,1.0000000000000000e+04,9.4188614676889808e+16,8.3356736740976816e+16,1.0616994457668361e-13,1.0616994457668361e-13,2.5971476306639779e-01,2.7573902000505970e-14,False,False,False,False,This bounded-gradient cap is insufficient to reproduce the local derivative-aware tangent span.,derive a bounded analytic derivative-aware coefficient-gradient formula and rerun the nonlinear h-sweep,"The row scales the local derivative-aware correction by min(1, cap/required_gradient_norm), so it is an optimistic cap-feasibility audit for bounded coefficient gradients."
cylindrical_smooth,0.02,universal_bounded_gradient_value_scalar_nonfinal,paper_tfe_lower_pair_velocity_compression_bounded_gradient_cap_gap_not_full_tfe,,universal_bounded_gradient_nonfinal_stage_scalar_value_fit,all_case_h_bounded_gradient_cap_sweep,"0,1",6,24,8,16,24,16,8,132,16,24,8,1.0494348776998399e+11,2.6042001459760067e-01,2.5964503967269476e-01,9.9702413454625061e-01,9.9965552436116911e-01,9.9148834086837601e-01,2.5971476306639779e-01,1.0000000000002860e+00,5.6547069701932444e-18,9.9999030402162925e-01,8,1.0000000000000000e+00,1.1432606374566444e-09,3.2352835765686957e-10,rank=8;fro=1.143261e-09;max_abs=3.235284e-10,2.8284271247461903e+00,1.0000000000000000e+00,1.0000000000000000e+00,8.0040924391222112e-01,5.9945395341082419e-01,0.0000000000000000e+00,False,True,5.9053528196548588e-16,4.3242544921615753e-21,3.2156011462016375e-10,5.6547617986413359e-18,7.0466756796527945e-17,2.5293403096553380e-12,132,False,False,True,True,True,False,False,9.9729129249413828e-01,2.1507688256271234e-15,1.0000000000000000e+06,9.4188614676889808e+16,8.3356736740976816e+16,1.0616994457668361e-11,1.0616994457668361e-11,2.5971476306639779e-01,2.7573902000505969e-12,False,False,False,False,This bounded-gradient cap is insufficient to reproduce the local derivative-aware tangent span.,derive a bounded analytic derivative-aware coefficient-gradient formula and rerun the nonlinear h-sweep,"The row scales the local derivative-aware correction by min(1, cap/required_gradient_norm), so it is an optimistic cap-feasibility audit for bounded coefficient gradients."
cylindrical_smooth,0.02,universal_bounded_gradient_value_scalar_nonfinal,paper_tfe_lower_pair_velocity_compression_bounded_gradient_cap_gap_not_full_tfe,,universal_bounded_gradient_nonfinal_stage_scalar_value_fit,all_case_h_bounded_gradient_cap_sweep,"0,1",6,24,8,16,24,16,8,132,20,24,4,4.0593092534892761e+10,2.6042001459760067e-01,1.0062770633834897e-01,3.8640542468995043e-01,3.8701625307461596e-01,3.8419953959890535e-01,2.5971476306639779e-01,1.0000000000002860e+00,5.6547069701932444e-18,9.9999030402162925e-01,8,1.0000000000000000e+00,1.1432606374566444e-09,3.2352835765686957e-10,rank=8;fro=1.143261e-09;max_abs=3.235284e-10,2.8284271247461903e+00,1.0000000000000000e+00,1.0000000000000000e+00,8.0040924391222112e-01,5.9945395341082419e-01,0.0000000000000000e+00,False,True,5.9053528196548588e-16,4.3242544921615753e-21,3.2156011462016375e-10,5.6547617986413359e-18,7.0466756796527945e-17,2.5293403096553380e-12,132,False,False,True,True,True,False,False,9.9729129249413828e-01,2.1507688256271234e-15,1.0000000000000000e+08,9.4188614676889808e+16,8.3356736740976816e+16,1.0616994457668362e-09,1.0616994457668362e-09,2.5971476306639779e-01,2.7573902000505971e-10,False,False,False,False,This bounded-gradient cap is insufficient to reproduce the local derivative-aware tangent span.,derive a bounded analytic derivative-aware coefficient-gradient formula and rerun the nonlinear h-sweep,"The row scales the local derivative-aware correction by min(1, cap/required_gradient_norm), so it is an optimistic cap-feasibility audit for bounded coefficient gradients."
cylindrical_smooth,0.02,universal_bounded_gradient_value_scalar_nonfinal,paper_tfe_lower_pair_velocity_compression_bounded_gradient_cap_gap_not_full_tfe,,universal_bounded_gradient_nonfinal_stage_scalar_value_fit,all_case_h_bounded_gradient_cap_sweep,"0,1",6,24,8,16,24,16,8,132,24,24,0,4.3978451141324633e+08,2.6042001459760067e-01,1.0912396169275712e-03,4.1903062581950456e-03,4.1972239852097271e-03,4.1640230041278918e-03,2.5971476306639779e-01,1.0000000000002860e+00,5.6547069701932444e-18,9.9999030402162925e-01,8,1.0000000000000000e+00,1.1432606374566444e-09,3.2352835765686957e-10,rank=8;fro=1.143261e-09;max_abs=3.235284e-10,2.8284271247461903e+00,1.0000000000000000e+00,1.0000000000000000e+00,8.0040924391222112e-01,5.9945395341082419e-01,0.0000000000000000e+00,False,True,5.9053528196548588e-16,4.3242544921615753e-21,3.2156011462016375e-10,5.6547617986413359e-18,7.0466756796527945e-17,2.5293403096553380e-12,132,False,False,True,True,True,False,False,9.9729129249413828e-01,2.1507688256271234e-15,1.0000000000000000e+10,9.4188614676889808e+16,8.3356736740976816e+16,1.0616994457668361e-07,1.0616994457668361e-07,2.5971476306639779e-01,2.7573902000505971e-08,False,False,False,False,This bounded-gradient cap is insufficient to reproduce the local derivative-aware tangent span.,derive a bounded analytic derivative-aware coefficient-gradient formula and rerun the nonlinear h-sweep,"The row scales the local derivative-aware correction by min(1, cap/required_gradient_norm), so it is an optimistic cap-feasibility audit for bounded coefficient gradients."
cylindrical_smooth,0.02,universal_bounded_gradient_value_scalar_nonfinal,paper_tfe_lower_pair_velocity_compression_bounded_gradient_cap_gap_not_full_tfe,,universal_bounded_gradient_nonfinal_stage_scalar_value_fit,all_case_h_bounded_gradient_cap_sweep,"0,1",6,24,8,16,24,16,8,132,24,24,0,4.3978445540960832e+06,2.6042001459760067e-01,1.0912348614753784e-05,4.1902879974933856e-05,4.1972165850150451e-05,4.1639819715768739e-05,2.5971476306639779e-01,1.0000000000002860e+00,5.6547069701932444e-18,9.9999030402162925e-01,8,1.0000000000000000e+00,1.1432606374566444e-09,3.2352835765686957e-10,rank=8;fro=1.143261e-09;max_abs=3.235284e-10,2.8284271247461903e+00,1.0000000000000000e+00,1.0000000000000000e+00,8.0040924391222112e-01,5.9945395341082419e-01,0.0000000000000000e+00,False,True,5.9053528196548588e-16,4.3242544921615753e-21,3.2156011462016375e-10,5.6547617986413359e-18,7.0466756796527945e-17,2.5293403096553380e-12,132,False,False,True,True,True,False,False,9.9729129249413828e-01,2.1507688256271234e-15,1.0000000000000000e+12,9.4188614676889808e+16,8.3356736740976816e+16,1.0616994457668361e-05,1.0616994457668361e-05,2.5971476306639779e-01,2.7573902000505968e-06,False,False,False,False,This bounded-gradient cap is insufficient to reproduce the local derivative-aware tangent span.,derive a bounded analytic derivative-aware coefficient-gradient formula and rerun the nonlinear h-sweep,"The row scales the local derivative-aware correction by min(1, cap/required_gradient_norm), so it is an optimistic cap-feasibility audit for bounded coefficient gradients."
cylindrical_smooth,0.02,universal_bounded_gradient_value_scalar_nonfinal,paper_tfe_lower_pair_velocity_compression_bounded_gradient_cap_gap_not_full_tfe,,universal_bounded_gradient_nonfinal_stage_scalar_value_fit,all_case_h_bounded_gradient_cap_sweep,"0,1",6,24,8,16,24,16,8,132,24,24,0,4.3978441663697777e+04,2.6042001459760067e-01,1.0900878433030106e-07,4.1858835043358985e-07,4.1928049186208474e-07,4.1596049010535370e-07,2.5971476306639779e-01,1.0000000000002860e+00,5.6547069701932444e-18,9.9999030402162925e-01,8,1.0000000000000000e+00,1.1432606374566444e-09,3.2352835765686957e-10,rank=8;fro=1.143261e-09;max_abs=3.235284e-10,2.8284271247461903e+00,1.0000000000000000e+00,1.0000000000000000e+00,8.0040924391222112e-01,5.9945395341082419e-01,0.0000000000000000e+00,False,True,5.9053528196548588e-16,4.3242544921615753e-21,3.2156011462016375e-10,5.6547617986413359e-18,7.0466756796527945e-17,2.5293403096553380e-12,132,False,False,True,True,True,False,False,9.9729129249413828e-01,2.1507688256271234e-15,1.0000000000000000e+14,9.4188614676889808e+16,8.3356736740976816e+16,1.0616994457668361e-03,1.0616994457668361e-03,2.5971476306639779e-01,2.7573902000505967e-04,False,False,False,False,This bounded-gradient cap is insufficient to reproduce the local derivative-aware tangent span.,derive a bounded analytic derivative-aware coefficient-gradient formula and rerun the nonlinear h-sweep,"The row scales the local derivative-aware correction by min(1, cap/required_gradient_norm), so it is an optimistic cap-feasibility audit for bounded coefficient gradients."
cylindrical_smooth,0.02,universal_bounded_gradient_value_scalar_nonfinal,paper_tfe_lower_pair_velocity_compression_bounded_gradient_cap_spans_not_full_tfe,,universal_bounded_gradient_nonfinal_stage_scalar_value_fit,all_case_h_bounded_gradient_cap_sweep,"0,1",6,24,8,16,24,16,8,132,24,24,0,4.3978441624543012e+02,2.6042001459760067e-01,9.7538884695908340e-10,3.7454450206764946e-09,3.7516381649259331e-09,3.7219314489435256e-09,2.5971476306639779e-01,1.0000000000002860e+00,5.6547069701932444e-18,9.9999030402162925e-01,8,1.0000000000000000e+00,1.1432606374566444e-09,3.2352835765686957e-10,rank=8;fro=1.143261e-09;max_abs=3.235284e-10,2.8284271247461903e+00,1.0000000000000000e+00,1.0000000000000000e+00,8.0040924391222112e-01,5.9945395341082419e-01,0.0000000000000000e+00,False,True,5.9053528196548588e-16,4.3242544921615753e-21,3.2156011462016375e-10,5.6547617986413359e-18,7.0466756796527945e-17,2.5293403096553380e-12,132,True,True,True,True,True,False,False,9.9729129249413828e-01,2.1507688256271234e-15,1.0000000000000000e+16,9.4188614676889808e+16,8.3356736740976816e+16,1.0616994457668362e-01,1.0616994457668362e-01,2.5971476306639779e-01,2.7573902000505971e-02,False,True,False,False,"This bounded-gradient cap reproduces the local derivative-aware span, but it is still a cap-scaled oracle rather than an analytic full-TFE residual or nonlinear h-sweep.",derive a bounded analytic derivative-aware coefficient-gradient formula and rerun the nonlinear h-sweep,"The row scales the local derivative-aware correction by min(1, cap/required_gradient_norm), so it is an optimistic cap-feasibility audit for bounded coefficient gradients."
cylindrical_smooth,0.02,universal_bounded_gradient_value_scalar_nonfinal,paper_tfe_lower_pair_velocity_compression_bounded_gradient_cap_spans_not_full_tfe,,universal_bounded_gradient_nonfinal_stage_scalar_value_fit,all_case_h_bounded_gradient_cap_sweep,"0,1",6,24,8,16,24,16,8,132,24,24,0,4.6691887098091115e+01,2.6042001459760067e-01,5.6010324896587995e-16,2.1507688256271234e-15,3.2680409726154403e-15,6.9895239429120819e-16,2.5971476306639779e-01,1.0000000000002860e+00,5.6547069701932444e-18,9.9999030402162925e-01,8,1.0000000000000000e+00,1.1432606374566444e-09,3.2352835765686957e-10,rank=8;fro=1.143261e-09;max_abs=3.235284e-10,2.8284271247461903e+00,1.0000000000000000e+00,1.0000000000000000e+00,8.0040924391222112e-01,5.9945395341082419e-01,0.0000000000000000e+00,False,True,5.9053528196548588e-16,4.3242544921615753e-21,3.2156011462016375e-10,5.6547617986413359e-18,7.0466756796527945e-17,2.5293403096553380e-12,132,True,True,True,True,True,False,False,9.9729129249413828e-01,2.1507688256271234e-15,1.0000000000000000e+18,9.4188614676889808e+16,8.3356736740976816e+16,1.0616994457668362e+01,1.0000000000000000e+00,2.5971476306639779e-01,2.5971476306639779e-01,False,True,False,False,"This bounded-gradient cap reproduces the local derivative-aware span, but it is still a cap-scaled oracle rather than an analytic full-TFE residual or nonlinear h-sweep.",derive a bounded analytic derivative-aware coefficient-gradient formula and rerun the nonlinear h-sweep,"The row scales the local derivative-aware correction by min(1, cap/required_gradient_norm), so it is an optimistic cap-feasibility audit for bounded coefficient gradients."
cylindrical_smooth,0.02,case_local_bounded_gradient_value_component_nonfinal,paper_tfe_lower_pair_velocity_compression_bounded_gradient_cap_gap_not_full_tfe,,case_local_bounded_gradient_nonfinal_component_diagonal_value_fit,case_local_bounded_gradient_cap_sweep,"0,1",1,24,8,16,24,16,8,132,24,32,8,1.8434880070789608e+10,2.6042001459760067e-01,2.5971411951021756e-01,9.9728939771210035e-01,9.9993881651681682e-01,9.9171370095074118e-01,2.5976201820512657e-01,1.0001819501450173e+00,8.6140718810505691e-34,1.5233306349208668e-16,8,4.5864829745767429e+07,6.0623595394103648e-02,3.9909436700766472e-02,rank=8;fro=6.062360e-02;max_abs=3.990944e-02,2.8290767434480291e+00,1.0002296748946280e+00,1.0000000000000000e+00,8.2974818687162633e-01,5.5813792774120696e-01,0.0000000000000000e+00,False,True,5.9056235535153786e-16,5.6547617986413351e-18,3.2156011462016375e-10,5.6547617986413359e-18,7.0466756796527945e-17,2.5293403096553380e-12,132,False,False,True,True,True,False,False,9.9728937115066785e-01,9.6859815152030648e-16,1.0000000000000000e+04,9.4293463154476400e+16,8.3449172318520176e+16,1.0605189018901009e-13,1.0605189018901009e-13,2.5976201820512657e-01,2.7548253029965723e-14,False,False,False,False,This bounded-gradient cap is insufficient to reproduce the local derivative-aware tangent span.,derive a bounded analytic derivative-aware coefficient-gradient formula and rerun the nonlinear h-sweep,"The row scales the local derivative-aware correction by min(1, cap/required_gradient_norm), so it is an optimistic cap-feasibility audit for bounded coefficient gradients."
cylindrical_smooth,0.02,case_local_bounded_gradient_value_component_nonfinal,paper_tfe_lower_pair_velocity_compression_bounded_gradient_cap_gap_not_full_tfe,,case_local_bounded_gradient_nonfinal_component_diagonal_value_fit,case_local_bounded_gradient_cap_sweep,"0,1",1,24,8,16,24,16,8,132,24,32,8,1.8434024302972324e+10,2.6042001459760067e-01,2.5971233301750180e-01,9.9728253766826491e-01,9.9993371650859375e-01,9.9172236150177928e-01,2.5976201820512657e-01,1.0001819501450173e+00,8.6140718810505691e-34,1.5233306349208668e-16,8,4.5864829745767429e+07,6.0623595394103648e-02,3.9909436700766472e-02,rank=8;fro=6.062360e-02;max_abs=3.990944e-02,2.8290767434480291e+00,1.0002296748946280e+00,1.0000000000000000e+00,8.2974818687162633e-01,5.5813792774120696e-01,0.0000000000000000e+00,False,True,5.9056235535153786e-16,5.6547617986413351e-18,3.2156011462016375e-10,5.6547617986413359e-18,7.0466756796527945e-17,2.5293403096553380e-12,132,False,False,True,True,True,False,False,9.9728937115066785e-01,9.6859815152030648e-16,1.0000000000000000e+06,9.4293463154476400e+16,8.3449172318520176e+16,1.0605189018901009e-11,1.0605189018901009e-11,2.5976201820512657e-01,2.7548253029965720e-12,False,False,False,False,This bounded-gradient cap is insufficient to reproduce the local derivative-aware tangent span.,derive a bounded analytic derivative-aware coefficient-gradient formula and rerun the nonlinear h-sweep,"The row scales the local derivative-aware correction by min(1, cap/required_gradient_norm), so it is an optimistic cap-feasibility audit for bounded coefficient gradients."
cylindrical_smooth,0.02,case_local_bounded_gradient_value_component_nonfinal,paper_tfe_lower_pair_velocity_compression_bounded_gradient_cap_gap_not_full_tfe,,case_local_bounded_gradient_nonfinal_component_diagonal_value_fit,case_local_bounded_gradient_cap_sweep,"0,1",1,24,8,16,24,16,8,132,24,32,8,1.3157370376268589e+10,2.6042001459760067e-01,2.4576814648492726e-01,9.4373754976047686e-01,9.9901086630613400e-01,7.1362296252540169e-01,2.5976201820512657e-01,1.0001819501450173e+00,8.6140718810505691e-34,1.5233306349208668e-16,8,4.5864829745767429e+07,6.0623595394103648e-02,3.9909436700766472e-02,rank=8;fro=6.062360e-02;max_abs=3.990944e-02,2.8290767434480291e+00,1.0002296748946280e+00,1.0000000000000000e+00,8.2974818687162633e-01,5.5813792774120696e-01,0.0000000000000000e+00,False,True,5.9056235535153786e-16,5.6547617986413351e-18,3.2156011462016375e-10,5.6547617986413359e-18,7.0466756796527945e-17,2.5293403096553380e-12,132,False,False,True,True,True,False,False,9.9728937115066785e-01,9.6859815152030648e-16,1.0000000000000000e+08,9.4293463154476400e+16,8.3449172318520176e+16,1.0605189018901009e-09,1.0605189018901009e-09,2.5976201820512657e-01,2.7548253029965720e-10,False,False,False,False,This bounded-gradient cap is insufficient to reproduce the local derivative-aware tangent span.,derive a bounded analytic derivative-aware coefficient-gradient formula and rerun the nonlinear h-sweep,"The row scales the local derivative-aware correction by min(1, cap/required_gradient_norm), so it is an optimistic cap-feasibility audit for bounded coefficient gradients."
cylindrical_smooth,0.02,case_local_bounded_gradient_value_component_nonfinal,paper_tfe_lower_pair_velocity_compression_bounded_gradient_cap_gap_not_full_tfe,,case_local_bounded_gradient_nonfinal_component_diagonal_value_fit,case_local_bounded_gradient_cap_sweep,"0,1",1,24,8,16,24,16,8,132,24,32,8,3.4157798083273393e+08,2.6042001459760067e-01,1.3424247548528617e-01,5.1548447876679826e-01,8.7172419055449446e-01,1.0917488528364687e-02,2.5976201820512657e-01,1.0001819501450173e+00,8.6140718810505691e-34,1.5233306349208668e-16,8,4.5864829745767429e+07,6.0623595394103648e-02,3.9909436700766472e-02,rank=8;fro=6.062360e-02;max_abs=3.990944e-02,2.8290767434480291e+00,1.0002296748946280e+00,1.0000000000000000e+00,8.2974818687162633e-01,5.5813792774120696e-01,0.0000000000000000e+00,False,True,5.9056235535153786e-16,5.6547617986413351e-18,3.2156011462016375e-10,5.6547617986413359e-18,7.0466756796527945e-17,2.5293403096553380e-12,132,False,False,True,True,True,False,False,9.9728937115066785e-01,9.6859815152030648e-16,1.0000000000000000e+10,9.4293463154476400e+16,8.3449172318520176e+16,1.0605189018901008e-07,1.0605189018901008e-07,2.5976201820512657e-01,2.7548253029965720e-08,False,False,False,False,This bounded-gradient cap is insufficient to reproduce the local derivative-aware tangent span.,derive a bounded analytic derivative-aware coefficient-gradient formula and rerun the nonlinear h-sweep,"The row scales the local derivative-aware correction by min(1, cap/required_gradient_norm), so it is an optimistic cap-feasibility audit for bounded coefficient gradients."
cylindrical_smooth,0.02,case_local_bounded_gradient_value_component_nonfinal,paper_tfe_lower_pair_velocity_compression_bounded_gradient_cap_gap_not_full_tfe,,case_local_bounded_gradient_nonfinal_component_diagonal_value_fit,case_local_bounded_gradient_cap_sweep,"0,1",1,24,8,16,24,16,8,132,24,32,8,4.0285703017746853e+06,2.6042001459760067e-01,8.5233362141481736e-02,3.2729190294065447e-01,8.1410933991158874e-01,1.0980393122759518e-04,2.5976201820512657e-01,1.0001819501450173e+00,8.6140718810505691e-34,1.5233306349208668e-16,8,4.5864829745767429e+07,6.0623595394103648e-02,3.9909436700766472e-02,rank=8;fro=6.062360e-02;max_abs=3.990944e-02,2.8290767434480291e+00,1.0002296748946280e+00,1.0000000000000000e+00,8.2974818687162633e-01,5.5813792774120696e-01,0.0000000000000000e+00,False,True,5.9056235535153786e-16,5.6547617986413351e-18,3.2156011462016375e-10,5.6547617986413359e-18,7.0466756796527945e-17,2.5293403096553380e-12,132,False,False,True,True,True,False,False,9.9728937115066785e-01,9.6859815152030648e-16,1.0000000000000000e+12,9.4293463154476400e+16,8.3449172318520176e+16,1.0605189018901010e-05,1.0605189018901010e-05,2.5976201820512657e-01,2.7548253029965723e-06,False,False,False,False,This bounded-gradient cap is insufficient to reproduce the local derivative-aware tangent span.,derive a bounded analytic derivative-aware coefficient-gradient formula and rerun the nonlinear h-sweep,"The row scales the local derivative-aware correction by min(1, cap/required_gradient_norm), so it is an optimistic cap-feasibility audit for bounded coefficient gradients."
cylindrical_smooth,0.02,case_local_bounded_gradient_value_component_nonfinal,paper_tfe_lower_pair_velocity_compression_bounded_gradient_cap_gap_not_full_tfe,,case_local_bounded_gradient_nonfinal_component_diagonal_value_fit,case_local_bounded_gradient_cap_sweep,"0,1",1,24,8,16,24,16,8,132,24,32,8,4.0287199468018174e+04,2.6042001459760067e-01,8.5193928317910630e-02,3.2714047900485582e-01,8.1395410104367449e-01,1.0968872199668017e-06,2.5976201820512657e-01,1.0001819501450173e+00,8.6140718810505691e-34,1.5233306349208668e-16,8,4.5864829745767429e+07,6.0623595394103648e-02,3.9909436700766472e-02,rank=8;fro=6.062360e-02;max_abs=3.990944e-02,2.8290767434480291e+00,1.0002296748946280e+00,1.0000000000000000e+00,8.2974818687162633e-01,5.5813792774120696e-01,0.0000000000000000e+00,False,True,5.9056235535153786e-16,5.6547617986413351e-18,3.2156011462016375e-10,5.6547617986413359e-18,7.0466756796527945e-17,2.5293403096553380e-12,132,False,False,True,True,True,False,False,9.9728937115066785e-01,9.6859815152030648e-16,1.0000000000000000e+14,9.4293463154476400e+16,8.3449172318520176e+16,1.0605189018901009e-03,1.0605189018901009e-03,2.5976201820512657e-01,2.7548253029965723e-04,False,False,False,False,This bounded-gradient cap is insufficient to reproduce the local derivative-aware tangent span.,derive a bounded analytic derivative-aware coefficient-gradient formula and rerun the nonlinear h-sweep,"The row scales the local derivative-aware correction by min(1, cap/required_gradient_norm), so it is an optimistic cap-feasibility audit for bounded coefficient gradients."
cylindrical_smooth,0.02,case_local_bounded_gradient_value_component_nonfinal,paper_tfe_lower_pair_velocity_compression_bounded_gradient_cap_gap_not_full_tfe,,case_local_bounded_gradient_nonfinal_component_diagonal_value_fit,case_local_bounded_gradient_cap_sweep,"0,1",1,24,8,16,24,16,8,132,24,32,8,4.2079610966469852e+02,2.6042001459760067e-01,3.7076623227820807e-02,1.4237240284742081e-01,3.6055355949426005e-01,9.8175601844380454e-09,2.5976201820512657e-01,1.0001819501450173e+00,8.6140718810505691e-34,1.5233306349208668e-16,8,4.5864829745767429e+07,6.0623595394103648e-02,3.9909436700766472e-02,rank=8;fro=6.062360e-02;max_abs=3.990944e-02,2.8290767434480291e+00,1.0002296748946280e+00,1.0000000000000000e+00,8.2974818687162633e-01,5.5813792774120696e-01,0.0000000000000000e+00,False,True,5.9056235535153786e-16,5.6547617986413351e-18,3.2156011462016375e-10,5.6547617986413359e-18,7.0466756796527945e-17,2.5293403096553380e-12,132,False,False,True,True,True,False,False,9.9728937115066785e-01,9.6859815152030648e-16,1.0000000000000000e+16,9.4293463154476400e+16,8.3449172318520176e+16,1.0605189018901010e-01,1.0605189018901010e-01,2.5976201820512657e-01,2.7548253029965723e-02,False,False,False,False,This bounded-gradient cap is insufficient to reproduce the local derivative-aware tangent span.,derive a bounded analytic derivative-aware coefficient-gradient formula and rerun the nonlinear h-sweep,"The row scales the local derivative-aware correction by min(1, cap/required_gradient_norm), so it is an optimistic cap-feasibility audit for bounded coefficient gradients."
cylindrical_smooth,0.02,case_local_bounded_gradient_value_component_nonfinal,paper_tfe_lower_pair_velocity_compression_bounded_gradient_cap_spans_not_full_tfe,,case_local_bounded_gradient_nonfinal_component_diagonal_value_fit,case_local_bounded_gradient_cap_sweep,"0,1",1,24,8,16,24,16,8,132,24,24,0,4.6691939489995214e+01,2.6042001459760067e-01,2.5224234475812726e-16,9.6859815152030648e-16,1.5478107237346214e-15,5.3053158947908327e-16,2.5976201820512657e-01,1.0001819501450173e+00,8.6140718810505691e-34,1.5233306349208668e-16,8,4.5864829745767429e+07,6.0623595394103648e-02,3.9909436700766472e-02,rank=8;fro=6.062360e-02;max_abs=3.990944e-02,2.8290767434480291e+00,1.0002296748946280e+00,1.0000000000000000e+00,8.2974818687162633e-01,5.5813792774120696e-01,0.0000000000000000e+00,False,True,5.9056235535153786e-16,5.6547617986413351e-18,3.2156011462016375e-10,5.6547617986413359e-18,7.0466756796527945e-17,2.5293403096553380e-12,132,True,True,True,True,True,False,False,9.9728937115066785e-01,9.6859815152030648e-16,1.0000000000000000e+18,9.4293463154476400e+16,8.3449172318520176e+16,1.0605189018901008e+01,1.0000000000000000e+00,2.5976201820512657e-01,2.5976201820512657e-01,False,True,False,False,"This bounded-gradient cap reproduces the local derivative-aware span, but it is still a cap-scaled oracle rather than an analytic full-TFE residual or nonlinear h-sweep.",derive a bounded analytic derivative-aware coefficient-gradient formula and rerun the nonlinear h-sweep,"The row scales the local derivative-aware correction by min(1, cap/required_gradient_norm), so it is an optimistic cap-feasibility audit for bounded coefficient gradients."
cylindrical_smooth,0.02,universal_bounded_gradient_value_component_nonfinal,paper_tfe_lower_pair_velocity_compression_bounded_gradient_cap_gap_not_full_tfe,,universal_bounded_gradient_nonfinal_component_diagonal_value_fit,all_case_h_bounded_gradient_cap_sweep,"0,1",6,24,8,16,24,16,8,132,21,29,8,8.9272038495381104e+10,2.6042001459760067e-01,2.5971449680014380e-01,9.9729084648679167e-01,9.9993882677726564e-01,9.9172282174354243e-01,2.6003035716321488e-01,1.0012151565554661e+00,5.6396941262862447e-18,9.9733540104930474e-01,8,5.1760023273602521e+08,1.6219075510265546e-01,9.9289078893220237e-02,rank=8;fro=1.621908e-01;max_abs=9.928908e-02,2.8330735678836105e+00,1.0016427657254339e+00,1.0000000000000000e+00,8.5653393329897720e-01,5.1609071015411934e-01,0.0000000000000000e+00,False,True,5.9053537059713415e-16,3.2357215249511759e-19,3.2156011462016375e-10,5.6547617986413359e-18,7.0466756796527945e-17,2.5293403096553380e-12,132,False,False,True,True,True,False,False,9.9729068247522690e-01,1.3783323849087525e-15,1.0000000000000000e+04,9.4998385767431552e+16,8.4146381868472688e+16,1.0526494654847405e-13,1.0526494654847405e-13,2.6003035716321488e-01,2.7372081647766432e-14,False,False,False,False,This bounded-gradient cap is insufficient to reproduce the local derivative-aware tangent span.,derive a bounded analytic derivative-aware coefficient-gradient formula and rerun the nonlinear h-sweep,"The row scales the local derivative-aware correction by min(1, cap/required_gradient_norm), so it is an optimistic cap-feasibility audit for bounded coefficient gradients."
cylindrical_smooth,0.02,universal_bounded_gradient_value_component_nonfinal,paper_tfe_lower_pair_velocity_compression_bounded_gradient_cap_gap_not_full_tfe,,universal_bounded_gradient_nonfinal_component_diagonal_value_fit,all_case_h_bounded_gradient_cap_sweep,"0,1",6,24,8,16,24,16,8,132,21,29,8,8.9185521472633469e+10,2.6042001459760067e-01,2.5965882677686508e-01,9.9707707634564202e-01,9.9987454154523847e-01,9.9076153903906627e-01,2.6003035716321488e-01,1.0012151565554661e+00,5.6396941262862447e-18,9.9733540104930474e-01,8,5.1760023273602521e+08,1.6219075510265546e-01,9.9289078893220237e-02,rank=8;fro=1.621908e-01;max_abs=9.928908e-02,2.8330735678836105e+00,1.0016427657254339e+00,1.0000000000000000e+00,8.5653393329897720e-01,5.1609071015411934e-01,0.0000000000000000e+00,False,True,5.9053537059713415e-16,3.2357215249511759e-19,3.2156011462016375e-10,5.6547617986413359e-18,7.0466756796527945e-17,2.5293403096553380e-12,132,False,False,True,True,True,False,False,9.9729068247522690e-01,1.3783323849087525e-15,1.0000000000000000e+06,9.4998385767431552e+16,8.4146381868472688e+16,1.0526494654847405e-11,1.0526494654847405e-11,2.6003035716321488e-01,2.7372081647766429e-12,False,False,False,False,This bounded-gradient cap is insufficient to reproduce the local derivative-aware tangent span.,derive a bounded analytic derivative-aware coefficient-gradient formula and rerun the nonlinear h-sweep,"The row scales the local derivative-aware correction by min(1, cap/required_gradient_norm), so it is an optimistic cap-feasibility audit for bounded coefficient gradients."
cylindrical_smooth,0.02,universal_bounded_gradient_value_component_nonfinal,paper_tfe_lower_pair_velocity_compression_bounded_gradient_cap_gap_not_full_tfe,,universal_bounded_gradient_nonfinal_component_diagonal_value_fit,all_case_h_bounded_gradient_cap_sweep,"0,1",6,24,8,16,24,16,8,132,23,29,6,2.4001863839725616e+10,2.6042001459760067e-01,2.1117604190128184e-01,8.1090557585441236e-01,9.9554752892524889e-01,2.1062955834209418e-01,2.6003035716321488e-01,1.0012151565554661e+00,5.6396941262862447e-18,9.9733540104930474e-01,8,5.1760023273602521e+08,1.6219075510265546e-01,9.9289078893220237e-02,rank=8;fro=1.621908e-01;max_abs=9.928908e-02,2.8330735678836105e+00,1.0016427657254339e+00,1.0000000000000000e+00,8.5653393329897720e-01,5.1609071015411934e-01,0.0000000000000000e+00,False,True,5.9053537059713415e-16,3.2357215249511759e-19,3.2156011462016375e-10,5.6547617986413359e-18,7.0466756796527945e-17,2.5293403096553380e-12,132,False,False,True,True,True,False,False,9.9729068247522690e-01,1.3783323849087525e-15,1.0000000000000000e+08,9.4998385767431552e+16,8.4146381868472688e+16,1.0526494654847405e-09,1.0526494654847405e-09,2.6003035716321488e-01,2.7372081647766430e-10,False,False,False,False,This bounded-gradient cap is insufficient to reproduce the local derivative-aware tangent span.,derive a bounded analytic derivative-aware coefficient-gradient formula and rerun the nonlinear h-sweep,"The row scales the local derivative-aware correction by min(1, cap/required_gradient_norm), so it is an optimistic cap-feasibility audit for bounded coefficient gradients."
cylindrical_smooth,0.02,universal_bounded_gradient_value_component_nonfinal,paper_tfe_lower_pair_velocity_compression_bounded_gradient_cap_gap_not_full_tfe,,universal_bounded_gradient_nonfinal_component_diagonal_value_fit,all_case_h_bounded_gradient_cap_sweep,"0,1",6,24,8,16,24,16,8,132,24,29,5,4.0471022755972415e+08,2.6042001459760067e-01,1.0806334780578908e-01,4.1495792085246547e-01,8.1726512753392688e-01,2.1781596102535593e-03,2.6003035716321488e-01,1.0012151565554661e+00,5.6396941262862447e-18,9.9733540104930474e-01,8,5.1760023273602521e+08,1.6219075510265546e-01,9.9289078893220237e-02,rank=8;fro=1.621908e-01;max_abs=9.928908e-02,2.8330735678836105e+00,1.0016427657254339e+00,1.0000000000000000e+00,8.5653393329897720e-01,5.1609071015411934e-01,0.0000000000000000e+00,False,True,5.9053537059713415e-16,3.2357215249511759e-19,3.2156011462016375e-10,5.6547617986413359e-18,7.0466756796527945e-17,2.5293403096553380e-12,132,False,False,True,True,True,False,False,9.9729068247522690e-01,1.3783323849087525e-15,1.0000000000000000e+10,9.4998385767431552e+16,8.4146381868472688e+16,1.0526494654847404e-07,1.0526494654847404e-07,2.6003035716321488e-01,2.7372081647766429e-08,False,False,False,False,This bounded-gradient cap is insufficient to reproduce the local derivative-aware tangent span.,derive a bounded analytic derivative-aware coefficient-gradient formula and rerun the nonlinear h-sweep,"The row scales the local derivative-aware correction by min(1, cap/required_gradient_norm), so it is an optimistic cap-feasibility audit for bounded coefficient gradients."
cylindrical_smooth,0.02,universal_bounded_gradient_value_component_nonfinal,paper_tfe_lower_pair_velocity_compression_bounded_gradient_cap_gap_not_full_tfe,,universal_bounded_gradient_nonfinal_component_diagonal_value_fit,all_case_h_bounded_gradient_cap_sweep,"0,1",6,24,8,16,24,16,8,132,24,29,5,4.0587893048271011e+06,2.6042001459760067e-01,8.5212351247482832e-02,3.2721122214493542e-01,8.1408567949110522e-01,2.1832278058261593e-05,2.6003035716321488e-01,1.0012151565554661e+00,5.6396941262862447e-18,9.9733540104930474e-01,8,5.1760023273602521e+08,1.6219075510265546e-01,9.9289078893220237e-02,rank=8;fro=1.621908e-01;max_abs=9.928908e-02,2.8330735678836105e+00,1.0016427657254339e+00,1.0000000000000000e+00,8.5653393329897720e-01,5.1609071015411934e-01,0.0000000000000000e+00,False,True,5.9053537059713415e-16,3.2357215249511759e-19,3.2156011462016375e-10,5.6547617986413359e-18,7.0466756796527945e-17,2.5293403096553380e-12,132,False,False,True,True,True,False,False,9.9729068247522690e-01,1.3783323849087525e-15,1.0000000000000000e+12,9.4998385767431552e+16,8.4146381868472688e+16,1.0526494654847404e-05,1.0526494654847404e-05,2.6003035716321488e-01,2.7372081647766426e-06,False,False,False,False,This bounded-gradient cap is insufficient to reproduce the local derivative-aware tangent span.,derive a bounded analytic derivative-aware coefficient-gradient formula and rerun the nonlinear h-sweep,"The row scales the local derivative-aware correction by min(1, cap/required_gradient_norm), so it is an optimistic cap-feasibility audit for bounded coefficient gradients."
cylindrical_smooth,0.02,universal_bounded_gradient_value_component_nonfinal,paper_tfe_lower_pair_velocity_compression_bounded_gradient_cap_gap_not_full_tfe,,universal_bounded_gradient_nonfinal_component_diagonal_value_fit,all_case_h_bounded_gradient_cap_sweep,"0,1",6,24,8,16,24,16,8,132,24,29,5,4.0588010253180822e+04,2.6042001459760067e-01,8.5205299065615053e-02,3.2718414211470548e-01,8.1405367653693905e-01,2.1809759077787567e-07,2.6003035716321488e-01,1.0012151565554661e+00,5.6396941262862447e-18,9.9733540104930474e-01,8,5.1760023273602521e+08,1.6219075510265546e-01,9.9289078893220237e-02,rank=8;fro=1.621908e-01;max_abs=9.928908e-02,2.8330735678836105e+00,1.0016427657254339e+00,1.0000000000000000e+00,8.5653393329897720e-01,5.1609071015411934e-01,0.0000000000000000e+00,False,True,5.9053537059713415e-16,3.2357215249511759e-19,3.2156011462016375e-10,5.6547617986413359e-18,7.0466756796527945e-17,2.5293403096553380e-12,132,False,False,True,True,True,False,False,9.9729068247522690e-01,1.3783323849087525e-15,1.0000000000000000e+14,9.4998385767431552e+16,8.4146381868472688e+16,1.0526494654847405e-03,1.0526494654847405e-03,2.6003035716321488e-01,2.7372081647766432e-04,False,False,False,False,This bounded-gradient cap is insufficient to reproduce the local derivative-aware tangent span.,derive a bounded analytic derivative-aware coefficient-gradient formula and rerun the nonlinear h-sweep,"The row scales the local derivative-aware correction by min(1, cap/required_gradient_norm), so it is an optimistic cap-feasibility audit for bounded coefficient gradients."
cylindrical_smooth,0.02,universal_bounded_gradient_value_component_nonfinal,paper_tfe_lower_pair_velocity_compression_bounded_gradient_cap_gap_not_full_tfe,,universal_bounded_gradient_nonfinal_component_diagonal_value_fit,all_case_h_bounded_gradient_cap_sweep,"0,1",6,24,8,16,24,16,8,132,24,29,5,4.1289085261931183e+02,2.6042001459760067e-01,6.6290568959290336e-02,2.5455251226263120e-01,6.6566173230445957e-01,2.0845893719910908e-09,2.6003035716321488e-01,1.0012151565554661e+00,5.6396941262862447e-18,9.9733540104930474e-01,8,5.1760023273602521e+08,1.6219075510265546e-01,9.9289078893220237e-02,rank=8;fro=1.621908e-01;max_abs=9.928908e-02,2.8330735678836105e+00,1.0016427657254339e+00,1.0000000000000000e+00,8.5653393329897720e-01,5.1609071015411934e-01,0.0000000000000000e+00,False,True,5.9053537059713415e-16,3.2357215249511759e-19,3.2156011462016375e-10,5.6547617986413359e-18,7.0466756796527945e-17,2.5293403096553380e-12,132,False,False,True,True,True,False,False,9.9729068247522690e-01,1.3783323849087525e-15,1.0000000000000000e+16,9.4998385767431552e+16,8.4146381868472688e+16,1.0526494654847404e-01,1.0526494654847404e-01,2.6003035716321488e-01,2.7372081647766427e-02,False,False,False,False,This bounded-gradient cap is insufficient to reproduce the local derivative-aware tangent span.,derive a bounded analytic derivative-aware coefficient-gradient formula and rerun the nonlinear h-sweep,"The row scales the local derivative-aware correction by min(1, cap/required_gradient_norm), so it is an optimistic cap-feasibility audit for bounded coefficient gradients."
cylindrical_smooth,0.02,universal_bounded_gradient_value_component_nonfinal,paper_tfe_lower_pair_velocity_compression_bounded_gradient_cap_spans_not_full_tfe,,universal_bounded_gradient_nonfinal_component_diagonal_value_fit,all_case_h_bounded_gradient_cap_sweep,"0,1",6,24,8,16,24,16,8,132,24,24,0,4.6692217813488945e+01,2.6042001459760067e-01,3.5894533979828309e-16,1.3783323849087525e-15,1.6839797747424955e-15,1.0918674584524878e-15,2.6003035716321488e-01,1.0012151565554661e+00,5.6396941262862447e-18,9.9733540104930474e-01,8,5.1760023273602521e+08,1.6219075510265546e-01,9.9289078893220237e-02,rank=8;fro=1.621908e-01;max_abs=9.928908e-02,2.8330735678836105e+00,1.0016427657254339e+00,1.0000000000000000e+00,8.5653393329897720e-01,5.1609071015411934e-01,0.0000000000000000e+00,False,True,5.9053537059713415e-16,3.2357215249511759e-19,3.2156011462016375e-10,5.6547617986413359e-18,7.0466756796527945e-17,2.5293403096553380e-12,132,True,True,True,True,True,False,False,9.9729068247522690e-01,1.3783323849087525e-15,1.0000000000000000e+18,9.4998385767431552e+16,8.4146381868472688e+16,1.0526494654847404e+01,1.0000000000000000e+00,2.6003035716321488e-01,2.6003035716321488e-01,False,True,False,False,"This bounded-gradient cap reproduces the local derivative-aware span, but it is still a cap-scaled oracle rather than an analytic full-TFE residual or nonlinear h-sweep.",derive a bounded analytic derivative-aware coefficient-gradient formula and rerun the nonlinear h-sweep,"The row scales the local derivative-aware correction by min(1, cap/required_gradient_norm), so it is an optimistic cap-feasibility audit for bounded coefficient gradients."
cylindrical_smooth,0.02,case_local_bounded_gradient_value_full_nonfinal,paper_tfe_lower_pair_velocity_compression_bounded_gradient_cap_gap_not_full_tfe,,case_local_bounded_gradient_nonfinal_full_component_value_fit,case_local_bounded_gradient_cap_sweep,"0,1",1,24,8,16,24,16,8,132,24,25,1,3.7711694140917547e+06,2.6042001459760067e-01,1.5393708790530832e-04,5.9111081820332014e-04,1.0729513089558372e-03,1.2855327626439915e-05,2.5971476306666380e-01,1.0000000000013103e+00,3.8518598887744717e-34,6.8117102469284458e-17,1,1.0000000000000000e+00,1.7585395518722545e-08,7.3800782449503352e-09,rank=1;fro=1.758540e-08;max_abs=7.380078e-09,2.8284271247461903e+00,1.0000000000000000e+00,1.0000000000000002e+00,5.9074689745574416e-01,8.0685692854831015e-01,0.0000000000000000e+00,False,True,5.9056235535153786e-16,5.6547617986413359e-18,3.2156011462016375e-10,5.6547617986413359e-18,7.0466756796527945e-17,2.5293403096553380e-12,132,False,False,True,True,True,False,False,9.9729051326817231e-01,1.1490809830321127e-15,1.0000000000000000e+04,8.0767094940691423e+08,3.3274503133898771e+08,1.2381279786456553e-05,1.2381279786456553e-05,2.5971476306666380e-01,3.2156011462016369e-06,False,False,False,False,This bounded-gradient cap is insufficient to reproduce the local derivative-aware tangent span.,derive a bounded analytic derivative-aware coefficient-gradient formula and rerun the nonlinear h-sweep,"The row scales the local derivative-aware correction by min(1, cap/required_gradient_norm), so it is an optimistic cap-feasibility audit for bounded coefficient gradients."
cylindrical_smooth,0.02,case_local_bounded_gradient_value_full_nonfinal,paper_tfe_lower_pair_velocity_compression_bounded_gradient_cap_gap_not_full_tfe,,case_local_bounded_gradient_nonfinal_full_component_value_fit,case_local_bounded_gradient_cap_sweep,"0,1",1,24,8,16,24,16,8,132,24,25,1,3.7711680923846427e+04,2.6042001459760067e-01,1.5374844694669451e-06,5.9038644623480886e-06,1.0716364694572991e-05,1.2839574169238505e-07,2.5971476306666380e-01,1.0000000000013103e+00,3.8518598887744717e-34,6.8117102469284458e-17,1,1.0000000000000000e+00,1.7585395518722545e-08,7.3800782449503352e-09,rank=1;fro=1.758540e-08;max_abs=7.380078e-09,2.8284271247461903e+00,1.0000000000000000e+00,1.0000000000000002e+00,5.9074689745574416e-01,8.0685692854831015e-01,0.0000000000000000e+00,False,True,5.9056235535153786e-16,5.6547617986413359e-18,3.2156011462016375e-10,5.6547617986413359e-18,7.0466756796527945e-17,2.5293403096553380e-12,132,False,False,True,True,True,False,False,9.9729051326817231e-01,1.1490809830321127e-15,1.0000000000000000e+06,8.0767094940691423e+08,3.3274503133898771e+08,1.2381279786456553e-03,1.2381279786456553e-03,2.5971476306666380e-01,3.2156011462016371e-04,False,False,False,False,This bounded-gradient cap is insufficient to reproduce the local derivative-aware tangent span.,derive a bounded analytic derivative-aware coefficient-gradient formula and rerun the nonlinear h-sweep,"The row scales the local derivative-aware correction by min(1, cap/required_gradient_norm), so it is an optimistic cap-feasibility audit for bounded coefficient gradients."
cylindrical_smooth,0.02,case_local_bounded_gradient_value_full_nonfinal,paper_tfe_lower_pair_velocity_compression_bounded_gradient_cap_gap_not_full_tfe,,case_local_bounded_gradient_nonfinal_full_component_value_fit,case_local_bounded_gradient_cap_sweep,"0,1",1,24,8,16,24,16,8,132,24,25,1,3.7711680783359782e+02,2.6042001459760067e-01,1.3487941865614507e-08,5.1793030909916768e-08,9.4011814025849178e-08,1.1263816541589193e-09,2.5971476306666380e-01,1.0000000000013103e+00,3.8518598887744717e-34,6.8117102469284458e-17,1,1.0000000000000000e+00,1.7585395518722545e-08,7.3800782449503352e-09,rank=1;fro=1.758540e-08;max_abs=7.380078e-09,2.8284271247461903e+00,1.0000000000000000e+00,1.0000000000000002e+00,5.9074689745574416e-01,8.0685692854831015e-01,0.0000000000000000e+00,False,True,5.9056235535153786e-16,5.6547617986413359e-18,3.2156011462016375e-10,5.6547617986413359e-18,7.0466756796527945e-17,2.5293403096553380e-12,132,False,False,True,True,True,False,False,9.9729051326817231e-01,1.1490809830321127e-15,1.0000000000000000e+08,8.0767094940691423e+08,3.3274503133898771e+08,1.2381279786456552e-01,1.2381279786456552e-01,2.5971476306666380e-01,3.2156011462016368e-02,False,False,False,False,This bounded-gradient cap is insufficient to reproduce the local derivative-aware tangent span.,derive a bounded analytic derivative-aware coefficient-gradient formula and rerun the nonlinear h-sweep,"The row scales the local derivative-aware correction by min(1, cap/required_gradient_norm), so it is an optimistic cap-feasibility audit for bounded coefficient gradients."
cylindrical_smooth,0.02,case_local_bounded_gradient_value_full_nonfinal,paper_tfe_lower_pair_velocity_compression_bounded_gradient_cap_spans_not_full_tfe,,case_local_bounded_gradient_nonfinal_full_component_value_fit,case_local_bounded_gradient_cap_sweep,"0,1",1,24,8,16,24,16,8,132,24,24,0,4.6691887098091101e+01,2.6042001459760067e-01,2.9924368637504809e-16,1.1490809830321127e-15,1.6599687359115135e-15,7.4985451219591603e-16,2.5971476306666380e-01,1.0000000000013103e+00,3.8518598887744717e-34,6.8117102469284458e-17,1,1.0000000000000000e+00,1.7585395518722545e-08,7.3800782449503352e-09,rank=1;fro=1.758540e-08;max_abs=7.380078e-09,2.8284271247461903e+00,1.0000000000000000e+00,1.0000000000000002e+00,5.9074689745574416e-01,8.0685692854831015e-01,0.0000000000000000e+00,False,True,5.9056235535153786e-16,5.6547617986413359e-18,3.2156011462016375e-10,5.6547617986413359e-18,7.0466756796527945e-17,2.5293403096553380e-12,132,True,True,True,True,True,False,False,9.9729051326817231e-01,1.1490809830321127e-15,1.0000000000000000e+10,8.0767094940691423e+08,3.3274503133898771e+08,1.2381279786456552e+01,1.0000000000000000e+00,2.5971476306666380e-01,2.5971476306666380e-01,False,True,False,False,"This bounded-gradient cap reproduces the local derivative-aware span, but it is still a cap-scaled oracle rather than an analytic full-TFE residual or nonlinear h-sweep.",derive a bounded analytic derivative-aware coefficient-gradient formula and rerun the nonlinear h-sweep,"The row scales the local derivative-aware correction by min(1, cap/required_gradient_norm), so it is an optimistic cap-feasibility audit for bounded coefficient gradients."
cylindrical_smooth,0.02,case_local_bounded_gradient_value_full_nonfinal,paper_tfe_lower_pair_velocity_compression_bounded_gradient_cap_spans_not_full_tfe,,case_local_bounded_gradient_nonfinal_full_component_value_fit,case_local_bounded_gradient_cap_sweep,"0,1",1,24,8,16,24,16,8,132,24,24,0,4.6691887098091101e+01,2.6042001459760067e-01,2.9924368637504809e-16,1.1490809830321127e-15,1.6599687359115135e-15,7.4985451219591603e-16,2.5971476306666380e-01,1.0000000000013103e+00,3.8518598887744717e-34,6.8117102469284458e-17,1,1.0000000000000000e+00,1.7585395518722545e-08,7.3800782449503352e-09,rank=1;fro=1.758540e-08;max_abs=7.380078e-09,2.8284271247461903e+00,1.0000000000000000e+00,1.0000000000000002e+00,5.9074689745574416e-01,8.0685692854831015e-01,0.0000000000000000e+00,False,True,5.9056235535153786e-16,5.6547617986413359e-18,3.2156011462016375e-10,5.6547617986413359e-18,7.0466756796527945e-17,2.5293403096553380e-12,132,True,True,True,True,True,False,False,9.9729051326817231e-01,1.1490809830321127e-15,1.0000000000000000e+12,8.0767094940691423e+08,3.3274503133898771e+08,1.2381279786456553e+03,1.0000000000000000e+00,2.5971476306666380e-01,2.5971476306666380e-01,False,True,False,False,"This bounded-gradient cap reproduces the local derivative-aware span, but it is still a cap-scaled oracle rather than an analytic full-TFE residual or nonlinear h-sweep.",derive a bounded analytic derivative-aware coefficient-gradient formula and rerun the nonlinear h-sweep,"The row scales the local derivative-aware correction by min(1, cap/required_gradient_norm), so it is an optimistic cap-feasibility audit for bounded coefficient gradients."
cylindrical_smooth,0.02,case_local_bounded_gradient_value_full_nonfinal,paper_tfe_lower_pair_velocity_compression_bounded_gradient_cap_spans_not_full_tfe,,case_local_bounded_gradient_nonfinal_full_component_value_fit,case_local_bounded_gradient_cap_sweep,"0,1",1,24,8,16,24,16,8,132,24,24,0,4.6691887098091101e+01,2.6042001459760067e-01,2.9924368637504809e-16,1.1490809830321127e-15,1.6599687359115135e-15,7.4985451219591603e-16,2.5971476306666380e-01,1.0000000000013103e+00,3.8518598887744717e-34,6.8117102469284458e-17,1,1.0000000000000000e+00,1.7585395518722545e-08,7.3800782449503352e-09,rank=1;fro=1.758540e-08;max_abs=7.380078e-09,2.8284271247461903e+00,1.0000000000000000e+00,1.0000000000000002e+00,5.9074689745574416e-01,8.0685692854831015e-01,0.0000000000000000e+00,False,True,5.9056235535153786e-16,5.6547617986413359e-18,3.2156011462016375e-10,5.6547617986413359e-18,7.0466756796527945e-17,2.5293403096553380e-12,132,True,True,True,True,True,False,False,9.9729051326817231e-01,1.1490809830321127e-15,1.0000000000000000e+14,8.0767094940691423e+08,3.3274503133898771e+08,1.2381279786456552e+05,1.0000000000000000e+00,2.5971476306666380e-01,2.5971476306666380e-01,False,True,False,False,"This bounded-gradient cap reproduces the local derivative-aware span, but it is still a cap-scaled oracle rather than an analytic full-TFE residual or nonlinear h-sweep.",derive a bounded analytic derivative-aware coefficient-gradient formula and rerun the nonlinear h-sweep,"The row scales the local derivative-aware correction by min(1, cap/required_gradient_norm), so it is an optimistic cap-feasibility audit for bounded coefficient gradients."
cylindrical_smooth,0.02,case_local_bounded_gradient_value_full_nonfinal,paper_tfe_lower_pair_velocity_compression_bounded_gradient_cap_spans_not_full_tfe,,case_local_bounded_gradient_nonfinal_full_component_value_fit,case_local_bounded_gradient_cap_sweep,"0,1",1,24,8,16,24,16,8,132,24,24,0,4.6691887098091101e+01,2.6042001459760067e-01,2.9924368637504809e-16,1.1490809830321127e-15,1.6599687359115135e-15,7.4985451219591603e-16,2.5971476306666380e-01,1.0000000000013103e+00,3.8518598887744717e-34,6.8117102469284458e-17,1,1.0000000000000000e+00,1.7585395518722545e-08,7.3800782449503352e-09,rank=1;fro=1.758540e-08;max_abs=7.380078e-09,2.8284271247461903e+00,1.0000000000000000e+00,1.0000000000000002e+00,5.9074689745574416e-01,8.0685692854831015e-01,0.0000000000000000e+00,False,True,5.9056235535153786e-16,5.6547617986413359e-18,3.2156011462016375e-10,5.6547617986413359e-18,7.0466756796527945e-17,2.5293403096553380e-12,132,True,True,True,True,True,False,False,9.9729051326817231e-01,1.1490809830321127e-15,1.0000000000000000e+16,8.0767094940691423e+08,3.3274503133898771e+08,1.2381279786456553e+07,1.0000000000000000e+00,2.5971476306666380e-01,2.5971476306666380e-01,False,True,False,False,"This bounded-gradient cap reproduces the local derivative-aware span, but it is still a cap-scaled oracle rather than an analytic full-TFE residual or nonlinear h-sweep.",derive a bounded analytic derivative-aware coefficient-gradient formula and rerun the nonlinear h-sweep,"The row scales the local derivative-aware correction by min(1, cap/required_gradient_norm), so it is an optimistic cap-feasibility audit for bounded coefficient gradients."
cylindrical_smooth,0.02,case_local_bounded_gradient_value_full_nonfinal,paper_tfe_lower_pair_velocity_compression_bounded_gradient_cap_spans_not_full_tfe,,case_local_bounded_gradient_nonfinal_full_component_value_fit,case_local_bounded_gradient_cap_sweep,"0,1",1,24,8,16,24,16,8,132,24,24,0,4.6691887098091101e+01,2.6042001459760067e-01,2.9924368637504809e-16,1.1490809830321127e-15,1.6599687359115135e-15,7.4985451219591603e-16,2.5971476306666380e-01,1.0000000000013103e+00,3.8518598887744717e-34,6.8117102469284458e-17,1,1.0000000000000000e+00,1.7585395518722545e-08,7.3800782449503352e-09,rank=1;fro=1.758540e-08;max_abs=7.380078e-09,2.8284271247461903e+00,1.0000000000000000e+00,1.0000000000000002e+00,5.9074689745574416e-01,8.0685692854831015e-01,0.0000000000000000e+00,False,True,5.9056235535153786e-16,5.6547617986413359e-18,3.2156011462016375e-10,5.6547617986413359e-18,7.0466756796527945e-17,2.5293403096553380e-12,132,True,True,True,True,True,False,False,9.9729051326817231e-01,1.1490809830321127e-15,1.0000000000000000e+18,8.0767094940691423e+08,3.3274503133898771e+08,1.2381279786456552e+09,1.0000000000000000e+00,2.5971476306666380e-01,2.5971476306666380e-01,False,True,False,False,"This bounded-gradient cap reproduces the local derivative-aware span, but it is still a cap-scaled oracle rather than an analytic full-TFE residual or nonlinear h-sweep.",derive a bounded analytic derivative-aware coefficient-gradient formula and rerun the nonlinear h-sweep,"The row scales the local derivative-aware correction by min(1, cap/required_gradient_norm), so it is an optimistic cap-feasibility audit for bounded coefficient gradients."
cylindrical_smooth,0.02,universal_bounded_gradient_value_full_nonfinal,paper_tfe_lower_pair_velocity_compression_bounded_gradient_cap_gap_not_full_tfe,,universal_bounded_gradient_nonfinal_full_component_value_fit,all_case_h_bounded_gradient_cap_sweep,"0,1",6,24,8,16,24,16,8,132,24,28,4,3.7545504478185433e+06,2.6042001459760067e-01,1.0404787607812684e-01,3.9953870764849214e-01,7.4277236542195579e-01,7.6886262024934593e-02,2.5971476539207483e-01,1.0000000089550216e+00,1.8174507740069540e-29,3.2140182711916018e-12,5,3.5701436665937002e+05,3.0358074882992864e-04,1.2382849716460902e-04,rank=5;fro=3.035807e-04;max_abs=1.238285e-04,2.8284271410381550e+00,1.0000000057600793e+00,1.0000000000000002e+00,8.0421962872893915e-01,5.9433222087237336e-01,0.0000000000000000e+00,False,True,5.9056235535153796e-16,5.6547617986502445e-18,3.2156011462016375e-10,5.6547617986413359e-18,7.0466756796527945e-17,2.5293403096553380e-12,132,False,False,True,True,True,False,False,9.9728951881030226e-01,3.9051633026453235e-15,1.0000000000000000e+04,8.0767095663856685e+08,3.3274503685862911e+08,1.2381279675598146e-05,1.2381279675598146e-05,2.5971476539207483e-01,3.2156011462016365e-06,False,False,False,False,This bounded-gradient cap is insufficient to reproduce the local derivative-aware tangent span.,derive a bounded analytic derivative-aware coefficient-gradient formula and rerun the nonlinear h-sweep,"The row scales the local derivative-aware correction by min(1, cap/required_gradient_norm), so it is an optimistic cap-feasibility audit for bounded coefficient gradients."
cylindrical_smooth,0.02,universal_bounded_gradient_value_full_nonfinal,paper_tfe_lower_pair_velocity_compression_bounded_gradient_cap_gap_not_full_tfe,,universal_bounded_gradient_nonfinal_full_component_value_fit,all_case_h_bounded_gradient_cap_sweep,"0,1",6,24,8,16,24,16,8,132,24,28,4,3.7703203044414986e+04,2.6042001459760067e-01,2.4949957484171847e-02,9.5806605044256532e-02,1.9536164977675116e-01,2.6523600454400201e-03,2.5971476539207483e-01,1.0000000089550216e+00,1.8174507740069540e-29,3.2140182711916018e-12,5,3.5701436665937002e+05,3.0358074882992864e-04,1.2382849716460902e-04,rank=5;fro=3.035807e-04;max_abs=1.238285e-04,2.8284271410381550e+00,1.0000000057600793e+00,1.0000000000000002e+00,8.0421962872893915e-01,5.9433222087237336e-01,0.0000000000000000e+00,False,True,5.9056235535153796e-16,5.6547617986502445e-18,3.2156011462016375e-10,5.6547617986413359e-18,7.0466756796527945e-17,2.5293403096553380e-12,132,False,False,True,True,True,False,False,9.9728951881030226e-01,3.9051633026453235e-15,1.0000000000000000e+06,8.0767095663856685e+08,3.3274503685862911e+08,1.2381279675598147e-03,1.2381279675598147e-03,2.5971476539207483e-01,3.2156011462016365e-04,False,False,False,False,This bounded-gradient cap is insufficient to reproduce the local derivative-aware tangent span.,derive a bounded analytic derivative-aware coefficient-gradient formula and rerun the nonlinear h-sweep,"The row scales the local derivative-aware correction by min(1, cap/required_gradient_norm), so it is an optimistic cap-feasibility audit for bounded coefficient gradients."
cylindrical_smooth,0.02,universal_bounded_gradient_value_full_nonfinal,paper_tfe_lower_pair_velocity_compression_bounded_gradient_cap_gap_not_full_tfe,,universal_bounded_gradient_nonfinal_full_component_value_fit,all_case_h_bounded_gradient_cap_sweep,"0,1",6,24,8,16,24,16,8,132,24,28,4,3.7711676365539421e+02,2.6042001459760067e-01,2.3788077000263711e-04,9.1345041344156647e-04,1.8630927220468882e-03,2.4750049710999564e-05,2.5971476539207483e-01,1.0000000089550216e+00,1.8174507740069540e-29,3.2140182711916018e-12,5,3.5701436665937002e+05,3.0358074882992864e-04,1.2382849716460902e-04,rank=5;fro=3.035807e-04;max_abs=1.238285e-04,2.8284271410381550e+00,1.0000000057600793e+00,1.0000000000000002e+00,8.0421962872893915e-01,5.9433222087237336e-01,0.0000000000000000e+00,False,True,5.9056235535153796e-16,5.6547617986502445e-18,3.2156011462016375e-10,5.6547617986413359e-18,7.0466756796527945e-17,2.5293403096553380e-12,132,False,False,True,True,True,False,False,9.9728951881030226e-01,3.9051633026453235e-15,1.0000000000000000e+08,8.0767095663856685e+08,3.3274503685862911e+08,1.2381279675598147e-01,1.2381279675598147e-01,2.5971476539207483e-01,3.2156011462016368e-02,False,False,False,False,This bounded-gradient cap is insufficient to reproduce the local derivative-aware tangent span.,derive a bounded analytic derivative-aware coefficient-gradient formula and rerun the nonlinear h-sweep,"The row scales the local derivative-aware correction by min(1, cap/required_gradient_norm), so it is an optimistic cap-feasibility audit for bounded coefficient gradients."
cylindrical_smooth,0.02,universal_bounded_gradient_value_full_nonfinal,paper_tfe_lower_pair_velocity_compression_bounded_gradient_cap_spans_not_full_tfe,,universal_bounded_gradient_nonfinal_full_component_value_fit,all_case_h_bounded_gradient_cap_sweep,"0,1",6,24,8,16,24,16,8,132,24,24,0,4.6691887098093758e+01,2.6042001459760067e-01,1.0169826842809096e-15,3.9051633026453235e-15,6.8005236248392795e-15,1.1971337071340278e-15,2.5971476539207483e-01,1.0000000089550216e+00,1.8174507740069540e-29,3.2140182711916018e-12,5,3.5701436665937002e+05,3.0358074882992864e-04,1.2382849716460902e-04,rank=5;fro=3.035807e-04;max_abs=1.238285e-04,2.8284271410381550e+00,1.0000000057600793e+00,1.0000000000000002e+00,8.0421962872893915e-01,5.9433222087237336e-01,0.0000000000000000e+00,False,True,5.9056235535153796e-16,5.6547617986502445e-18,3.2156011462016375e-10,5.6547617986413359e-18,7.0466756796527945e-17,2.5293403096553380e-12,132,True,True,True,True,True,False,False,9.9728951881030226e-01,3.9051633026453235e-15,1.0000000000000000e+10,8.0767095663856685e+08,3.3274503685862911e+08,1.2381279675598147e+01,1.0000000000000000e+00,2.5971476539207483e-01,2.5971476539207483e-01,False,True,False,False,"This bounded-gradient cap reproduces the local derivative-aware span, but it is still a cap-scaled oracle rather than an analytic full-TFE residual or nonlinear h-sweep.",derive a bounded analytic derivative-aware coefficient-gradient formula and rerun the nonlinear h-sweep,"The row scales the local derivative-aware correction by min(1, cap/required_gradient_norm), so it is an optimistic cap-feasibility audit for bounded coefficient gradients."
cylindrical_smooth,0.02,universal_bounded_gradient_value_full_nonfinal,paper_tfe_lower_pair_velocity_compression_bounded_gradient_cap_spans_not_full_tfe,,universal_bounded_gradient_nonfinal_full_component_value_fit,all_case_h_bounded_gradient_cap_sweep,"0,1",6,24,8,16,24,16,8,132,24,24,0,4.6691887098093758e+01,2.6042001459760067e-01,1.0169826842809096e-15,3.9051633026453235e-15,6.8005236248392795e-15,1.1971337071340278e-15,2.5971476539207483e-01,1.0000000089550216e+00,1.8174507740069540e-29,3.2140182711916018e-12,5,3.5701436665937002e+05,3.0358074882992864e-04,1.2382849716460902e-04,rank=5;fro=3.035807e-04;max_abs=1.238285e-04,2.8284271410381550e+00,1.0000000057600793e+00,1.0000000000000002e+00,8.0421962872893915e-01,5.9433222087237336e-01,0.0000000000000000e+00,False,True,5.9056235535153796e-16,5.6547617986502445e-18,3.2156011462016375e-10,5.6547617986413359e-18,7.0466756796527945e-17,2.5293403096553380e-12,132,True,True,True,True,True,False,False,9.9728951881030226e-01,3.9051633026453235e-15,1.0000000000000000e+12,8.0767095663856685e+08,3.3274503685862911e+08,1.2381279675598148e+03,1.0000000000000000e+00,2.5971476539207483e-01,2.5971476539207483e-01,False,True,False,False,"This bounded-gradient cap reproduces the local derivative-aware span, but it is still a cap-scaled oracle rather than an analytic full-TFE residual or nonlinear h-sweep.",derive a bounded analytic derivative-aware coefficient-gradient formula and rerun the nonlinear h-sweep,"The row scales the local derivative-aware correction by min(1, cap/required_gradient_norm), so it is an optimistic cap-feasibility audit for bounded coefficient gradients."
cylindrical_smooth,0.02,universal_bounded_gradient_value_full_nonfinal,paper_tfe_lower_pair_velocity_compression_bounded_gradient_cap_spans_not_full_tfe,,universal_bounded_gradient_nonfinal_full_component_value_fit,all_case_h_bounded_gradient_cap_sweep,"0,1",6,24,8,16,24,16,8,132,24,24,0,4.6691887098093758e+01,2.6042001459760067e-01,1.0169826842809096e-15,3.9051633026453235e-15,6.8005236248392795e-15,1.1971337071340278e-15,2.5971476539207483e-01,1.0000000089550216e+00,1.8174507740069540e-29,3.2140182711916018e-12,5,3.5701436665937002e+05,3.0358074882992864e-04,1.2382849716460902e-04,rank=5;fro=3.035807e-04;max_abs=1.238285e-04,2.8284271410381550e+00,1.0000000057600793e+00,1.0000000000000002e+00,8.0421962872893915e-01,5.9433222087237336e-01,0.0000000000000000e+00,False,True,5.9056235535153796e-16,5.6547617986502445e-18,3.2156011462016375e-10,5.6547617986413359e-18,7.0466756796527945e-17,2.5293403096553380e-12,132,True,True,True,True,True,False,False,9.9728951881030226e-01,3.9051633026453235e-15,1.0000000000000000e+14,8.0767095663856685e+08,3.3274503685862911e+08,1.2381279675598147e+05,1.0000000000000000e+00,2.5971476539207483e-01,2.5971476539207483e-01,False,True,False,False,"This bounded-gradient cap reproduces the local derivative-aware span, but it is still a cap-scaled oracle rather than an analytic full-TFE residual or nonlinear h-sweep.",derive a bounded analytic derivative-aware coefficient-gradient formula and rerun the nonlinear h-sweep,"The row scales the local derivative-aware correction by min(1, cap/required_gradient_norm), so it is an optimistic cap-feasibility audit for bounded coefficient gradients."
cylindrical_smooth,0.02,universal_bounded_gradient_value_full_nonfinal,paper_tfe_lower_pair_velocity_compression_bounded_gradient_cap_spans_not_full_tfe,,universal_bounded_gradient_nonfinal_full_component_value_fit,all_case_h_bounded_gradient_cap_sweep,"0,1",6,24,8,16,24,16,8,132,24,24,0,4.6691887098093758e+01,2.6042001459760067e-01,1.0169826842809096e-15,3.9051633026453235e-15,6.8005236248392795e-15,1.1971337071340278e-15,2.5971476539207483e-01,1.0000000089550216e+00,1.8174507740069540e-29,3.2140182711916018e-12,5,3.5701436665937002e+05,3.0358074882992864e-04,1.2382849716460902e-04,rank=5;fro=3.035807e-04;max_abs=1.238285e-04,2.8284271410381550e+00,1.0000000057600793e+00,1.0000000000000002e+00,8.0421962872893915e-01,5.9433222087237336e-01,0.0000000000000000e+00,False,True,5.9056235535153796e-16,5.6547617986502445e-18,3.2156011462016375e-10,5.6547617986413359e-18,7.0466756796527945e-17,2.5293403096553380e-12,132,True,True,True,True,True,False,False,9.9728951881030226e-01,3.9051633026453235e-15,1.0000000000000000e+16,8.0767095663856685e+08,3.3274503685862911e+08,1.2381279675598146e+07,1.0000000000000000e+00,2.5971476539207483e-01,2.5971476539207483e-01,False,True,False,False,"This bounded-gradient cap reproduces the local derivative-aware span, but it is still a cap-scaled oracle rather than an analytic full-TFE residual or nonlinear h-sweep.",derive a bounded analytic derivative-aware coefficient-gradient formula and rerun the nonlinear h-sweep,"The row scales the local derivative-aware correction by min(1, cap/required_gradient_norm), so it is an optimistic cap-feasibility audit for bounded coefficient gradients."
cylindrical_smooth,0.02,universal_bounded_gradient_value_full_nonfinal,paper_tfe_lower_pair_velocity_compression_bounded_gradient_cap_spans_not_full_tfe,,universal_bounded_gradient_nonfinal_full_component_value_fit,all_case_h_bounded_gradient_cap_sweep,"0,1",6,24,8,16,24,16,8,132,24,24,0,4.6691887098093758e+01,2.6042001459760067e-01,1.0169826842809096e-15,3.9051633026453235e-15,6.8005236248392795e-15,1.1971337071340278e-15,2.5971476539207483e-01,1.0000000089550216e+00,1.8174507740069540e-29,3.2140182711916018e-12,5,3.5701436665937002e+05,3.0358074882992864e-04,1.2382849716460902e-04,rank=5;fro=3.035807e-04;max_abs=1.238285e-04,2.8284271410381550e+00,1.0000000057600793e+00,1.0000000000000002e+00,8.0421962872893915e-01,5.9433222087237336e-01,0.0000000000000000e+00,False,True,5.9056235535153796e-16,5.6547617986502445e-18,3.2156011462016375e-10,5.6547617986413359e-18,7.0466756796527945e-17,2.5293403096553380e-12,132,True,True,True,True,True,False,False,9.9728951881030226e-01,3.9051633026453235e-15,1.0000000000000000e+18,8.0767095663856685e+08,3.3274503685862911e+08,1.2381279675598147e+09,1.0000000000000000e+00,2.5971476539207483e-01,2.5971476539207483e-01,False,True,False,False,"This bounded-gradient cap reproduces the local derivative-aware span, but it is still a cap-scaled oracle rather than an analytic full-TFE residual or nonlinear h-sweep.",derive a bounded analytic derivative-aware coefficient-gradient formula and rerun the nonlinear h-sweep,"The row scales the local derivative-aware correction by min(1, cap/required_gradient_norm), so it is an optimistic cap-feasibility audit for bounded coefficient gradients."
cylindrical_smooth,0.01,case_local_bounded_gradient_value_scalar_nonfinal,paper_tfe_lower_pair_velocity_compression_bounded_gradient_cap_gap_not_full_tfe,,case_local_bounded_gradient_nonfinal_stage_scalar_value_fit,case_local_bounded_gradient_cap_sweep,"0,1",1,24,8,16,24,16,8,132,24,32,8,7.0835323304954953e+06,1.8390267947137043e-01,1.8388667135050143e-01,9.9991295330271968e-01,9.9999802438385255e-01,9.9973405339795807e-01,1.8388667796229685e-01,9.9999999894896907e-01,1.4501435478675553e-18,8.8240470781818370e-01,8,1.0000000000000000e+00,1.6938929623381566e-05,4.7997907901331062e-06,rank=8;fro=1.693893e-05;max_abs=4.799791e-06,2.8284271247969124e+00,1.0000000000179330e+00,1.0000000000000000e+00,8.0145905117759375e-01,5.9804965453172121e-01,0.0000000000000000e+00,False,True,4.4603687699434797e-16,7.7320498624970946e-19,6.0393358877373581e-12,1.6433996045342407e-18,3.8369566013953169e-17,7.6160200256132697e-12,132,False,False,True,True,True,False,False,9.9991295330399621e-01,1.8406893835421409e-15,1.0000000000000000e+04,1.9295024534497430e+17,1.8745681970659962e+17,5.1826832259897231e-14,5.1826832259897231e-14,1.8388667796229685e-01,9.5302640135816995e-15,False,False,False,False,This bounded-gradient cap is insufficient to reproduce the local derivative-aware tangent span.,derive a bounded analytic derivative-aware coefficient-gradient formula and rerun the nonlinear h-sweep,"The row scales the local derivative-aware correction by min(1, cap/required_gradient_norm), so it is an optimistic cap-feasibility audit for bounded coefficient gradients."
cylindrical_smooth,0.01,case_local_bounded_gradient_value_scalar_nonfinal,paper_tfe_lower_pair_velocity_compression_bounded_gradient_cap_gap_not_full_tfe,,case_local_bounded_gradient_nonfinal_stage_scalar_value_fit,case_local_bounded_gradient_cap_sweep,"0,1",1,24,8,16,24,16,8,132,24,32,8,7.0835323275362020e+06,1.8390267947137043e-01,1.8388667132720418e-01,9.9991295317603712e-01,9.9999802438067864e-01,9.9973405301187734e-01,1.8388667796229685e-01,9.9999999894896907e-01,1.4501435478675553e-18,8.8240470781818370e-01,8,1.0000000000000000e+00,1.6938929623381566e-05,4.7997907901331062e-06,rank=8;fro=1.693893e-05;max_abs=4.799791e-06,2.8284271247969124e+00,1.0000000000179330e+00,1.0000000000000000e+00,8.0145905117759375e-01,5.9804965453172121e-01,0.0000000000000000e+00,False,True,4.4603687699434797e-16,7.7320498624970946e-19,6.0393358877373581e-12,1.6433996045342407e-18,3.8369566013953169e-17,7.6160200256132697e-12,132,False,False,True,True,True,False,False,9.9991295330399621e-01,1.8406893835421409e-15,1.0000000000000000e+06,1.9295024534497430e+17,1.8745681970659962e+17,5.1826832259897229e-12,5.1826832259897229e-12,1.8388667796229685e-01,9.5302640135816995e-13,False,False,False,False,This bounded-gradient cap is insufficient to reproduce the local derivative-aware tangent span.,derive a bounded analytic derivative-aware coefficient-gradient formula and rerun the nonlinear h-sweep,"The row scales the local derivative-aware correction by min(1, cap/required_gradient_norm), so it is an optimistic cap-feasibility audit for bounded coefficient gradients."
cylindrical_smooth,0.01,case_local_bounded_gradient_value_scalar_nonfinal,paper_tfe_lower_pair_velocity_compression_bounded_gradient_cap_gap_not_full_tfe,,case_local_bounded_gradient_nonfinal_stage_scalar_value_fit,case_local_bounded_gradient_cap_sweep,"0,1",1,24,8,16,24,16,8,132,24,32,8,7.0835320099963266e+06,1.8390267947137043e-01,1.8388666843623028e-01,9.9991293745590781e-01,9.9999802101149671e-01,9.9973401135287565e-01,1.8388667796229685e-01,9.9999999894896907e-01,1.4501435478675553e-18,8.8240470781818370e-01,8,1.0000000000000000e+00,1.6938929623381566e-05,4.7997907901331062e-06,rank=8;fro=1.693893e-05;max_abs=4.799791e-06,2.8284271247969124e+00,1.0000000000179330e+00,1.0000000000000000e+00,8.0145905117759375e-01,5.9804965453172121e-01,0.0000000000000000e+00,False,True,4.4603687699434797e-16,7.7320498624970946e-19,6.0393358877373581e-12,1.6433996045342407e-18,3.8369566013953169e-17,7.6160200256132697e-12,132,False,False,True,True,True,False,False,9.9991295330399621e-01,1.8406893835421409e-15,1.0000000000000000e+08,1.9295024534497430e+17,1.8745681970659962e+17,5.1826832259897230e-10,5.1826832259897230e-10,1.8388667796229685e-01,9.5302640135816990e-11,False,False,False,False,This bounded-gradient cap is insufficient to reproduce the local derivative-aware tangent span.,derive a bounded analytic derivative-aware coefficient-gradient formula and rerun the nonlinear h-sweep,"The row scales the local derivative-aware correction by min(1, cap/required_gradient_norm), so it is an optimistic cap-feasibility audit for bounded coefficient gradients."
cylindrical_smooth,0.01,case_local_bounded_gradient_value_scalar_nonfinal,paper_tfe_lower_pair_velocity_compression_bounded_gradient_cap_gap_not_full_tfe,,case_local_bounded_gradient_nonfinal_stage_scalar_value_fit,case_local_bounded_gradient_cap_sweep,"0,1",1,24,8,16,24,16,8,132,24,32,8,7.0832841646787319e+06,1.8390267947137043e-01,1.8388076711401966e-01,9.9988084808000754e-01,9.9996716759080151e-01,9.9969933796927823e-01,1.8388667796229685e-01,9.9999999894896907e-01,1.4501435478675553e-18,8.8240470781818370e-01,8,1.0000000000000000e+00,1.6938929623381566e-05,4.7997907901331062e-06,rank=8;fro=1.693893e-05;max_abs=4.799791e-06,2.8284271247969124e+00,1.0000000000179330e+00,1.0000000000000000e+00,8.0145905117759375e-01,5.9804965453172121e-01,0.0000000000000000e+00,False,True,4.4603687699434797e-16,7.7320498624970946e-19,6.0393358877373581e-12,1.6433996045342407e-18,3.8369566013953169e-17,7.6160200256132697e-12,132,False,False,True,True,True,False,False,9.9991295330399621e-01,1.8406893835421409e-15,1.0000000000000000e+10,1.9295024534497430e+17,1.8745681970659962e+17,5.1826832259897234e-08,5.1826832259897234e-08,1.8388667796229685e-01,9.5302640135816999e-09,False,False,False,False,This bounded-gradient cap is insufficient to reproduce the local derivative-aware tangent span.,derive a bounded analytic derivative-aware coefficient-gradient formula and rerun the nonlinear h-sweep,"The row scales the local derivative-aware correction by min(1, cap/required_gradient_norm), so it is an optimistic cap-feasibility audit for bounded coefficient gradients."
cylindrical_smooth,0.01,case_local_bounded_gradient_value_scalar_nonfinal,paper_tfe_lower_pair_velocity_compression_bounded_gradient_cap_gap_not_full_tfe,,case_local_bounded_gradient_nonfinal_stage_scalar_value_fit,case_local_bounded_gradient_cap_sweep,"0,1",1,24,8,16,24,16,8,132,24,32,8,5.5701159039860424e+06,1.8390267947137043e-01,1.4461252342901068e-01,7.8635354223603715e-01,7.8649870141930778e-01,7.8607796543962827e-01,1.8388667796229685e-01,9.9999999894896907e-01,1.4501435478675553e-18,8.8240470781818370e-01,8,1.0000000000000000e+00,1.6938929623381566e-05,4.7997907901331062e-06,rank=8;fro=1.693893e-05;max_abs=4.799791e-06,2.8284271247969124e+00,1.0000000000179330e+00,1.0000000000000000e+00,8.0145905117759375e-01,5.9804965453172121e-01,0.0000000000000000e+00,False,True,4.4603687699434797e-16,7.7320498624970946e-19,6.0393358877373581e-12,1.6433996045342407e-18,3.8369566013953169e-17,7.6160200256132697e-12,132,False,False,True,True,True,False,False,9.9991295330399621e-01,1.8406893835421409e-15,1.0000000000000000e+12,1.9295024534497430e+17,1.8745681970659962e+17,5.1826832259897232e-06,5.1826832259897232e-06,1.8388667796229685e-01,9.5302640135816997e-07,False,False,False,False,This bounded-gradient cap is insufficient to reproduce the local derivative-aware tangent span.,derive a bounded analytic derivative-aware coefficient-gradient formula and rerun the nonlinear h-sweep,"The row scales the local derivative-aware correction by min(1, cap/required_gradient_norm), so it is an optimistic cap-feasibility audit for bounded coefficient gradients."
cylindrical_smooth,0.01,case_local_bounded_gradient_value_scalar_nonfinal,paper_tfe_lower_pair_velocity_compression_bounded_gradient_cap_gap_not_full_tfe,,case_local_bounded_gradient_nonfinal_stage_scalar_value_fit,case_local_bounded_gradient_cap_sweep,"0,1",1,24,8,16,24,16,8,132,24,32,8,9.0216462366064938e+04,1.8390267947137043e-01,2.3402730460965197e-03,1.2725606026098431e-02,1.2727465724326275e-02,1.2720399353800186e-02,1.8388667796229685e-01,9.9999999894896907e-01,1.4501435478675553e-18,8.8240470781818370e-01,8,1.0000000000000000e+00,1.6938929623381566e-05,4.7997907901331062e-06,rank=8;fro=1.693893e-05;max_abs=4.799791e-06,2.8284271247969124e+00,1.0000000000179330e+00,1.0000000000000000e+00,8.0145905117759375e-01,5.9804965453172121e-01,0.0000000000000000e+00,False,True,4.4603687699434797e-16,7.7320498624970946e-19,6.0393358877373581e-12,1.6433996045342407e-18,3.8369566013953169e-17,7.6160200256132697e-12,132,False,False,True,True,True,False,False,9.9991295330399621e-01,1.8406893835421409e-15,1.0000000000000000e+14,1.9295024534497430e+17,1.8745681970659962e+17,5.1826832259897228e-04,5.1826832259897228e-04,1.8388667796229685e-01,9.5302640135816997e-05,False,False,False,False,This bounded-gradient cap is insufficient to reproduce the local derivative-aware tangent span.,derive a bounded analytic derivative-aware coefficient-gradient formula and rerun the nonlinear h-sweep,"The row scales the local derivative-aware correction by min(1, cap/required_gradient_norm), so it is an optimistic cap-feasibility audit for bounded coefficient gradients."
cylindrical_smooth,0.01,case_local_bounded_gradient_value_scalar_nonfinal,paper_tfe_lower_pair_velocity_compression_bounded_gradient_cap_gap_not_full_tfe,,case_local_bounded_gradient_nonfinal_stage_scalar_value_fit,case_local_bounded_gradient_cap_sweep,"0,1",1,24,8,16,24,16,8,132,24,32,8,9.0224390689687607e+02,1.8390267947137043e-01,2.2203190849925521e-05,1.2073337329150805e-04,1.2075078568659117e-04,1.2068433355802698e-04,1.8388667796229685e-01,9.9999999894896907e-01,1.4501435478675553e-18,8.8240470781818370e-01,8,1.0000000000000000e+00,1.6938929623381566e-05,4.7997907901331062e-06,rank=8;fro=1.693893e-05;max_abs=4.799791e-06,2.8284271247969124e+00,1.0000000000179330e+00,1.0000000000000000e+00,8.0145905117759375e-01,5.9804965453172121e-01,0.0000000000000000e+00,False,True,4.4603687699434797e-16,7.7320498624970946e-19,6.0393358877373581e-12,1.6433996045342407e-18,3.8369566013953169e-17,7.6160200256132697e-12,132,False,False,True,True,True,False,False,9.9991295330399621e-01,1.8406893835421409e-15,1.0000000000000000e+16,1.9295024534497430e+17,1.8745681970659962e+17,5.1826832259897232e-02,5.1826832259897232e-02,1.8388667796229685e-01,9.5302640135817001e-03,False,False,False,False,This bounded-gradient cap is insufficient to reproduce the local derivative-aware tangent span.,derive a bounded analytic derivative-aware coefficient-gradient formula and rerun the nonlinear h-sweep,"The row scales the local derivative-aware correction by min(1, cap/required_gradient_norm), so it is an optimistic cap-feasibility audit for bounded coefficient gradients."
cylindrical_smooth,0.01,case_local_bounded_gradient_value_scalar_nonfinal,paper_tfe_lower_pair_velocity_compression_bounded_gradient_cap_spans_not_full_tfe,,case_local_bounded_gradient_nonfinal_stage_scalar_value_fit,case_local_bounded_gradient_cap_sweep,"0,1",1,24,8,16,24,16,8,132,24,24,0,4.6760447032679622e+01,1.8390267947137043e-01,3.3850770970790479e-16,1.8406893835421409e-15,3.3030377245695854e-15,6.7634250290497891e-16,1.8388667796229685e-01,9.9999999894896907e-01,1.4501435478675553e-18,8.8240470781818370e-01,8,1.0000000000000000e+00,1.6938929623381566e-05,4.7997907901331062e-06,rank=8;fro=1.693893e-05;max_abs=4.799791e-06,2.8284271247969124e+00,1.0000000000179330e+00,1.0000000000000000e+00,8.0145905117759375e-01,5.9804965453172121e-01,0.0000000000000000e+00,False,True,4.4603687699434797e-16,7.7320498624970946e-19,6.0393358877373581e-12,1.6433996045342407e-18,3.8369566013953169e-17,7.6160200256132697e-12,132,True,True,True,True,True,False,False,9.9991295330399621e-01,1.8406893835421409e-15,1.0000000000000000e+18,1.9295024534497430e+17,1.8745681970659962e+17,5.1826832259897229e+00,1.0000000000000000e+00,1.8388667796229685e-01,1.8388667796229685e-01,False,True,False,False,"This bounded-gradient cap reproduces the local derivative-aware span, but it is still a cap-scaled oracle rather than an analytic full-TFE residual or nonlinear h-sweep.",derive a bounded analytic derivative-aware coefficient-gradient formula and rerun the nonlinear h-sweep,"The row scales the local derivative-aware correction by min(1, cap/required_gradient_norm), so it is an optimistic cap-feasibility audit for bounded coefficient gradients."
cylindrical_smooth,0.01,universal_bounded_gradient_value_scalar_nonfinal,paper_tfe_lower_pair_velocity_compression_bounded_gradient_cap_gap_not_full_tfe,,universal_bounded_gradient_nonfinal_stage_scalar_value_fit,all_case_h_bounded_gradient_cap_sweep,"0,1",6,24,8,16,24,16,8,132,16,24,8,1.0490844027976274e+11,1.8390267947137043e-01,1.8388666665370310e-01,9.9991292776313345e-01,9.9999801719511550e-01,9.9973398936867175e-01,1.8388667815555412e-01,9.9999999999992750e-01,1.6433765094034822e-18,9.9998594673462571e-01,8,1.0000000000000000e+00,1.1432606374566444e-09,3.2352835765686957e-10,rank=8;fro=1.143261e-09;max_abs=3.235284e-10,2.8284271247461903e+00,1.0000000000000000e+00,1.0000000000000000e+00,8.0040924391222112e-01,5.9945395341082419e-01,0.0000000000000000e+00,False,True,4.4603620681837343e-16,4.9177203651950620e-23,6.0393358877373581e-12,1.6433996045342407e-18,3.8369566013953169e-17,7.6160200256132697e-12,132,False,False,True,True,True,False,False,9.9991295340494168e-01,1.4598428077861687e-15,1.0000000000000000e+04,1.9295024585170326e+17,1.8745682019933712e+17,5.1826832123788793e-14,5.1826832123788793e-14,1.8388667815555412e-01,9.5302639985690833e-15,False,False,False,False,This bounded-gradient cap is insufficient to reproduce the local derivative-aware tangent span.,derive a bounded analytic derivative-aware coefficient-gradient formula and rerun the nonlinear h-sweep,"The row scales the local derivative-aware correction by min(1, cap/required_gradient_norm), so it is an optimistic cap-feasibility audit for bounded coefficient gradients."
cylindrical_smooth,0.01,universal_bounded_gradient_value_scalar_nonfinal,paper_tfe_lower_pair_velocity_compression_bounded_gradient_cap_gap_not_full_tfe,,universal_bounded_gradient_nonfinal_stage_scalar_value_fit,all_case_h_bounded_gradient_cap_sweep,"0,1",6,24,8,16,24,16,8,132,16,24,8,1.0490069440315195e+11,1.8390267947137043e-01,1.8387388936191518e-01,9.9984344921162649e-01,9.9993036705520855e-01,9.9966069644597633e-01,1.8388667815555412e-01,9.9999999999992750e-01,1.6433765094034822e-18,9.9998594673462571e-01,8,1.0000000000000000e+00,1.1432606374566444e-09,3.2352835765686957e-10,rank=8;fro=1.143261e-09;max_abs=3.235284e-10,2.8284271247461903e+00,1.0000000000000000e+00,1.0000000000000000e+00,8.0040924391222112e-01,5.9945395341082419e-01,0.0000000000000000e+00,False,True,4.4603620681837343e-16,4.9177203651950620e-23,6.0393358877373581e-12,1.6433996045342407e-18,3.8369566013953169e-17,7.6160200256132697e-12,132,False,False,True,True,True,False,False,9.9991295340494168e-01,1.4598428077861687e-15,1.0000000000000000e+06,1.9295024585170326e+17,1.8745682019933712e+17,5.1826832123788796e-12,5.1826832123788796e-12,1.8388667815555412e-01,9.5302639985690843e-13,False,False,False,False,This bounded-gradient cap is insufficient to reproduce the local derivative-aware tangent span.,derive a bounded analytic derivative-aware coefficient-gradient formula and rerun the nonlinear h-sweep,"The row scales the local derivative-aware correction by min(1, cap/required_gradient_norm), so it is an optimistic cap-feasibility audit for bounded coefficient gradients."
cylindrical_smooth,0.01,universal_bounded_gradient_value_scalar_nonfinal,paper_tfe_lower_pair_velocity_compression_bounded_gradient_cap_gap_not_full_tfe,,universal_bounded_gradient_nonfinal_stage_scalar_value_fit,all_case_h_bounded_gradient_cap_sweep,"0,1",6,24,8,16,24,16,8,132,16,24,8,6.8387432844720963e+10,1.8390267947137043e-01,1.1987882987033102e-01,6.5186015894343452e-01,6.5198853684818425e-01,6.5159607040683043e-01,1.8388667815555412e-01,9.9999999999992750e-01,1.6433765094034822e-18,9.9998594673462571e-01,8,1.0000000000000000e+00,1.1432606374566444e-09,3.2352835765686957e-10,rank=8;fro=1.143261e-09;max_abs=3.235284e-10,2.8284271247461903e+00,1.0000000000000000e+00,1.0000000000000000e+00,8.0040924391222112e-01,5.9945395341082419e-01,0.0000000000000000e+00,False,True,4.4603620681837343e-16,4.9177203651950620e-23,6.0393358877373581e-12,1.6433996045342407e-18,3.8369566013953169e-17,7.6160200256132697e-12,132,False,False,True,True,True,False,False,9.9991295340494168e-01,1.4598428077861687e-15,1.0000000000000000e+08,1.9295024585170326e+17,1.8745682019933712e+17,5.1826832123788796e-10,5.1826832123788796e-10,1.8388667815555412e-01,9.5302639985690844e-11,False,False,False,False,This bounded-gradient cap is insufficient to reproduce the local derivative-aware tangent span.,derive a bounded analytic derivative-aware coefficient-gradient formula and rerun the nonlinear h-sweep,"The row scales the local derivative-aware correction by min(1, cap/required_gradient_norm), so it is an optimistic cap-feasibility audit for bounded coefficient gradients."
cylindrical_smooth,0.01,universal_bounded_gradient_value_scalar_nonfinal,paper_tfe_lower_pair_velocity_compression_bounded_gradient_cap_gap_not_full_tfe,,universal_bounded_gradient_nonfinal_stage_scalar_value_fit,all_case_h_bounded_gradient_cap_sweep,"0,1",6,24,8,16,24,16,8,132,24,24,0,9.0220639570005190e+08,1.8390267947137043e-01,1.5810691086509912e-03,8.5973141511357289e-03,8.5985612724545461e-03,8.5938190413619164e-03,1.8388667815555412e-01,9.9999999999992750e-01,1.6433765094034822e-18,9.9998594673462571e-01,8,1.0000000000000000e+00,1.1432606374566444e-09,3.2352835765686957e-10,rank=8;fro=1.143261e-09;max_abs=3.235284e-10,2.8284271247461903e+00,1.0000000000000000e+00,1.0000000000000000e+00,8.0040924391222112e-01,5.9945395341082419e-01,0.0000000000000000e+00,False,True,4.4603620681837343e-16,4.9177203651950620e-23,6.0393358877373581e-12,1.6433996045342407e-18,3.8369566013953169e-17,7.6160200256132697e-12,132,False,False,True,True,True,False,False,9.9991295340494168e-01,1.4598428077861687e-15,1.0000000000000000e+10,1.9295024585170326e+17,1.8745682019933712e+17,5.1826832123788794e-08,5.1826832123788794e-08,1.8388667815555412e-01,9.5302639985690832e-09,False,False,False,False,This bounded-gradient cap is insufficient to reproduce the local derivative-aware tangent span.,derive a bounded analytic derivative-aware coefficient-gradient formula and rerun the nonlinear h-sweep,"The row scales the local derivative-aware correction by min(1, cap/required_gradient_norm), so it is an optimistic cap-feasibility audit for bounded coefficient gradients."
cylindrical_smooth,0.01,universal_bounded_gradient_value_scalar_nonfinal,paper_tfe_lower_pair_velocity_compression_bounded_gradient_cap_gap_not_full_tfe,,universal_bounded_gradient_nonfinal_stage_scalar_value_fit,all_case_h_bounded_gradient_cap_sweep,"0,1",6,24,8,16,24,16,8,132,24,24,0,9.0224392962810807e+06,1.8390267947137043e-01,1.5811216196794267e-05,8.5975996881849261e-05,8.5988357208734167e-05,8.5941217507463046e-05,1.8388667815555412e-01,9.9999999999992750e-01,1.6433765094034822e-18,9.9998594673462571e-01,8,1.0000000000000000e+00,1.1432606374566444e-09,3.2352835765686957e-10,rank=8;fro=1.143261e-09;max_abs=3.235284e-10,2.8284271247461903e+00,1.0000000000000000e+00,1.0000000000000000e+00,8.0040924391222112e-01,5.9945395341082419e-01,0.0000000000000000e+00,False,True,4.4603620681837343e-16,4.9177203651950620e-23,6.0393358877373581e-12,1.6433996045342407e-18,3.8369566013953169e-17,7.6160200256132697e-12,132,False,False,True,True,True,False,False,9.9991295340494168e-01,1.4598428077861687e-15,1.0000000000000000e+12,1.9295024585170326e+17,1.8745682019933712e+17,5.1826832123788796e-06,5.1826832123788796e-06,1.8388667815555412e-01,9.5302639985690836e-07,False,False,False,False,This bounded-gradient cap is insufficient to reproduce the local derivative-aware tangent span.,derive a bounded analytic derivative-aware coefficient-gradient formula and rerun the nonlinear h-sweep,"The row scales the local derivative-aware correction by min(1, cap/required_gradient_norm), so it is an optimistic cap-feasibility audit for bounded coefficient gradients."
cylindrical_smooth,0.01,universal_bounded_gradient_value_scalar_nonfinal,paper_tfe_lower_pair_velocity_compression_bounded_gradient_cap_gap_not_full_tfe,,universal_bounded_gradient_nonfinal_stage_scalar_value_fit,all_case_h_bounded_gradient_cap_sweep,"0,1",6,24,8,16,24,16,8,132,24,24,0,9.0224397468754629e+04,1.8390267947137043e-01,1.5803103923566908e-07,8.5931885108977444e-07,8.5944237977799529e-07,8.5897125324287173e-07,1.8388667815555412e-01,9.9999999999992750e-01,1.6433765094034822e-18,9.9998594673462571e-01,8,1.0000000000000000e+00,1.1432606374566444e-09,3.2352835765686957e-10,rank=8;fro=1.143261e-09;max_abs=3.235284e-10,2.8284271247461903e+00,1.0000000000000000e+00,1.0000000000000000e+00,8.0040924391222112e-01,5.9945395341082419e-01,0.0000000000000000e+00,False,True,4.4603620681837343e-16,4.9177203651950620e-23,6.0393358877373581e-12,1.6433996045342407e-18,3.8369566013953169e-17,7.6160200256132697e-12,132,False,False,True,True,True,False,False,9.9991295340494168e-01,1.4598428077861687e-15,1.0000000000000000e+14,1.9295024585170326e+17,1.8745682019933712e+17,5.1826832123788797e-04,5.1826832123788797e-04,1.8388667815555412e-01,9.5302639985690856e-05,False,False,False,False,This bounded-gradient cap is insufficient to reproduce the local derivative-aware tangent span.,derive a bounded analytic derivative-aware coefficient-gradient formula and rerun the nonlinear h-sweep,"The row scales the local derivative-aware correction by min(1, cap/required_gradient_norm), so it is an optimistic cap-feasibility audit for bounded coefficient gradients."
cylindrical_smooth,0.01,universal_bounded_gradient_value_scalar_nonfinal,paper_tfe_lower_pair_velocity_compression_bounded_gradient_cap_spans_not_full_tfe,,universal_bounded_gradient_nonfinal_stage_scalar_value_fit,all_case_h_bounded_gradient_cap_sweep,"0,1",6,24,8,16,24,16,8,132,24,24,0,9.0224397510511005e+02,1.8390267947137043e-01,1.4991848911923116e-09,8.1520557258965951e-09,8.1532275980523719e-09,8.1487581888946649e-09,1.8388667815555412e-01,9.9999999999992750e-01,1.6433765094034822e-18,9.9998594673462571e-01,8,1.0000000000000000e+00,1.1432606374566444e-09,3.2352835765686957e-10,rank=8;fro=1.143261e-09;max_abs=3.235284e-10,2.8284271247461903e+00,1.0000000000000000e+00,1.0000000000000000e+00,8.0040924391222112e-01,5.9945395341082419e-01,0.0000000000000000e+00,False,True,4.4603620681837343e-16,4.9177203651950620e-23,6.0393358877373581e-12,1.6433996045342407e-18,3.8369566013953169e-17,7.6160200256132697e-12,132,True,True,True,True,True,False,False,9.9991295340494168e-01,1.4598428077861687e-15,1.0000000000000000e+16,1.9295024585170326e+17,1.8745682019933712e+17,5.1826832123788795e-02,5.1826832123788795e-02,1.8388667815555412e-01,9.5302639985690839e-03,False,True,False,False,"This bounded-gradient cap reproduces the local derivative-aware span, but it is still a cap-scaled oracle rather than an analytic full-TFE residual or nonlinear h-sweep.",derive a bounded analytic derivative-aware coefficient-gradient formula and rerun the nonlinear h-sweep,"The row scales the local derivative-aware correction by min(1, cap/required_gradient_norm), so it is an optimistic cap-feasibility audit for bounded coefficient gradients."
cylindrical_smooth,0.01,universal_bounded_gradient_value_scalar_nonfinal,paper_tfe_lower_pair_velocity_compression_bounded_gradient_cap_spans_not_full_tfe,,universal_bounded_gradient_nonfinal_stage_scalar_value_fit,all_case_h_bounded_gradient_cap_sweep,"0,1",6,24,8,16,24,16,8,132,24,24,0,4.6760447032679473e+01,1.8390267947137043e-01,2.6846900395888522e-16,1.4598428077861687e-15,2.4518885046859359e-15,7.3235973276079286e-16,1.8388667815555412e-01,9.9999999999992750e-01,1.6433765094034822e-18,9.9998594673462571e-01,8,1.0000000000000000e+00,1.1432606374566444e-09,3.2352835765686957e-10,rank=8;fro=1.143261e-09;max_abs=3.235284e-10,2.8284271247461903e+00,1.0000000000000000e+00,1.0000000000000000e+00,8.0040924391222112e-01,5.9945395341082419e-01,0.0000000000000000e+00,False,True,4.4603620681837343e-16,4.9177203651950620e-23,6.0393358877373581e-12,1.6433996045342407e-18,3.8369566013953169e-17,7.6160200256132697e-12,132,True,True,True,True,True,False,False,9.9991295340494168e-01,1.4598428077861687e-15,1.0000000000000000e+18,1.9295024585170326e+17,1.8745682019933712e+17,5.1826832123788789e+00,1.0000000000000000e+00,1.8388667815555412e-01,1.8388667815555412e-01,False,True,False,False,"This bounded-gradient cap reproduces the local derivative-aware span, but it is still a cap-scaled oracle rather than an analytic full-TFE residual or nonlinear h-sweep.",derive a bounded analytic derivative-aware coefficient-gradient formula and rerun the nonlinear h-sweep,"The row scales the local derivative-aware correction by min(1, cap/required_gradient_norm), so it is an optimistic cap-feasibility audit for bounded coefficient gradients."
cylindrical_smooth,0.01,case_local_bounded_gradient_value_component_nonfinal,paper_tfe_lower_pair_velocity_compression_bounded_gradient_cap_gap_not_full_tfe,,case_local_bounded_gradient_nonfinal_component_diagonal_value_fit,case_local_bounded_gradient_cap_sweep,"0,1",1,24,8,16,24,16,8,132,24,32,8,8.8684448441049516e+08,1.8390267947137043e-01,1.8388667171108181e-01,9.9991295526343260e-01,9.9999802421593686e-01,9.9973410831093779e-01,1.8401235660084056e-01,1.0006834559552313e+00,9.7232345226756130e-35,5.9165369736299136e-17,8,4.3474884345396133e+06,1.2956291572002651e-01,1.2852390461819496e-01,rank=8;fro=1.295629e-01;max_abs=1.285239e-01,2.8313930403831038e+00,1.0010486095296445e+00,1.0000000000000002e+00,9.9804223892358346e-01,6.2543499457584611e-02,0.0000000000000000e+00,False,True,4.4603923432269999e-16,1.6433996045342407e-18,6.0393358877373581e-12,1.6433996045342407e-18,3.8369566013953169e-17,7.6160200256132697e-12,132,False,False,True,True,True,False,False,9.9991295531742708e-01,1.2223654323799066e-15,1.0000000000000000e+04,1.9444033474073613e+17,1.8898890150540387e+17,5.1429658426240896e-14,5.1429658426240896e-14,1.8401235660084056e-01,9.4636926461888655e-15,False,False,False,False,This bounded-gradient cap is insufficient to reproduce the local derivative-aware tangent span.,derive a bounded analytic derivative-aware coefficient-gradient formula and rerun the nonlinear h-sweep,"The row scales the local derivative-aware correction by min(1, cap/required_gradient_norm), so it is an optimistic cap-feasibility audit for bounded coefficient gradients."
cylindrical_smooth,0.01,case_local_bounded_gradient_value_component_nonfinal,paper_tfe_lower_pair_velocity_compression_bounded_gradient_cap_gap_not_full_tfe,,case_local_bounded_gradient_nonfinal_component_diagonal_value_fit,case_local_bounded_gradient_cap_sweep,"0,1",1,24,8,16,24,16,8,132,24,32,8,8.8684447197166097e+08,1.8390267947137043e-01,1.8388666991250838e-01,9.9991294548340426e-01,9.9999801067553074e-01,9.9973406668679465e-01,1.8401235660084056e-01,1.0006834559552313e+00,9.7232345226756130e-35,5.9165369736299136e-17,8,4.3474884345396133e+06,1.2956291572002651e-01,1.2852390461819496e-01,rank=8;fro=1.295629e-01;max_abs=1.285239e-01,2.8313930403831038e+00,1.0010486095296445e+00,1.0000000000000002e+00,9.9804223892358346e-01,6.2543499457584611e-02,0.0000000000000000e+00,False,True,4.4603923432269999e-16,1.6433996045342407e-18,6.0393358877373581e-12,1.6433996045342407e-18,3.8369566013953169e-17,7.6160200256132697e-12,132,False,False,True,True,True,False,False,9.9991295531742708e-01,1.2223654323799066e-15,1.0000000000000000e+06,1.9444033474073613e+17,1.8898890150540387e+17,5.1429658426240893e-12,5.1429658426240893e-12,1.8401235660084056e-01,9.4636926461888646e-13,False,False,False,False,This bounded-gradient cap is insufficient to reproduce the local derivative-aware tangent span.,derive a bounded analytic derivative-aware coefficient-gradient formula and rerun the nonlinear h-sweep,"The row scales the local derivative-aware correction by min(1, cap/required_gradient_norm), so it is an optimistic cap-feasibility audit for bounded coefficient gradients."
cylindrical_smooth,0.01,case_local_bounded_gradient_value_component_nonfinal,paper_tfe_lower_pair_velocity_compression_bounded_gradient_cap_gap_not_full_tfe,,case_local_bounded_gradient_nonfinal_component_diagonal_value_fit,case_local_bounded_gradient_cap_sweep,"0,1",1,24,8,16,24,16,8,132,24,32,8,8.8671878755593002e+08,1.8390267947137043e-01,1.8387833755596195e-01,9.9986763697256364e-01,9.9999023993209268e-01,9.9961270512326172e-01,1.8401235660084056e-01,1.0006834559552313e+00,9.7232345226756130e-35,5.9165369736299136e-17,8,4.3474884345396133e+06,1.2956291572002651e-01,1.2852390461819496e-01,rank=8;fro=1.295629e-01;max_abs=1.285239e-01,2.8313930403831038e+00,1.0010486095296445e+00,1.0000000000000002e+00,9.9804223892358346e-01,6.2543499457584611e-02,0.0000000000000000e+00,False,True,4.4603923432269999e-16,1.6433996045342407e-18,6.0393358877373581e-12,1.6433996045342407e-18,3.8369566013953169e-17,7.6160200256132697e-12,132,False,False,True,True,True,False,False,9.9991295531742708e-01,1.2223654323799066e-15,1.0000000000000000e+08,1.9444033474073613e+17,1.8898890150540387e+17,5.1429658426240890e-10,5.1429658426240890e-10,1.8401235660084056e-01,9.4636926461888637e-11,False,False,False,False,This bounded-gradient cap is insufficient to reproduce the local derivative-aware tangent span.,derive a bounded analytic derivative-aware coefficient-gradient formula and rerun the nonlinear h-sweep,"The row scales the local derivative-aware correction by min(1, cap/required_gradient_norm), so it is an optimistic cap-feasibility audit for bounded coefficient gradients."
cylindrical_smooth,0.01,case_local_bounded_gradient_value_component_nonfinal,paper_tfe_lower_pair_velocity_compression_bounded_gradient_cap_gap_not_full_tfe,,case_local_bounded_gradient_nonfinal_component_diagonal_value_fit,case_local_bounded_gradient_cap_sweep,"0,1",1,24,8,16,24,16,8,132,24,32,8,4.5618548578354585e+08,1.8390267947137043e-01,1.5865212749542812e-01,8.6269611705209948e-01,9.9610894873613698e-01,5.1663767048318820e-01,1.8401235660084056e-01,1.0006834559552313e+00,9.7232345226756130e-35,5.9165369736299136e-17,8,4.3474884345396133e+06,1.2956291572002651e-01,1.2852390461819496e-01,rank=8;fro=1.295629e-01;max_abs=1.285239e-01,2.8313930403831038e+00,1.0010486095296445e+00,1.0000000000000002e+00,9.9804223892358346e-01,6.2543499457584611e-02,0.0000000000000000e+00,False,True,4.4603923432269999e-16,1.6433996045342407e-18,6.0393358877373581e-12,1.6433996045342407e-18,3.8369566013953169e-17,7.6160200256132697e-12,132,False,False,True,True,True,False,False,9.9991295531742708e-01,1.2223654323799066e-15,1.0000000000000000e+10,1.9444033474073613e+17,1.8898890150540387e+17,5.1429658426240897e-08,5.1429658426240897e-08,1.8401235660084056e-01,9.4636926461888646e-09,False,False,False,False,This bounded-gradient cap is insufficient to reproduce the local derivative-aware tangent span.,derive a bounded analytic derivative-aware coefficient-gradient formula and rerun the nonlinear h-sweep,"The row scales the local derivative-aware correction by min(1, cap/required_gradient_norm), so it is an optimistic cap-feasibility audit for bounded coefficient gradients."
cylindrical_smooth,0.01,case_local_bounded_gradient_value_component_nonfinal,paper_tfe_lower_pair_velocity_compression_bounded_gradient_cap_gap_not_full_tfe,,case_local_bounded_gradient_nonfinal_component_diagonal_value_fit,case_local_bounded_gradient_cap_sweep,"0,1",1,24,8,16,24,16,8,132,24,32,8,8.1923781242525186e+06,1.8390267947137043e-01,6.8407703089628208e-02,3.7197773999958372e-01,8.2325526345118361e-01,6.5387085642680592e-03,1.8401235660084056e-01,1.0006834559552313e+00,9.7232345226756130e-35,5.9165369736299136e-17,8,4.3474884345396133e+06,1.2956291572002651e-01,1.2852390461819496e-01,rank=8;fro=1.295629e-01;max_abs=1.285239e-01,2.8313930403831038e+00,1.0010486095296445e+00,1.0000000000000002e+00,9.9804223892358346e-01,6.2543499457584611e-02,0.0000000000000000e+00,False,True,4.4603923432269999e-16,1.6433996045342407e-18,6.0393358877373581e-12,1.6433996045342407e-18,3.8369566013953169e-17,7.6160200256132697e-12,132,False,False,True,True,True,False,False,9.9991295531742708e-01,1.2223654323799066e-15,1.0000000000000000e+12,1.9444033474073613e+17,1.8898890150540387e+17,5.1429658426240898e-06,5.1429658426240898e-06,1.8401235660084056e-01,9.4636926461888648e-07,False,False,False,False,This bounded-gradient cap is insufficient to reproduce the local derivative-aware tangent span.,derive a bounded analytic derivative-aware coefficient-gradient formula and rerun the nonlinear h-sweep,"The row scales the local derivative-aware correction by min(1, cap/required_gradient_norm), so it is an optimistic cap-feasibility audit for bounded coefficient gradients."
cylindrical_smooth,0.01,case_local_bounded_gradient_value_component_nonfinal,paper_tfe_lower_pair_velocity_compression_bounded_gradient_cap_gap_not_full_tfe,,case_local_bounded_gradient_nonfinal_component_diagonal_value_fit,case_local_bounded_gradient_cap_sweep,"0,1",1,24,8,16,24,16,8,132,24,32,8,8.3043176397867734e+04,1.8390267947137043e-01,6.0459936459613922e-02,3.2876049785357364e-01,8.1742400053750108e-01,6.5365884608285313e-05,1.8401235660084056e-01,1.0006834559552313e+00,9.7232345226756130e-35,5.9165369736299136e-17,8,4.3474884345396133e+06,1.2956291572002651e-01,1.2852390461819496e-01,rank=8;fro=1.295629e-01;max_abs=1.285239e-01,2.8313930403831038e+00,1.0010486095296445e+00,1.0000000000000002e+00,9.9804223892358346e-01,6.2543499457584611e-02,0.0000000000000000e+00,False,True,4.4603923432269999e-16,1.6433996045342407e-18,6.0393358877373581e-12,1.6433996045342407e-18,3.8369566013953169e-17,7.6160200256132697e-12,132,False,False,True,True,True,False,False,9.9991295531742708e-01,1.2223654323799066e-15,1.0000000000000000e+14,1.9444033474073613e+17,1.8898890150540387e+17,5.1429658426240899e-04,5.1429658426240899e-04,1.8401235660084056e-01,9.4636926461888645e-05,False,False,False,False,This bounded-gradient cap is insufficient to reproduce the local derivative-aware tangent span.,derive a bounded analytic derivative-aware coefficient-gradient formula and rerun the nonlinear h-sweep,"The row scales the local derivative-aware correction by min(1, cap/required_gradient_norm), so it is an optimistic cap-feasibility audit for bounded coefficient gradients."
cylindrical_smooth,0.01,case_local_bounded_gradient_value_component_nonfinal,paper_tfe_lower_pair_velocity_compression_bounded_gradient_cap_gap_not_full_tfe,,case_local_bounded_gradient_nonfinal_component_diagonal_value_fit,case_local_bounded_gradient_cap_sweep,"0,1",1,24,8,16,24,16,8,132,24,32,8,8.6965237576620257e+02,1.8390267947137043e-01,4.2318261414910768e-02,2.3011226120551867e-01,7.5394534292723181e-01,6.2278831136539640e-07,1.8401235660084056e-01,1.0006834559552313e+00,9.7232345226756130e-35,5.9165369736299136e-17,8,4.3474884345396133e+06,1.2956291572002651e-01,1.2852390461819496e-01,rank=8;fro=1.295629e-01;max_abs=1.285239e-01,2.8313930403831038e+00,1.0010486095296445e+00,1.0000000000000002e+00,9.9804223892358346e-01,6.2543499457584611e-02,0.0000000000000000e+00,False,True,4.4603923432269999e-16,1.6433996045342407e-18,6.0393358877373581e-12,1.6433996045342407e-18,3.8369566013953169e-17,7.6160200256132697e-12,132,False,False,True,True,True,False,False,9.9991295531742708e-01,1.2223654323799066e-15,1.0000000000000000e+16,1.9444033474073613e+17,1.8898890150540387e+17,5.1429658426240893e-02,5.1429658426240893e-02,1.8401235660084056e-01,9.4636926461888638e-03,False,False,False,False,This bounded-gradient cap is insufficient to reproduce the local derivative-aware tangent span.,derive a bounded analytic derivative-aware coefficient-gradient formula and rerun the nonlinear h-sweep,"The row scales the local derivative-aware correction by min(1, cap/required_gradient_norm), so it is an optimistic cap-feasibility audit for bounded coefficient gradients."
cylindrical_smooth,0.01,case_local_bounded_gradient_value_component_nonfinal,paper_tfe_lower_pair_velocity_compression_bounded_gradient_cap_spans_not_full_tfe,,case_local_bounded_gradient_nonfinal_component_diagonal_value_fit,case_local_bounded_gradient_cap_sweep,"0,1",1,24,8,16,24,16,8,132,24,24,0,4.6760541650769717e+01,1.8390267947137043e-01,2.2479627830784509e-16,1.2223654323799066e-15,1.6015896362992436e-15,8.4582611783066080e-16,1.8401235660084056e-01,1.0006834559552313e+00,9.7232345226756130e-35,5.9165369736299136e-17,8,4.3474884345396133e+06,1.2956291572002651e-01,1.2852390461819496e-01,rank=8;fro=1.295629e-01;max_abs=1.285239e-01,2.8313930403831038e+00,1.0010486095296445e+00,1.0000000000000002e+00,9.9804223892358346e-01,6.2543499457584611e-02,0.0000000000000000e+00,False,True,4.4603923432269999e-16,1.6433996045342407e-18,6.0393358877373581e-12,1.6433996045342407e-18,3.8369566013953169e-17,7.6160200256132697e-12,132,True,True,True,True,True,False,False,9.9991295531742708e-01,1.2223654323799066e-15,1.0000000000000000e+18,1.9444033474073613e+17,1.8898890150540387e+17,5.1429658426240898e+00,1.0000000000000000e+00,1.8401235660084056e-01,1.8401235660084056e-01,False,True,False,False,"This bounded-gradient cap reproduces the local derivative-aware span, but it is still a cap-scaled oracle rather than an analytic full-TFE residual or nonlinear h-sweep.",derive a bounded analytic derivative-aware coefficient-gradient formula and rerun the nonlinear h-sweep,"The row scales the local derivative-aware correction by min(1, cap/required_gradient_norm), so it is an optimistic cap-feasibility audit for bounded coefficient gradients."
cylindrical_smooth,0.01,universal_bounded_gradient_value_component_nonfinal,paper_tfe_lower_pair_velocity_compression_bounded_gradient_cap_gap_not_full_tfe,,universal_bounded_gradient_nonfinal_component_diagonal_value_fit,all_case_h_bounded_gradient_cap_sweep,"0,1",6,24,8,16,24,16,8,132,21,29,8,8.9210018862896698e+10,1.8390267947137043e-01,1.8388666626460634e-01,9.9991292564735801e-01,9.9999802251292547e-01,9.9973392011217987e-01,1.8411674096983208e-01,1.0012511119161660e+00,1.6450722467175256e-18,1.0010177939550855e+00,8,5.1760023273602521e+08,1.6219075510265546e-01,9.9289078893220237e-02,rank=8;fro=1.621908e-01;max_abs=9.928908e-02,2.8330735678836105e+00,1.0016427657254339e+00,1.0000000000000000e+00,8.5653393329897720e-01,5.1609071015411934e-01,0.0000000000000000e+00,False,True,4.4603622288737896e-16,1.1972768759037738e-19,6.0393358877373581e-12,1.6433996045342407e-18,3.8369566013953169e-17,7.6160200256132697e-12,132,False,False,True,True,True,False,False,9.9991294846885914e-01,1.3403000123661052e-15,1.0000000000000000e+04,1.9479299888626192e+17,1.8929343132673299e+17,5.1336547294694714e-14,5.1336547294694714e-14,1.8411674096983208e-01,9.4519177805428408e-15,False,False,False,False,This bounded-gradient cap is insufficient to reproduce the local derivative-aware tangent span.,derive a bounded analytic derivative-aware coefficient-gradient formula and rerun the nonlinear h-sweep,"The row scales the local derivative-aware correction by min(1, cap/required_gradient_norm), so it is an optimistic cap-feasibility audit for bounded coefficient gradients."
cylindrical_smooth,0.01,universal_bounded_gradient_value_component_nonfinal,paper_tfe_lower_pair_velocity_compression_bounded_gradient_cap_gap_not_full_tfe,,universal_bounded_gradient_nonfinal_component_diagonal_value_fit,all_case_h_bounded_gradient_cap_sweep,"0,1",6,24,8,16,24,16,8,132,21,29,8,8.9186616022756683e+10,1.8390267947137043e-01,1.8387611672306278e-01,9.9985556084128846e-01,9.9998965251726502e-01,9.9947165323023746e-01,1.8411674096983208e-01,1.0012511119161660e+00,1.6450722467175256e-18,1.0010177939550855e+00,8,5.1760023273602521e+08,1.6219075510265546e-01,9.9289078893220237e-02,rank=8;fro=1.621908e-01;max_abs=9.928908e-02,2.8330735678836105e+00,1.0016427657254339e+00,1.0000000000000000e+00,8.5653393329897720e-01,5.1609071015411934e-01,0.0000000000000000e+00,False,True,4.4603622288737896e-16,1.1972768759037738e-19,6.0393358877373581e-12,1.6433996045342407e-18,3.8369566013953169e-17,7.6160200256132697e-12,132,False,False,True,True,True,False,False,9.9991294846885914e-01,1.3403000123661052e-15,1.0000000000000000e+06,1.9479299888626192e+17,1.8929343132673299e+17,5.1336547294694717e-12,5.1336547294694717e-12,1.8411674096983208e-01,9.4519177805428419e-13,False,False,False,False,This bounded-gradient cap is insufficient to reproduce the local derivative-aware tangent span.,derive a bounded analytic derivative-aware coefficient-gradient formula and rerun the nonlinear h-sweep,"The row scales the local derivative-aware correction by min(1, cap/required_gradient_norm), so it is an optimistic cap-feasibility audit for bounded coefficient gradients."
cylindrical_smooth,0.01,universal_bounded_gradient_value_component_nonfinal,paper_tfe_lower_pair_velocity_compression_bounded_gradient_cap_gap_not_full_tfe,,universal_bounded_gradient_nonfinal_component_diagonal_value_fit,all_case_h_bounded_gradient_cap_sweep,"0,1",6,24,8,16,24,16,8,132,21,29,8,3.6286934124087952e+10,1.8390267947137043e-01,1.6150597114935983e-01,8.7821434474804771e-01,9.9864845308283290e-01,4.0627851517687524e-01,1.8411674096983208e-01,1.0012511119161660e+00,1.6450722467175256e-18,1.0010177939550855e+00,8,5.1760023273602521e+08,1.6219075510265546e-01,9.9289078893220237e-02,rank=8;fro=1.621908e-01;max_abs=9.928908e-02,2.8330735678836105e+00,1.0016427657254339e+00,1.0000000000000000e+00,8.5653393329897720e-01,5.1609071015411934e-01,0.0000000000000000e+00,False,True,4.4603622288737896e-16,1.1972768759037738e-19,6.0393358877373581e-12,1.6433996045342407e-18,3.8369566013953169e-17,7.6160200256132697e-12,132,False,False,True,True,True,False,False,9.9991294846885914e-01,1.3403000123661052e-15,1.0000000000000000e+08,1.9479299888626192e+17,1.8929343132673299e+17,5.1336547294694719e-10,5.1336547294694719e-10,1.8411674096983208e-01,9.4519177805428422e-11,False,False,False,False,This bounded-gradient cap is insufficient to reproduce the local derivative-aware tangent span.,derive a bounded analytic derivative-aware coefficient-gradient formula and rerun the nonlinear h-sweep,"The row scales the local derivative-aware correction by min(1, cap/required_gradient_norm), so it is an optimistic cap-feasibility audit for bounded coefficient gradients."
cylindrical_smooth,0.01,universal_bounded_gradient_value_component_nonfinal,paper_tfe_lower_pair_velocity_compression_bounded_gradient_cap_gap_not_full_tfe,,universal_bounded_gradient_nonfinal_component_diagonal_value_fit,all_case_h_bounded_gradient_cap_sweep,"0,1",6,24,8,16,24,16,8,132,24,29,5,8.2710979827523851e+08,1.8390267947137043e-01,9.1844109064697310e-02,4.9941691621190004e-01,8.2829934928712723e-01,4.4890173829974147e-03,1.8411674096983208e-01,1.0012511119161660e+00,1.6450722467175256e-18,1.0010177939550855e+00,8,5.1760023273602521e+08,1.6219075510265546e-01,9.9289078893220237e-02,rank=8;fro=1.621908e-01;max_abs=9.928908e-02,2.8330735678836105e+00,1.0016427657254339e+00,1.0000000000000000e+00,8.5653393329897720e-01,5.1609071015411934e-01,0.0000000000000000e+00,False,True,4.4603622288737896e-16,1.1972768759037738e-19,6.0393358877373581e-12,1.6433996045342407e-18,3.8369566013953169e-17,7.6160200256132697e-12,132,False,False,True,True,True,False,False,9.9991294846885914e-01,1.3403000123661052e-15,1.0000000000000000e+10,1.9479299888626192e+17,1.8929343132673299e+17,5.1336547294694716e-08,5.1336547294694716e-08,1.8411674096983208e-01,9.4519177805428420e-09,False,False,False,False,This bounded-gradient cap is insufficient to reproduce the local derivative-aware tangent span.,derive a bounded analytic derivative-aware coefficient-gradient formula and rerun the nonlinear h-sweep,"The row scales the local derivative-aware correction by min(1, cap/required_gradient_norm), so it is an optimistic cap-feasibility audit for bounded coefficient gradients."
cylindrical_smooth,0.01,universal_bounded_gradient_value_component_nonfinal,paper_tfe_lower_pair_velocity_compression_bounded_gradient_cap_gap_not_full_tfe,,universal_bounded_gradient_nonfinal_component_diagonal_value_fit,all_case_h_bounded_gradient_cap_sweep,"0,1",6,24,8,16,24,16,8,132,24,29,5,8.3192693463629559e+06,1.8390267947137043e-01,6.0481788524827801e-02,3.2887932192550501e-01,8.1744681931306307e-01,4.5116949209087992e-05,1.8411674096983208e-01,1.0012511119161660e+00,1.6450722467175256e-18,1.0010177939550855e+00,8,5.1760023273602521e+08,1.6219075510265546e-01,9.9289078893220237e-02,rank=8;fro=1.621908e-01;max_abs=9.928908e-02,2.8330735678836105e+00,1.0016427657254339e+00,1.0000000000000000e+00,8.5653393329897720e-01,5.1609071015411934e-01,0.0000000000000000e+00,False,True,4.4603622288737896e-16,1.1972768759037738e-19,6.0393358877373581e-12,1.6433996045342407e-18,3.8369566013953169e-17,7.6160200256132697e-12,132,False,False,True,True,True,False,False,9.9991294846885914e-01,1.3403000123661052e-15,1.0000000000000000e+12,1.9479299888626192e+17,1.8929343132673299e+17,5.1336547294694715e-06,5.1336547294694715e-06,1.8411674096983208e-01,9.4519177805428422e-07,False,False,False,False,This bounded-gradient cap is insufficient to reproduce the local derivative-aware tangent span.,derive a bounded analytic derivative-aware coefficient-gradient formula and rerun the nonlinear h-sweep,"The row scales the local derivative-aware correction by min(1, cap/required_gradient_norm), so it is an optimistic cap-feasibility audit for bounded coefficient gradients."
cylindrical_smooth,0.01,universal_bounded_gradient_value_component_nonfinal,paper_tfe_lower_pair_velocity_compression_bounded_gradient_cap_gap_not_full_tfe,,universal_bounded_gradient_nonfinal_component_diagonal_value_fit,all_case_h_bounded_gradient_cap_sweep,"0,1",6,24,8,16,24,16,8,132,24,29,5,8.3192913196665657e+04,1.8390267947137043e-01,6.0469772656917845e-02,3.2881398373715187e-01,8.1744081627248744e-01,4.5094180616849230e-07,1.8411674096983208e-01,1.0012511119161660e+00,1.6450722467175256e-18,1.0010177939550855e+00,8,5.1760023273602521e+08,1.6219075510265546e-01,9.9289078893220237e-02,rank=8;fro=1.621908e-01;max_abs=9.928908e-02,2.8330735678836105e+00,1.0016427657254339e+00,1.0000000000000000e+00,8.5653393329897720e-01,5.1609071015411934e-01,0.0000000000000000e+00,False,True,4.4603622288737896e-16,1.1972768759037738e-19,6.0393358877373581e-12,1.6433996045342407e-18,3.8369566013953169e-17,7.6160200256132697e-12,132,False,False,True,True,True,False,False,9.9991294846885914e-01,1.3403000123661052e-15,1.0000000000000000e+14,1.9479299888626192e+17,1.8929343132673299e+17,5.1336547294694712e-04,5.1336547294694712e-04,1.8411674096983208e-01,9.4519177805428415e-05,False,False,False,False,This bounded-gradient cap is insufficient to reproduce the local derivative-aware tangent span.,derive a bounded analytic derivative-aware coefficient-gradient formula and rerun the nonlinear h-sweep,"The row scales the local derivative-aware correction by min(1, cap/required_gradient_norm), so it is an optimistic cap-feasibility audit for bounded coefficient gradients."
cylindrical_smooth,0.01,universal_bounded_gradient_value_component_nonfinal,paper_tfe_lower_pair_velocity_compression_bounded_gradient_cap_gap_not_full_tfe,,universal_bounded_gradient_nonfinal_component_diagonal_value_fit,all_case_h_bounded_gradient_cap_sweep,"0,1",6,24,8,16,24,16,8,132,24,29,5,8.3578511079186444e+02,1.8390267947137043e-01,5.6543264739161152e-02,3.0746297390388860e-01,7.7646425218044968e-01,4.3782993753296657e-09,1.8411674096983208e-01,1.0012511119161660e+00,1.6450722467175256e-18,1.0010177939550855e+00,8,5.1760023273602521e+08,1.6219075510265546e-01,9.9289078893220237e-02,rank=8;fro=1.621908e-01;max_abs=9.928908e-02,2.8330735678836105e+00,1.0016427657254339e+00,1.0000000000000000e+00,8.5653393329897720e-01,5.1609071015411934e-01,0.0000000000000000e+00,False,True,4.4603622288737896e-16,1.1972768759037738e-19,6.0393358877373581e-12,1.6433996045342407e-18,3.8369566013953169e-17,7.6160200256132697e-12,132,False,False,True,True,True,False,False,9.9991294846885914e-01,1.3403000123661052e-15,1.0000000000000000e+16,1.9479299888626192e+17,1.8929343132673299e+17,5.1336547294694716e-02,5.1336547294694716e-02,1.8411674096983208e-01,9.4519177805428411e-03,False,False,False,False,This bounded-gradient cap is insufficient to reproduce the local derivative-aware tangent span.,derive a bounded analytic derivative-aware coefficient-gradient formula and rerun the nonlinear h-sweep,"The row scales the local derivative-aware correction by min(1, cap/required_gradient_norm), so it is an optimistic cap-feasibility audit for bounded coefficient gradients."
cylindrical_smooth,0.01,universal_bounded_gradient_value_component_nonfinal,paper_tfe_lower_pair_velocity_compression_bounded_gradient_cap_spans_not_full_tfe,,universal_bounded_gradient_nonfinal_component_diagonal_value_fit,all_case_h_bounded_gradient_cap_sweep,"0,1",6,24,8,16,24,16,8,132,24,24,0,4.6760565570612265e+01,1.8390267947137043e-01,2.4648476356963765e-16,1.3403000123661052e-15,1.7321348817486450e-15,1.0466498145100000e-15,1.8411674096983208e-01,1.0012511119161660e+00,1.6450722467175256e-18,1.0010177939550855e+00,8,5.1760023273602521e+08,1.6219075510265546e-01,9.9289078893220237e-02,rank=8;fro=1.621908e-01;max_abs=9.928908e-02,2.8330735678836105e+00,1.0016427657254339e+00,1.0000000000000000e+00,8.5653393329897720e-01,5.1609071015411934e-01,0.0000000000000000e+00,False,True,4.4603622288737896e-16,1.1972768759037738e-19,6.0393358877373581e-12,1.6433996045342407e-18,3.8369566013953169e-17,7.6160200256132697e-12,132,True,True,True,True,True,False,False,9.9991294846885914e-01,1.3403000123661052e-15,1.0000000000000000e+18,1.9479299888626192e+17,1.8929343132673299e+17,5.1336547294694714e+00,1.0000000000000000e+00,1.8411674096983208e-01,1.8411674096983208e-01,False,True,False,False,"This bounded-gradient cap reproduces the local derivative-aware span, but it is still a cap-scaled oracle rather than an analytic full-TFE residual or nonlinear h-sweep.",derive a bounded analytic derivative-aware coefficient-gradient formula and rerun the nonlinear h-sweep,"The row scales the local derivative-aware correction by min(1, cap/required_gradient_norm), so it is an optimistic cap-feasibility audit for bounded coefficient gradients."
cylindrical_smooth,0.01,case_local_bounded_gradient_value_full_nonfinal,paper_tfe_lower_pair_velocity_compression_bounded_gradient_cap_gap_not_full_tfe,,case_local_bounded_gradient_nonfinal_full_component_value_fit,case_local_bounded_gradient_cap_sweep,"0,1",1,24,8,16,24,16,8,132,24,25,1,1.4236196441461983e+08,1.8390267947137043e-01,3.9238288004000005e-02,2.1336441707532888e-01,3.5966658586869427e-01,8.0082981688090089e-03,1.8388667815553009e-01,9.9999999999979683e-01,1.6692610498525925e-34,1.0157365532077521e-16,1,1.0000000000000000e+00,2.7211594703171947e-07,7.8520621784514445e-08,rank=1;fro=2.721159e-07;max_abs=7.852062e-08,2.8284271247462032e+00,1.0000000000000047e+00,1.0000000000000000e+00,6.1042947422257676e-01,7.9207061364524078e-01,0.0000000000000000e+00,False,True,4.4603923432269999e-16,1.6433996045342403e-18,6.0393358877373581e-12,1.6433996045342407e-18,3.8369566013953169e-17,7.6160200256132697e-12,132,False,False,True,True,True,False,False,9.9991298747882496e-01,1.3023117826798914e-15,1.0000000000000000e+04,3.0448162111485107e+10,1.2527108166897114e+10,3.2842704802297346e-07,3.2842704802297346e-07,1.8388667815553009e-01,6.0393358877371343e-08,False,False,False,False,This bounded-gradient cap is insufficient to reproduce the local derivative-aware tangent span.,derive a bounded analytic derivative-aware coefficient-gradient formula and rerun the nonlinear h-sweep,"The row scales the local derivative-aware correction by min(1, cap/required_gradient_norm), so it is an optimistic cap-feasibility audit for bounded coefficient gradients."
cylindrical_smooth,0.01,case_local_bounded_gradient_value_full_nonfinal,paper_tfe_lower_pair_velocity_compression_bounded_gradient_cap_gap_not_full_tfe,,case_local_bounded_gradient_nonfinal_full_component_value_fit,case_local_bounded_gradient_cap_sweep,"0,1",1,24,8,16,24,16,8,132,24,25,1,1.4237694293828623e+06,1.8390267947137043e-01,5.9011654374326158e-04,3.2088523421167970e-03,5.4091351419597181e-03,1.2043923109390759e-04,1.8388667815553009e-01,9.9999999999979683e-01,1.6692610498525925e-34,1.0157365532077521e-16,1,1.0000000000000000e+00,2.7211594703171947e-07,7.8520621784514445e-08,rank=1;fro=2.721159e-07;max_abs=7.852062e-08,2.8284271247462032e+00,1.0000000000000047e+00,1.0000000000000000e+00,6.1042947422257676e-01,7.9207061364524078e-01,0.0000000000000000e+00,False,True,4.4603923432269999e-16,1.6433996045342403e-18,6.0393358877373581e-12,1.6433996045342407e-18,3.8369566013953169e-17,7.6160200256132697e-12,132,False,False,True,True,True,False,False,9.9991298747882496e-01,1.3023117826798914e-15,1.0000000000000000e+06,3.0448162111485107e+10,1.2527108166897114e+10,3.2842704802297343e-05,3.2842704802297343e-05,1.8388667815553009e-01,6.0393358877371349e-06,False,False,False,False,This bounded-gradient cap is insufficient to reproduce the local derivative-aware tangent span.,derive a bounded analytic derivative-aware coefficient-gradient formula and rerun the nonlinear h-sweep,"The row scales the local derivative-aware correction by min(1, cap/required_gradient_norm), so it is an optimistic cap-feasibility audit for bounded coefficient gradients."
cylindrical_smooth,0.01,case_local_bounded_gradient_value_full_nonfinal,paper_tfe_lower_pair_velocity_compression_bounded_gradient_cap_gap_not_full_tfe,,case_local_bounded_gradient_nonfinal_full_component_value_fit,case_local_bounded_gradient_cap_sweep,"0,1",1,24,8,16,24,16,8,132,24,25,1,1.4237696710421940e+04,1.8390267947137043e-01,5.8823491439380802e-06,3.1986206839655275e-05,5.3918877227063784e-05,1.2005520188060556e-06,1.8388667815553009e-01,9.9999999999979683e-01,1.6692610498525925e-34,1.0157365532077521e-16,1,1.0000000000000000e+00,2.7211594703171947e-07,7.8520621784514445e-08,rank=1;fro=2.721159e-07;max_abs=7.852062e-08,2.8284271247462032e+00,1.0000000000000047e+00,1.0000000000000000e+00,6.1042947422257676e-01,7.9207061364524078e-01,0.0000000000000000e+00,False,True,4.4603923432269999e-16,1.6433996045342403e-18,6.0393358877373581e-12,1.6433996045342407e-18,3.8369566013953169e-17,7.6160200256132697e-12,132,False,False,True,True,True,False,False,9.9991298747882496e-01,1.3023117826798914e-15,1.0000000000000000e+08,3.0448162111485107e+10,1.2527108166897114e+10,3.2842704802297346e-03,3.2842704802297346e-03,1.8388667815553009e-01,6.0393358877371345e-04,False,False,False,False,This bounded-gradient cap is insufficient to reproduce the local derivative-aware tangent span.,derive a bounded analytic derivative-aware coefficient-gradient formula and rerun the nonlinear h-sweep,"The row scales the local derivative-aware correction by min(1, cap/required_gradient_norm), so it is an optimistic cap-feasibility audit for bounded coefficient gradients."
cylindrical_smooth,0.01,case_local_bounded_gradient_value_full_nonfinal,paper_tfe_lower_pair_velocity_compression_bounded_gradient_cap_gap_not_full_tfe,,case_local_bounded_gradient_nonfinal_full_component_value_fit,case_local_bounded_gradient_cap_sweep,"0,1",1,24,8,16,24,16,8,132,24,25,1,1.4237696716525210e+02,1.8390267947137043e-01,3.9634436275369726e-08,2.1551853615890317e-07,3.6329776611404047e-07,8.0891496441727535e-09,1.8388667815553009e-01,9.9999999999979683e-01,1.6692610498525925e-34,1.0157365532077521e-16,1,1.0000000000000000e+00,2.7211594703171947e-07,7.8520621784514445e-08,rank=1;fro=2.721159e-07;max_abs=7.852062e-08,2.8284271247462032e+00,1.0000000000000047e+00,1.0000000000000000e+00,6.1042947422257676e-01,7.9207061364524078e-01,0.0000000000000000e+00,False,True,4.4603923432269999e-16,1.6433996045342403e-18,6.0393358877373581e-12,1.6433996045342407e-18,3.8369566013953169e-17,7.6160200256132697e-12,132,False,False,True,True,True,False,False,9.9991298747882496e-01,1.3023117826798914e-15,1.0000000000000000e+10,3.0448162111485107e+10,1.2527108166897114e+10,3.2842704802297346e-01,3.2842704802297346e-01,1.8388667815553009e-01,6.0393358877371343e-02,False,False,False,False,This bounded-gradient cap is insufficient to reproduce the local derivative-aware tangent span.,derive a bounded analytic derivative-aware coefficient-gradient formula and rerun the nonlinear h-sweep,"The row scales the local derivative-aware correction by min(1, cap/required_gradient_norm), so it is an optimistic cap-feasibility audit for bounded coefficient gradients."
cylindrical_smooth,0.01,case_local_bounded_gradient_value_full_nonfinal,paper_tfe_lower_pair_velocity_compression_bounded_gradient_cap_spans_not_full_tfe,,case_local_bounded_gradient_nonfinal_full_component_value_fit,case_local_bounded_gradient_cap_sweep,"0,1",1,24,8,16,24,16,8,132,24,24,0,4.6760447032679522e+01,1.8390267947137043e-01,2.3949862634196910e-16,1.3023117826798914e-15,2.0454038883548852e-15,5.8659053981309078e-16,1.8388667815553009e-01,9.9999999999979683e-01,1.6692610498525925e-34,1.0157365532077521e-16,1,1.0000000000000000e+00,2.7211594703171947e-07,7.8520621784514445e-08,rank=1;fro=2.721159e-07;max_abs=7.852062e-08,2.8284271247462032e+00,1.0000000000000047e+00,1.0000000000000000e+00,6.1042947422257676e-01,7.9207061364524078e-01,0.0000000000000000e+00,False,True,4.4603923432269999e-16,1.6433996045342403e-18,6.0393358877373581e-12,1.6433996045342407e-18,3.8369566013953169e-17,7.6160200256132697e-12,132,True,True,True,True,True,False,False,9.9991298747882496e-01,1.3023117826798914e-15,1.0000000000000000e+12,3.0448162111485107e+10,1.2527108166897114e+10,3.2842704802297348e+01,1.0000000000000000e+00,1.8388667815553009e-01,1.8388667815553009e-01,False,True,False,False,"This bounded-gradient cap reproduces the local derivative-aware span, but it is still a cap-scaled oracle rather than an analytic full-TFE residual or nonlinear h-sweep.",derive a bounded analytic derivative-aware coefficient-gradient formula and rerun the nonlinear h-sweep,"The row scales the local derivative-aware correction by min(1, cap/required_gradient_norm), so it is an optimistic cap-feasibility audit for bounded coefficient gradients."
cylindrical_smooth,0.01,case_local_bounded_gradient_value_full_nonfinal,paper_tfe_lower_pair_velocity_compression_bounded_gradient_cap_spans_not_full_tfe,,case_local_bounded_gradient_nonfinal_full_component_value_fit,case_local_bounded_gradient_cap_sweep,"0,1",1,24,8,16,24,16,8,132,24,24,0,4.6760447032679522e+01,1.8390267947137043e-01,2.3949862634196910e-16,1.3023117826798914e-15,2.0454038883548852e-15,5.8659053981309078e-16,1.8388667815553009e-01,9.9999999999979683e-01,1.6692610498525925e-34,1.0157365532077521e-16,1,1.0000000000000000e+00,2.7211594703171947e-07,7.8520621784514445e-08,rank=1;fro=2.721159e-07;max_abs=7.852062e-08,2.8284271247462032e+00,1.0000000000000047e+00,1.0000000000000000e+00,6.1042947422257676e-01,7.9207061364524078e-01,0.0000000000000000e+00,False,True,4.4603923432269999e-16,1.6433996045342403e-18,6.0393358877373581e-12,1.6433996045342407e-18,3.8369566013953169e-17,7.6160200256132697e-12,132,True,True,True,True,True,False,False,9.9991298747882496e-01,1.3023117826798914e-15,1.0000000000000000e+14,3.0448162111485107e+10,1.2527108166897114e+10,3.2842704802297344e+03,1.0000000000000000e+00,1.8388667815553009e-01,1.8388667815553009e-01,False,True,False,False,"This bounded-gradient cap reproduces the local derivative-aware span, but it is still a cap-scaled oracle rather than an analytic full-TFE residual or nonlinear h-sweep.",derive a bounded analytic derivative-aware coefficient-gradient formula and rerun the nonlinear h-sweep,"The row scales the local derivative-aware correction by min(1, cap/required_gradient_norm), so it is an optimistic cap-feasibility audit for bounded coefficient gradients."
cylindrical_smooth,0.01,case_local_bounded_gradient_value_full_nonfinal,paper_tfe_lower_pair_velocity_compression_bounded_gradient_cap_spans_not_full_tfe,,case_local_bounded_gradient_nonfinal_full_component_value_fit,case_local_bounded_gradient_cap_sweep,"0,1",1,24,8,16,24,16,8,132,24,24,0,4.6760447032679522e+01,1.8390267947137043e-01,2.3949862634196910e-16,1.3023117826798914e-15,2.0454038883548852e-15,5.8659053981309078e-16,1.8388667815553009e-01,9.9999999999979683e-01,1.6692610498525925e-34,1.0157365532077521e-16,1,1.0000000000000000e+00,2.7211594703171947e-07,7.8520621784514445e-08,rank=1;fro=2.721159e-07;max_abs=7.852062e-08,2.8284271247462032e+00,1.0000000000000047e+00,1.0000000000000000e+00,6.1042947422257676e-01,7.9207061364524078e-01,0.0000000000000000e+00,False,True,4.4603923432269999e-16,1.6433996045342403e-18,6.0393358877373581e-12,1.6433996045342407e-18,3.8369566013953169e-17,7.6160200256132697e-12,132,True,True,True,True,True,False,False,9.9991298747882496e-01,1.3023117826798914e-15,1.0000000000000000e+16,3.0448162111485107e+10,1.2527108166897114e+10,3.2842704802297347e+05,1.0000000000000000e+00,1.8388667815553009e-01,1.8388667815553009e-01,False,True,False,False,"This bounded-gradient cap reproduces the local derivative-aware span, but it is still a cap-scaled oracle rather than an analytic full-TFE residual or nonlinear h-sweep.",derive a bounded analytic derivative-aware coefficient-gradient formula and rerun the nonlinear h-sweep,"The row scales the local derivative-aware correction by min(1, cap/required_gradient_norm), so it is an optimistic cap-feasibility audit for bounded coefficient gradients."
cylindrical_smooth,0.01,case_local_bounded_gradient_value_full_nonfinal,paper_tfe_lower_pair_velocity_compression_bounded_gradient_cap_spans_not_full_tfe,,case_local_bounded_gradient_nonfinal_full_component_value_fit,case_local_bounded_gradient_cap_sweep,"0,1",1,24,8,16,24,16,8,132,24,24,0,4.6760447032679522e+01,1.8390267947137043e-01,2.3949862634196910e-16,1.3023117826798914e-15,2.0454038883548852e-15,5.8659053981309078e-16,1.8388667815553009e-01,9.9999999999979683e-01,1.6692610498525925e-34,1.0157365532077521e-16,1,1.0000000000000000e+00,2.7211594703171947e-07,7.8520621784514445e-08,rank=1;fro=2.721159e-07;max_abs=7.852062e-08,2.8284271247462032e+00,1.0000000000000047e+00,1.0000000000000000e+00,6.1042947422257676e-01,7.9207061364524078e-01,0.0000000000000000e+00,False,True,4.4603923432269999e-16,1.6433996045342403e-18,6.0393358877373581e-12,1.6433996045342407e-18,3.8369566013953169e-17,7.6160200256132697e-12,132,True,True,True,True,True,False,False,9.9991298747882496e-01,1.3023117826798914e-15,1.0000000000000000e+18,3.0448162111485107e+10,1.2527108166897114e+10,3.2842704802297346e+07,1.0000000000000000e+00,1.8388667815553009e-01,1.8388667815553009e-01,False,True,False,False,"This bounded-gradient cap reproduces the local derivative-aware span, but it is still a cap-scaled oracle rather than an analytic full-TFE residual or nonlinear h-sweep.",derive a bounded analytic derivative-aware coefficient-gradient formula and rerun the nonlinear h-sweep,"The row scales the local derivative-aware correction by min(1, cap/required_gradient_norm), so it is an optimistic cap-feasibility audit for bounded coefficient gradients."
cylindrical_smooth,0.01,universal_bounded_gradient_value_full_nonfinal,paper_tfe_lower_pair_velocity_compression_bounded_gradient_cap_gap_not_full_tfe,,universal_bounded_gradient_nonfinal_full_component_value_fit,all_case_h_bounded_gradient_cap_sweep,"0,1",6,24,8,16,24,16,8,132,24,28,4,1.3973451989612103e+08,1.8390267947137043e-01,1.0733120102001843e-01,5.8363043610100052e-01,9.5939952085742231e-01,1.0168150553856346e-01,1.8388667986011836e-01,1.0000000092695727e+00,6.4630228833806393e-32,3.9327153697425517e-14,5,3.5701436665937002e+05,3.0358074882992864e-04,1.2382849716460902e-04,rank=5;fro=3.035807e-04;max_abs=1.238285e-04,2.8284271410381550e+00,1.0000000057600793e+00,1.0000000000000002e+00,8.0421962872893915e-01,5.9433222087237336e-01,0.0000000000000000e+00,False,True,4.4603923432269999e-16,1.6433996045341835e-18,6.0393358877373581e-12,1.6433996045342407e-18,3.8369566013953169e-17,7.6160200256132697e-12,132,False,False,True,True,True,False,False,9.9991295339427000e-01,1.3018588991218898e-15,1.0000000000000000e+04,3.0448162393732738e+10,1.2527108355310627e+10,3.2842704497852841e-07,3.2842704497852841e-07,1.8388667986011836e-01,6.0393358877371343e-08,False,False,False,False,This bounded-gradient cap is insufficient to reproduce the local derivative-aware tangent span.,derive a bounded analytic derivative-aware coefficient-gradient formula and rerun the nonlinear h-sweep,"The row scales the local derivative-aware correction by min(1, cap/required_gradient_norm), so it is an optimistic cap-feasibility audit for bounded coefficient gradients."
cylindrical_smooth,0.01,universal_bounded_gradient_value_full_nonfinal,paper_tfe_lower_pair_velocity_compression_bounded_gradient_cap_gap_not_full_tfe,,universal_bounded_gradient_nonfinal_full_component_value_fit,all_case_h_bounded_gradient_cap_sweep,"0,1",6,24,8,16,24,16,8,132,24,28,4,1.4210252701248904e+06,1.8390267947137043e-01,5.6012294437079189e-02,3.0457573863571175e-01,5.0653293242067277e-01,4.6051963908656769e-02,1.8388667986011836e-01,1.0000000092695727e+00,6.4630228833806393e-32,3.9327153697425517e-14,5,3.5701436665937002e+05,3.0358074882992864e-04,1.2382849716460902e-04,rank=5;fro=3.035807e-04;max_abs=1.238285e-04,2.8284271410381550e+00,1.0000000057600793e+00,1.0000000000000002e+00,8.0421962872893915e-01,5.9433222087237336e-01,0.0000000000000000e+00,False,True,4.4603923432269999e-16,1.6433996045341835e-18,6.0393358877373581e-12,1.6433996045342407e-18,3.8369566013953169e-17,7.6160200256132697e-12,132,False,False,True,True,True,False,False,9.9991295339427000e-01,1.3018588991218898e-15,1.0000000000000000e+06,3.0448162393732738e+10,1.2527108355310627e+10,3.2842704497852845e-05,3.2842704497852845e-05,1.8388667986011836e-01,6.0393358877371349e-06,False,False,False,False,This bounded-gradient cap is insufficient to reproduce the local derivative-aware tangent span.,derive a bounded analytic derivative-aware coefficient-gradient formula and rerun the nonlinear h-sweep,"The row scales the local derivative-aware correction by min(1, cap/required_gradient_norm), so it is an optimistic cap-feasibility audit for bounded coefficient gradients."
cylindrical_smooth,0.01,universal_bounded_gradient_value_full_nonfinal,paper_tfe_lower_pair_velocity_compression_bounded_gradient_cap_gap_not_full_tfe,,universal_bounded_gradient_nonfinal_full_component_value_fit,all_case_h_bounded_gradient_cap_sweep,"0,1",6,24,8,16,24,16,8,132,24,28,4,1.4236510829345765e+04,1.8390267947137043e-01,7.1226310589669189e-03,3.8730436551772780e-02,7.8914794584502360e-02,1.0513847728000614e-03,1.8388667986011836e-01,1.0000000092695727e+00,6.4630228833806393e-32,3.9327153697425517e-14,5,3.5701436665937002e+05,3.0358074882992864e-04,1.2382849716460902e-04,rank=5;fro=3.035807e-04;max_abs=1.238285e-04,2.8284271410381550e+00,1.0000000057600793e+00,1.0000000000000002e+00,8.0421962872893915e-01,5.9433222087237336e-01,0.0000000000000000e+00,False,True,4.4603923432269999e-16,1.6433996045341835e-18,6.0393358877373581e-12,1.6433996045342407e-18,3.8369566013953169e-17,7.6160200256132697e-12,132,False,False,True,True,True,False,False,9.9991295339427000e-01,1.3018588991218898e-15,1.0000000000000000e+08,3.0448162393732738e+10,1.2527108355310627e+10,3.2842704497852843e-03,3.2842704497852843e-03,1.8388667986011836e-01,6.0393358877371345e-04,False,False,False,False,This bounded-gradient cap is insufficient to reproduce the local derivative-aware tangent span.,derive a bounded analytic derivative-aware coefficient-gradient formula and rerun the nonlinear h-sweep,"The row scales the local derivative-aware correction by min(1, cap/required_gradient_norm), so it is an optimistic cap-feasibility audit for bounded coefficient gradients."
cylindrical_smooth,0.01,universal_bounded_gradient_value_full_nonfinal,paper_tfe_lower_pair_velocity_compression_bounded_gradient_cap_gap_not_full_tfe,,universal_bounded_gradient_nonfinal_full_component_value_fit,all_case_h_bounded_gradient_cap_sweep,"0,1",6,24,8,16,24,16,8,132,24,28,4,1.4237696805309008e+02,1.8390267947137043e-01,4.8602912010157417e-05,2.6428604602100870e-04,5.3851181500716341e-04,7.1521274576013608e-06,1.8388667986011836e-01,1.0000000092695727e+00,6.4630228833806393e-32,3.9327153697425517e-14,5,3.5701436665937002e+05,3.0358074882992864e-04,1.2382849716460902e-04,rank=5;fro=3.035807e-04;max_abs=1.238285e-04,2.8284271410381550e+00,1.0000000057600793e+00,1.0000000000000002e+00,8.0421962872893915e-01,5.9433222087237336e-01,0.0000000000000000e+00,False,True,4.4603923432269999e-16,1.6433996045341835e-18,6.0393358877373581e-12,1.6433996045342407e-18,3.8369566013953169e-17,7.6160200256132697e-12,132,False,False,True,True,True,False,False,9.9991295339427000e-01,1.3018588991218898e-15,1.0000000000000000e+10,3.0448162393732738e+10,1.2527108355310627e+10,3.2842704497852843e-01,3.2842704497852843e-01,1.8388667986011836e-01,6.0393358877371343e-02,False,False,False,False,This bounded-gradient cap is insufficient to reproduce the local derivative-aware tangent span.,derive a bounded analytic derivative-aware coefficient-gradient formula and rerun the nonlinear h-sweep,"The row scales the local derivative-aware correction by min(1, cap/required_gradient_norm), so it is an optimistic cap-feasibility audit for bounded coefficient gradients."
cylindrical_smooth,0.01,universal_bounded_gradient_value_full_nonfinal,paper_tfe_lower_pair_velocity_compression_bounded_gradient_cap_spans_not_full_tfe,,universal_bounded_gradient_nonfinal_full_component_value_fit,all_case_h_bounded_gradient_cap_sweep,"0,1",6,24,8,16,24,16,8,132,24,24,0,4.6760447032680247e+01,1.8390267947137043e-01,2.3941533984216407e-16,1.3018588991218898e-15,1.9816013479684326e-15,8.1281696151615685e-16,1.8388667986011836e-01,1.0000000092695727e+00,6.4630228833806393e-32,3.9327153697425517e-14,5,3.5701436665937002e+05,3.0358074882992864e-04,1.2382849716460902e-04,rank=5;fro=3.035807e-04;max_abs=1.238285e-04,2.8284271410381550e+00,1.0000000057600793e+00,1.0000000000000002e+00,8.0421962872893915e-01,5.9433222087237336e-01,0.0000000000000000e+00,False,True,4.4603923432269999e-16,1.6433996045341835e-18,6.0393358877373581e-12,1.6433996045342407e-18,3.8369566013953169e-17,7.6160200256132697e-12,132,True,True,True,True,True,False,False,9.9991295339427000e-01,1.3018588991218898e-15,1.0000000000000000e+12,3.0448162393732738e+10,1.2527108355310627e+10,3.2842704497852843e+01,1.0000000000000000e+00,1.8388667986011836e-01,1.8388667986011836e-01,False,True,False,False,"This bounded-gradient cap reproduces the local derivative-aware span, but it is still a cap-scaled oracle rather than an analytic full-TFE residual or nonlinear h-sweep.",derive a bounded analytic derivative-aware coefficient-gradient formula and rerun the nonlinear h-sweep,"The row scales the local derivative-aware correction by min(1, cap/required_gradient_norm), so it is an optimistic cap-feasibility audit for bounded coefficient gradients."
cylindrical_smooth,0.01,universal_bounded_gradient_value_full_nonfinal,paper_tfe_lower_pair_velocity_compression_bounded_gradient_cap_spans_not_full_tfe,,universal_bounded_gradient_nonfinal_full_component_value_fit,all_case_h_bounded_gradient_cap_sweep,"0,1",6,24,8,16,24,16,8,132,24,24,0,4.6760447032680247e+01,1.8390267947137043e-01,2.3941533984216407e-16,1.3018588991218898e-15,1.9816013479684326e-15,8.1281696151615685e-16,1.8388667986011836e-01,1.0000000092695727e+00,6.4630228833806393e-32,3.9327153697425517e-14,5,3.5701436665937002e+05,3.0358074882992864e-04,1.2382849716460902e-04,rank=5;fro=3.035807e-04;max_abs=1.238285e-04,2.8284271410381550e+00,1.0000000057600793e+00,1.0000000000000002e+00,8.0421962872893915e-01,5.9433222087237336e-01,0.0000000000000000e+00,False,True,4.4603923432269999e-16,1.6433996045341835e-18,6.0393358877373581e-12,1.6433996045342407e-18,3.8369566013953169e-17,7.6160200256132697e-12,132,True,True,True,True,True,False,False,9.9991295339427000e-01,1.3018588991218898e-15,1.0000000000000000e+14,3.0448162393732738e+10,1.2527108355310627e+10,3.2842704497852842e+03,1.0000000000000000e+00,1.8388667986011836e-01,1.8388667986011836e-01,False,True,False,False,"This bounded-gradient cap reproduces the local derivative-aware span, but it is still a cap-scaled oracle rather than an analytic full-TFE residual or nonlinear h-sweep.",derive a bounded analytic derivative-aware coefficient-gradient formula and rerun the nonlinear h-sweep,"The row scales the local derivative-aware correction by min(1, cap/required_gradient_norm), so it is an optimistic cap-feasibility audit for bounded coefficient gradients."
cylindrical_smooth,0.01,universal_bounded_gradient_value_full_nonfinal,paper_tfe_lower_pair_velocity_compression_bounded_gradient_cap_spans_not_full_tfe,,universal_bounded_gradient_nonfinal_full_component_value_fit,all_case_h_bounded_gradient_cap_sweep,"0,1",6,24,8,16,24,16,8,132,24,24,0,4.6760447032680247e+01,1.8390267947137043e-01,2.3941533984216407e-16,1.3018588991218898e-15,1.9816013479684326e-15,8.1281696151615685e-16,1.8388667986011836e-01,1.0000000092695727e+00,6.4630228833806393e-32,3.9327153697425517e-14,5,3.5701436665937002e+05,3.0358074882992864e-04,1.2382849716460902e-04,rank=5;fro=3.035807e-04;max_abs=1.238285e-04,2.8284271410381550e+00,1.0000000057600793e+00,1.0000000000000002e+00,8.0421962872893915e-01,5.9433222087237336e-01,0.0000000000000000e+00,False,True,4.4603923432269999e-16,1.6433996045341835e-18,6.0393358877373581e-12,1.6433996045342407e-18,3.8369566013953169e-17,7.6160200256132697e-12,132,True,True,True,True,True,False,False,9.9991295339427000e-01,1.3018588991218898e-15,1.0000000000000000e+16,3.0448162393732738e+10,1.2527108355310627e+10,3.2842704497852846e+05,1.0000000000000000e+00,1.8388667986011836e-01,1.8388667986011836e-01,False,True,False,False,"This bounded-gradient cap reproduces the local derivative-aware span, but it is still a cap-scaled oracle rather than an analytic full-TFE residual or nonlinear h-sweep.",derive a bounded analytic derivative-aware coefficient-gradient formula and rerun the nonlinear h-sweep,"The row scales the local derivative-aware correction by min(1, cap/required_gradient_norm), so it is an optimistic cap-feasibility audit for bounded coefficient gradients."
cylindrical_smooth,0.01,universal_bounded_gradient_value_full_nonfinal,paper_tfe_lower_pair_velocity_compression_bounded_gradient_cap_spans_not_full_tfe,,universal_bounded_gradient_nonfinal_full_component_value_fit,all_case_h_bounded_gradient_cap_sweep,"0,1",6,24,8,16,24,16,8,132,24,24,0,4.6760447032680247e+01,1.8390267947137043e-01,2.3941533984216407e-16,1.3018588991218898e-15,1.9816013479684326e-15,8.1281696151615685e-16,1.8388667986011836e-01,1.0000000092695727e+00,6.4630228833806393e-32,3.9327153697425517e-14,5,3.5701436665937002e+05,3.0358074882992864e-04,1.2382849716460902e-04,rank=5;fro=3.035807e-04;max_abs=1.238285e-04,2.8284271410381550e+00,1.0000000057600793e+00,1.0000000000000002e+00,8.0421962872893915e-01,5.9433222087237336e-01,0.0000000000000000e+00,False,True,4.4603923432269999e-16,1.6433996045341835e-18,6.0393358877373581e-12,1.6433996045342407e-18,3.8369566013953169e-17,7.6160200256132697e-12,132,True,True,True,True,True,False,False,9.9991295339427000e-01,1.3018588991218898e-15,1.0000000000000000e+18,3.0448162393732738e+10,1.2527108355310627e+10,3.2842704497852843e+07,1.0000000000000000e+00,1.8388667986011836e-01,1.8388667986011836e-01,False,True,False,False,"This bounded-gradient cap reproduces the local derivative-aware span, but it is still a cap-scaled oracle rather than an analytic full-TFE residual or nonlinear h-sweep.",derive a bounded analytic derivative-aware coefficient-gradient formula and rerun the nonlinear h-sweep,"The row scales the local derivative-aware correction by min(1, cap/required_gradient_norm), so it is an optimistic cap-feasibility audit for bounded coefficient gradients."
cylindrical_sharp,0.04,case_local_bounded_gradient_value_scalar_nonfinal,paper_tfe_lower_pair_velocity_compression_bounded_gradient_cap_gap_not_full_tfe,,case_local_bounded_gradient_nonfinal_stage_scalar_value_fit,case_local_bounded_gradient_cap_sweep,"0,1",1,24,8,16,24,16,8,132,24,32,8,1.6170608363724554e+10,3.7137778489504708e-01,3.6453973761220965e-01,9.8158735508433848e-01,9.9957361423128610e-01,9.4537218721581240e-01,3.6458407253839792e-01,1.0000000000271536e+00,1.1640035118717464e-17,9.8267616576938266e-01,8,1.0000000000000000e+00,7.5742630396594656e-09,2.2231788796969001e-09,rank=8;fro=7.574263e-09;max_abs=2.223179e-09,2.8284271247461903e+00,1.0000000000000000e+00,1.0000000000000000e+00,8.3019290636891685e-01,5.5747622210703363e-01,0.0000000000000000e+00,False,True,6.7783103385272539e-16,2.1952893504622664e-18,2.6559758644130049e-08,1.1845240094537087e-17,9.1689882164158581e-17,7.2327825647431289e-13,132,False,False,True,True,True,False,False,9.8158695830621512e-01,1.0299486389001373e-15,1.0000000000000000e+04,7.6302991876091040e+16,6.5219709128619976e+16,1.3105645996475564e-13,1.3105645996475564e-13,3.6458407253839792e-01,4.7781097906416115e-14,False,False,False,False,This bounded-gradient cap is insufficient to reproduce the local derivative-aware tangent span.,derive a bounded analytic derivative-aware coefficient-gradient formula and rerun the nonlinear h-sweep,"The row scales the local derivative-aware correction by min(1, cap/required_gradient_norm), so it is an optimistic cap-feasibility audit for bounded coefficient gradients."
cylindrical_sharp,0.04,case_local_bounded_gradient_value_scalar_nonfinal,paper_tfe_lower_pair_velocity_compression_bounded_gradient_cap_gap_not_full_tfe,,case_local_bounded_gradient_nonfinal_stage_scalar_value_fit,case_local_bounded_gradient_cap_sweep,"0,1",1,24,8,16,24,16,8,132,24,32,8,1.6172738900467125e+10,3.7137778489504708e-01,3.6455073615773859e-01,9.8161697060248809e-01,9.9956441759454107e-01,9.4548586521748335e-01,3.6458407253839792e-01,1.0000000000271536e+00,1.1640035118717464e-17,9.8267616576938266e-01,8,1.0000000000000000e+00,7.5742630396594656e-09,2.2231788796969001e-09,rank=8;fro=7.574263e-09;max_abs=2.223179e-09,2.8284271247461903e+00,1.0000000000000000e+00,1.0000000000000000e+00,8.3019290636891685e-01,5.5747622210703363e-01,0.0000000000000000e+00,False,True,6.7783103385272539e-16,2.1952893504622664e-18,2.6559758644130049e-08,1.1845240094537087e-17,9.1689882164158581e-17,7.2327825647431289e-13,132,False,False,True,True,True,False,False,9.8158695830621512e-01,1.0299486389001373e-15,1.0000000000000000e+06,7.6302991876091040e+16,6.5219709128619976e+16,1.3105645996475564e-11,1.3105645996475564e-11,3.6458407253839792e-01,4.7781097906416118e-12,False,False,False,False,This bounded-gradient cap is insufficient to reproduce the local derivative-aware tangent span.,derive a bounded analytic derivative-aware coefficient-gradient formula and rerun the nonlinear h-sweep,"The row scales the local derivative-aware correction by min(1, cap/required_gradient_norm), so it is an optimistic cap-feasibility audit for bounded coefficient gradients."
cylindrical_sharp,0.04,case_local_bounded_gradient_value_scalar_nonfinal,paper_tfe_lower_pair_velocity_compression_bounded_gradient_cap_gap_not_full_tfe,,case_local_bounded_gradient_nonfinal_stage_scalar_value_fit,case_local_bounded_gradient_cap_sweep,"0,1",1,24,8,16,24,16,8,132,24,32,8,1.4910497343797783e+10,3.7137778489504708e-01,3.3406302778882380e-01,8.9952345394927546e-01,9.1183443982601431e-01,8.7247905494602396e-01,3.6458407253839792e-01,1.0000000000271536e+00,1.1640035118717464e-17,9.8267616576938266e-01,8,1.0000000000000000e+00,7.5742630396594656e-09,2.2231788796969001e-09,rank=8;fro=7.574263e-09;max_abs=2.223179e-09,2.8284271247461903e+00,1.0000000000000000e+00,1.0000000000000000e+00,8.3019290636891685e-01,5.5747622210703363e-01,0.0000000000000000e+00,False,True,6.7783103385272539e-16,2.1952893504622664e-18,2.6559758644130049e-08,1.1845240094537087e-17,9.1689882164158581e-17,7.2327825647431289e-13,132,False,False,True,True,True,False,False,9.8158695830621512e-01,1.0299486389001373e-15,1.0000000000000000e+08,7.6302991876091040e+16,6.5219709128619976e+16,1.3105645996475564e-09,1.3105645996475564e-09,3.6458407253839792e-01,4.7781097906416120e-10,False,False,False,False,This bounded-gradient cap is insufficient to reproduce the local derivative-aware tangent span.,derive a bounded analytic derivative-aware coefficient-gradient formula and rerun the nonlinear h-sweep,"The row scales the local derivative-aware correction by min(1, cap/required_gradient_norm), so it is an optimistic cap-feasibility audit for bounded coefficient gradients."
cylindrical_sharp,0.04,case_local_bounded_gradient_value_scalar_nonfinal,paper_tfe_lower_pair_velocity_compression_bounded_gradient_cap_gap_not_full_tfe,,case_local_bounded_gradient_nonfinal_stage_scalar_value_fit,case_local_bounded_gradient_cap_sweep,"0,1",1,24,8,16,24,16,8,132,24,32,8,3.5804074159253418e+08,3.7137778489504708e-01,8.1759279462990508e-03,2.2015123894956728e-02,2.2241313255209096e-02,2.1166394422125562e-02,3.6458407253839792e-01,1.0000000000271536e+00,1.1640035118717464e-17,9.8267616576938266e-01,8,1.0000000000000000e+00,7.5742630396594656e-09,2.2231788796969001e-09,rank=8;fro=7.574263e-09;max_abs=2.223179e-09,2.8284271247461903e+00,1.0000000000000000e+00,1.0000000000000000e+00,8.3019290636891685e-01,5.5747622210703363e-01,0.0000000000000000e+00,False,True,6.7783103385272539e-16,2.1952893504622664e-18,2.6559758644130049e-08,1.1845240094537087e-17,9.1689882164158581e-17,7.2327825647431289e-13,132,False,False,True,True,True,False,False,9.8158695830621512e-01,1.0299486389001373e-15,1.0000000000000000e+10,7.6302991876091040e+16,6.5219709128619976e+16,1.3105645996475563e-07,1.3105645996475563e-07,3.6458407253839792e-01,4.7781097906416115e-08,False,False,False,False,This bounded-gradient cap is insufficient to reproduce the local derivative-aware tangent span.,derive a bounded analytic derivative-aware coefficient-gradient formula and rerun the nonlinear h-sweep,"The row scales the local derivative-aware correction by min(1, cap/required_gradient_norm), so it is an optimistic cap-feasibility audit for bounded coefficient gradients."
cylindrical_sharp,0.04,case_local_bounded_gradient_value_scalar_nonfinal,paper_tfe_lower_pair_velocity_compression_bounded_gradient_cap_gap_not_full_tfe,,case_local_bounded_gradient_nonfinal_stage_scalar_value_fit,case_local_bounded_gradient_cap_sweep,"0,1",1,24,8,16,24,16,8,132,24,32,8,3.5788602291265582e+06,3.7137778489504708e-01,8.1761712952942714e-05,2.2015779154924120e-04,2.2246424863672716e-04,2.1157992901180435e-04,3.6458407253839792e-01,1.0000000000271536e+00,1.1640035118717464e-17,9.8267616576938266e-01,8,1.0000000000000000e+00,7.5742630396594656e-09,2.2231788796969001e-09,rank=8;fro=7.574263e-09;max_abs=2.223179e-09,2.8284271247461903e+00,1.0000000000000000e+00,1.0000000000000000e+00,8.3019290636891685e-01,5.5747622210703363e-01,0.0000000000000000e+00,False,True,6.7783103385272539e-16,2.1952893504622664e-18,2.6559758644130049e-08,1.1845240094537087e-17,9.1689882164158581e-17,7.2327825647431289e-13,132,False,False,True,True,True,False,False,9.8158695830621512e-01,1.0299486389001373e-15,1.0000000000000000e+12,7.6302991876091040e+16,6.5219709128619976e+16,1.3105645996475563e-05,1.3105645996475563e-05,3.6458407253839792e-01,4.7781097906416116e-06,False,False,False,False,This bounded-gradient cap is insufficient to reproduce the local derivative-aware tangent span.,derive a bounded analytic derivative-aware coefficient-gradient formula and rerun the nonlinear h-sweep,"The row scales the local derivative-aware correction by min(1, cap/required_gradient_norm), so it is an optimistic cap-feasibility audit for bounded coefficient gradients."
cylindrical_sharp,0.04,case_local_bounded_gradient_value_scalar_nonfinal,paper_tfe_lower_pair_velocity_compression_bounded_gradient_cap_gap_not_full_tfe,,case_local_bounded_gradient_nonfinal_stage_scalar_value_fit,case_local_bounded_gradient_cap_sweep,"0,1",1,24,8,16,24,16,8,132,24,32,8,3.5788360636400888e+04,3.7137778489504708e-01,8.1655460494194216e-07,2.1987168811745268e-06,2.2217560141621411e-06,2.1130407214470328e-06,3.6458407253839792e-01,1.0000000000271536e+00,1.1640035118717464e-17,9.8267616576938266e-01,8,1.0000000000000000e+00,7.5742630396594656e-09,2.2231788796969001e-09,rank=8;fro=7.574263e-09;max_abs=2.223179e-09,2.8284271247461903e+00,1.0000000000000000e+00,1.0000000000000000e+00,8.3019290636891685e-01,5.5747622210703363e-01,0.0000000000000000e+00,False,True,6.7783103385272539e-16,2.1952893504622664e-18,2.6559758644130049e-08,1.1845240094537087e-17,9.1689882164158581e-17,7.2327825647431289e-13,132,False,False,True,True,True,False,False,9.8158695830621512e-01,1.0299486389001373e-15,1.0000000000000000e+14,7.6302991876091040e+16,6.5219709128619976e+16,1.3105645996475564e-03,1.3105645996475564e-03,3.6458407253839792e-01,4.7781097906416119e-04,False,False,False,False,This bounded-gradient cap is insufficient to reproduce the local derivative-aware tangent span.,derive a bounded analytic derivative-aware coefficient-gradient formula and rerun the nonlinear h-sweep,"The row scales the local derivative-aware correction by min(1, cap/required_gradient_norm), so it is an optimistic cap-feasibility audit for bounded coefficient gradients."
cylindrical_sharp,0.04,case_local_bounded_gradient_value_scalar_nonfinal,paper_tfe_lower_pair_velocity_compression_bounded_gradient_cap_gap_not_full_tfe,,case_local_bounded_gradient_nonfinal_stage_scalar_value_fit,case_local_bounded_gradient_cap_sweep,"0,1",1,24,8,16,24,16,8,132,24,32,8,3.5788358211173141e+02,3.7137778489504708e-01,7.1047095231131491e-09,1.9130679895462703e-08,1.9331140058973413e-08,1.8385224703393670e-08,3.6458407253839792e-01,1.0000000000271536e+00,1.1640035118717464e-17,9.8267616576938266e-01,8,1.0000000000000000e+00,7.5742630396594656e-09,2.2231788796969001e-09,rank=8;fro=7.574263e-09;max_abs=2.223179e-09,2.8284271247461903e+00,1.0000000000000000e+00,1.0000000000000000e+00,8.3019290636891685e-01,5.5747622210703363e-01,0.0000000000000000e+00,False,True,6.7783103385272539e-16,2.1952893504622664e-18,2.6559758644130049e-08,1.1845240094537087e-17,9.1689882164158581e-17,7.2327825647431289e-13,132,False,False,True,True,True,False,False,9.8158695830621512e-01,1.0299486389001373e-15,1.0000000000000000e+16,7.6302991876091040e+16,6.5219709128619976e+16,1.3105645996475565e-01,1.3105645996475565e-01,3.6458407253839792e-01,4.7781097906416124e-02,False,False,False,False,This bounded-gradient cap is insufficient to reproduce the local derivative-aware tangent span.,derive a bounded analytic derivative-aware coefficient-gradient formula and rerun the nonlinear h-sweep,"The row scales the local derivative-aware correction by min(1, cap/required_gradient_norm), so it is an optimistic cap-feasibility audit for bounded coefficient gradients."
cylindrical_sharp,0.04,case_local_bounded_gradient_value_scalar_nonfinal,paper_tfe_lower_pair_velocity_compression_bounded_gradient_cap_spans_not_full_tfe,,case_local_bounded_gradient_nonfinal_stage_scalar_value_fit,case_local_bounded_gradient_cap_sweep,"0,1",1,24,8,16,24,16,8,132,24,24,0,4.6902955323170843e+01,3.7137778489504708e-01,3.8250004407040172e-16,1.0299486389001373e-15,1.7300432004229975e-15,6.6279533568221065e-16,3.6458407253839792e-01,1.0000000000271536e+00,1.1640035118717464e-17,9.8267616576938266e-01,8,1.0000000000000000e+00,7.5742630396594656e-09,2.2231788796969001e-09,rank=8;fro=7.574263e-09;max_abs=2.223179e-09,2.8284271247461903e+00,1.0000000000000000e+00,1.0000000000000000e+00,8.3019290636891685e-01,5.5747622210703363e-01,0.0000000000000000e+00,False,True,6.7783103385272539e-16,2.1952893504622664e-18,2.6559758644130049e-08,1.1845240094537087e-17,9.1689882164158581e-17,7.2327825647431289e-13,132,True,True,True,True,True,False,False,9.8158695830621512e-01,1.0299486389001373e-15,1.0000000000000000e+18,7.6302991876091040e+16,6.5219709128619976e+16,1.3105645996475564e+01,1.0000000000000000e+00,3.6458407253839792e-01,3.6458407253839792e-01,False,True,False,False,"This bounded-gradient cap reproduces the local derivative-aware span, but it is still a cap-scaled oracle rather than an analytic full-TFE residual or nonlinear h-sweep.",derive a bounded analytic derivative-aware coefficient-gradient formula and rerun the nonlinear h-sweep,"The row scales the local derivative-aware correction by min(1, cap/required_gradient_norm), so it is an optimistic cap-feasibility audit for bounded coefficient gradients."
cylindrical_sharp,0.04,universal_bounded_gradient_value_scalar_nonfinal,paper_tfe_lower_pair_velocity_compression_bounded_gradient_cap_gap_not_full_tfe,,universal_bounded_gradient_nonfinal_stage_scalar_value_fit,all_case_h_bounded_gradient_cap_sweep,"0,1",6,24,8,16,24,16,8,132,16,24,8,1.0581021465115613e+11,3.7137778489504708e-01,3.6453649224158435e-01,9.8157861635316690e-01,9.9957347221957604e-01,9.4533982522919036e-01,3.6458407253007830e-01,1.0000000000043343e+00,1.1858915487241241e-17,1.0011545053198594e+00,8,1.0000000000000000e+00,1.1432606374566444e-09,3.2352835765686957e-10,rank=8;fro=1.143261e-09;max_abs=3.235284e-10,2.8284271247461903e+00,1.0000000000000000e+00,1.0000000000000000e+00,8.0040924391222112e-01,5.9945395341082419e-01,0.0000000000000000e+00,False,True,6.7782760611805310e-16,4.1527967473528571e-19,2.6559758644130049e-08,1.1845240094537087e-17,9.1689882164158581e-17,7.2327825647431289e-13,132,False,False,True,True,True,False,False,9.8157593670160304e-01,3.6422493605708802e-15,1.0000000000000000e+04,7.6302991871676784e+16,6.5219709124831632e+16,1.3105645997233747e-13,1.3105645997233747e-13,3.6458407253007830e-01,4.7781097908089977e-14,False,False,False,False,This bounded-gradient cap is insufficient to reproduce the local derivative-aware tangent span.,derive a bounded analytic derivative-aware coefficient-gradient formula and rerun the nonlinear h-sweep,"The row scales the local derivative-aware correction by min(1, cap/required_gradient_norm), so it is an optimistic cap-feasibility audit for bounded coefficient gradients."
cylindrical_sharp,0.04,universal_bounded_gradient_value_scalar_nonfinal,paper_tfe_lower_pair_velocity_compression_bounded_gradient_cap_gap_not_full_tfe,,universal_bounded_gradient_nonfinal_stage_scalar_value_fit,all_case_h_bounded_gradient_cap_sweep,"0,1",6,24,8,16,24,16,8,132,16,24,8,1.0586650114626715e+11,3.7137778489504708e-01,3.6448118998762552e-01,9.8142970530838147e-01,9.9914763488055103e-01,9.4577628831361205e-01,3.6458407253007830e-01,1.0000000000043343e+00,1.1858915487241241e-17,1.0011545053198594e+00,8,1.0000000000000000e+00,1.1432606374566444e-09,3.2352835765686957e-10,rank=8;fro=1.143261e-09;max_abs=3.235284e-10,2.8284271247461903e+00,1.0000000000000000e+00,1.0000000000000000e+00,8.0040924391222112e-01,5.9945395341082419e-01,0.0000000000000000e+00,False,True,6.7782760611805310e-16,4.1527967473528571e-19,2.6559758644130049e-08,1.1845240094537087e-17,9.1689882164158581e-17,7.2327825647431289e-13,132,False,False,True,True,True,False,False,9.8157593670160304e-01,3.6422493605708802e-15,1.0000000000000000e+06,7.6302991871676784e+16,6.5219709124831632e+16,1.3105645997233747e-11,1.3105645997233747e-11,3.6458407253007830e-01,4.7781097908089987e-12,False,False,False,False,This bounded-gradient cap is insufficient to reproduce the local derivative-aware tangent span.,derive a bounded analytic derivative-aware coefficient-gradient formula and rerun the nonlinear h-sweep,"The row scales the local derivative-aware correction by min(1, cap/required_gradient_norm), so it is an optimistic cap-feasibility audit for bounded coefficient gradients."
cylindrical_sharp,0.04,universal_bounded_gradient_value_scalar_nonfinal,paper_tfe_lower_pair_velocity_compression_bounded_gradient_cap_gap_not_full_tfe,,universal_bounded_gradient_nonfinal_stage_scalar_value_fit,all_case_h_bounded_gradient_cap_sweep,"0,1",6,24,8,16,24,16,8,132,22,24,2,3.4235027367423382e+10,3.7137778489504708e-01,1.1850271889316623e-01,3.1908941167995708e-01,3.2181788993947302e-01,3.0863505145250225e-01,3.6458407253007830e-01,1.0000000000043343e+00,1.1858915487241241e-17,1.0011545053198594e+00,8,1.0000000000000000e+00,1.1432606374566444e-09,3.2352835765686957e-10,rank=8;fro=1.143261e-09;max_abs=3.235284e-10,2.8284271247461903e+00,1.0000000000000000e+00,1.0000000000000000e+00,8.0040924391222112e-01,5.9945395341082419e-01,0.0000000000000000e+00,False,True,6.7782760611805310e-16,4.1527967473528571e-19,2.6559758644130049e-08,1.1845240094537087e-17,9.1689882164158581e-17,7.2327825647431289e-13,132,False,False,True,True,True,False,False,9.8157593670160304e-01,3.6422493605708802e-15,1.0000000000000000e+08,7.6302991871676784e+16,6.5219709124831632e+16,1.3105645997233748e-09,1.3105645997233748e-09,3.6458407253007830e-01,4.7781097908089982e-10,False,False,False,False,This bounded-gradient cap is insufficient to reproduce the local derivative-aware tangent span.,derive a bounded analytic derivative-aware coefficient-gradient formula and rerun the nonlinear h-sweep,"The row scales the local derivative-aware correction by min(1, cap/required_gradient_norm), so it is an optimistic cap-feasibility audit for bounded coefficient gradients."
cylindrical_sharp,0.04,universal_bounded_gradient_value_scalar_nonfinal,paper_tfe_lower_pair_velocity_compression_bounded_gradient_cap_gap_not_full_tfe,,universal_bounded_gradient_nonfinal_stage_scalar_value_fit,all_case_h_bounded_gradient_cap_sweep,"0,1",6,24,8,16,24,16,8,132,24,24,0,3.5792065358880204e+08,3.7137778489504708e-01,1.2489608826903682e-03,3.3630468312565594e-03,3.3988936471133374e-03,3.2324822114564986e-03,3.6458407253007830e-01,1.0000000000043343e+00,1.1858915487241241e-17,1.0011545053198594e+00,8,1.0000000000000000e+00,1.1432606374566444e-09,3.2352835765686957e-10,rank=8;fro=1.143261e-09;max_abs=3.235284e-10,2.8284271247461903e+00,1.0000000000000000e+00,1.0000000000000000e+00,8.0040924391222112e-01,5.9945395341082419e-01,0.0000000000000000e+00,False,True,6.7782760611805310e-16,4.1527967473528571e-19,2.6559758644130049e-08,1.1845240094537087e-17,9.1689882164158581e-17,7.2327825647431289e-13,132,False,False,True,True,True,False,False,9.8157593670160304e-01,3.6422493605708802e-15,1.0000000000000000e+10,7.6302991871676784e+16,6.5219709124831632e+16,1.3105645997233747e-07,1.3105645997233747e-07,3.6458407253007830e-01,4.7781097908089984e-08,False,False,False,False,This bounded-gradient cap is insufficient to reproduce the local derivative-aware tangent span.,derive a bounded analytic derivative-aware coefficient-gradient formula and rerun the nonlinear h-sweep,"The row scales the local derivative-aware correction by min(1, cap/required_gradient_norm), so it is an optimistic cap-feasibility audit for bounded coefficient gradients."
cylindrical_sharp,0.04,universal_bounded_gradient_value_scalar_nonfinal,paper_tfe_lower_pair_velocity_compression_bounded_gradient_cap_gap_not_full_tfe,,universal_bounded_gradient_nonfinal_stage_scalar_value_fit,all_case_h_bounded_gradient_cap_sweep,"0,1",6,24,8,16,24,16,8,132,24,24,0,3.5788397285768478e+06,3.7137778489504708e-01,1.2489103721702056e-05,3.3629108227977422e-05,3.3988665845461450e-05,3.2321312752677066e-05,3.6458407253007830e-01,1.0000000000043343e+00,1.1858915487241241e-17,1.0011545053198594e+00,8,1.0000000000000000e+00,1.1432606374566444e-09,3.2352835765686957e-10,rank=8;fro=1.143261e-09;max_abs=3.235284e-10,2.8284271247461903e+00,1.0000000000000000e+00,1.0000000000000000e+00,8.0040924391222112e-01,5.9945395341082419e-01,0.0000000000000000e+00,False,True,6.7782760611805310e-16,4.1527967473528571e-19,2.6559758644130049e-08,1.1845240094537087e-17,9.1689882164158581e-17,7.2327825647431289e-13,132,False,False,True,True,True,False,False,9.8157593670160304e-01,3.6422493605708802e-15,1.0000000000000000e+12,7.6302991871676784e+16,6.5219709124831632e+16,1.3105645997233747e-05,1.3105645997233747e-05,3.6458407253007830e-01,4.7781097908089980e-06,False,False,False,False,This bounded-gradient cap is insufficient to reproduce the local derivative-aware tangent span.,derive a bounded analytic derivative-aware coefficient-gradient formula and rerun the nonlinear h-sweep,"The row scales the local derivative-aware correction by min(1, cap/required_gradient_norm), so it is an optimistic cap-feasibility audit for bounded coefficient gradients."
cylindrical_sharp,0.04,universal_bounded_gradient_value_scalar_nonfinal,paper_tfe_lower_pair_velocity_compression_bounded_gradient_cap_gap_not_full_tfe,,universal_bounded_gradient_nonfinal_stage_scalar_value_fit,all_case_h_bounded_gradient_cap_sweep,"0,1",6,24,8,16,24,16,8,132,24,24,0,3.5788358578489824e+04,3.7137778489504708e-01,1.2472895258700984e-07,3.3585464090766434e-07,3.3944566127510018e-07,3.2279343896643841e-07,3.6458407253007830e-01,1.0000000000043343e+00,1.1858915487241241e-17,1.0011545053198594e+00,8,1.0000000000000000e+00,1.1432606374566444e-09,3.2352835765686957e-10,rank=8;fro=1.143261e-09;max_abs=3.235284e-10,2.8284271247461903e+00,1.0000000000000000e+00,1.0000000000000000e+00,8.0040924391222112e-01,5.9945395341082419e-01,0.0000000000000000e+00,False,True,6.7782760611805310e-16,4.1527967473528571e-19,2.6559758644130049e-08,1.1845240094537087e-17,9.1689882164158581e-17,7.2327825647431289e-13,132,False,False,True,True,True,False,False,9.8157593670160304e-01,3.6422493605708802e-15,1.0000000000000000e+14,7.6302991871676784e+16,6.5219709124831632e+16,1.3105645997233747e-03,1.3105645997233747e-03,3.6458407253007830e-01,4.7781097908089980e-04,False,False,False,False,This bounded-gradient cap is insufficient to reproduce the local derivative-aware tangent span.,derive a bounded analytic derivative-aware coefficient-gradient formula and rerun the nonlinear h-sweep,"The row scales the local derivative-aware correction by min(1, cap/required_gradient_norm), so it is an optimistic cap-feasibility audit for bounded coefficient gradients."
cylindrical_sharp,0.04,universal_bounded_gradient_value_scalar_nonfinal,paper_tfe_lower_pair_velocity_compression_bounded_gradient_cap_spans_not_full_tfe,,universal_bounded_gradient_nonfinal_stage_scalar_value_fit,all_case_h_bounded_gradient_cap_sweep,"0,1",6,24,8,16,24,16,8,132,24,24,0,3.5788358191214434e+02,3.7137778489504708e-01,1.0852464581407504e-09,2.9222169507189169e-09,2.9534618478381077e-09,2.8085735217738255e-09,3.6458407253007830e-01,1.0000000000043343e+00,1.1858915487241241e-17,1.0011545053198594e+00,8,1.0000000000000000e+00,1.1432606374566444e-09,3.2352835765686957e-10,rank=8;fro=1.143261e-09;max_abs=3.235284e-10,2.8284271247461903e+00,1.0000000000000000e+00,1.0000000000000000e+00,8.0040924391222112e-01,5.9945395341082419e-01,0.0000000000000000e+00,False,True,6.7782760611805310e-16,4.1527967473528571e-19,2.6559758644130049e-08,1.1845240094537087e-17,9.1689882164158581e-17,7.2327825647431289e-13,132,True,True,True,True,True,False,False,9.8157593670160304e-01,3.6422493605708802e-15,1.0000000000000000e+16,7.6302991871676784e+16,6.5219709124831632e+16,1.3105645997233747e-01,1.3105645997233747e-01,3.6458407253007830e-01,4.7781097908089980e-02,False,True,False,False,"This bounded-gradient cap reproduces the local derivative-aware span, but it is still a cap-scaled oracle rather than an analytic full-TFE residual or nonlinear h-sweep.",derive a bounded analytic derivative-aware coefficient-gradient formula and rerun the nonlinear h-sweep,"The row scales the local derivative-aware correction by min(1, cap/required_gradient_norm), so it is an optimistic cap-feasibility audit for bounded coefficient gradients."
cylindrical_sharp,0.04,universal_bounded_gradient_value_scalar_nonfinal,paper_tfe_lower_pair_velocity_compression_bounded_gradient_cap_spans_not_full_tfe,,universal_bounded_gradient_nonfinal_stage_scalar_value_fit,all_case_h_bounded_gradient_cap_sweep,"0,1",6,24,8,16,24,16,8,132,24,24,0,4.6902955323170836e+01,3.7137778489504708e-01,1.3526504995642152e-15,3.6422493605708802e-15,7.1857015630109382e-15,8.9899235694950999e-16,3.6458407253007830e-01,1.0000000000043343e+00,1.1858915487241241e-17,1.0011545053198594e+00,8,1.0000000000000000e+00,1.1432606374566444e-09,3.2352835765686957e-10,rank=8;fro=1.143261e-09;max_abs=3.235284e-10,2.8284271247461903e+00,1.0000000000000000e+00,1.0000000000000000e+00,8.0040924391222112e-01,5.9945395341082419e-01,0.0000000000000000e+00,False,True,6.7782760611805310e-16,4.1527967473528571e-19,2.6559758644130049e-08,1.1845240094537087e-17,9.1689882164158581e-17,7.2327825647431289e-13,132,True,True,True,True,True,False,False,9.8157593670160304e-01,3.6422493605708802e-15,1.0000000000000000e+18,7.6302991871676784e+16,6.5219709124831632e+16,1.3105645997233747e+01,1.0000000000000000e+00,3.6458407253007830e-01,3.6458407253007830e-01,False,True,False,False,"This bounded-gradient cap reproduces the local derivative-aware span, but it is still a cap-scaled oracle rather than an analytic full-TFE residual or nonlinear h-sweep.",derive a bounded analytic derivative-aware coefficient-gradient formula and rerun the nonlinear h-sweep,"The row scales the local derivative-aware correction by min(1, cap/required_gradient_norm), so it is an optimistic cap-feasibility audit for bounded coefficient gradients."
cylindrical_sharp,0.04,case_local_bounded_gradient_value_component_nonfinal,paper_tfe_lower_pair_velocity_compression_bounded_gradient_cap_gap_not_full_tfe,,case_local_bounded_gradient_nonfinal_component_diagonal_value_fit,case_local_bounded_gradient_cap_sweep,"0,1",1,24,8,16,24,16,8,132,20,28,8,2.7848245101151255e+12,3.7137778489504708e-01,3.6456742909125195e-01,9.8166191926175728e-01,9.9957172252817827e-01,9.4571464561757868e-01,3.6654316047024932e-01,1.0053734874597355e+00,4.6444969609303800e-33,3.9209816971733466e-16,6,1.6079846583772879e+09,3.5980061395450202e-01,2.6919634569219425e-01,rank=6;fro=3.598006e-01;max_abs=2.691963e-01,2.8512201742064813e+00,1.0080585599186460e+00,1.0000000000000000e+00,8.8095769978248684e-01,4.7319502448139689e-01,0.0000000000000000e+00,False,True,6.7793097057991046e-16,1.1845240094537092e-17,2.6559758644130049e-08,1.1845240094537087e-17,9.1689882164158581e-17,7.2327825647431289e-13,132,False,False,True,True,True,False,False,9.8166204854128736e-01,3.0577743348792329e-15,1.0000000000000000e+04,7.9414720584631120e+16,6.8340001797347408e+16,1.2592123886330552e-13,1.2592123886330552e-13,3.6654316047024932e-01,4.6155568863285191e-14,False,False,False,False,This bounded-gradient cap is insufficient to reproduce the local derivative-aware tangent span.,derive a bounded analytic derivative-aware coefficient-gradient formula and rerun the nonlinear h-sweep,"The row scales the local derivative-aware correction by min(1, cap/required_gradient_norm), so it is an optimistic cap-feasibility audit for bounded coefficient gradients."
cylindrical_sharp,0.04,case_local_bounded_gradient_value_component_nonfinal,paper_tfe_lower_pair_velocity_compression_bounded_gradient_cap_gap_not_full_tfe,,case_local_bounded_gradient_nonfinal_component_diagonal_value_fit,case_local_bounded_gradient_cap_sweep,"0,1",1,24,8,16,24,16,8,132,20,28,8,1.3970887602976777e+12,3.7137778489504708e-01,3.6372203714118950e-01,9.7938555275722505e-01,9.9735395091931278e-01,9.4569432073016313e-01,3.6654316047024932e-01,1.0053734874597355e+00,4.6444969609303800e-33,3.9209816971733466e-16,6,1.6079846583772879e+09,3.5980061395450202e-01,2.6919634569219425e-01,rank=6;fro=3.598006e-01;max_abs=2.691963e-01,2.8512201742064813e+00,1.0080585599186460e+00,1.0000000000000000e+00,8.8095769978248684e-01,4.7319502448139689e-01,0.0000000000000000e+00,False,True,6.7793097057991046e-16,1.1845240094537092e-17,2.6559758644130049e-08,1.1845240094537087e-17,9.1689882164158581e-17,7.2327825647431289e-13,132,False,False,True,True,True,False,False,9.8166204854128736e-01,3.0577743348792329e-15,1.0000000000000000e+06,7.9414720584631120e+16,6.8340001797347408e+16,1.2592123886330551e-11,1.2592123886330551e-11,3.6654316047024932e-01,4.6155568863285188e-12,False,False,False,False,This bounded-gradient cap is insufficient to reproduce the local derivative-aware tangent span.,derive a bounded analytic derivative-aware coefficient-gradient formula and rerun the nonlinear h-sweep,"The row scales the local derivative-aware correction by min(1, cap/required_gradient_norm), so it is an optimistic cap-feasibility audit for bounded coefficient gradients."
cylindrical_sharp,0.04,case_local_bounded_gradient_value_component_nonfinal,paper_tfe_lower_pair_velocity_compression_bounded_gradient_cap_gap_not_full_tfe,,case_local_bounded_gradient_nonfinal_component_diagonal_value_fit,case_local_bounded_gradient_cap_sweep,"0,1",1,24,8,16,24,16,8,132,23,28,5,3.3085104916131744e+10,3.7137778489504708e-01,2.2667978877536857e-01,6.1037519742714075e-01,9.3109623557374643e-01,5.5943818221722407e-03,3.6654316047024932e-01,1.0053734874597355e+00,4.6444969609303800e-33,3.9209816971733466e-16,6,1.6079846583772879e+09,3.5980061395450202e-01,2.6919634569219425e-01,rank=6;fro=3.598006e-01;max_abs=2.691963e-01,2.8512201742064813e+00,1.0080585599186460e+00,1.0000000000000000e+00,8.8095769978248684e-01,4.7319502448139689e-01,0.0000000000000000e+00,False,True,6.7793097057991046e-16,1.1845240094537092e-17,2.6559758644130049e-08,1.1845240094537087e-17,9.1689882164158581e-17,7.2327825647431289e-13,132,False,False,True,True,True,False,False,9.8166204854128736e-01,3.0577743348792329e-15,1.0000000000000000e+08,7.9414720584631120e+16,6.8340001797347408e+16,1.2592123886330550e-09,1.2592123886330550e-09,3.6654316047024932e-01,4.6155568863285185e-10,False,False,False,False,This bounded-gradient cap is insufficient to reproduce the local derivative-aware tangent span.,derive a bounded analytic derivative-aware coefficient-gradient formula and rerun the nonlinear h-sweep,"The row scales the local derivative-aware correction by min(1, cap/required_gradient_norm), so it is an optimistic cap-feasibility audit for bounded coefficient gradients."
cylindrical_sharp,0.04,case_local_bounded_gradient_value_component_nonfinal,paper_tfe_lower_pair_velocity_compression_bounded_gradient_cap_gap_not_full_tfe,,case_local_bounded_gradient_nonfinal_component_diagonal_value_fit,case_local_bounded_gradient_cap_sweep,"0,1",1,24,8,16,24,16,8,132,24,28,4,3.4427699610328919e+08,3.7137778489504708e-01,1.1793638629398662e-01,3.1756446155581419e-01,7.9388139469386798e-01,5.6263523322224598e-05,3.6654316047024932e-01,1.0053734874597355e+00,4.6444969609303800e-33,3.9209816971733466e-16,6,1.6079846583772879e+09,3.5980061395450202e-01,2.6919634569219425e-01,rank=6;fro=3.598006e-01;max_abs=2.691963e-01,2.8512201742064813e+00,1.0080585599186460e+00,1.0000000000000000e+00,8.8095769978248684e-01,4.7319502448139689e-01,0.0000000000000000e+00,False,True,6.7793097057991046e-16,1.1845240094537092e-17,2.6559758644130049e-08,1.1845240094537087e-17,9.1689882164158581e-17,7.2327825647431289e-13,132,False,False,True,True,True,False,False,9.8166204854128736e-01,3.0577743348792329e-15,1.0000000000000000e+10,7.9414720584631120e+16,6.8340001797347408e+16,1.2592123886330551e-07,1.2592123886330551e-07,3.6654316047024932e-01,4.6155568863285181e-08,False,False,False,False,This bounded-gradient cap is insufficient to reproduce the local derivative-aware tangent span.,derive a bounded analytic derivative-aware coefficient-gradient formula and rerun the nonlinear h-sweep,"The row scales the local derivative-aware correction by min(1, cap/required_gradient_norm), so it is an optimistic cap-feasibility audit for bounded coefficient gradients."
cylindrical_sharp,0.04,case_local_bounded_gradient_value_component_nonfinal,paper_tfe_lower_pair_velocity_compression_bounded_gradient_cap_gap_not_full_tfe,,case_local_bounded_gradient_nonfinal_component_diagonal_value_fit,case_local_bounded_gradient_cap_sweep,"0,1",1,24,8,16,24,16,8,132,24,28,4,3.4428034048999515e+06,3.7137778489504708e-01,1.1783263775035048e-01,3.1728510035582896e-01,7.9386410054831269e-01,5.6262785613182115e-07,3.6654316047024932e-01,1.0053734874597355e+00,4.6444969609303800e-33,3.9209816971733466e-16,6,1.6079846583772879e+09,3.5980061395450202e-01,2.6919634569219425e-01,rank=6;fro=3.598006e-01;max_abs=2.691963e-01,2.8512201742064813e+00,1.0080585599186460e+00,1.0000000000000000e+00,8.8095769978248684e-01,4.7319502448139689e-01,0.0000000000000000e+00,False,True,6.7793097057991046e-16,1.1845240094537092e-17,2.6559758644130049e-08,1.1845240094537087e-17,9.1689882164158581e-17,7.2327825647431289e-13,132,False,False,True,True,True,False,False,9.8166204854128736e-01,3.0577743348792329e-15,1.0000000000000000e+12,7.9414720584631120e+16,6.8340001797347408e+16,1.2592123886330550e-05,1.2592123886330550e-05,3.6654316047024932e-01,4.6155568863285183e-06,False,False,False,False,This bounded-gradient cap is insufficient to reproduce the local derivative-aware tangent span.,derive a bounded analytic derivative-aware coefficient-gradient formula and rerun the nonlinear h-sweep,"The row scales the local derivative-aware correction by min(1, cap/required_gradient_norm), so it is an optimistic cap-feasibility audit for bounded coefficient gradients."
cylindrical_sharp,0.04,case_local_bounded_gradient_value_component_nonfinal,paper_tfe_lower_pair_velocity_compression_bounded_gradient_cap_gap_not_full_tfe,,case_local_bounded_gradient_nonfinal_component_diagonal_value_fit,case_local_bounded_gradient_cap_sweep,"0,1",1,24,8,16,24,16,8,132,24,28,4,3.4428176880965984e+04,3.7137778489504708e-01,1.1782499017937530e-01,3.1726450792600086e-01,7.9383265928253266e-01,5.6193577407747305e-09,3.6654316047024932e-01,1.0053734874597355e+00,4.6444969609303800e-33,3.9209816971733466e-16,6,1.6079846583772879e+09,3.5980061395450202e-01,2.6919634569219425e-01,rank=6;fro=3.598006e-01;max_abs=2.691963e-01,2.8512201742064813e+00,1.0080585599186460e+00,1.0000000000000000e+00,8.8095769978248684e-01,4.7319502448139689e-01,0.0000000000000000e+00,False,True,6.7793097057991046e-16,1.1845240094537092e-17,2.6559758644130049e-08,1.1845240094537087e-17,9.1689882164158581e-17,7.2327825647431289e-13,132,False,False,True,True,True,False,False,9.8166204854128736e-01,3.0577743348792329e-15,1.0000000000000000e+14,7.9414720584631120e+16,6.8340001797347408e+16,1.2592123886330550e-03,1.2592123886330550e-03,3.6654316047024932e-01,4.6155568863285180e-04,False,False,False,False,This bounded-gradient cap is insufficient to reproduce the local derivative-aware tangent span.,derive a bounded analytic derivative-aware coefficient-gradient formula and rerun the nonlinear h-sweep,"The row scales the local derivative-aware correction by min(1, cap/required_gradient_norm), so it is an optimistic cap-feasibility audit for bounded coefficient gradients."
cylindrical_sharp,0.04,case_local_bounded_gradient_value_component_nonfinal,paper_tfe_lower_pair_velocity_compression_bounded_gradient_cap_gap_not_full_tfe,,case_local_bounded_gradient_nonfinal_component_diagonal_value_fit,case_local_bounded_gradient_cap_sweep,"0,1",1,24,8,16,24,16,8,132,24,28,4,3.4644785726720454e+02,3.7137778489504708e-01,1.0686245425589408e-01,2.8774595197204339e-01,7.3892601071341202e-01,4.9813858533317622e-11,3.6654316047024932e-01,1.0053734874597355e+00,4.6444969609303800e-33,3.9209816971733466e-16,6,1.6079846583772879e+09,3.5980061395450202e-01,2.6919634569219425e-01,rank=6;fro=3.598006e-01;max_abs=2.691963e-01,2.8512201742064813e+00,1.0080585599186460e+00,1.0000000000000000e+00,8.8095769978248684e-01,4.7319502448139689e-01,0.0000000000000000e+00,False,True,6.7793097057991046e-16,1.1845240094537092e-17,2.6559758644130049e-08,1.1845240094537087e-17,9.1689882164158581e-17,7.2327825647431289e-13,132,False,False,True,True,True,False,False,9.8166204854128736e-01,3.0577743348792329e-15,1.0000000000000000e+16,7.9414720584631120e+16,6.8340001797347408e+16,1.2592123886330550e-01,1.2592123886330550e-01,3.6654316047024932e-01,4.6155568863285180e-02,False,False,False,False,This bounded-gradient cap is insufficient to reproduce the local derivative-aware tangent span.,derive a bounded analytic derivative-aware coefficient-gradient formula and rerun the nonlinear h-sweep,"The row scales the local derivative-aware correction by min(1, cap/required_gradient_norm), so it is an optimistic cap-feasibility audit for bounded coefficient gradients."
cylindrical_sharp,0.04,case_local_bounded_gradient_value_component_nonfinal,paper_tfe_lower_pair_velocity_compression_bounded_gradient_cap_spans_not_full_tfe,,case_local_bounded_gradient_nonfinal_component_diagonal_value_fit,case_local_bounded_gradient_cap_sweep,"0,1",1,24,8,16,24,16,8,132,24,24,0,4.6916005340419787e+01,3.7137778489504708e-01,1.1355894591963754e-15,3.0577743348792329e-15,5.1894219043119503e-15,8.6409860081487195e-16,3.6654316047024932e-01,1.0053734874597355e+00,4.6444969609303800e-33,3.9209816971733466e-16,6,1.6079846583772879e+09,3.5980061395450202e-01,2.6919634569219425e-01,rank=6;fro=3.598006e-01;max_abs=2.691963e-01,2.8512201742064813e+00,1.0080585599186460e+00,1.0000000000000000e+00,8.8095769978248684e-01,4.7319502448139689e-01,0.0000000000000000e+00,False,True,6.7793097057991046e-16,1.1845240094537092e-17,2.6559758644130049e-08,1.1845240094537087e-17,9.1689882164158581e-17,7.2327825647431289e-13,132,True,True,True,True,True,False,False,9.8166204854128736e-01,3.0577743348792329e-15,1.0000000000000000e+18,7.9414720584631120e+16,6.8340001797347408e+16,1.2592123886330551e+01,1.0000000000000000e+00,3.6654316047024932e-01,3.6654316047024932e-01,False,True,False,False,"This bounded-gradient cap reproduces the local derivative-aware span, but it is still a cap-scaled oracle rather than an analytic full-TFE residual or nonlinear h-sweep.",derive a bounded analytic derivative-aware coefficient-gradient formula and rerun the nonlinear h-sweep,"The row scales the local derivative-aware correction by min(1, cap/required_gradient_norm), so it is an optimistic cap-feasibility audit for bounded coefficient gradients."
cylindrical_sharp,0.04,universal_bounded_gradient_value_component_nonfinal,paper_tfe_lower_pair_velocity_compression_bounded_gradient_cap_gap_not_full_tfe,,universal_bounded_gradient_nonfinal_component_diagonal_value_fit,all_case_h_bounded_gradient_cap_sweep,"0,1",6,24,8,16,24,16,8,132,22,30,8,9.0173322633698441e+10,3.7137778489504708e-01,3.6454400457278674e-01,9.8159884462612212e-01,9.9957465471764428e-01,9.4536497133572084e-01,3.6492988180991714e-01,1.0009485035345091e+00,4.0313416495214741e-19,3.4033431296852233e-02,8,5.1760023273602521e+08,1.6219075510265546e-01,9.9289078893220237e-02,rank=8;fro=1.621908e-01;max_abs=9.928908e-02,2.8330735678836105e+00,1.0016427657254339e+00,1.0000000000000000e+00,8.5653393329897720e-01,5.1609071015411934e-01,0.0000000000000000e+00,False,True,6.7793021205564088e-16,1.1801748145251098e-17,2.6559758644130049e-08,1.1845240094537087e-17,9.1689882164158581e-17,7.2327825647431289e-13,132,False,False,True,True,True,False,False,9.8159582010139201e-01,1.6309542019396512e-15,1.0000000000000000e+04,7.6837026991852064e+16,6.5737166355242696e+16,1.3014558724481126e-13,1.3014558724481126e-13,3.6492988180991714e-01,4.7494013771331234e-14,False,False,False,False,This bounded-gradient cap is insufficient to reproduce the local derivative-aware tangent span.,derive a bounded analytic derivative-aware coefficient-gradient formula and rerun the nonlinear h-sweep,"The row scales the local derivative-aware correction by min(1, cap/required_gradient_norm), so it is an optimistic cap-feasibility audit for bounded coefficient gradients."
cylindrical_sharp,0.04,universal_bounded_gradient_value_component_nonfinal,paper_tfe_lower_pair_velocity_compression_bounded_gradient_cap_gap_not_full_tfe,,universal_bounded_gradient_nonfinal_component_diagonal_value_fit,all_case_h_bounded_gradient_cap_sweep,"0,1",6,24,8,16,24,16,8,132,22,30,8,9.0175315314054657e+10,3.7137778489504708e-01,3.6453016341696037e-01,9.8156157487981710e-01,9.9948033634851119e-01,9.4538467401866200e-01,3.6492988180991714e-01,1.0009485035345091e+00,4.0313416495214741e-19,3.4033431296852233e-02,8,5.1760023273602521e+08,1.6219075510265546e-01,9.9289078893220237e-02,rank=8;fro=1.621908e-01;max_abs=9.928908e-02,2.8330735678836105e+00,1.0016427657254339e+00,1.0000000000000000e+00,8.5653393329897720e-01,5.1609071015411934e-01,0.0000000000000000e+00,False,True,6.7793021205564088e-16,1.1801748145251098e-17,2.6559758644130049e-08,1.1845240094537087e-17,9.1689882164158581e-17,7.2327825647431289e-13,132,False,False,True,True,True,False,False,9.8159582010139201e-01,1.6309542019396512e-15,1.0000000000000000e+06,7.6837026991852064e+16,6.5737166355242696e+16,1.3014558724481125e-11,1.3014558724481125e-11,3.6492988180991714e-01,4.7494013771331234e-12,False,False,False,False,This bounded-gradient cap is insufficient to reproduce the local derivative-aware tangent span.,derive a bounded analytic derivative-aware coefficient-gradient formula and rerun the nonlinear h-sweep,"The row scales the local derivative-aware correction by min(1, cap/required_gradient_norm), so it is an optimistic cap-feasibility audit for bounded coefficient gradients."
cylindrical_sharp,0.04,universal_bounded_gradient_value_component_nonfinal,paper_tfe_lower_pair_velocity_compression_bounded_gradient_cap_gap_not_full_tfe,,universal_bounded_gradient_nonfinal_component_diagonal_value_fit,all_case_h_bounded_gradient_cap_sweep,"0,1",6,24,8,16,24,16,8,132,24,30,6,2.1559871412491165e+10,3.7137778489504708e-01,2.8930770549248419e-01,7.7901187755278301e-01,9.8925365842627999e-01,1.6553107924246460e-01,3.6492988180991714e-01,1.0009485035345091e+00,4.0313416495214741e-19,3.4033431296852233e-02,8,5.1760023273602521e+08,1.6219075510265546e-01,9.9289078893220237e-02,rank=8;fro=1.621908e-01;max_abs=9.928908e-02,2.8330735678836105e+00,1.0016427657254339e+00,1.0000000000000000e+00,8.5653393329897720e-01,5.1609071015411934e-01,0.0000000000000000e+00,False,True,6.7793021205564088e-16,1.1801748145251098e-17,2.6559758644130049e-08,1.1845240094537087e-17,9.1689882164158581e-17,7.2327825647431289e-13,132,False,False,True,True,True,False,False,9.8159582010139201e-01,1.6309542019396512e-15,1.0000000000000000e+08,7.6837026991852064e+16,6.5737166355242696e+16,1.3014558724481126e-09,1.3014558724481126e-09,3.6492988180991714e-01,4.7494013771331236e-10,False,False,False,False,This bounded-gradient cap is insufficient to reproduce the local derivative-aware tangent span.,derive a bounded analytic derivative-aware coefficient-gradient formula and rerun the nonlinear h-sweep,"The row scales the local derivative-aware correction by min(1, cap/required_gradient_norm), so it is an optimistic cap-feasibility audit for bounded coefficient gradients."
cylindrical_sharp,0.04,universal_bounded_gradient_value_component_nonfinal,paper_tfe_lower_pair_velocity_compression_bounded_gradient_cap_gap_not_full_tfe,,universal_bounded_gradient_nonfinal_component_diagonal_value_fit,all_case_h_bounded_gradient_cap_sweep,"0,1",6,24,8,16,24,16,8,132,24,30,6,3.3242805307731968e+08,3.7137778489504708e-01,1.4284140156594641e-01,3.8462559521785611e-01,7.9595241442274378e-01,1.6915307443117788e-03,3.6492988180991714e-01,1.0009485035345091e+00,4.0313416495214741e-19,3.4033431296852233e-02,8,5.1760023273602521e+08,1.6219075510265546e-01,9.9289078893220237e-02,rank=8;fro=1.621908e-01;max_abs=9.928908e-02,2.8330735678836105e+00,1.0016427657254339e+00,1.0000000000000000e+00,8.5653393329897720e-01,5.1609071015411934e-01,0.0000000000000000e+00,False,True,6.7793021205564088e-16,1.1801748145251098e-17,2.6559758644130049e-08,1.1845240094537087e-17,9.1689882164158581e-17,7.2327825647431289e-13,132,False,False,True,True,True,False,False,9.8159582010139201e-01,1.6309542019396512e-15,1.0000000000000000e+10,7.6837026991852064e+16,6.5737166355242696e+16,1.3014558724481125e-07,1.3014558724481125e-07,3.6492988180991714e-01,4.7494013771331226e-08,False,False,False,False,This bounded-gradient cap is insufficient to reproduce the local derivative-aware tangent span.,derive a bounded analytic derivative-aware coefficient-gradient formula and rerun the nonlinear h-sweep,"The row scales the local derivative-aware correction by min(1, cap/required_gradient_norm), so it is an optimistic cap-feasibility audit for bounded coefficient gradients."
cylindrical_sharp,0.04,universal_bounded_gradient_value_component_nonfinal,paper_tfe_lower_pair_velocity_compression_bounded_gradient_cap_gap_not_full_tfe,,universal_bounded_gradient_nonfinal_component_diagonal_value_fit,all_case_h_bounded_gradient_cap_sweep,"0,1",6,24,8,16,24,16,8,132,24,30,6,3.3310515429059668e+06,3.7137778489504708e-01,1.1783864636846048e-01,3.1730127961682514e-01,7.9380950990343280e-01,1.6940485896100438e-05,3.6492988180991714e-01,1.0009485035345091e+00,4.0313416495214741e-19,3.4033431296852233e-02,8,5.1760023273602521e+08,1.6219075510265546e-01,9.9289078893220237e-02,rank=8;fro=1.621908e-01;max_abs=9.928908e-02,2.8330735678836105e+00,1.0016427657254339e+00,1.0000000000000000e+00,8.5653393329897720e-01,5.1609071015411934e-01,0.0000000000000000e+00,False,True,6.7793021205564088e-16,1.1801748145251098e-17,2.6559758644130049e-08,1.1845240094537087e-17,9.1689882164158581e-17,7.2327825647431289e-13,132,False,False,True,True,True,False,False,9.8159582010139201e-01,1.6309542019396512e-15,1.0000000000000000e+12,7.6837026991852064e+16,6.5737166355242696e+16,1.3014558724481126e-05,1.3014558724481126e-05,3.6492988180991714e-01,4.7494013771331240e-06,False,False,False,False,This bounded-gradient cap is insufficient to reproduce the local derivative-aware tangent span.,derive a bounded analytic derivative-aware coefficient-gradient formula and rerun the nonlinear h-sweep,"The row scales the local derivative-aware correction by min(1, cap/required_gradient_norm), so it is an optimistic cap-feasibility audit for bounded coefficient gradients."
cylindrical_sharp,0.04,universal_bounded_gradient_value_component_nonfinal,paper_tfe_lower_pair_velocity_compression_bounded_gradient_cap_gap_not_full_tfe,,universal_bounded_gradient_nonfinal_component_diagonal_value_fit,all_case_h_bounded_gradient_cap_sweep,"0,1",6,24,8,16,24,16,8,132,24,30,6,3.3310821149766569e+04,3.7137778489504708e-01,1.1781678981126620e-01,3.1724242699266925e-01,7.9368722044134488e-01,1.6919502980989103e-07,3.6492988180991714e-01,1.0009485035345091e+00,4.0313416495214741e-19,3.4033431296852233e-02,8,5.1760023273602521e+08,1.6219075510265546e-01,9.9289078893220237e-02,rank=8;fro=1.621908e-01;max_abs=9.928908e-02,2.8330735678836105e+00,1.0016427657254339e+00,1.0000000000000000e+00,8.5653393329897720e-01,5.1609071015411934e-01,0.0000000000000000e+00,False,True,6.7793021205564088e-16,1.1801748145251098e-17,2.6559758644130049e-08,1.1845240094537087e-17,9.1689882164158581e-17,7.2327825647431289e-13,132,False,False,True,True,True,False,False,9.8159582010139201e-01,1.6309542019396512e-15,1.0000000000000000e+14,7.6837026991852064e+16,6.5737166355242696e+16,1.3014558724481126e-03,1.3014558724481126e-03,3.6492988180991714e-01,4.7494013771331235e-04,False,False,False,False,This bounded-gradient cap is insufficient to reproduce the local derivative-aware tangent span.,derive a bounded analytic derivative-aware coefficient-gradient formula and rerun the nonlinear h-sweep,"The row scales the local derivative-aware correction by min(1, cap/required_gradient_norm), so it is an optimistic cap-feasibility audit for bounded coefficient gradients."
cylindrical_sharp,0.04,universal_bounded_gradient_value_component_nonfinal,paper_tfe_lower_pair_velocity_compression_bounded_gradient_cap_gap_not_full_tfe,,universal_bounded_gradient_nonfinal_component_diagonal_value_fit,all_case_h_bounded_gradient_cap_sweep,"0,1",6,24,8,16,24,16,8,132,24,29,5,3.4062367065294166e+02,3.7137778489504708e-01,8.2840524188499104e-02,2.2306268053138983e-01,5.9408226587070323e-01,1.5959050102217994e-09,3.6492988180991714e-01,1.0009485035345091e+00,4.0313416495214741e-19,3.4033431296852233e-02,8,5.1760023273602521e+08,1.6219075510265546e-01,9.9289078893220237e-02,rank=8;fro=1.621908e-01;max_abs=9.928908e-02,2.8330735678836105e+00,1.0016427657254339e+00,1.0000000000000000e+00,8.5653393329897720e-01,5.1609071015411934e-01,0.0000000000000000e+00,False,True,6.7793021205564088e-16,1.1801748145251098e-17,2.6559758644130049e-08,1.1845240094537087e-17,9.1689882164158581e-17,7.2327825647431289e-13,132,False,False,True,True,True,False,False,9.8159582010139201e-01,1.6309542019396512e-15,1.0000000000000000e+16,7.6837026991852064e+16,6.5737166355242696e+16,1.3014558724481126e-01,1.3014558724481126e-01,3.6492988180991714e-01,4.7494013771331230e-02,False,False,False,False,This bounded-gradient cap is insufficient to reproduce the local derivative-aware tangent span.,derive a bounded analytic derivative-aware coefficient-gradient formula and rerun the nonlinear h-sweep,"The row scales the local derivative-aware correction by min(1, cap/required_gradient_norm), so it is an optimistic cap-feasibility audit for bounded coefficient gradients."
cylindrical_sharp,0.04,universal_bounded_gradient_value_component_nonfinal,paper_tfe_lower_pair_velocity_compression_bounded_gradient_cap_spans_not_full_tfe,,universal_bounded_gradient_nonfinal_component_diagonal_value_fit,all_case_h_bounded_gradient_cap_sweep,"0,1",6,24,8,16,24,16,8,132,24,24,0,4.6905888820092891e+01,3.7137778489504708e-01,6.0570015878161699e-16,1.6309542019396512e-15,2.4281832985208161e-15,1.0894579911771086e-15,3.6492988180991714e-01,1.0009485035345091e+00,4.0313416495214741e-19,3.4033431296852233e-02,8,5.1760023273602521e+08,1.6219075510265546e-01,9.9289078893220237e-02,rank=8;fro=1.621908e-01;max_abs=9.928908e-02,2.8330735678836105e+00,1.0016427657254339e+00,1.0000000000000000e+00,8.5653393329897720e-01,5.1609071015411934e-01,0.0000000000000000e+00,False,True,6.7793021205564088e-16,1.1801748145251098e-17,2.6559758644130049e-08,1.1845240094537087e-17,9.1689882164158581e-17,7.2327825647431289e-13,132,True,True,True,True,True,False,False,9.8159582010139201e-01,1.6309542019396512e-15,1.0000000000000000e+18,7.6837026991852064e+16,6.5737166355242696e+16,1.3014558724481125e+01,1.0000000000000000e+00,3.6492988180991714e-01,3.6492988180991714e-01,False,True,False,False,"This bounded-gradient cap reproduces the local derivative-aware span, but it is still a cap-scaled oracle rather than an analytic full-TFE residual or nonlinear h-sweep.",derive a bounded analytic derivative-aware coefficient-gradient formula and rerun the nonlinear h-sweep,"The row scales the local derivative-aware correction by min(1, cap/required_gradient_norm), so it is an optimistic cap-feasibility audit for bounded coefficient gradients."
cylindrical_sharp,0.04,case_local_bounded_gradient_value_full_nonfinal,paper_tfe_lower_pair_velocity_compression_bounded_gradient_cap_gap_not_full_tfe,,case_local_bounded_gradient_nonfinal_full_component_value_fit,case_local_bounded_gradient_cap_sweep,"0,1",1,24,8,16,24,16,8,132,24,24,0,6.4383380395369917e+04,3.7137778489504708e-01,1.0410658342607453e-07,2.8032528508805523e-07,6.7131736001080688e-07,9.7371522010252394e-09,3.6458407252842701e-01,9.9999999999980493e-01,1.5997975634355494e-33,1.3505826396658357e-16,1,1.0000000000000000e+00,4.4598447799355270e-10,3.3273259434013427e-10,rank=1;fro=4.459845e-10;max_abs=3.327326e-10,2.8284271247461903e+00,1.0000000000000000e+00,1.0000000000000000e+00,5.7449363668756159e-01,8.1850904784583778e-01,0.0000000000000000e+00,False,True,6.7793097057991046e-16,1.1845240094537089e-17,2.6559758644130049e-08,1.1845240094537087e-17,9.1689882164158581e-17,7.2327825647431289e-13,132,False,False,True,True,True,False,False,9.8162307723007969e-01,1.9364336938744224e-15,1.0000000000000000e+04,1.3726934698971879e+07,5.6990939804442897e+06,7.2849476006824608e-04,7.2849476006824608e-04,3.6458407252842701e-01,2.6559758644130048e-04,False,False,False,False,This bounded-gradient cap is insufficient to reproduce the local derivative-aware tangent span.,derive a bounded analytic derivative-aware coefficient-gradient formula and rerun the nonlinear h-sweep,"The row scales the local derivative-aware correction by min(1, cap/required_gradient_norm), so it is an optimistic cap-feasibility audit for bounded coefficient gradients."
cylindrical_sharp,0.04,case_local_bounded_gradient_value_full_nonfinal,paper_tfe_lower_pair_velocity_compression_bounded_gradient_cap_spans_not_full_tfe,,case_local_bounded_gradient_nonfinal_full_component_value_fit,case_local_bounded_gradient_cap_sweep,"0,1",1,24,8,16,24,16,8,132,24,24,0,6.4383380490108902e+02,3.7137778489504708e-01,9.6592841034730847e-10,2.6009321225831638e-09,6.2286599854134556e-09,9.0343868794325004e-11,3.6458407252842701e-01,9.9999999999980493e-01,1.5997975634355494e-33,1.3505826396658357e-16,1,1.0000000000000000e+00,4.4598447799355270e-10,3.3273259434013427e-10,rank=1;fro=4.459845e-10;max_abs=3.327326e-10,2.8284271247461903e+00,1.0000000000000000e+00,1.0000000000000000e+00,5.7449363668756159e-01,8.1850904784583778e-01,0.0000000000000000e+00,False,True,6.7793097057991046e-16,1.1845240094537089e-17,2.6559758644130049e-08,1.1845240094537087e-17,9.1689882164158581e-17,7.2327825647431289e-13,132,True,True,True,True,True,False,False,9.8162307723007969e-01,1.9364336938744224e-15,1.0000000000000000e+06,1.3726934698971879e+07,5.6990939804442897e+06,7.2849476006824607e-02,7.2849476006824607e-02,3.6458407252842701e-01,2.6559758644130051e-02,False,True,False,False,"This bounded-gradient cap reproduces the local derivative-aware span, but it is still a cap-scaled oracle rather than an analytic full-TFE residual or nonlinear h-sweep.",derive a bounded analytic derivative-aware coefficient-gradient formula and rerun the nonlinear h-sweep,"The row scales the local derivative-aware correction by min(1, cap/required_gradient_norm), so it is an optimistic cap-feasibility audit for bounded coefficient gradients."
cylindrical_sharp,0.04,case_local_bounded_gradient_value_full_nonfinal,paper_tfe_lower_pair_velocity_compression_bounded_gradient_cap_spans_not_full_tfe,,case_local_bounded_gradient_nonfinal_full_component_value_fit,case_local_bounded_gradient_cap_sweep,"0,1",1,24,8,16,24,16,8,132,24,24,0,4.6902955323170829e+01,3.7137778489504708e-01,7.1914845582721675e-16,1.9364336938744224e-15,3.8741680130802344e-15,6.5729601971813584e-16,3.6458407252842701e-01,9.9999999999980493e-01,1.5997975634355494e-33,1.3505826396658357e-16,1,1.0000000000000000e+00,4.4598447799355270e-10,3.3273259434013427e-10,rank=1;fro=4.459845e-10;max_abs=3.327326e-10,2.8284271247461903e+00,1.0000000000000000e+00,1.0000000000000000e+00,5.7449363668756159e-01,8.1850904784583778e-01,0.0000000000000000e+00,False,True,6.7793097057991046e-16,1.1845240094537089e-17,2.6559758644130049e-08,1.1845240094537087e-17,9.1689882164158581e-17,7.2327825647431289e-13,132,True,True,True,True,True,False,False,9.8162307723007969e-01,1.9364336938744224e-15,1.0000000000000000e+08,1.3726934698971879e+07,5.6990939804442897e+06,7.2849476006824601e+00,1.0000000000000000e+00,3.6458407252842701e-01,3.6458407252842701e-01,False,True,False,False,"This bounded-gradient cap reproduces the local derivative-aware span, but it is still a cap-scaled oracle rather than an analytic full-TFE residual or nonlinear h-sweep.",derive a bounded analytic derivative-aware coefficient-gradient formula and rerun the nonlinear h-sweep,"The row scales the local derivative-aware correction by min(1, cap/required_gradient_norm), so it is an optimistic cap-feasibility audit for bounded coefficient gradients."
cylindrical_sharp,0.04,case_local_bounded_gradient_value_full_nonfinal,paper_tfe_lower_pair_velocity_compression_bounded_gradient_cap_spans_not_full_tfe,,case_local_bounded_gradient_nonfinal_full_component_value_fit,case_local_bounded_gradient_cap_sweep,"0,1",1,24,8,16,24,16,8,132,24,24,0,4.6902955323170829e+01,3.7137778489504708e-01,7.1914845582721675e-16,1.9364336938744224e-15,3.8741680130802344e-15,6.5729601971813584e-16,3.6458407252842701e-01,9.9999999999980493e-01,1.5997975634355494e-33,1.3505826396658357e-16,1,1.0000000000000000e+00,4.4598447799355270e-10,3.3273259434013427e-10,rank=1;fro=4.459845e-10;max_abs=3.327326e-10,2.8284271247461903e+00,1.0000000000000000e+00,1.0000000000000000e+00,5.7449363668756159e-01,8.1850904784583778e-01,0.0000000000000000e+00,False,True,6.7793097057991046e-16,1.1845240094537089e-17,2.6559758644130049e-08,1.1845240094537087e-17,9.1689882164158581e-17,7.2327825647431289e-13,132,True,True,True,True,True,False,False,9.8162307723007969e-01,1.9364336938744224e-15,1.0000000000000000e+10,1.3726934698971879e+07,5.6990939804442897e+06,7.2849476006824602e+02,1.0000000000000000e+00,3.6458407252842701e-01,3.6458407252842701e-01,False,True,False,False,"This bounded-gradient cap reproduces the local derivative-aware span, but it is still a cap-scaled oracle rather than an analytic full-TFE residual or nonlinear h-sweep.",derive a bounded analytic derivative-aware coefficient-gradient formula and rerun the nonlinear h-sweep,"The row scales the local derivative-aware correction by min(1, cap/required_gradient_norm), so it is an optimistic cap-feasibility audit for bounded coefficient gradients."
cylindrical_sharp,0.04,case_local_bounded_gradient_value_full_nonfinal,paper_tfe_lower_pair_velocity_compression_bounded_gradient_cap_spans_not_full_tfe,,case_local_bounded_gradient_nonfinal_full_component_value_fit,case_local_bounded_gradient_cap_sweep,"0,1",1,24,8,16,24,16,8,132,24,24,0,4.6902955323170829e+01,3.7137778489504708e-01,7.1914845582721675e-16,1.9364336938744224e-15,3.8741680130802344e-15,6.5729601971813584e-16,3.6458407252842701e-01,9.9999999999980493e-01,1.5997975634355494e-33,1.3505826396658357e-16,1,1.0000000000000000e+00,4.4598447799355270e-10,3.3273259434013427e-10,rank=1;fro=4.459845e-10;max_abs=3.327326e-10,2.8284271247461903e+00,1.0000000000000000e+00,1.0000000000000000e+00,5.7449363668756159e-01,8.1850904784583778e-01,0.0000000000000000e+00,False,True,6.7793097057991046e-16,1.1845240094537089e-17,2.6559758644130049e-08,1.1845240094537087e-17,9.1689882164158581e-17,7.2327825647431289e-13,132,True,True,True,True,True,False,False,9.8162307723007969e-01,1.9364336938744224e-15,1.0000000000000000e+12,1.3726934698971879e+07,5.6990939804442897e+06,7.2849476006824611e+04,1.0000000000000000e+00,3.6458407252842701e-01,3.6458407252842701e-01,False,True,False,False,"This bounded-gradient cap reproduces the local derivative-aware span, but it is still a cap-scaled oracle rather than an analytic full-TFE residual or nonlinear h-sweep.",derive a bounded analytic derivative-aware coefficient-gradient formula and rerun the nonlinear h-sweep,"The row scales the local derivative-aware correction by min(1, cap/required_gradient_norm), so it is an optimistic cap-feasibility audit for bounded coefficient gradients."
cylindrical_sharp,0.04,case_local_bounded_gradient_value_full_nonfinal,paper_tfe_lower_pair_velocity_compression_bounded_gradient_cap_spans_not_full_tfe,,case_local_bounded_gradient_nonfinal_full_component_value_fit,case_local_bounded_gradient_cap_sweep,"0,1",1,24,8,16,24,16,8,132,24,24,0,4.6902955323170829e+01,3.7137778489504708e-01,7.1914845582721675e-16,1.9364336938744224e-15,3.8741680130802344e-15,6.5729601971813584e-16,3.6458407252842701e-01,9.9999999999980493e-01,1.5997975634355494e-33,1.3505826396658357e-16,1,1.0000000000000000e+00,4.4598447799355270e-10,3.3273259434013427e-10,rank=1;fro=4.459845e-10;max_abs=3.327326e-10,2.8284271247461903e+00,1.0000000000000000e+00,1.0000000000000000e+00,5.7449363668756159e-01,8.1850904784583778e-01,0.0000000000000000e+00,False,True,6.7793097057991046e-16,1.1845240094537089e-17,2.6559758644130049e-08,1.1845240094537087e-17,9.1689882164158581e-17,7.2327825647431289e-13,132,True,True,True,True,True,False,False,9.8162307723007969e-01,1.9364336938744224e-15,1.0000000000000000e+14,1.3726934698971879e+07,5.6990939804442897e+06,7.2849476006824607e+06,1.0000000000000000e+00,3.6458407252842701e-01,3.6458407252842701e-01,False,True,False,False,"This bounded-gradient cap reproduces the local derivative-aware span, but it is still a cap-scaled oracle rather than an analytic full-TFE residual or nonlinear h-sweep.",derive a bounded analytic derivative-aware coefficient-gradient formula and rerun the nonlinear h-sweep,"The row scales the local derivative-aware correction by min(1, cap/required_gradient_norm), so it is an optimistic cap-feasibility audit for bounded coefficient gradients."
cylindrical_sharp,0.04,case_local_bounded_gradient_value_full_nonfinal,paper_tfe_lower_pair_velocity_compression_bounded_gradient_cap_spans_not_full_tfe,,case_local_bounded_gradient_nonfinal_full_component_value_fit,case_local_bounded_gradient_cap_sweep,"0,1",1,24,8,16,24,16,8,132,24,24,0,4.6902955323170829e+01,3.7137778489504708e-01,7.1914845582721675e-16,1.9364336938744224e-15,3.8741680130802344e-15,6.5729601971813584e-16,3.6458407252842701e-01,9.9999999999980493e-01,1.5997975634355494e-33,1.3505826396658357e-16,1,1.0000000000000000e+00,4.4598447799355270e-10,3.3273259434013427e-10,rank=1;fro=4.459845e-10;max_abs=3.327326e-10,2.8284271247461903e+00,1.0000000000000000e+00,1.0000000000000000e+00,5.7449363668756159e-01,8.1850904784583778e-01,0.0000000000000000e+00,False,True,6.7793097057991046e-16,1.1845240094537089e-17,2.6559758644130049e-08,1.1845240094537087e-17,9.1689882164158581e-17,7.2327825647431289e-13,132,True,True,True,True,True,False,False,9.8162307723007969e-01,1.9364336938744224e-15,1.0000000000000000e+16,1.3726934698971879e+07,5.6990939804442897e+06,7.2849476006824601e+08,1.0000000000000000e+00,3.6458407252842701e-01,3.6458407252842701e-01,False,True,False,False,"This bounded-gradient cap reproduces the local derivative-aware span, but it is still a cap-scaled oracle rather than an analytic full-TFE residual or nonlinear h-sweep.",derive a bounded analytic derivative-aware coefficient-gradient formula and rerun the nonlinear h-sweep,"The row scales the local derivative-aware correction by min(1, cap/required_gradient_norm), so it is an optimistic cap-feasibility audit for bounded coefficient gradients."
cylindrical_sharp,0.04,case_local_bounded_gradient_value_full_nonfinal,paper_tfe_lower_pair_velocity_compression_bounded_gradient_cap_spans_not_full_tfe,,case_local_bounded_gradient_nonfinal_full_component_value_fit,case_local_bounded_gradient_cap_sweep,"0,1",1,24,8,16,24,16,8,132,24,24,0,4.6902955323170829e+01,3.7137778489504708e-01,7.1914845582721675e-16,1.9364336938744224e-15,3.8741680130802344e-15,6.5729601971813584e-16,3.6458407252842701e-01,9.9999999999980493e-01,1.5997975634355494e-33,1.3505826396658357e-16,1,1.0000000000000000e+00,4.4598447799355270e-10,3.3273259434013427e-10,rank=1;fro=4.459845e-10;max_abs=3.327326e-10,2.8284271247461903e+00,1.0000000000000000e+00,1.0000000000000000e+00,5.7449363668756159e-01,8.1850904784583778e-01,0.0000000000000000e+00,False,True,6.7793097057991046e-16,1.1845240094537089e-17,2.6559758644130049e-08,1.1845240094537087e-17,9.1689882164158581e-17,7.2327825647431289e-13,132,True,True,True,True,True,False,False,9.8162307723007969e-01,1.9364336938744224e-15,1.0000000000000000e+18,1.3726934698971879e+07,5.6990939804442897e+06,7.2849476006824600e+10,1.0000000000000000e+00,3.6458407252842701e-01,3.6458407252842701e-01,False,True,False,False,"This bounded-gradient cap reproduces the local derivative-aware span, but it is still a cap-scaled oracle rather than an analytic full-TFE residual or nonlinear h-sweep.",derive a bounded analytic derivative-aware coefficient-gradient formula and rerun the nonlinear h-sweep,"The row scales the local derivative-aware correction by min(1, cap/required_gradient_norm), so it is an optimistic cap-feasibility audit for bounded coefficient gradients."
cylindrical_sharp,0.04,universal_bounded_gradient_value_full_nonfinal,paper_tfe_lower_pair_velocity_compression_bounded_gradient_cap_gap_not_full_tfe,,universal_bounded_gradient_nonfinal_full_component_value_fit,all_case_h_bounded_gradient_cap_sweep,"0,1",6,24,8,16,24,16,8,132,24,28,4,6.4374196950236532e+04,3.7137778489504708e-01,5.2819617192260748e-02,1.4222610867041441e-01,2.9170112952029065e-01,4.1206902636664426e-03,3.6458406683330119e-01,9.9999998437892013e-01,2.1732456171071242e-28,1.8346995077874399e-11,5,3.5701436665937002e+05,3.0358074882992864e-04,1.2382849716460902e-04,rank=5;fro=3.035807e-04;max_abs=1.238285e-04,2.8284271410381550e+00,1.0000000057600793e+00,1.0000000000000002e+00,8.0421962872893915e-01,5.9433222087237336e-01,0.0000000000000000e+00,False,True,6.7793097057991066e-16,1.1845240094543697e-17,2.6559758644130049e-08,1.1845240094537087e-17,9.1689882164158581e-17,7.2327825647431289e-13,132,False,False,True,True,True,False,False,9.8156751670354581e-01,1.3089121922011844e-15,1.0000000000000000e+04,1.3726934484545011e+07,5.6990939208168359e+06,7.2849477144797906e-04,7.2849477144797906e-04,3.6458406683330119e-01,2.6559758644130048e-04,False,False,False,False,This bounded-gradient cap is insufficient to reproduce the local derivative-aware tangent span.,derive a bounded analytic derivative-aware coefficient-gradient formula and rerun the nonlinear h-sweep,"The row scales the local derivative-aware correction by min(1, cap/required_gradient_norm), so it is an optimistic cap-feasibility audit for bounded coefficient gradients."
cylindrical_sharp,0.04,universal_bounded_gradient_value_full_nonfinal,paper_tfe_lower_pair_velocity_compression_bounded_gradient_cap_gap_not_full_tfe,,universal_bounded_gradient_nonfinal_full_component_value_fit,all_case_h_bounded_gradient_cap_sweep,"0,1",6,24,8,16,24,16,8,132,24,28,4,6.4383306569324498e+02,3.7137778489504708e-01,6.0471125828983577e-04,1.6282914134477099e-03,3.3419098878873102e-03,4.4441206384973568e-05,3.6458406683330119e-01,9.9999998437892013e-01,2.1732456171071242e-28,1.8346995077874399e-11,5,3.5701436665937002e+05,3.0358074882992864e-04,1.2382849716460902e-04,rank=5;fro=3.035807e-04;max_abs=1.238285e-04,2.8284271410381550e+00,1.0000000057600793e+00,1.0000000000000002e+00,8.0421962872893915e-01,5.9433222087237336e-01,0.0000000000000000e+00,False,True,6.7793097057991066e-16,1.1845240094543697e-17,2.6559758644130049e-08,1.1845240094537087e-17,9.1689882164158581e-17,7.2327825647431289e-13,132,False,False,True,True,True,False,False,9.8156751670354581e-01,1.3089121922011844e-15,1.0000000000000000e+06,1.3726934484545011e+07,5.6990939208168359e+06,7.2849477144797906e-02,7.2849477144797906e-02,3.6458406683330119e-01,2.6559758644130051e-02,False,False,False,False,This bounded-gradient cap is insufficient to reproduce the local derivative-aware tangent span.,derive a bounded analytic derivative-aware coefficient-gradient formula and rerun the nonlinear h-sweep,"The row scales the local derivative-aware correction by min(1, cap/required_gradient_norm), so it is an optimistic cap-feasibility audit for bounded coefficient gradients."
cylindrical_sharp,0.04,universal_bounded_gradient_value_full_nonfinal,paper_tfe_lower_pair_velocity_compression_bounded_gradient_cap_spans_not_full_tfe,,universal_bounded_gradient_nonfinal_full_component_value_fit,all_case_h_bounded_gradient_cap_sweep,"0,1",6,24,8,16,24,16,8,132,24,24,0,4.6902955323187157e+01,3.7137778489504708e-01,4.8610091056179596e-16,1.3089121922011844e-15,1.8165443780357834e-15,9.1553990135762913e-16,3.6458406683330119e-01,9.9999998437892013e-01,2.1732456171071242e-28,1.8346995077874399e-11,5,3.5701436665937002e+05,3.0358074882992864e-04,1.2382849716460902e-04,rank=5;fro=3.035807e-04;max_abs=1.238285e-04,2.8284271410381550e+00,1.0000000057600793e+00,1.0000000000000002e+00,8.0421962872893915e-01,5.9433222087237336e-01,0.0000000000000000e+00,False,True,6.7793097057991066e-16,1.1845240094543697e-17,2.6559758644130049e-08,1.1845240094537087e-17,9.1689882164158581e-17,7.2327825647431289e-13,132,True,True,True,True,True,False,False,9.8156751670354581e-01,1.3089121922011844e-15,1.0000000000000000e+08,1.3726934484545011e+07,5.6990939208168359e+06,7.2849477144797907e+00,1.0000000000000000e+00,3.6458406683330119e-01,3.6458406683330119e-01,False,True,False,False,"This bounded-gradient cap reproduces the local derivative-aware span, but it is still a cap-scaled oracle rather than an analytic full-TFE residual or nonlinear h-sweep.",derive a bounded analytic derivative-aware coefficient-gradient formula and rerun the nonlinear h-sweep,"The row scales the local derivative-aware correction by min(1, cap/required_gradient_norm), so it is an optimistic cap-feasibility audit for bounded coefficient gradients."
cylindrical_sharp,0.04,universal_bounded_gradient_value_full_nonfinal,paper_tfe_lower_pair_velocity_compression_bounded_gradient_cap_spans_not_full_tfe,,universal_bounded_gradient_nonfinal_full_component_value_fit,all_case_h_bounded_gradient_cap_sweep,"0,1",6,24,8,16,24,16,8,132,24,24,0,4.6902955323187157e+01,3.7137778489504708e-01,4.8610091056179596e-16,1.3089121922011844e-15,1.8165443780357834e-15,9.1553990135762913e-16,3.6458406683330119e-01,9.9999998437892013e-01,2.1732456171071242e-28,1.8346995077874399e-11,5,3.5701436665937002e+05,3.0358074882992864e-04,1.2382849716460902e-04,rank=5;fro=3.035807e-04;max_abs=1.238285e-04,2.8284271410381550e+00,1.0000000057600793e+00,1.0000000000000002e+00,8.0421962872893915e-01,5.9433222087237336e-01,0.0000000000000000e+00,False,True,6.7793097057991066e-16,1.1845240094543697e-17,2.6559758644130049e-08,1.1845240094537087e-17,9.1689882164158581e-17,7.2327825647431289e-13,132,True,True,True,True,True,False,False,9.8156751670354581e-01,1.3089121922011844e-15,1.0000000000000000e+10,1.3726934484545011e+07,5.6990939208168359e+06,7.2849477144797902e+02,1.0000000000000000e+00,3.6458406683330119e-01,3.6458406683330119e-01,False,True,False,False,"This bounded-gradient cap reproduces the local derivative-aware span, but it is still a cap-scaled oracle rather than an analytic full-TFE residual or nonlinear h-sweep.",derive a bounded analytic derivative-aware coefficient-gradient formula and rerun the nonlinear h-sweep,"The row scales the local derivative-aware correction by min(1, cap/required_gradient_norm), so it is an optimistic cap-feasibility audit for bounded coefficient gradients."
cylindrical_sharp,0.04,universal_bounded_gradient_value_full_nonfinal,paper_tfe_lower_pair_velocity_compression_bounded_gradient_cap_spans_not_full_tfe,,universal_bounded_gradient_nonfinal_full_component_value_fit,all_case_h_bounded_gradient_cap_sweep,"0,1",6,24,8,16,24,16,8,132,24,24,0,4.6902955323187157e+01,3.7137778489504708e-01,4.8610091056179596e-16,1.3089121922011844e-15,1.8165443780357834e-15,9.1553990135762913e-16,3.6458406683330119e-01,9.9999998437892013e-01,2.1732456171071242e-28,1.8346995077874399e-11,5,3.5701436665937002e+05,3.0358074882992864e-04,1.2382849716460902e-04,rank=5;fro=3.035807e-04;max_abs=1.238285e-04,2.8284271410381550e+00,1.0000000057600793e+00,1.0000000000000002e+00,8.0421962872893915e-01,5.9433222087237336e-01,0.0000000000000000e+00,False,True,6.7793097057991066e-16,1.1845240094543697e-17,2.6559758644130049e-08,1.1845240094537087e-17,9.1689882164158581e-17,7.2327825647431289e-13,132,True,True,True,True,True,False,False,9.8156751670354581e-01,1.3089121922011844e-15,1.0000000000000000e+12,1.3726934484545011e+07,5.6990939208168359e+06,7.2849477144797900e+04,1.0000000000000000e+00,3.6458406683330119e-01,3.6458406683330119e-01,False,True,False,False,"This bounded-gradient cap reproduces the local derivative-aware span, but it is still a cap-scaled oracle rather than an analytic full-TFE residual or nonlinear h-sweep.",derive a bounded analytic derivative-aware coefficient-gradient formula and rerun the nonlinear h-sweep,"The row scales the local derivative-aware correction by min(1, cap/required_gradient_norm), so it is an optimistic cap-feasibility audit for bounded coefficient gradients."
cylindrical_sharp,0.04,universal_bounded_gradient_value_full_nonfinal,paper_tfe_lower_pair_velocity_compression_bounded_gradient_cap_spans_not_full_tfe,,universal_bounded_gradient_nonfinal_full_component_value_fit,all_case_h_bounded_gradient_cap_sweep,"0,1",6,24,8,16,24,16,8,132,24,24,0,4.6902955323187157e+01,3.7137778489504708e-01,4.8610091056179596e-16,1.3089121922011844e-15,1.8165443780357834e-15,9.1553990135762913e-16,3.6458406683330119e-01,9.9999998437892013e-01,2.1732456171071242e-28,1.8346995077874399e-11,5,3.5701436665937002e+05,3.0358074882992864e-04,1.2382849716460902e-04,rank=5;fro=3.035807e-04;max_abs=1.238285e-04,2.8284271410381550e+00,1.0000000057600793e+00,1.0000000000000002e+00,8.0421962872893915e-01,5.9433222087237336e-01,0.0000000000000000e+00,False,True,6.7793097057991066e-16,1.1845240094543697e-17,2.6559758644130049e-08,1.1845240094537087e-17,9.1689882164158581e-17,7.2327825647431289e-13,132,True,True,True,True,True,False,False,9.8156751670354581e-01,1.3089121922011844e-15,1.0000000000000000e+14,1.3726934484545011e+07,5.6990939208168359e+06,7.2849477144797910e+06,1.0000000000000000e+00,3.6458406683330119e-01,3.6458406683330119e-01,False,True,False,False,"This bounded-gradient cap reproduces the local derivative-aware span, but it is still a cap-scaled oracle rather than an analytic full-TFE residual or nonlinear h-sweep.",derive a bounded analytic derivative-aware coefficient-gradient formula and rerun the nonlinear h-sweep,"The row scales the local derivative-aware correction by min(1, cap/required_gradient_norm), so it is an optimistic cap-feasibility audit for bounded coefficient gradients."
cylindrical_sharp,0.04,universal_bounded_gradient_value_full_nonfinal,paper_tfe_lower_pair_velocity_compression_bounded_gradient_cap_spans_not_full_tfe,,universal_bounded_gradient_nonfinal_full_component_value_fit,all_case_h_bounded_gradient_cap_sweep,"0,1",6,24,8,16,24,16,8,132,24,24,0,4.6902955323187157e+01,3.7137778489504708e-01,4.8610091056179596e-16,1.3089121922011844e-15,1.8165443780357834e-15,9.1553990135762913e-16,3.6458406683330119e-01,9.9999998437892013e-01,2.1732456171071242e-28,1.8346995077874399e-11,5,3.5701436665937002e+05,3.0358074882992864e-04,1.2382849716460902e-04,rank=5;fro=3.035807e-04;max_abs=1.238285e-04,2.8284271410381550e+00,1.0000000057600793e+00,1.0000000000000002e+00,8.0421962872893915e-01,5.9433222087237336e-01,0.0000000000000000e+00,False,True,6.7793097057991066e-16,1.1845240094543697e-17,2.6559758644130049e-08,1.1845240094537087e-17,9.1689882164158581e-17,7.2327825647431289e-13,132,True,True,True,True,True,False,False,9.8156751670354581e-01,1.3089121922011844e-15,1.0000000000000000e+16,1.3726934484545011e+07,5.6990939208168359e+06,7.2849477144797909e+08,1.0000000000000000e+00,3.6458406683330119e-01,3.6458406683330119e-01,False,True,False,False,"This bounded-gradient cap reproduces the local derivative-aware span, but it is still a cap-scaled oracle rather than an analytic full-TFE residual or nonlinear h-sweep.",derive a bounded analytic derivative-aware coefficient-gradient formula and rerun the nonlinear h-sweep,"The row scales the local derivative-aware correction by min(1, cap/required_gradient_norm), so it is an optimistic cap-feasibility audit for bounded coefficient gradients."
cylindrical_sharp,0.04,universal_bounded_gradient_value_full_nonfinal,paper_tfe_lower_pair_velocity_compression_bounded_gradient_cap_spans_not_full_tfe,,universal_bounded_gradient_nonfinal_full_component_value_fit,all_case_h_bounded_gradient_cap_sweep,"0,1",6,24,8,16,24,16,8,132,24,24,0,4.6902955323187157e+01,3.7137778489504708e-01,4.8610091056179596e-16,1.3089121922011844e-15,1.8165443780357834e-15,9.1553990135762913e-16,3.6458406683330119e-01,9.9999998437892013e-01,2.1732456171071242e-28,1.8346995077874399e-11,5,3.5701436665937002e+05,3.0358074882992864e-04,1.2382849716460902e-04,rank=5;fro=3.035807e-04;max_abs=1.238285e-04,2.8284271410381550e+00,1.0000000057600793e+00,1.0000000000000002e+00,8.0421962872893915e-01,5.9433222087237336e-01,0.0000000000000000e+00,False,True,6.7793097057991066e-16,1.1845240094543697e-17,2.6559758644130049e-08,1.1845240094537087e-17,9.1689882164158581e-17,7.2327825647431289e-13,132,True,True,True,True,True,False,False,9.8156751670354581e-01,1.3089121922011844e-15,1.0000000000000000e+18,1.3726934484545011e+07,5.6990939208168359e+06,7.2849477144797913e+10,1.0000000000000000e+00,3.6458406683330119e-01,3.6458406683330119e-01,False,True,False,False,"This bounded-gradient cap reproduces the local derivative-aware span, but it is still a cap-scaled oracle rather than an analytic full-TFE residual or nonlinear h-sweep.",derive a bounded analytic derivative-aware coefficient-gradient formula and rerun the nonlinear h-sweep,"The row scales the local derivative-aware correction by min(1, cap/required_gradient_norm), so it is an optimistic cap-feasibility audit for bounded coefficient gradients."
cylindrical_sharp,0.02,case_local_bounded_gradient_value_scalar_nonfinal,paper_tfe_lower_pair_velocity_compression_bounded_gradient_cap_gap_not_full_tfe,,case_local_bounded_gradient_nonfinal_stage_scalar_value_fit,case_local_bounded_gradient_cap_sweep,"0,1",1,24,8,16,24,16,8,132,24,32,8,8.5471942022262245e+07,2.6043562229773637e-01,2.5970126228645235e-01,9.9718026280427763e-01,9.9993575285504410e-01,9.9140602734446370e-01,2.5970145206752637e-01,9.9999999959956165e-01,3.1541822023455162e-18,9.4103976237710962e-01,8,1.0000000000000000e+00,1.4172014228633470e-06,3.9597129139774628e-07,rank=8;fro=1.417201e-06;max_abs=3.959713e-07,2.8284271247465451e+00,1.0000000000001255e+00,1.0000000000000002e+00,7.9027294436900697e-01,6.1275498643286497e-01,0.0000000000000000e+00,False,True,9.0464168827690664e-16,1.1339022867202491e-18,4.4012530933007930e-10,3.3518054480268797e-18,7.0631019132521786e-17,2.8951397496168292e-12,132,False,False,True,True,True,False,False,9.9718026297966278e-01,2.9543333680503778e-15,1.0000000000000000e+04,7.3743384737660432e+16,6.2523152996723712e+16,1.3560538393477134e-13,1.3560538393477134e-13,2.5970145206752637e-01,3.5216915116034535e-14,False,False,False,False,This bounded-gradient cap is insufficient to reproduce the local derivative-aware tangent span.,derive a bounded analytic derivative-aware coefficient-gradient formula and rerun the nonlinear h-sweep,"The row scales the local derivative-aware correction by min(1, cap/required_gradient_norm), so it is an optimistic cap-feasibility audit for bounded coefficient gradients."
cylindrical_sharp,0.02,case_local_bounded_gradient_value_scalar_nonfinal,paper_tfe_lower_pair_velocity_compression_bounded_gradient_cap_gap_not_full_tfe,,case_local_bounded_gradient_nonfinal_stage_scalar_value_fit,case_local_bounded_gradient_cap_sweep,"0,1",1,24,8,16,24,16,8,132,24,32,8,8.5471936986903295e+07,2.6043562229773637e-01,2.5970125768778302e-01,9.9718024514667269e-01,9.9993575215874975e-01,9.9140597395830266e-01,2.5970145206752637e-01,9.9999999959956165e-01,3.1541822023455162e-18,9.4103976237710962e-01,8,1.0000000000000000e+00,1.4172014228633470e-06,3.9597129139774628e-07,rank=8;fro=1.417201e-06;max_abs=3.959713e-07,2.8284271247465451e+00,1.0000000000001255e+00,1.0000000000000002e+00,7.9027294436900697e-01,6.1275498643286497e-01,0.0000000000000000e+00,False,True,9.0464168827690664e-16,1.1339022867202491e-18,4.4012530933007930e-10,3.3518054480268797e-18,7.0631019132521786e-17,2.8951397496168292e-12,132,False,False,True,True,True,False,False,9.9718026297966278e-01,2.9543333680503778e-15,1.0000000000000000e+06,7.3743384737660432e+16,6.2523152996723712e+16,1.3560538393477133e-11,1.3560538393477133e-11,2.5970145206752637e-01,3.5216915116034535e-12,False,False,False,False,This bounded-gradient cap is insufficient to reproduce the local derivative-aware tangent span.,derive a bounded analytic derivative-aware coefficient-gradient formula and rerun the nonlinear h-sweep,"The row scales the local derivative-aware correction by min(1, cap/required_gradient_norm), so it is an optimistic cap-feasibility audit for bounded coefficient gradients."
cylindrical_sharp,0.02,case_local_bounded_gradient_value_scalar_nonfinal,paper_tfe_lower_pair_velocity_compression_bounded_gradient_cap_gap_not_full_tfe,,case_local_bounded_gradient_nonfinal_stage_scalar_value_fit,case_local_bounded_gradient_cap_sweep,"0,1",1,24,8,16,24,16,8,132,24,32,8,8.5471179538402066e+07,2.6043562229773637e-01,2.5970003099705541e-01,9.9717553499712874e-01,9.9993272395425292e-01,9.9139770345441802e-01,2.5970145206752637e-01,9.9999999959956165e-01,3.1541822023455162e-18,9.4103976237710962e-01,8,1.0000000000000000e+00,1.4172014228633470e-06,3.9597129139774628e-07,rank=8;fro=1.417201e-06;max_abs=3.959713e-07,2.8284271247465451e+00,1.0000000000001255e+00,1.0000000000000002e+00,7.9027294436900697e-01,6.1275498643286497e-01,0.0000000000000000e+00,False,True,9.0464168827690664e-16,1.1339022867202491e-18,4.4012530933007930e-10,3.3518054480268797e-18,7.0631019132521786e-17,2.8951397496168292e-12,132,False,False,True,True,True,False,False,9.9718026297966278e-01,2.9543333680503778e-15,1.0000000000000000e+08,7.3743384737660432e+16,6.2523152996723712e+16,1.3560538393477133e-09,1.3560538393477133e-09,2.5970145206752637e-01,3.5216915116034531e-10,False,False,False,False,This bounded-gradient cap is insufficient to reproduce the local derivative-aware tangent span.,derive a bounded analytic derivative-aware coefficient-gradient formula and rerun the nonlinear h-sweep,"The row scales the local derivative-aware correction by min(1, cap/required_gradient_norm), so it is an optimistic cap-feasibility audit for bounded coefficient gradients."
cylindrical_sharp,0.02,case_local_bounded_gradient_value_scalar_nonfinal,paper_tfe_lower_pair_velocity_compression_bounded_gradient_cap_gap_not_full_tfe,,case_local_bounded_gradient_nonfinal_stage_scalar_value_fit,case_local_bounded_gradient_cap_sweep,"0,1",1,24,8,16,24,16,8,132,24,32,8,8.2970491498116821e+07,2.6043562229773637e-01,2.5224307614152736e-01,9.6854291250970614e-01,9.7132090026962081e-01,9.6256059690001394e-01,2.5970145206752637e-01,9.9999999959956165e-01,3.1541822023455162e-18,9.4103976237710962e-01,8,1.0000000000000000e+00,1.4172014228633470e-06,3.9597129139774628e-07,rank=8;fro=1.417201e-06;max_abs=3.959713e-07,2.8284271247465451e+00,1.0000000000001255e+00,1.0000000000000002e+00,7.9027294436900697e-01,6.1275498643286497e-01,0.0000000000000000e+00,False,True,9.0464168827690664e-16,1.1339022867202491e-18,4.4012530933007930e-10,3.3518054480268797e-18,7.0631019132521786e-17,2.8951397496168292e-12,132,False,False,True,True,True,False,False,9.9718026297966278e-01,2.9543333680503778e-15,1.0000000000000000e+10,7.3743384737660432e+16,6.2523152996723712e+16,1.3560538393477134e-07,1.3560538393477134e-07,2.5970145206752637e-01,3.5216915116034534e-08,False,False,False,False,This bounded-gradient cap is insufficient to reproduce the local derivative-aware tangent span.,derive a bounded analytic derivative-aware coefficient-gradient formula and rerun the nonlinear h-sweep,"The row scales the local derivative-aware correction by min(1, cap/required_gradient_norm), so it is an optimistic cap-feasibility audit for bounded coefficient gradients."
cylindrical_sharp,0.02,case_local_bounded_gradient_value_scalar_nonfinal,paper_tfe_lower_pair_velocity_compression_bounded_gradient_cap_gap_not_full_tfe,,case_local_bounded_gradient_nonfinal_stage_scalar_value_fit,case_local_bounded_gradient_cap_sweep,"0,1",1,24,8,16,24,16,8,132,24,32,8,3.4856388998744912e+06,2.6043562229773637e-01,1.0623464155209953e-02,4.0791133184787408e-02,4.0862768362029768e-02,4.0522031563832488e-02,2.5970145206752637e-01,9.9999999959956165e-01,3.1541822023455162e-18,9.4103976237710962e-01,8,1.0000000000000000e+00,1.4172014228633470e-06,3.9597129139774628e-07,rank=8;fro=1.417201e-06;max_abs=3.959713e-07,2.8284271247465451e+00,1.0000000000001255e+00,1.0000000000000002e+00,7.9027294436900697e-01,6.1275498643286497e-01,0.0000000000000000e+00,False,True,9.0464168827690664e-16,1.1339022867202491e-18,4.4012530933007930e-10,3.3518054480268797e-18,7.0631019132521786e-17,2.8951397496168292e-12,132,False,False,True,True,True,False,False,9.9718026297966278e-01,2.9543333680503778e-15,1.0000000000000000e+12,7.3743384737660432e+16,6.2523152996723712e+16,1.3560538393477134e-05,1.3560538393477134e-05,2.5970145206752637e-01,3.5216915116034533e-06,False,False,False,False,This bounded-gradient cap is insufficient to reproduce the local derivative-aware tangent span.,derive a bounded analytic derivative-aware coefficient-gradient formula and rerun the nonlinear h-sweep,"The row scales the local derivative-aware correction by min(1, cap/required_gradient_norm), so it is an optimistic cap-feasibility audit for bounded coefficient gradients."
cylindrical_sharp,0.02,case_local_bounded_gradient_value_scalar_nonfinal,paper_tfe_lower_pair_velocity_compression_bounded_gradient_cap_gap_not_full_tfe,,case_local_bounded_gradient_nonfinal_stage_scalar_value_fit,case_local_bounded_gradient_cap_sweep,"0,1",1,24,8,16,24,16,8,132,24,32,8,3.4888802929850710e+04,2.6043562229773637e-01,1.0618400205039986e-04,4.0771689031467330e-04,4.0842050685833427e-04,4.0505091170055669e-04,2.5970145206752637e-01,9.9999999959956165e-01,3.1541822023455162e-18,9.4103976237710962e-01,8,1.0000000000000000e+00,1.4172014228633470e-06,3.9597129139774628e-07,rank=8;fro=1.417201e-06;max_abs=3.959713e-07,2.8284271247465451e+00,1.0000000000001255e+00,1.0000000000000002e+00,7.9027294436900697e-01,6.1275498643286497e-01,0.0000000000000000e+00,False,True,9.0464168827690664e-16,1.1339022867202491e-18,4.4012530933007930e-10,3.3518054480268797e-18,7.0631019132521786e-17,2.8951397496168292e-12,132,False,False,True,True,True,False,False,9.9718026297966278e-01,2.9543333680503778e-15,1.0000000000000000e+14,7.3743384737660432e+16,6.2523152996723712e+16,1.3560538393477134e-03,1.3560538393477134e-03,2.5970145206752637e-01,3.5216915116034530e-04,False,False,False,False,This bounded-gradient cap is insufficient to reproduce the local derivative-aware tangent span.,derive a bounded analytic derivative-aware coefficient-gradient formula and rerun the nonlinear h-sweep,"The row scales the local derivative-aware correction by min(1, cap/required_gradient_norm), so it is an optimistic cap-feasibility audit for bounded coefficient gradients."
cylindrical_sharp,0.02,case_local_bounded_gradient_value_scalar_nonfinal,paper_tfe_lower_pair_velocity_compression_bounded_gradient_cap_gap_not_full_tfe,,case_local_bounded_gradient_nonfinal_stage_scalar_value_fit,case_local_bounded_gradient_cap_sweep,"0,1",1,24,8,16,24,16,8,132,24,32,8,3.4888839771238099e+02,2.6043562229773637e-01,9.1909548555813314e-07,3.5290697848829631e-06,3.5351590564308363e-06,3.5059960100050827e-06,2.5970145206752637e-01,9.9999999959956165e-01,3.1541822023455162e-18,9.4103976237710962e-01,8,1.0000000000000000e+00,1.4172014228633470e-06,3.9597129139774628e-07,rank=8;fro=1.417201e-06;max_abs=3.959713e-07,2.8284271247465451e+00,1.0000000000001255e+00,1.0000000000000002e+00,7.9027294436900697e-01,6.1275498643286497e-01,0.0000000000000000e+00,False,True,9.0464168827690664e-16,1.1339022867202491e-18,4.4012530933007930e-10,3.3518054480268797e-18,7.0631019132521786e-17,2.8951397496168292e-12,132,False,False,True,True,True,False,False,9.9718026297966278e-01,2.9543333680503778e-15,1.0000000000000000e+16,7.3743384737660432e+16,6.2523152996723712e+16,1.3560538393477134e-01,1.3560538393477134e-01,2.5970145206752637e-01,3.5216915116034531e-02,False,False,False,False,This bounded-gradient cap is insufficient to reproduce the local derivative-aware tangent span.,derive a bounded analytic derivative-aware coefficient-gradient formula and rerun the nonlinear h-sweep,"The row scales the local derivative-aware correction by min(1, cap/required_gradient_norm), so it is an optimistic cap-feasibility audit for bounded coefficient gradients."
cylindrical_sharp,0.02,case_local_bounded_gradient_value_scalar_nonfinal,paper_tfe_lower_pair_velocity_compression_bounded_gradient_cap_spans_not_full_tfe,,case_local_bounded_gradient_nonfinal_stage_scalar_value_fit,case_local_bounded_gradient_cap_sweep,"0,1",1,24,8,16,24,16,8,132,24,24,0,4.7311145524352369e+01,2.6043562229773637e-01,7.6941364918316761e-16,2.9543333680503778e-15,6.0559560353236048e-15,1.0988757453612401e-15,2.5970145206752637e-01,9.9999999959956165e-01,3.1541822023455162e-18,9.4103976237710962e-01,8,1.0000000000000000e+00,1.4172014228633470e-06,3.9597129139774628e-07,rank=8;fro=1.417201e-06;max_abs=3.959713e-07,2.8284271247465451e+00,1.0000000000001255e+00,1.0000000000000002e+00,7.9027294436900697e-01,6.1275498643286497e-01,0.0000000000000000e+00,False,True,9.0464168827690664e-16,1.1339022867202491e-18,4.4012530933007930e-10,3.3518054480268797e-18,7.0631019132521786e-17,2.8951397496168292e-12,132,True,True,True,True,True,False,False,9.9718026297966278e-01,2.9543333680503778e-15,1.0000000000000000e+18,7.3743384737660432e+16,6.2523152996723712e+16,1.3560538393477135e+01,1.0000000000000000e+00,2.5970145206752637e-01,2.5970145206752637e-01,False,True,False,False,"This bounded-gradient cap reproduces the local derivative-aware span, but it is still a cap-scaled oracle rather than an analytic full-TFE residual or nonlinear h-sweep.",derive a bounded analytic derivative-aware coefficient-gradient formula and rerun the nonlinear h-sweep,"The row scales the local derivative-aware correction by min(1, cap/required_gradient_norm), so it is an optimistic cap-feasibility audit for bounded coefficient gradients."
cylindrical_sharp,0.02,universal_bounded_gradient_value_scalar_nonfinal,paper_tfe_lower_pair_velocity_compression_bounded_gradient_cap_gap_not_full_tfe,,universal_bounded_gradient_nonfinal_stage_scalar_value_fit,all_case_h_bounded_gradient_cap_sweep,"0,1",6,24,8,16,24,16,8,132,16,24,8,1.0637398555844083e+11,2.6043562229773637e-01,2.5970131834858501e-01,9.9718047806719812e-01,9.9993571212583798e-01,9.9140680597061326e-01,2.5970145217160140e-01,1.0000000000003104e+00,3.3521064770341994e-18,1.0000898110024545e+00,8,1.0000000000000000e+00,1.1432606374566444e-09,3.2352835765686957e-10,rank=8;fro=1.143261e-09;max_abs=3.235284e-10,2.8284271247461903e+00,1.0000000000000000e+00,1.0000000000000000e+00,8.0040924391222112e-01,5.9945395341082419e-01,0.0000000000000000e+00,False,True,9.0464097765010038e-16,3.1037939131341402e-21,4.4012530933007930e-10,3.3518054480268797e-18,7.0631019132521786e-17,2.8951397496168292e-12,132,False,False,True,True,True,False,False,9.9718031361180659e-01,9.0177991936379280e-16,1.0000000000000000e+04,7.3743384811077712e+16,6.2523153059237776e+16,1.3560538379976563e-13,1.3560538379976563e-13,2.5970145217160140e-01,3.5216915095086486e-14,False,False,False,False,This bounded-gradient cap is insufficient to reproduce the local derivative-aware tangent span.,derive a bounded analytic derivative-aware coefficient-gradient formula and rerun the nonlinear h-sweep,"The row scales the local derivative-aware correction by min(1, cap/required_gradient_norm), so it is an optimistic cap-feasibility audit for bounded coefficient gradients."
cylindrical_sharp,0.02,universal_bounded_gradient_value_scalar_nonfinal,paper_tfe_lower_pair_velocity_compression_bounded_gradient_cap_gap_not_full_tfe,,universal_bounded_gradient_nonfinal_stage_scalar_value_fit,all_case_h_bounded_gradient_cap_sweep,"0,1",6,24,8,16,24,16,8,132,16,24,8,1.0633205232631496e+11,2.6043562229773637e-01,2.5958685138620857e-01,9.9674095692425113e-01,9.9947363402359179e-01,9.9101205390511371e-01,2.5970145217160140e-01,1.0000000000003104e+00,3.3521064770341994e-18,1.0000898110024545e+00,8,1.0000000000000000e+00,1.1432606374566444e-09,3.2352835765686957e-10,rank=8;fro=1.143261e-09;max_abs=3.235284e-10,2.8284271247461903e+00,1.0000000000000000e+00,1.0000000000000000e+00,8.0040924391222112e-01,5.9945395341082419e-01,0.0000000000000000e+00,False,True,9.0464097765010038e-16,3.1037939131341402e-21,4.4012530933007930e-10,3.3518054480268797e-18,7.0631019132521786e-17,2.8951397496168292e-12,132,False,False,True,True,True,False,False,9.9718031361180659e-01,9.0177991936379280e-16,1.0000000000000000e+06,7.3743384811077712e+16,6.2523153059237776e+16,1.3560538379976562e-11,1.3560538379976562e-11,2.5970145217160140e-01,3.5216915095086481e-12,False,False,False,False,This bounded-gradient cap is insufficient to reproduce the local derivative-aware tangent span.,derive a bounded analytic derivative-aware coefficient-gradient formula and rerun the nonlinear h-sweep,"The row scales the local derivative-aware correction by min(1, cap/required_gradient_norm), so it is an optimistic cap-feasibility audit for bounded coefficient gradients."
cylindrical_sharp,0.02,universal_bounded_gradient_value_scalar_nonfinal,paper_tfe_lower_pair_velocity_compression_bounded_gradient_cap_gap_not_full_tfe,,universal_bounded_gradient_nonfinal_stage_scalar_value_fit,all_case_h_bounded_gradient_cap_sweep,"0,1",6,24,8,16,24,16,8,132,20,24,4,3.3173964899068386e+10,2.6043562229773637e-01,8.1174317571754084e-02,3.1168669191864090e-01,3.1219140128160766e-01,3.0980124617746652e-01,2.5970145217160140e-01,1.0000000000003104e+00,3.3521064770341994e-18,1.0000898110024545e+00,8,1.0000000000000000e+00,1.1432606374566444e-09,3.2352835765686957e-10,rank=8;fro=1.143261e-09;max_abs=3.235284e-10,2.8284271247461903e+00,1.0000000000000000e+00,1.0000000000000000e+00,8.0040924391222112e-01,5.9945395341082419e-01,0.0000000000000000e+00,False,True,9.0464097765010038e-16,3.1037939131341402e-21,4.4012530933007930e-10,3.3518054480268797e-18,7.0631019132521786e-17,2.8951397496168292e-12,132,False,False,True,True,True,False,False,9.9718031361180659e-01,9.0177991936379280e-16,1.0000000000000000e+08,7.3743384811077712e+16,6.2523153059237776e+16,1.3560538379976563e-09,1.3560538379976563e-09,2.5970145217160140e-01,3.5216915095086482e-10,False,False,False,False,This bounded-gradient cap is insufficient to reproduce the local derivative-aware tangent span.,derive a bounded analytic derivative-aware coefficient-gradient formula and rerun the nonlinear h-sweep,"The row scales the local derivative-aware correction by min(1, cap/required_gradient_norm), so it is an optimistic cap-feasibility audit for bounded coefficient gradients."
cylindrical_sharp,0.02,universal_bounded_gradient_value_scalar_nonfinal,paper_tfe_lower_pair_velocity_compression_bounded_gradient_cap_gap_not_full_tfe,,universal_bounded_gradient_nonfinal_stage_scalar_value_fit,all_case_h_bounded_gradient_cap_sweep,"0,1",6,24,8,16,24,16,8,132,24,24,0,3.4888918094117695e+08,2.6043562229773637e-01,8.5436312809058557e-04,3.2805156243712959e-03,3.2861463903346511e-03,3.2590739781477637e-03,2.5970145217160140e-01,1.0000000000003104e+00,3.3521064770341994e-18,1.0000898110024545e+00,8,1.0000000000000000e+00,1.1432606374566444e-09,3.2352835765686957e-10,rank=8;fro=1.143261e-09;max_abs=3.235284e-10,2.8284271247461903e+00,1.0000000000000000e+00,1.0000000000000000e+00,8.0040924391222112e-01,5.9945395341082419e-01,0.0000000000000000e+00,False,True,9.0464097765010038e-16,3.1037939131341402e-21,4.4012530933007930e-10,3.3518054480268797e-18,7.0631019132521786e-17,2.8951397496168292e-12,132,False,False,True,True,True,False,False,9.9718031361180659e-01,9.0177991936379280e-16,1.0000000000000000e+10,7.3743384811077712e+16,6.2523153059237776e+16,1.3560538379976561e-07,1.3560538379976561e-07,2.5970145217160140e-01,3.5216915095086482e-08,False,False,False,False,This bounded-gradient cap is insufficient to reproduce the local derivative-aware tangent span.,derive a bounded analytic derivative-aware coefficient-gradient formula and rerun the nonlinear h-sweep,"The row scales the local derivative-aware correction by min(1, cap/required_gradient_norm), so it is an optimistic cap-feasibility audit for bounded coefficient gradients."
cylindrical_sharp,0.02,universal_bounded_gradient_value_scalar_nonfinal,paper_tfe_lower_pair_velocity_compression_bounded_gradient_cap_gap_not_full_tfe,,universal_bounded_gradient_nonfinal_stage_scalar_value_fit,all_case_h_bounded_gradient_cap_sweep,"0,1",6,24,8,16,24,16,8,132,24,24,0,3.4888842740395581e+06,2.6043562229773637e-01,8.5435434007207314e-06,3.2804818808363871e-05,3.2861198460435364e-05,3.2590252899190310e-05,2.5970145217160140e-01,1.0000000000003104e+00,3.3521064770341994e-18,1.0000898110024545e+00,8,1.0000000000000000e+00,1.1432606374566444e-09,3.2352835765686957e-10,rank=8;fro=1.143261e-09;max_abs=3.235284e-10,2.8284271247461903e+00,1.0000000000000000e+00,1.0000000000000000e+00,8.0040924391222112e-01,5.9945395341082419e-01,0.0000000000000000e+00,False,True,9.0464097765010038e-16,3.1037939131341402e-21,4.4012530933007930e-10,3.3518054480268797e-18,7.0631019132521786e-17,2.8951397496168292e-12,132,False,False,True,True,True,False,False,9.9718031361180659e-01,9.0177991936379280e-16,1.0000000000000000e+12,7.3743384811077712e+16,6.2523153059237776e+16,1.3560538379976562e-05,1.3560538379976562e-05,2.5970145217160140e-01,3.5216915095086480e-06,False,False,False,False,This bounded-gradient cap is insufficient to reproduce the local derivative-aware tangent span.,derive a bounded analytic derivative-aware coefficient-gradient formula and rerun the nonlinear h-sweep,"The row scales the local derivative-aware correction by min(1, cap/required_gradient_norm), so it is an optimistic cap-feasibility audit for bounded coefficient gradients."
cylindrical_sharp,0.02,universal_bounded_gradient_value_scalar_nonfinal,paper_tfe_lower_pair_velocity_compression_bounded_gradient_cap_gap_not_full_tfe,,universal_bounded_gradient_nonfinal_stage_scalar_value_fit,all_case_h_bounded_gradient_cap_sweep,"0,1",6,24,8,16,24,16,8,132,24,24,0,3.4888840129080731e+04,2.6043562229773637e-01,8.5320734061701733e-08,3.2760777235059257e-07,3.2817081924025286e-07,3.2546497875875857e-07,2.5970145217160140e-01,1.0000000000003104e+00,3.3521064770341994e-18,1.0000898110024545e+00,8,1.0000000000000000e+00,1.1432606374566444e-09,3.2352835765686957e-10,rank=8;fro=1.143261e-09;max_abs=3.235284e-10,2.8284271247461903e+00,1.0000000000000000e+00,1.0000000000000000e+00,8.0040924391222112e-01,5.9945395341082419e-01,0.0000000000000000e+00,False,True,9.0464097765010038e-16,3.1037939131341402e-21,4.4012530933007930e-10,3.3518054480268797e-18,7.0631019132521786e-17,2.8951397496168292e-12,132,False,False,True,True,True,False,False,9.9718031361180659e-01,9.0177991936379280e-16,1.0000000000000000e+14,7.3743384811077712e+16,6.2523153059237776e+16,1.3560538379976562e-03,1.3560538379976562e-03,2.5970145217160140e-01,3.5216915095086481e-04,False,False,False,False,This bounded-gradient cap is insufficient to reproduce the local derivative-aware tangent span.,derive a bounded analytic derivative-aware coefficient-gradient formula and rerun the nonlinear h-sweep,"The row scales the local derivative-aware correction by min(1, cap/required_gradient_norm), so it is an optimistic cap-feasibility audit for bounded coefficient gradients."
cylindrical_sharp,0.02,universal_bounded_gradient_value_scalar_nonfinal,paper_tfe_lower_pair_velocity_compression_bounded_gradient_cap_spans_not_full_tfe,,universal_bounded_gradient_nonfinal_stage_scalar_value_fit,all_case_h_bounded_gradient_cap_sweep,"0,1",6,24,8,16,24,16,8,132,24,24,0,3.4888840102781802e+02,2.6043562229773637e-01,7.3850928989335626e-10,2.8356692658927987e-09,2.8405428224226076e-09,2.8171219210196959e-09,2.5970145217160140e-01,1.0000000000003104e+00,3.3521064770341994e-18,1.0000898110024545e+00,8,1.0000000000000000e+00,1.1432606374566444e-09,3.2352835765686957e-10,rank=8;fro=1.143261e-09;max_abs=3.235284e-10,2.8284271247461903e+00,1.0000000000000000e+00,1.0000000000000000e+00,8.0040924391222112e-01,5.9945395341082419e-01,0.0000000000000000e+00,False,True,9.0464097765010038e-16,3.1037939131341402e-21,4.4012530933007930e-10,3.3518054480268797e-18,7.0631019132521786e-17,2.8951397496168292e-12,132,True,True,True,True,True,False,False,9.9718031361180659e-01,9.0177991936379280e-16,1.0000000000000000e+16,7.3743384811077712e+16,6.2523153059237776e+16,1.3560538379976561e-01,1.3560538379976561e-01,2.5970145217160140e-01,3.5216915095086482e-02,False,True,False,False,"This bounded-gradient cap reproduces the local derivative-aware span, but it is still a cap-scaled oracle rather than an analytic full-TFE residual or nonlinear h-sweep.",derive a bounded analytic derivative-aware coefficient-gradient formula and rerun the nonlinear h-sweep,"The row scales the local derivative-aware correction by min(1, cap/required_gradient_norm), so it is an optimistic cap-feasibility audit for bounded coefficient gradients."
cylindrical_sharp,0.02,universal_bounded_gradient_value_scalar_nonfinal,paper_tfe_lower_pair_velocity_compression_bounded_gradient_cap_spans_not_full_tfe,,universal_bounded_gradient_nonfinal_stage_scalar_value_fit,all_case_h_bounded_gradient_cap_sweep,"0,1",6,24,8,16,24,16,8,132,24,24,0,4.7311145524352384e+01,2.6043562229773637e-01,2.3485561447511191e-16,9.0177991936379280e-16,1.3598739633130442e-15,5.5806624448925911e-16,2.5970145217160140e-01,1.0000000000003104e+00,3.3521064770341994e-18,1.0000898110024545e+00,8,1.0000000000000000e+00,1.1432606374566444e-09,3.2352835765686957e-10,rank=8;fro=1.143261e-09;max_abs=3.235284e-10,2.8284271247461903e+00,1.0000000000000000e+00,1.0000000000000000e+00,8.0040924391222112e-01,5.9945395341082419e-01,0.0000000000000000e+00,False,True,9.0464097765010038e-16,3.1037939131341402e-21,4.4012530933007930e-10,3.3518054480268797e-18,7.0631019132521786e-17,2.8951397496168292e-12,132,True,True,True,True,True,False,False,9.9718031361180659e-01,9.0177991936379280e-16,1.0000000000000000e+18,7.3743384811077712e+16,6.2523153059237776e+16,1.3560538379976563e+01,1.0000000000000000e+00,2.5970145217160140e-01,2.5970145217160140e-01,False,True,False,False,"This bounded-gradient cap reproduces the local derivative-aware span, but it is still a cap-scaled oracle rather than an analytic full-TFE residual or nonlinear h-sweep.",derive a bounded analytic derivative-aware coefficient-gradient formula and rerun the nonlinear h-sweep,"The row scales the local derivative-aware correction by min(1, cap/required_gradient_norm), so it is an optimistic cap-feasibility audit for bounded coefficient gradients."
cylindrical_sharp,0.02,case_local_bounded_gradient_value_component_nonfinal,paper_tfe_lower_pair_velocity_compression_bounded_gradient_cap_gap_not_full_tfe,,case_local_bounded_gradient_nonfinal_component_diagonal_value_fit,case_local_bounded_gradient_cap_sweep,"0,1",1,24,8,16,24,16,8,132,23,31,8,2.3047692378836536e+10,2.6043562229773637e-01,2.5970074826786044e-01,9.9717828911654871e-01,9.9993573390169166e-01,9.9139591203246180e-01,2.5992975651812394e-01,1.0008791030804571e+00,5.7878120260073902e-34,1.7267744550670517e-16,8,8.9712330881388783e+07,1.3748734464215087e-01,9.2822918521018136e-02,rank=8;fro=1.374873e-01;max_abs=9.282292e-02,2.8317667223725804e+00,1.0011807260640275e+00,9.9999999999999978e-01,8.7866009191310601e-01,4.7744784309833449e-01,0.0000000000000000e+00,False,True,9.0464718704799920e-16,3.3518054480268797e-18,4.4012530933007930e-10,3.3518054480268797e-18,7.0631019132521786e-17,2.8951397496168292e-12,132,False,False,True,True,True,False,False,9.9717838131394876e-01,4.3304835997003191e-15,1.0000000000000000e+04,7.4174134248189600e+16,6.2923915632210928e+16,1.3481788633406360e-13,1.3481788633406360e-13,2.5992975651812394e-01,3.5043180369101268e-14,False,False,False,False,This bounded-gradient cap is insufficient to reproduce the local derivative-aware tangent span.,derive a bounded analytic derivative-aware coefficient-gradient formula and rerun the nonlinear h-sweep,"The row scales the local derivative-aware correction by min(1, cap/required_gradient_norm), so it is an optimistic cap-feasibility audit for bounded coefficient gradients."
cylindrical_sharp,0.02,case_local_bounded_gradient_value_component_nonfinal,paper_tfe_lower_pair_velocity_compression_bounded_gradient_cap_gap_not_full_tfe,,case_local_bounded_gradient_nonfinal_component_diagonal_value_fit,case_local_bounded_gradient_cap_sweep,"0,1",1,24,8,16,24,16,8,132,23,31,8,2.3046276274275738e+10,2.6043562229773637e-01,2.5969364184004901e-01,9.9715100241994115e-01,9.9987451645525016e-01,9.9130277924153876e-01,2.5992975651812394e-01,1.0008791030804571e+00,5.7878120260073902e-34,1.7267744550670517e-16,8,8.9712330881388783e+07,1.3748734464215087e-01,9.2822918521018136e-02,rank=8;fro=1.374873e-01;max_abs=9.282292e-02,2.8317667223725804e+00,1.0011807260640275e+00,9.9999999999999978e-01,8.7866009191310601e-01,4.7744784309833449e-01,0.0000000000000000e+00,False,True,9.0464718704799920e-16,3.3518054480268797e-18,4.4012530933007930e-10,3.3518054480268797e-18,7.0631019132521786e-17,2.8951397496168292e-12,132,False,False,True,True,True,False,False,9.9717838131394876e-01,4.3304835997003191e-15,1.0000000000000000e+06,7.4174134248189600e+16,6.2923915632210928e+16,1.3481788633406361e-11,1.3481788633406361e-11,2.5992975651812394e-01,3.5043180369101272e-12,False,False,False,False,This bounded-gradient cap is insufficient to reproduce the local derivative-aware tangent span.,derive a bounded analytic derivative-aware coefficient-gradient formula and rerun the nonlinear h-sweep,"The row scales the local derivative-aware correction by min(1, cap/required_gradient_norm), so it is an optimistic cap-feasibility audit for bounded coefficient gradients."
cylindrical_sharp,0.02,case_local_bounded_gradient_value_component_nonfinal,paper_tfe_lower_pair_velocity_compression_bounded_gradient_cap_gap_not_full_tfe,,case_local_bounded_gradient_nonfinal_component_diagonal_value_fit,case_local_bounded_gradient_cap_sweep,"0,1",1,24,8,16,24,16,8,132,24,31,7,1.5495062742352613e+10,2.6043562229773637e-01,2.3487405245000254e-01,9.0185071603410982e-01,9.8872700143204606e-01,6.7302511923583208e-01,2.5992975651812394e-01,1.0008791030804571e+00,5.7878120260073902e-34,1.7267744550670517e-16,8,8.9712330881388783e+07,1.3748734464215087e-01,9.2822918521018136e-02,rank=8;fro=1.374873e-01;max_abs=9.282292e-02,2.8317667223725804e+00,1.0011807260640275e+00,9.9999999999999978e-01,8.7866009191310601e-01,4.7744784309833449e-01,0.0000000000000000e+00,False,True,9.0464718704799920e-16,3.3518054480268797e-18,4.4012530933007930e-10,3.3518054480268797e-18,7.0631019132521786e-17,2.8951397496168292e-12,132,False,False,True,True,True,False,False,9.9717838131394876e-01,4.3304835997003191e-15,1.0000000000000000e+08,7.4174134248189600e+16,6.2923915632210928e+16,1.3481788633406360e-09,1.3481788633406360e-09,2.5992975651812394e-01,3.5043180369101266e-10,False,False,False,False,This bounded-gradient cap is insufficient to reproduce the local derivative-aware tangent span.,derive a bounded analytic derivative-aware coefficient-gradient formula and rerun the nonlinear h-sweep,"The row scales the local derivative-aware correction by min(1, cap/required_gradient_norm), so it is an optimistic cap-feasibility audit for bounded coefficient gradients."
cylindrical_sharp,0.02,case_local_bounded_gradient_value_component_nonfinal,paper_tfe_lower_pair_velocity_compression_bounded_gradient_cap_gap_not_full_tfe,,case_local_bounded_gradient_nonfinal_component_diagonal_value_fit,case_local_bounded_gradient_cap_sweep,"0,1",1,24,8,16,24,16,8,132,24,31,7,3.0576567217341727e+08,2.6043562229773637e-01,1.1570995273614768e-01,4.4429387852275148e-01,8.1638847859034414e-01,1.0239834766536872e-02,2.5992975651812394e-01,1.0008791030804571e+00,5.7878120260073902e-34,1.7267744550670517e-16,8,8.9712330881388783e+07,1.3748734464215087e-01,9.2822918521018136e-02,rank=8;fro=1.374873e-01;max_abs=9.282292e-02,2.8317667223725804e+00,1.0011807260640275e+00,9.9999999999999978e-01,8.7866009191310601e-01,4.7744784309833449e-01,0.0000000000000000e+00,False,True,9.0464718704799920e-16,3.3518054480268797e-18,4.4012530933007930e-10,3.3518054480268797e-18,7.0631019132521786e-17,2.8951397496168292e-12,132,False,False,True,True,True,False,False,9.9717838131394876e-01,4.3304835997003191e-15,1.0000000000000000e+10,7.4174134248189600e+16,6.2923915632210928e+16,1.3481788633406359e-07,1.3481788633406359e-07,2.5992975651812394e-01,3.5043180369101267e-08,False,False,False,False,This bounded-gradient cap is insufficient to reproduce the local derivative-aware tangent span.,derive a bounded analytic derivative-aware coefficient-gradient formula and rerun the nonlinear h-sweep,"The row scales the local derivative-aware correction by min(1, cap/required_gradient_norm), so it is an optimistic cap-feasibility audit for bounded coefficient gradients."
cylindrical_sharp,0.02,case_local_bounded_gradient_value_component_nonfinal,paper_tfe_lower_pair_velocity_compression_bounded_gradient_cap_gap_not_full_tfe,,case_local_bounded_gradient_nonfinal_component_diagonal_value_fit,case_local_bounded_gradient_cap_sweep,"0,1",1,24,8,16,24,16,8,132,24,31,7,3.2116273309409479e+06,2.6043562229773637e-01,8.5203768351527931e-02,3.2715865671448319e-01,8.1396133652371538e-01,1.0246884595260514e-04,2.5992975651812394e-01,1.0008791030804571e+00,5.7878120260073902e-34,1.7267744550670517e-16,8,8.9712330881388783e+07,1.3748734464215087e-01,9.2822918521018136e-02,rank=8;fro=1.374873e-01;max_abs=9.282292e-02,2.8317667223725804e+00,1.0011807260640275e+00,9.9999999999999978e-01,8.7866009191310601e-01,4.7744784309833449e-01,0.0000000000000000e+00,False,True,9.0464718704799920e-16,3.3518054480268797e-18,4.4012530933007930e-10,3.3518054480268797e-18,7.0631019132521786e-17,2.8951397496168292e-12,132,False,False,True,True,True,False,False,9.9717838131394876e-01,4.3304835997003191e-15,1.0000000000000000e+12,7.4174134248189600e+16,6.2923915632210928e+16,1.3481788633406362e-05,1.3481788633406362e-05,2.5992975651812394e-01,3.5043180369101274e-06,False,False,False,False,This bounded-gradient cap is insufficient to reproduce the local derivative-aware tangent span.,derive a bounded analytic derivative-aware coefficient-gradient formula and rerun the nonlinear h-sweep,"The row scales the local derivative-aware correction by min(1, cap/required_gradient_norm), so it is an optimistic cap-feasibility audit for bounded coefficient gradients."
cylindrical_sharp,0.02,case_local_bounded_gradient_value_component_nonfinal,paper_tfe_lower_pair_velocity_compression_bounded_gradient_cap_gap_not_full_tfe,,case_local_bounded_gradient_nonfinal_component_diagonal_value_fit,case_local_bounded_gradient_cap_sweep,"0,1",1,24,8,16,24,16,8,132,24,31,7,3.2116586094247534e+04,2.6043562229773637e-01,8.5191088398782117e-02,3.2710996923988217e-01,8.1391196808247535e-01,1.0233219712779691e-06,2.5992975651812394e-01,1.0008791030804571e+00,5.7878120260073902e-34,1.7267744550670517e-16,8,8.9712330881388783e+07,1.3748734464215087e-01,9.2822918521018136e-02,rank=8;fro=1.374873e-01;max_abs=9.282292e-02,2.8317667223725804e+00,1.0011807260640275e+00,9.9999999999999978e-01,8.7866009191310601e-01,4.7744784309833449e-01,0.0000000000000000e+00,False,True,9.0464718704799920e-16,3.3518054480268797e-18,4.4012530933007930e-10,3.3518054480268797e-18,7.0631019132521786e-17,2.8951397496168292e-12,132,False,False,True,True,True,False,False,9.9717838131394876e-01,4.3304835997003191e-15,1.0000000000000000e+14,7.4174134248189600e+16,6.2923915632210928e+16,1.3481788633406360e-03,1.3481788633406360e-03,2.5992975651812394e-01,3.5043180369101267e-04,False,False,False,False,This bounded-gradient cap is insufficient to reproduce the local derivative-aware tangent span.,derive a bounded analytic derivative-aware coefficient-gradient formula and rerun the nonlinear h-sweep,"The row scales the local derivative-aware correction by min(1, cap/required_gradient_norm), so it is an optimistic cap-feasibility audit for bounded coefficient gradients."
cylindrical_sharp,0.02,case_local_bounded_gradient_value_component_nonfinal,paper_tfe_lower_pair_velocity_compression_bounded_gradient_cap_gap_not_full_tfe,,case_local_bounded_gradient_nonfinal_component_diagonal_value_fit,case_local_bounded_gradient_cap_sweep,"0,1",1,24,8,16,24,16,8,132,24,31,7,3.3077890244517141e+02,2.6043562229773637e-01,5.3446759007053042e-02,2.0522061665570235e-01,5.3865877961208464e-01,8.8690312109746633e-09,2.5992975651812394e-01,1.0008791030804571e+00,5.7878120260073902e-34,1.7267744550670517e-16,8,8.9712330881388783e+07,1.3748734464215087e-01,9.2822918521018136e-02,rank=8;fro=1.374873e-01;max_abs=9.282292e-02,2.8317667223725804e+00,1.0011807260640275e+00,9.9999999999999978e-01,8.7866009191310601e-01,4.7744784309833449e-01,0.0000000000000000e+00,False,True,9.0464718704799920e-16,3.3518054480268797e-18,4.4012530933007930e-10,3.3518054480268797e-18,7.0631019132521786e-17,2.8951397496168292e-12,132,False,False,True,True,True,False,False,9.9717838131394876e-01,4.3304835997003191e-15,1.0000000000000000e+16,7.4174134248189600e+16,6.2923915632210928e+16,1.3481788633406361e-01,1.3481788633406361e-01,2.5992975651812394e-01,3.5043180369101271e-02,False,False,False,False,This bounded-gradient cap is insufficient to reproduce the local derivative-aware tangent span.,derive a bounded analytic derivative-aware coefficient-gradient formula and rerun the nonlinear h-sweep,"The row scales the local derivative-aware correction by min(1, cap/required_gradient_norm), so it is an optimistic cap-feasibility audit for bounded coefficient gradients."
cylindrical_sharp,0.02,case_local_bounded_gradient_value_component_nonfinal,paper_tfe_lower_pair_velocity_compression_bounded_gradient_cap_spans_not_full_tfe,,case_local_bounded_gradient_nonfinal_component_diagonal_value_fit,case_local_bounded_gradient_cap_sweep,"0,1",1,24,8,16,24,16,8,132,24,24,0,4.7311360427293202e+01,2.6043562229773637e-01,1.1278121911380940e-15,4.3304835997003191e-15,9.0350613233938937e-15,1.1055650836250817e-15,2.5992975651812394e-01,1.0008791030804571e+00,5.7878120260073902e-34,1.7267744550670517e-16,8,8.9712330881388783e+07,1.3748734464215087e-01,9.2822918521018136e-02,rank=8;fro=1.374873e-01;max_abs=9.282292e-02,2.8317667223725804e+00,1.0011807260640275e+00,9.9999999999999978e-01,8.7866009191310601e-01,4.7744784309833449e-01,0.0000000000000000e+00,False,True,9.0464718704799920e-16,3.3518054480268797e-18,4.4012530933007930e-10,3.3518054480268797e-18,7.0631019132521786e-17,2.8951397496168292e-12,132,True,True,True,True,True,False,False,9.9717838131394876e-01,4.3304835997003191e-15,1.0000000000000000e+18,7.4174134248189600e+16,6.2923915632210928e+16,1.3481788633406360e+01,1.0000000000000000e+00,2.5992975651812394e-01,2.5992975651812394e-01,False,True,False,False,"This bounded-gradient cap reproduces the local derivative-aware span, but it is still a cap-scaled oracle rather than an analytic full-TFE residual or nonlinear h-sweep.",derive a bounded analytic derivative-aware coefficient-gradient formula and rerun the nonlinear h-sweep,"The row scales the local derivative-aware correction by min(1, cap/required_gradient_norm), so it is an optimistic cap-feasibility audit for bounded coefficient gradients."
cylindrical_sharp,0.02,universal_bounded_gradient_value_component_nonfinal,paper_tfe_lower_pair_velocity_compression_bounded_gradient_cap_gap_not_full_tfe,,universal_bounded_gradient_nonfinal_component_diagonal_value_fit,all_case_h_bounded_gradient_cap_sweep,"0,1",6,24,8,16,24,16,8,132,21,29,8,9.0469391286894394e+10,2.6043562229773637e-01,2.5970116835808016e-01,9.9717990214558072e-01,9.9993575489088182e-01,9.9140624381014009e-01,2.6001651966512862e-01,1.0012131911122304e+00,3.3868279671505633e-18,1.0104488520192305e+00,8,5.1760023273602521e+08,1.6219075510265546e-01,9.9289078893220237e-02,rank=8;fro=1.621908e-01;max_abs=9.928908e-02,2.8330735678836105e+00,1.0016427657254339e+00,1.0000000000000000e+00,8.5653393329897720e-01,5.1609071015411934e-01,0.0000000000000000e+00,False,True,9.0464103479716242e-16,3.2156614367311990e-19,4.4012530933007930e-10,3.3518054480268797e-18,7.0631019132521786e-17,2.8951397496168292e-12,132,False,False,True,True,True,False,False,9.9717968264457513e-01,1.3193409179530230e-15,1.0000000000000000e+04,7.4357423524144288e+16,6.3114625189663168e+16,1.3448556345894558e-13,1.3448556345894558e-13,2.6001651966512862e-01,3.4968468155798823e-14,False,False,False,False,This bounded-gradient cap is insufficient to reproduce the local derivative-aware tangent span.,derive a bounded analytic derivative-aware coefficient-gradient formula and rerun the nonlinear h-sweep,"The row scales the local derivative-aware correction by min(1, cap/required_gradient_norm), so it is an optimistic cap-feasibility audit for bounded coefficient gradients."
cylindrical_sharp,0.02,universal_bounded_gradient_value_component_nonfinal,paper_tfe_lower_pair_velocity_compression_bounded_gradient_cap_gap_not_full_tfe,,universal_bounded_gradient_nonfinal_component_diagonal_value_fit,all_case_h_bounded_gradient_cap_sweep,"0,1",6,24,8,16,24,16,8,132,21,29,8,9.0324291006498840e+10,2.6043562229773637e-01,2.5960917718424720e-01,9.9682668174884170e-01,9.9983073856931859e-01,9.8981593685261249e-01,2.6001651966512862e-01,1.0012131911122304e+00,3.3868279671505633e-18,1.0104488520192305e+00,8,5.1760023273602521e+08,1.6219075510265546e-01,9.9289078893220237e-02,rank=8;fro=1.621908e-01;max_abs=9.928908e-02,2.8330735678836105e+00,1.0016427657254339e+00,1.0000000000000000e+00,8.5653393329897720e-01,5.1609071015411934e-01,0.0000000000000000e+00,False,True,9.0464103479716242e-16,3.2156614367311990e-19,4.4012530933007930e-10,3.3518054480268797e-18,7.0631019132521786e-17,2.8951397496168292e-12,132,False,False,True,True,True,False,False,9.9717968264457513e-01,1.3193409179530230e-15,1.0000000000000000e+06,7.4357423524144288e+16,6.3114625189663168e+16,1.3448556345894559e-11,1.3448556345894559e-11,2.6001651966512862e-01,3.4968468155798828e-12,False,False,False,False,This bounded-gradient cap is insufficient to reproduce the local derivative-aware tangent span.,derive a bounded analytic derivative-aware coefficient-gradient formula and rerun the nonlinear h-sweep,"The row scales the local derivative-aware correction by min(1, cap/required_gradient_norm), so it is an optimistic cap-feasibility audit for bounded coefficient gradients."
cylindrical_sharp,0.02,universal_bounded_gradient_value_component_nonfinal,paper_tfe_lower_pair_velocity_compression_bounded_gradient_cap_gap_not_full_tfe,,universal_bounded_gradient_nonfinal_component_diagonal_value_fit,all_case_h_bounded_gradient_cap_sweep,"0,1",6,24,8,16,24,16,8,132,24,29,5,2.1116771616973057e+10,2.6043562229773637e-01,2.0509793599486179e-01,7.8751875102703428e-01,9.9445437865537367e-01,1.6632719574152141e-01,2.6001651966512862e-01,1.0012131911122304e+00,3.3868279671505633e-18,1.0104488520192305e+00,8,5.1760023273602521e+08,1.6219075510265546e-01,9.9289078893220237e-02,rank=8;fro=1.621908e-01;max_abs=9.928908e-02,2.8330735678836105e+00,1.0016427657254339e+00,1.0000000000000000e+00,8.5653393329897720e-01,5.1609071015411934e-01,0.0000000000000000e+00,False,True,9.0464103479716242e-16,3.2156614367311990e-19,4.4012530933007930e-10,3.3518054480268797e-18,7.0631019132521786e-17,2.8951397496168292e-12,132,False,False,True,True,True,False,False,9.9717968264457513e-01,1.3193409179530230e-15,1.0000000000000000e+08,7.4357423524144288e+16,6.3114625189663168e+16,1.3448556345894559e-09,1.3448556345894559e-09,2.6001651966512862e-01,3.4968468155798831e-10,False,False,False,False,This bounded-gradient cap is insufficient to reproduce the local derivative-aware tangent span.,derive a bounded analytic derivative-aware coefficient-gradient formula and rerun the nonlinear h-sweep,"The row scales the local derivative-aware correction by min(1, cap/required_gradient_norm), so it is an optimistic cap-feasibility audit for bounded coefficient gradients."
cylindrical_sharp,0.02,universal_bounded_gradient_value_component_nonfinal,paper_tfe_lower_pair_velocity_compression_bounded_gradient_cap_gap_not_full_tfe,,universal_bounded_gradient_nonfinal_component_diagonal_value_fit,all_case_h_bounded_gradient_cap_sweep,"0,1",6,24,8,16,24,16,8,132,24,29,5,3.2127897712332129e+08,2.6043562229773637e-01,1.0179953391175192e-01,3.9088175808519854e-01,8.1598218789567156e-01,1.7055198817517664e-03,2.6001651966512862e-01,1.0012131911122304e+00,3.3868279671505633e-18,1.0104488520192305e+00,8,5.1760023273602521e+08,1.6219075510265546e-01,9.9289078893220237e-02,rank=8;fro=1.621908e-01;max_abs=9.928908e-02,2.8330735678836105e+00,1.0016427657254339e+00,1.0000000000000000e+00,8.5653393329897720e-01,5.1609071015411934e-01,0.0000000000000000e+00,False,True,9.0464103479716242e-16,3.2156614367311990e-19,4.4012530933007930e-10,3.3518054480268797e-18,7.0631019132521786e-17,2.8951397496168292e-12,132,False,False,True,True,True,False,False,9.9717968264457513e-01,1.3193409179530230e-15,1.0000000000000000e+10,7.4357423524144288e+16,6.3114625189663168e+16,1.3448556345894559e-07,1.3448556345894559e-07,2.6001651966512862e-01,3.4968468155798829e-08,False,False,False,False,This bounded-gradient cap is insufficient to reproduce the local derivative-aware tangent span.,derive a bounded analytic derivative-aware coefficient-gradient formula and rerun the nonlinear h-sweep,"The row scales the local derivative-aware correction by min(1, cap/required_gradient_norm), so it is an optimistic cap-feasibility audit for bounded coefficient gradients."
cylindrical_sharp,0.02,universal_bounded_gradient_value_component_nonfinal,paper_tfe_lower_pair_velocity_compression_bounded_gradient_cap_gap_not_full_tfe,,universal_bounded_gradient_nonfinal_component_diagonal_value_fit,all_case_h_bounded_gradient_cap_sweep,"0,1",6,24,8,16,24,16,8,132,24,29,5,3.2195811678055124e+06,2.6043562229773637e-01,8.5198558813497888e-02,3.2713865354447103e-01,8.1395749559112462e-01,1.7082952874933824e-05,2.6001651966512862e-01,1.0012131911122304e+00,3.3868279671505633e-18,1.0104488520192305e+00,8,5.1760023273602521e+08,1.6219075510265546e-01,9.9289078893220237e-02,rank=8;fro=1.621908e-01;max_abs=9.928908e-02,2.8330735678836105e+00,1.0016427657254339e+00,1.0000000000000000e+00,8.5653393329897720e-01,5.1609071015411934e-01,0.0000000000000000e+00,False,True,9.0464103479716242e-16,3.2156614367311990e-19,4.4012530933007930e-10,3.3518054480268797e-18,7.0631019132521786e-17,2.8951397496168292e-12,132,False,False,True,True,True,False,False,9.9717968264457513e-01,1.3193409179530230e-15,1.0000000000000000e+12,7.4357423524144288e+16,6.3114625189663168e+16,1.3448556345894559e-05,1.3448556345894559e-05,2.6001651966512862e-01,3.4968468155798824e-06,False,False,False,False,This bounded-gradient cap is insufficient to reproduce the local derivative-aware tangent span.,derive a bounded analytic derivative-aware coefficient-gradient formula and rerun the nonlinear h-sweep,"The row scales the local derivative-aware correction by min(1, cap/required_gradient_norm), so it is an optimistic cap-feasibility audit for bounded coefficient gradients."
cylindrical_sharp,0.02,universal_bounded_gradient_value_component_nonfinal,paper_tfe_lower_pair_velocity_compression_bounded_gradient_cap_gap_not_full_tfe,,universal_bounded_gradient_nonfinal_component_diagonal_value_fit,all_case_h_bounded_gradient_cap_sweep,"0,1",6,24,8,16,24,16,8,132,24,29,5,3.2195943061137576e+04,2.6043562229773637e-01,8.5191278947872956e-02,3.2711070089513411e-01,8.1391030127802100e-01,1.7060504827463259e-07,2.6001651966512862e-01,1.0012131911122304e+00,3.3868279671505633e-18,1.0104488520192305e+00,8,5.1760023273602521e+08,1.6219075510265546e-01,9.9289078893220237e-02,rank=8;fro=1.621908e-01;max_abs=9.928908e-02,2.8330735678836105e+00,1.0016427657254339e+00,1.0000000000000000e+00,8.5653393329897720e-01,5.1609071015411934e-01,0.0000000000000000e+00,False,True,9.0464103479716242e-16,3.2156614367311990e-19,4.4012530933007930e-10,3.3518054480268797e-18,7.0631019132521786e-17,2.8951397496168292e-12,132,False,False,True,True,True,False,False,9.9717968264457513e-01,1.3193409179530230e-15,1.0000000000000000e+14,7.4357423524144288e+16,6.3114625189663168e+16,1.3448556345894559e-03,1.3448556345894559e-03,2.6001651966512862e-01,3.4968468155798828e-04,False,False,False,False,This bounded-gradient cap is insufficient to reproduce the local derivative-aware tangent span.,derive a bounded analytic derivative-aware coefficient-gradient formula and rerun the nonlinear h-sweep,"The row scales the local derivative-aware correction by min(1, cap/required_gradient_norm), so it is an optimistic cap-feasibility audit for bounded coefficient gradients."
cylindrical_sharp,0.02,universal_bounded_gradient_value_component_nonfinal,paper_tfe_lower_pair_velocity_compression_bounded_gradient_cap_gap_not_full_tfe,,universal_bounded_gradient_nonfinal_component_diagonal_value_fit,all_case_h_bounded_gradient_cap_sweep,"0,1",6,24,8,16,24,16,8,132,24,29,5,3.3006093546215448e+02,2.6043562229773637e-01,5.8579922868122573e-02,2.2493053120495388e-01,5.9826134269376097e-01,1.6062930963985855e-09,2.6001651966512862e-01,1.0012131911122304e+00,3.3868279671505633e-18,1.0104488520192305e+00,8,5.1760023273602521e+08,1.6219075510265546e-01,9.9289078893220237e-02,rank=8;fro=1.621908e-01;max_abs=9.928908e-02,2.8330735678836105e+00,1.0016427657254339e+00,1.0000000000000000e+00,8.5653393329897720e-01,5.1609071015411934e-01,0.0000000000000000e+00,False,True,9.0464103479716242e-16,3.2156614367311990e-19,4.4012530933007930e-10,3.3518054480268797e-18,7.0631019132521786e-17,2.8951397496168292e-12,132,False,False,True,True,True,False,False,9.9717968264457513e-01,1.3193409179530230e-15,1.0000000000000000e+16,7.4357423524144288e+16,6.3114625189663168e+16,1.3448556345894558e-01,1.3448556345894558e-01,2.6001651966512862e-01,3.4968468155798828e-02,False,False,False,False,This bounded-gradient cap is insufficient to reproduce the local derivative-aware tangent span.,derive a bounded analytic derivative-aware coefficient-gradient formula and rerun the nonlinear h-sweep,"The row scales the local derivative-aware correction by min(1, cap/required_gradient_norm), so it is an optimistic cap-feasibility audit for bounded coefficient gradients."
cylindrical_sharp,0.02,universal_bounded_gradient_value_component_nonfinal,paper_tfe_lower_pair_velocity_compression_bounded_gradient_cap_spans_not_full_tfe,,universal_bounded_gradient_nonfinal_component_diagonal_value_fit,all_case_h_bounded_gradient_cap_sweep,"0,1",6,24,8,16,24,16,8,132,24,24,0,4.7311497481484857e+01,2.6043562229773637e-01,3.4360337298996228e-16,1.3193409179530230e-15,2.2191811794299412e-15,7.2065465378324875e-16,2.6001651966512862e-01,1.0012131911122304e+00,3.3868279671505633e-18,1.0104488520192305e+00,8,5.1760023273602521e+08,1.6219075510265546e-01,9.9289078893220237e-02,rank=8;fro=1.621908e-01;max_abs=9.928908e-02,2.8330735678836105e+00,1.0016427657254339e+00,1.0000000000000000e+00,8.5653393329897720e-01,5.1609071015411934e-01,0.0000000000000000e+00,False,True,9.0464103479716242e-16,3.2156614367311990e-19,4.4012530933007930e-10,3.3518054480268797e-18,7.0631019132521786e-17,2.8951397496168292e-12,132,True,True,True,True,True,False,False,9.9717968264457513e-01,1.3193409179530230e-15,1.0000000000000000e+18,7.4357423524144288e+16,6.3114625189663168e+16,1.3448556345894559e+01,1.0000000000000000e+00,2.6001651966512862e-01,2.6001651966512862e-01,False,True,False,False,"This bounded-gradient cap reproduces the local derivative-aware span, but it is still a cap-scaled oracle rather than an analytic full-TFE residual or nonlinear h-sweep.",derive a bounded analytic derivative-aware coefficient-gradient formula and rerun the nonlinear h-sweep,"The row scales the local derivative-aware correction by min(1, cap/required_gradient_norm), so it is an optimistic cap-feasibility audit for bounded coefficient gradients."
cylindrical_sharp,0.02,case_local_bounded_gradient_value_full_nonfinal,paper_tfe_lower_pair_velocity_compression_bounded_gradient_cap_gap_not_full_tfe,,case_local_bounded_gradient_nonfinal_full_component_value_fit,case_local_bounded_gradient_cap_sweep,"0,1",1,24,8,16,24,16,8,132,24,25,1,2.7916532303714207e+06,2.6043562229773637e-01,5.2019744061537086e-05,1.9974127810391023e-04,3.8521587287650020e-04,2.6258840571721228e-05,2.5970145217120505e-01,9.9999999999878419e-01,4.9278503444992840e-34,1.4702077494981640e-16,1,1.0000000000000000e+00,7.6155707862579135e-09,4.2964572458730158e-09,rank=1;fro=7.615571e-09;max_abs=4.296457e-09,2.8284271247461903e+00,1.0000000000000000e+00,1.0000000000000000e+00,6.1272079817522895e-01,7.9029945177983663e-01,0.0000000000000000e+00,False,True,9.0464718704799920e-16,3.3518054480268793e-18,4.4012530933007930e-10,3.3518054480268797e-18,7.0631019132521786e-17,2.8951397496168292e-12,132,False,False,True,True,True,False,False,9.9717882622014076e-01,4.7985780859276345e-15,1.0000000000000000e+04,5.9006252688921750e+08,2.4310665232872644e+08,1.6947356499182451e-05,1.6947356499182451e-05,2.5970145217120505e-01,4.4012530933007921e-06,False,False,False,False,This bounded-gradient cap is insufficient to reproduce the local derivative-aware tangent span.,derive a bounded analytic derivative-aware coefficient-gradient formula and rerun the nonlinear h-sweep,"The row scales the local derivative-aware correction by min(1, cap/required_gradient_norm), so it is an optimistic cap-feasibility audit for bounded coefficient gradients."
cylindrical_sharp,0.02,case_local_bounded_gradient_value_full_nonfinal,paper_tfe_lower_pair_velocity_compression_bounded_gradient_cap_gap_not_full_tfe,,case_local_bounded_gradient_nonfinal_full_component_value_fit,case_local_bounded_gradient_cap_sweep,"0,1",1,24,8,16,24,16,8,132,24,25,1,2.7916534060536836e+04,2.6043562229773637e-01,5.1932496962392647e-07,1.9940627362804518e-06,3.8456979189207457e-06,2.6214799454117986e-07,2.5970145217120505e-01,9.9999999999878419e-01,4.9278503444992840e-34,1.4702077494981640e-16,1,1.0000000000000000e+00,7.6155707862579135e-09,4.2964572458730158e-09,rank=1;fro=7.615571e-09;max_abs=4.296457e-09,2.8284271247461903e+00,1.0000000000000000e+00,1.0000000000000000e+00,6.1272079817522895e-01,7.9029945177983663e-01,0.0000000000000000e+00,False,True,9.0464718704799920e-16,3.3518054480268793e-18,4.4012530933007930e-10,3.3518054480268797e-18,7.0631019132521786e-17,2.8951397496168292e-12,132,False,False,True,True,True,False,False,9.9717882622014076e-01,4.7985780859276345e-15,1.0000000000000000e+06,5.9006252688921750e+08,2.4310665232872644e+08,1.6947356499182450e-03,1.6947356499182450e-03,2.5970145217120505e-01,4.4012530933007927e-04,False,False,False,False,This bounded-gradient cap is insufficient to reproduce the local derivative-aware tangent span.,derive a bounded analytic derivative-aware coefficient-gradient formula and rerun the nonlinear h-sweep,"The row scales the local derivative-aware correction by min(1, cap/required_gradient_norm), so it is an optimistic cap-feasibility audit for bounded coefficient gradients."
cylindrical_sharp,0.02,case_local_bounded_gradient_value_full_nonfinal,paper_tfe_lower_pair_velocity_compression_bounded_gradient_cap_gap_not_full_tfe,,case_local_bounded_gradient_nonfinal_full_component_value_fit,case_local_bounded_gradient_cap_sweep,"0,1",1,24,8,16,24,16,8,132,24,25,1,2.7916534077976564e+02,2.6043562229773637e-01,4.3204532035006628e-09,1.6589332770159281e-08,3.1993758947337402e-08,2.1809044604683515e-09,2.5970145217120505e-01,9.9999999999878419e-01,4.9278503444992840e-34,1.4702077494981640e-16,1,1.0000000000000000e+00,7.6155707862579135e-09,4.2964572458730158e-09,rank=1;fro=7.615571e-09;max_abs=4.296457e-09,2.8284271247461903e+00,1.0000000000000000e+00,1.0000000000000000e+00,6.1272079817522895e-01,7.9029945177983663e-01,0.0000000000000000e+00,False,True,9.0464718704799920e-16,3.3518054480268793e-18,4.4012530933007930e-10,3.3518054480268797e-18,7.0631019132521786e-17,2.8951397496168292e-12,132,False,False,True,True,True,False,False,9.9717882622014076e-01,4.7985780859276345e-15,1.0000000000000000e+08,5.9006252688921750e+08,2.4310665232872644e+08,1.6947356499182450e-01,1.6947356499182450e-01,2.5970145217120505e-01,4.4012530933007922e-02,False,False,False,False,This bounded-gradient cap is insufficient to reproduce the local derivative-aware tangent span.,derive a bounded analytic derivative-aware coefficient-gradient formula and rerun the nonlinear h-sweep,"The row scales the local derivative-aware correction by min(1, cap/required_gradient_norm), so it is an optimistic cap-feasibility audit for bounded coefficient gradients."
cylindrical_sharp,0.02,case_local_bounded_gradient_value_full_nonfinal,paper_tfe_lower_pair_velocity_compression_bounded_gradient_cap_spans_not_full_tfe,,case_local_bounded_gradient_nonfinal_full_component_value_fit,case_local_bounded_gradient_cap_sweep,"0,1",1,24,8,16,24,16,8,132,24,24,0,4.7311145524352426e+01,2.6043562229773637e-01,1.2497206699528441e-15,4.7985780859276345e-15,1.0195566130782433e-14,7.3399808092518282e-16,2.5970145217120505e-01,9.9999999999878419e-01,4.9278503444992840e-34,1.4702077494981640e-16,1,1.0000000000000000e+00,7.6155707862579135e-09,4.2964572458730158e-09,rank=1;fro=7.615571e-09;max_abs=4.296457e-09,2.8284271247461903e+00,1.0000000000000000e+00,1.0000000000000000e+00,6.1272079817522895e-01,7.9029945177983663e-01,0.0000000000000000e+00,False,True,9.0464718704799920e-16,3.3518054480268793e-18,4.4012530933007930e-10,3.3518054480268797e-18,7.0631019132521786e-17,2.8951397496168292e-12,132,True,True,True,True,True,False,False,9.9717882622014076e-01,4.7985780859276345e-15,1.0000000000000000e+10,5.9006252688921750e+08,2.4310665232872644e+08,1.6947356499182451e+01,1.0000000000000000e+00,2.5970145217120505e-01,2.5970145217120505e-01,False,True,False,False,"This bounded-gradient cap reproduces the local derivative-aware span, but it is still a cap-scaled oracle rather than an analytic full-TFE residual or nonlinear h-sweep.",derive a bounded analytic derivative-aware coefficient-gradient formula and rerun the nonlinear h-sweep,"The row scales the local derivative-aware correction by min(1, cap/required_gradient_norm), so it is an optimistic cap-feasibility audit for bounded coefficient gradients."
cylindrical_sharp,0.02,case_local_bounded_gradient_value_full_nonfinal,paper_tfe_lower_pair_velocity_compression_bounded_gradient_cap_spans_not_full_tfe,,case_local_bounded_gradient_nonfinal_full_component_value_fit,case_local_bounded_gradient_cap_sweep,"0,1",1,24,8,16,24,16,8,132,24,24,0,4.7311145524352426e+01,2.6043562229773637e-01,1.2497206699528441e-15,4.7985780859276345e-15,1.0195566130782433e-14,7.3399808092518282e-16,2.5970145217120505e-01,9.9999999999878419e-01,4.9278503444992840e-34,1.4702077494981640e-16,1,1.0000000000000000e+00,7.6155707862579135e-09,4.2964572458730158e-09,rank=1;fro=7.615571e-09;max_abs=4.296457e-09,2.8284271247461903e+00,1.0000000000000000e+00,1.0000000000000000e+00,6.1272079817522895e-01,7.9029945177983663e-01,0.0000000000000000e+00,False,True,9.0464718704799920e-16,3.3518054480268793e-18,4.4012530933007930e-10,3.3518054480268797e-18,7.0631019132521786e-17,2.8951397496168292e-12,132,True,True,True,True,True,False,False,9.9717882622014076e-01,4.7985780859276345e-15,1.0000000000000000e+12,5.9006252688921750e+08,2.4310665232872644e+08,1.6947356499182451e+03,1.0000000000000000e+00,2.5970145217120505e-01,2.5970145217120505e-01,False,True,False,False,"This bounded-gradient cap reproduces the local derivative-aware span, but it is still a cap-scaled oracle rather than an analytic full-TFE residual or nonlinear h-sweep.",derive a bounded analytic derivative-aware coefficient-gradient formula and rerun the nonlinear h-sweep,"The row scales the local derivative-aware correction by min(1, cap/required_gradient_norm), so it is an optimistic cap-feasibility audit for bounded coefficient gradients."
cylindrical_sharp,0.02,case_local_bounded_gradient_value_full_nonfinal,paper_tfe_lower_pair_velocity_compression_bounded_gradient_cap_spans_not_full_tfe,,case_local_bounded_gradient_nonfinal_full_component_value_fit,case_local_bounded_gradient_cap_sweep,"0,1",1,24,8,16,24,16,8,132,24,24,0,4.7311145524352426e+01,2.6043562229773637e-01,1.2497206699528441e-15,4.7985780859276345e-15,1.0195566130782433e-14,7.3399808092518282e-16,2.5970145217120505e-01,9.9999999999878419e-01,4.9278503444992840e-34,1.4702077494981640e-16,1,1.0000000000000000e+00,7.6155707862579135e-09,4.2964572458730158e-09,rank=1;fro=7.615571e-09;max_abs=4.296457e-09,2.8284271247461903e+00,1.0000000000000000e+00,1.0000000000000000e+00,6.1272079817522895e-01,7.9029945177983663e-01,0.0000000000000000e+00,False,True,9.0464718704799920e-16,3.3518054480268793e-18,4.4012530933007930e-10,3.3518054480268797e-18,7.0631019132521786e-17,2.8951397496168292e-12,132,True,True,True,True,True,False,False,9.9717882622014076e-01,4.7985780859276345e-15,1.0000000000000000e+14,5.9006252688921750e+08,2.4310665232872644e+08,1.6947356499182450e+05,1.0000000000000000e+00,2.5970145217120505e-01,2.5970145217120505e-01,False,True,False,False,"This bounded-gradient cap reproduces the local derivative-aware span, but it is still a cap-scaled oracle rather than an analytic full-TFE residual or nonlinear h-sweep.",derive a bounded analytic derivative-aware coefficient-gradient formula and rerun the nonlinear h-sweep,"The row scales the local derivative-aware correction by min(1, cap/required_gradient_norm), so it is an optimistic cap-feasibility audit for bounded coefficient gradients."
cylindrical_sharp,0.02,case_local_bounded_gradient_value_full_nonfinal,paper_tfe_lower_pair_velocity_compression_bounded_gradient_cap_spans_not_full_tfe,,case_local_bounded_gradient_nonfinal_full_component_value_fit,case_local_bounded_gradient_cap_sweep,"0,1",1,24,8,16,24,16,8,132,24,24,0,4.7311145524352426e+01,2.6043562229773637e-01,1.2497206699528441e-15,4.7985780859276345e-15,1.0195566130782433e-14,7.3399808092518282e-16,2.5970145217120505e-01,9.9999999999878419e-01,4.9278503444992840e-34,1.4702077494981640e-16,1,1.0000000000000000e+00,7.6155707862579135e-09,4.2964572458730158e-09,rank=1;fro=7.615571e-09;max_abs=4.296457e-09,2.8284271247461903e+00,1.0000000000000000e+00,1.0000000000000000e+00,6.1272079817522895e-01,7.9029945177983663e-01,0.0000000000000000e+00,False,True,9.0464718704799920e-16,3.3518054480268793e-18,4.4012530933007930e-10,3.3518054480268797e-18,7.0631019132521786e-17,2.8951397496168292e-12,132,True,True,True,True,True,False,False,9.9717882622014076e-01,4.7985780859276345e-15,1.0000000000000000e+16,5.9006252688921750e+08,2.4310665232872644e+08,1.6947356499182452e+07,1.0000000000000000e+00,2.5970145217120505e-01,2.5970145217120505e-01,False,True,False,False,"This bounded-gradient cap reproduces the local derivative-aware span, but it is still a cap-scaled oracle rather than an analytic full-TFE residual or nonlinear h-sweep.",derive a bounded analytic derivative-aware coefficient-gradient formula and rerun the nonlinear h-sweep,"The row scales the local derivative-aware correction by min(1, cap/required_gradient_norm), so it is an optimistic cap-feasibility audit for bounded coefficient gradients."
cylindrical_sharp,0.02,case_local_bounded_gradient_value_full_nonfinal,paper_tfe_lower_pair_velocity_compression_bounded_gradient_cap_spans_not_full_tfe,,case_local_bounded_gradient_nonfinal_full_component_value_fit,case_local_bounded_gradient_cap_sweep,"0,1",1,24,8,16,24,16,8,132,24,24,0,4.7311145524352426e+01,2.6043562229773637e-01,1.2497206699528441e-15,4.7985780859276345e-15,1.0195566130782433e-14,7.3399808092518282e-16,2.5970145217120505e-01,9.9999999999878419e-01,4.9278503444992840e-34,1.4702077494981640e-16,1,1.0000000000000000e+00,7.6155707862579135e-09,4.2964572458730158e-09,rank=1;fro=7.615571e-09;max_abs=4.296457e-09,2.8284271247461903e+00,1.0000000000000000e+00,1.0000000000000000e+00,6.1272079817522895e-01,7.9029945177983663e-01,0.0000000000000000e+00,False,True,9.0464718704799920e-16,3.3518054480268793e-18,4.4012530933007930e-10,3.3518054480268797e-18,7.0631019132521786e-17,2.8951397496168292e-12,132,True,True,True,True,True,False,False,9.9717882622014076e-01,4.7985780859276345e-15,1.0000000000000000e+18,5.9006252688921750e+08,2.4310665232872644e+08,1.6947356499182451e+09,1.0000000000000000e+00,2.5970145217120505e-01,2.5970145217120505e-01,False,True,False,False,"This bounded-gradient cap reproduces the local derivative-aware span, but it is still a cap-scaled oracle rather than an analytic full-TFE residual or nonlinear h-sweep.",derive a bounded analytic derivative-aware coefficient-gradient formula and rerun the nonlinear h-sweep,"The row scales the local derivative-aware correction by min(1, cap/required_gradient_norm), so it is an optimistic cap-feasibility audit for bounded coefficient gradients."
cylindrical_sharp,0.02,universal_bounded_gradient_value_full_nonfinal,paper_tfe_lower_pair_velocity_compression_bounded_gradient_cap_gap_not_full_tfe,,universal_bounded_gradient_nonfinal_full_component_value_fit,all_case_h_bounded_gradient_cap_sweep,"0,1",6,24,8,16,24,16,8,132,24,28,4,2.7819886965412586e+06,2.6043562229773637e-01,9.6043899426742310e-02,3.6878173031545808e-01,6.6634701223828952e-01,6.8452571328042500e-02,2.5970145446109977e-01,1.0000000088161962e+00,5.4817986714822987e-30,1.6354763892126526e-12,5,3.5701436665937002e+05,3.0358074882992864e-04,1.2382849716460902e-04,rank=5;fro=3.035807e-04;max_abs=1.238285e-04,2.8284271410381550e+00,1.0000000057600793e+00,1.0000000000000002e+00,8.0421962872893915e-01,5.9433222087237336e-01,0.0000000000000000e+00,False,True,9.0464718704799900e-16,3.3518054480244850e-18,4.4012530933007930e-10,3.3518054480268797e-18,7.0631019132521786e-17,2.8951397496168292e-12,132,False,False,True,True,True,False,False,9.9717844815460532e-01,1.1472258713432083e-15,1.0000000000000000e+04,5.9006253209204185e+08,2.4310665632117516e+08,1.6947356349750630e-05,1.6947356349750630e-05,2.5970145446109977e-01,4.4012530933007938e-06,False,False,False,False,This bounded-gradient cap is insufficient to reproduce the local derivative-aware tangent span.,derive a bounded analytic derivative-aware coefficient-gradient formula and rerun the nonlinear h-sweep,"The row scales the local derivative-aware correction by min(1, cap/required_gradient_norm), so it is an optimistic cap-feasibility audit for bounded coefficient gradients."
cylindrical_sharp,0.02,universal_bounded_gradient_value_full_nonfinal,paper_tfe_lower_pair_velocity_compression_bounded_gradient_cap_gap_not_full_tfe,,universal_bounded_gradient_nonfinal_full_component_value_fit,all_case_h_bounded_gradient_cap_sweep,"0,1",6,24,8,16,24,16,8,132,24,28,4,2.7911599966175683e+04,2.6043562229773637e-01,1.8908568492135975e-02,7.2603618219781146e-02,1.4807127156915234e-01,1.9902566531562519e-03,2.5970145446109977e-01,1.0000000088161962e+00,5.4817986714822987e-30,1.6354763892126526e-12,5,3.5701436665937002e+05,3.0358074882992864e-04,1.2382849716460902e-04,rank=5;fro=3.035807e-04;max_abs=1.238285e-04,2.8284271410381550e+00,1.0000000057600793e+00,1.0000000000000002e+00,8.0421962872893915e-01,5.9433222087237336e-01,0.0000000000000000e+00,False,True,9.0464718704799900e-16,3.3518054480244850e-18,4.4012530933007930e-10,3.3518054480268797e-18,7.0631019132521786e-17,2.8951397496168292e-12,132,False,False,True,True,True,False,False,9.9717844815460532e-01,1.1472258713432083e-15,1.0000000000000000e+06,5.9006253209204185e+08,2.4310665632117516e+08,1.6947356349750629e-03,1.6947356349750629e-03,2.5970145446109977e-01,4.4012530933007932e-04,False,False,False,False,This bounded-gradient cap is insufficient to reproduce the local derivative-aware tangent span.,derive a bounded analytic derivative-aware coefficient-gradient formula and rerun the nonlinear h-sweep,"The row scales the local derivative-aware correction by min(1, cap/required_gradient_norm), so it is an optimistic cap-feasibility audit for bounded coefficient gradients."
cylindrical_sharp,0.02,universal_bounded_gradient_value_full_nonfinal,paper_tfe_lower_pair_velocity_compression_bounded_gradient_cap_gap_not_full_tfe,,universal_bounded_gradient_nonfinal_full_component_value_fit,all_case_h_bounded_gradient_cap_sweep,"0,1",6,24,8,16,24,16,8,132,24,28,4,2.7916532145433001e+02,2.6043562229773637e-01,1.6473300495298658e-04,6.3252869749384657e-04,1.2901764449461798e-03,1.7139352166665566e-05,2.5970145446109977e-01,1.0000000088161962e+00,5.4817986714822987e-30,1.6354763892126526e-12,5,3.5701436665937002e+05,3.0358074882992864e-04,1.2382849716460902e-04,rank=5;fro=3.035807e-04;max_abs=1.238285e-04,2.8284271410381550e+00,1.0000000057600793e+00,1.0000000000000002e+00,8.0421962872893915e-01,5.9433222087237336e-01,0.0000000000000000e+00,False,True,9.0464718704799900e-16,3.3518054480244850e-18,4.4012530933007930e-10,3.3518054480268797e-18,7.0631019132521786e-17,2.8951397496168292e-12,132,False,False,True,True,True,False,False,9.9717844815460532e-01,1.1472258713432083e-15,1.0000000000000000e+08,5.9006253209204185e+08,2.4310665632117516e+08,1.6947356349750631e-01,1.6947356349750631e-01,2.5970145446109977e-01,4.4012530933007936e-02,False,False,False,False,This bounded-gradient cap is insufficient to reproduce the local derivative-aware tangent span.,derive a bounded analytic derivative-aware coefficient-gradient formula and rerun the nonlinear h-sweep,"The row scales the local derivative-aware correction by min(1, cap/required_gradient_norm), so it is an optimistic cap-feasibility audit for bounded coefficient gradients."
cylindrical_sharp,0.02,universal_bounded_gradient_value_full_nonfinal,paper_tfe_lower_pair_velocity_compression_bounded_gradient_cap_spans_not_full_tfe,,universal_bounded_gradient_nonfinal_full_component_value_fit,all_case_h_bounded_gradient_cap_sweep,"0,1",6,24,8,16,24,16,8,132,24,24,0,4.7311145524355261e+01,2.6043562229773637e-01,2.9877848371933128e-16,1.1472258713432083e-15,1.4473703065185364e-15,8.5823372214388321e-16,2.5970145446109977e-01,1.0000000088161962e+00,5.4817986714822987e-30,1.6354763892126526e-12,5,3.5701436665937002e+05,3.0358074882992864e-04,1.2382849716460902e-04,rank=5;fro=3.035807e-04;max_abs=1.238285e-04,2.8284271410381550e+00,1.0000000057600793e+00,1.0000000000000002e+00,8.0421962872893915e-01,5.9433222087237336e-01,0.0000000000000000e+00,False,True,9.0464718704799900e-16,3.3518054480244850e-18,4.4012530933007930e-10,3.3518054480268797e-18,7.0631019132521786e-17,2.8951397496168292e-12,132,True,True,True,True,True,False,False,9.9717844815460532e-01,1.1472258713432083e-15,1.0000000000000000e+10,5.9006253209204185e+08,2.4310665632117516e+08,1.6947356349750628e+01,1.0000000000000000e+00,2.5970145446109977e-01,2.5970145446109977e-01,False,True,False,False,"This bounded-gradient cap reproduces the local derivative-aware span, but it is still a cap-scaled oracle rather than an analytic full-TFE residual or nonlinear h-sweep.",derive a bounded analytic derivative-aware coefficient-gradient formula and rerun the nonlinear h-sweep,"The row scales the local derivative-aware correction by min(1, cap/required_gradient_norm), so it is an optimistic cap-feasibility audit for bounded coefficient gradients."
cylindrical_sharp,0.02,universal_bounded_gradient_value_full_nonfinal,paper_tfe_lower_pair_velocity_compression_bounded_gradient_cap_spans_not_full_tfe,,universal_bounded_gradient_nonfinal_full_component_value_fit,all_case_h_bounded_gradient_cap_sweep,"0,1",6,24,8,16,24,16,8,132,24,24,0,4.7311145524355261e+01,2.6043562229773637e-01,2.9877848371933128e-16,1.1472258713432083e-15,1.4473703065185364e-15,8.5823372214388321e-16,2.5970145446109977e-01,1.0000000088161962e+00,5.4817986714822987e-30,1.6354763892126526e-12,5,3.5701436665937002e+05,3.0358074882992864e-04,1.2382849716460902e-04,rank=5;fro=3.035807e-04;max_abs=1.238285e-04,2.8284271410381550e+00,1.0000000057600793e+00,1.0000000000000002e+00,8.0421962872893915e-01,5.9433222087237336e-01,0.0000000000000000e+00,False,True,9.0464718704799900e-16,3.3518054480244850e-18,4.4012530933007930e-10,3.3518054480268797e-18,7.0631019132521786e-17,2.8951397496168292e-12,132,True,True,True,True,True,False,False,9.9717844815460532e-01,1.1472258713432083e-15,1.0000000000000000e+12,5.9006253209204185e+08,2.4310665632117516e+08,1.6947356349750630e+03,1.0000000000000000e+00,2.5970145446109977e-01,2.5970145446109977e-01,False,True,False,False,"This bounded-gradient cap reproduces the local derivative-aware span, but it is still a cap-scaled oracle rather than an analytic full-TFE residual or nonlinear h-sweep.",derive a bounded analytic derivative-aware coefficient-gradient formula and rerun the nonlinear h-sweep,"The row scales the local derivative-aware correction by min(1, cap/required_gradient_norm), so it is an optimistic cap-feasibility audit for bounded coefficient gradients."
cylindrical_sharp,0.02,universal_bounded_gradient_value_full_nonfinal,paper_tfe_lower_pair_velocity_compression_bounded_gradient_cap_spans_not_full_tfe,,universal_bounded_gradient_nonfinal_full_component_value_fit,all_case_h_bounded_gradient_cap_sweep,"0,1",6,24,8,16,24,16,8,132,24,24,0,4.7311145524355261e+01,2.6043562229773637e-01,2.9877848371933128e-16,1.1472258713432083e-15,1.4473703065185364e-15,8.5823372214388321e-16,2.5970145446109977e-01,1.0000000088161962e+00,5.4817986714822987e-30,1.6354763892126526e-12,5,3.5701436665937002e+05,3.0358074882992864e-04,1.2382849716460902e-04,rank=5;fro=3.035807e-04;max_abs=1.238285e-04,2.8284271410381550e+00,1.0000000057600793e+00,1.0000000000000002e+00,8.0421962872893915e-01,5.9433222087237336e-01,0.0000000000000000e+00,False,True,9.0464718704799900e-16,3.3518054480244850e-18,4.4012530933007930e-10,3.3518054480268797e-18,7.0631019132521786e-17,2.8951397496168292e-12,132,True,True,True,True,True,False,False,9.9717844815460532e-01,1.1472258713432083e-15,1.0000000000000000e+14,5.9006253209204185e+08,2.4310665632117516e+08,1.6947356349750629e+05,1.0000000000000000e+00,2.5970145446109977e-01,2.5970145446109977e-01,False,True,False,False,"This bounded-gradient cap reproduces the local derivative-aware span, but it is still a cap-scaled oracle rather than an analytic full-TFE residual or nonlinear h-sweep.",derive a bounded analytic derivative-aware coefficient-gradient formula and rerun the nonlinear h-sweep,"The row scales the local derivative-aware correction by min(1, cap/required_gradient_norm), so it is an optimistic cap-feasibility audit for bounded coefficient gradients."
cylindrical_sharp,0.02,universal_bounded_gradient_value_full_nonfinal,paper_tfe_lower_pair_velocity_compression_bounded_gradient_cap_spans_not_full_tfe,,universal_bounded_gradient_nonfinal_full_component_value_fit,all_case_h_bounded_gradient_cap_sweep,"0,1",6,24,8,16,24,16,8,132,24,24,0,4.7311145524355261e+01,2.6043562229773637e-01,2.9877848371933128e-16,1.1472258713432083e-15,1.4473703065185364e-15,8.5823372214388321e-16,2.5970145446109977e-01,1.0000000088161962e+00,5.4817986714822987e-30,1.6354763892126526e-12,5,3.5701436665937002e+05,3.0358074882992864e-04,1.2382849716460902e-04,rank=5;fro=3.035807e-04;max_abs=1.238285e-04,2.8284271410381550e+00,1.0000000057600793e+00,1.0000000000000002e+00,8.0421962872893915e-01,5.9433222087237336e-01,0.0000000000000000e+00,False,True,9.0464718704799900e-16,3.3518054480244850e-18,4.4012530933007930e-10,3.3518054480268797e-18,7.0631019132521786e-17,2.8951397496168292e-12,132,True,True,True,True,True,False,False,9.9717844815460532e-01,1.1472258713432083e-15,1.0000000000000000e+16,5.9006253209204185e+08,2.4310665632117516e+08,1.6947356349750631e+07,1.0000000000000000e+00,2.5970145446109977e-01,2.5970145446109977e-01,False,True,False,False,"This bounded-gradient cap reproduces the local derivative-aware span, but it is still a cap-scaled oracle rather than an analytic full-TFE residual or nonlinear h-sweep.",derive a bounded analytic derivative-aware coefficient-gradient formula and rerun the nonlinear h-sweep,"The row scales the local derivative-aware correction by min(1, cap/required_gradient_norm), so it is an optimistic cap-feasibility audit for bounded coefficient gradients."
cylindrical_sharp,0.02,universal_bounded_gradient_value_full_nonfinal,paper_tfe_lower_pair_velocity_compression_bounded_gradient_cap_spans_not_full_tfe,,universal_bounded_gradient_nonfinal_full_component_value_fit,all_case_h_bounded_gradient_cap_sweep,"0,1",6,24,8,16,24,16,8,132,24,24,0,4.7311145524355261e+01,2.6043562229773637e-01,2.9877848371933128e-16,1.1472258713432083e-15,1.4473703065185364e-15,8.5823372214388321e-16,2.5970145446109977e-01,1.0000000088161962e+00,5.4817986714822987e-30,1.6354763892126526e-12,5,3.5701436665937002e+05,3.0358074882992864e-04,1.2382849716460902e-04,rank=5;fro=3.035807e-04;max_abs=1.238285e-04,2.8284271410381550e+00,1.0000000057600793e+00,1.0000000000000002e+00,8.0421962872893915e-01,5.9433222087237336e-01,0.0000000000000000e+00,False,True,9.0464718704799900e-16,3.3518054480244850e-18,4.4012530933007930e-10,3.3518054480268797e-18,7.0631019132521786e-17,2.8951397496168292e-12,132,True,True,True,True,True,False,False,9.9717844815460532e-01,1.1472258713432083e-15,1.0000000000000000e+18,5.9006253209204185e+08,2.4310665632117516e+08,1.6947356349750628e+09,1.0000000000000000e+00,2.5970145446109977e-01,2.5970145446109977e-01,False,True,False,False,"This bounded-gradient cap reproduces the local derivative-aware span, but it is still a cap-scaled oracle rather than an analytic full-TFE residual or nonlinear h-sweep.",derive a bounded analytic derivative-aware coefficient-gradient formula and rerun the nonlinear h-sweep,"The row scales the local derivative-aware correction by min(1, cap/required_gradient_norm), so it is an optimistic cap-feasibility audit for bounded coefficient gradients."
cylindrical_sharp,0.01,case_local_bounded_gradient_value_scalar_nonfinal,paper_tfe_lower_pair_velocity_compression_bounded_gradient_cap_gap_not_full_tfe,,case_local_bounded_gradient_nonfinal_stage_scalar_value_fit,case_local_bounded_gradient_cap_sweep,"0,1",1,24,8,16,24,16,8,132,24,32,8,6.2201016917174205e+05,1.8390370753258983e-01,1.8388557337113978e-01,9.9990139317095150e-01,9.9999775401371305e-01,9.9969776887230732e-01,1.8388557844972300e-01,9.9999999046384613e-01,1.0044055051631692e-18,8.5964959257435702e-01,8,1.0000000000000000e+00,1.9431160901759622e-04,5.3965307151570341e-05,rank=8;fro=1.943116e-04;max_abs=5.396531e-05,2.8284271314207481e+00,1.0000000023598126e+00,1.0000000000000000e+00,7.8552660499527238e-01,6.1882788628551744e-01,0.0000000000000000e+00,False,True,2.2052273070131917e-16,5.9691160338214732e-19,9.3672381415153412e-12,1.1683894389518846e-18,4.0113060025231251e-17,9.2692189604633345e-12,132,False,False,True,True,True,False,False,9.9990139317121740e-01,4.6275903732609520e-15,1.0000000000000000e+04,8.0576874461017280e+16,6.5190403000013968e+16,1.2410508681169998e-13,1.2410508681169998e-13,1.8388557844972300e-01,2.2821135676922541e-14,False,False,False,False,This bounded-gradient cap is insufficient to reproduce the local derivative-aware tangent span.,derive a bounded analytic derivative-aware coefficient-gradient formula and rerun the nonlinear h-sweep,"The row scales the local derivative-aware correction by min(1, cap/required_gradient_norm), so it is an optimistic cap-feasibility audit for bounded coefficient gradients."
cylindrical_sharp,0.01,case_local_bounded_gradient_value_scalar_nonfinal,paper_tfe_lower_pair_velocity_compression_bounded_gradient_cap_gap_not_full_tfe,,case_local_bounded_gradient_nonfinal_stage_scalar_value_fit,case_local_bounded_gradient_cap_sweep,"0,1",1,24,8,16,24,16,8,132,24,32,8,6.2201016912545240e+05,1.8390370753258983e-01,1.8388557336629477e-01,9.9990139314460613e-01,9.9999775401309265e-01,9.9969776879265915e-01,1.8388557844972300e-01,9.9999999046384613e-01,1.0044055051631692e-18,8.5964959257435702e-01,8,1.0000000000000000e+00,1.9431160901759622e-04,5.3965307151570341e-05,rank=8;fro=1.943116e-04;max_abs=5.396531e-05,2.8284271314207481e+00,1.0000000023598126e+00,1.0000000000000000e+00,7.8552660499527238e-01,6.1882788628551744e-01,0.0000000000000000e+00,False,True,2.2052273070131917e-16,5.9691160338214732e-19,9.3672381415153412e-12,1.1683894389518846e-18,4.0113060025231251e-17,9.2692189604633345e-12,132,False,False,True,True,True,False,False,9.9990139317121740e-01,4.6275903732609520e-15,1.0000000000000000e+06,8.0576874461017280e+16,6.5190403000013968e+16,1.2410508681169998e-11,1.2410508681169998e-11,1.8388557844972300e-01,2.2821135676922542e-12,False,False,False,False,This bounded-gradient cap is insufficient to reproduce the local derivative-aware tangent span.,derive a bounded analytic derivative-aware coefficient-gradient formula and rerun the nonlinear h-sweep,"The row scales the local derivative-aware correction by min(1, cap/required_gradient_norm), so it is an optimistic cap-feasibility audit for bounded coefficient gradients."
cylindrical_sharp,0.01,case_local_bounded_gradient_value_scalar_nonfinal,paper_tfe_lower_pair_velocity_compression_bounded_gradient_cap_gap_not_full_tfe,,case_local_bounded_gradient_nonfinal_stage_scalar_value_fit,case_local_bounded_gradient_cap_sweep,"0,1",1,24,8,16,24,16,8,132,24,32,8,6.2201016441480687e+05,1.8390370753258983e-01,1.8388557285764054e-01,9.9990139037873349e-01,9.9999775381970724e-01,9.9969776069653893e-01,1.8388557844972300e-01,9.9999999046384613e-01,1.0044055051631692e-18,8.5964959257435702e-01,8,1.0000000000000000e+00,1.9431160901759622e-04,5.3965307151570341e-05,rank=8;fro=1.943116e-04;max_abs=5.396531e-05,2.8284271314207481e+00,1.0000000023598126e+00,1.0000000000000000e+00,7.8552660499527238e-01,6.1882788628551744e-01,0.0000000000000000e+00,False,True,2.2052273070131917e-16,5.9691160338214732e-19,9.3672381415153412e-12,1.1683894389518846e-18,4.0113060025231251e-17,9.2692189604633345e-12,132,False,False,True,True,True,False,False,9.9990139317121740e-01,4.6275903732609520e-15,1.0000000000000000e+08,8.0576874461017280e+16,6.5190403000013968e+16,1.2410508681169998e-09,1.2410508681169998e-09,1.8388557844972300e-01,2.2821135676922541e-10,False,False,False,False,This bounded-gradient cap is insufficient to reproduce the local derivative-aware tangent span.,derive a bounded analytic derivative-aware coefficient-gradient formula and rerun the nonlinear h-sweep,"The row scales the local derivative-aware correction by min(1, cap/required_gradient_norm), so it is an optimistic cap-feasibility audit for bounded coefficient gradients."
cylindrical_sharp,0.01,case_local_bounded_gradient_value_scalar_nonfinal,paper_tfe_lower_pair_velocity_compression_bounded_gradient_cap_gap_not_full_tfe,,case_local_bounded_gradient_nonfinal_stage_scalar_value_fit,case_local_bounded_gradient_cap_sweep,"0,1",1,24,8,16,24,16,8,132,24,32,8,6.2200887659430341e+05,1.8390370753258983e-01,1.8388528044714961e-01,9.9989980035918002e-01,9.9999642104898268e-01,9.9969563806313722e-01,1.8388557844972300e-01,9.9999999046384613e-01,1.0044055051631692e-18,8.5964959257435702e-01,8,1.0000000000000000e+00,1.9431160901759622e-04,5.3965307151570341e-05,rank=8;fro=1.943116e-04;max_abs=5.396531e-05,2.8284271314207481e+00,1.0000000023598126e+00,1.0000000000000000e+00,7.8552660499527238e-01,6.1882788628551744e-01,0.0000000000000000e+00,False,True,2.2052273070131917e-16,5.9691160338214732e-19,9.3672381415153412e-12,1.1683894389518846e-18,4.0113060025231251e-17,9.2692189604633345e-12,132,False,False,True,True,True,False,False,9.9990139317121740e-01,4.6275903732609520e-15,1.0000000000000000e+10,8.0576874461017280e+16,6.5190403000013968e+16,1.2410508681169998e-07,1.2410508681169998e-07,1.8388557844972300e-01,2.2821135676922539e-08,False,False,False,False,This bounded-gradient cap is insufficient to reproduce the local derivative-aware tangent span.,derive a bounded analytic derivative-aware coefficient-gradient formula and rerun the nonlinear h-sweep,"The row scales the local derivative-aware correction by min(1, cap/required_gradient_norm), so it is an optimistic cap-feasibility audit for bounded coefficient gradients."
cylindrical_sharp,0.01,case_local_bounded_gradient_value_scalar_nonfinal,paper_tfe_lower_pair_velocity_compression_bounded_gradient_cap_gap_not_full_tfe,,case_local_bounded_gradient_nonfinal_stage_scalar_value_fit,case_local_bounded_gradient_cap_sweep,"0,1",1,24,8,16,24,16,8,132,24,32,8,6.1387492427302047e+05,1.8390370753258983e-01,1.8148823184897250e-01,9.8686554112461666e-01,9.8698687222821258e-01,9.8661417080016012e-01,1.8388557844972300e-01,9.9999999046384613e-01,1.0044055051631692e-18,8.5964959257435702e-01,8,1.0000000000000000e+00,1.9431160901759622e-04,5.3965307151570341e-05,rank=8;fro=1.943116e-04;max_abs=5.396531e-05,2.8284271314207481e+00,1.0000000023598126e+00,1.0000000000000000e+00,7.8552660499527238e-01,6.1882788628551744e-01,0.0000000000000000e+00,False,True,2.2052273070131917e-16,5.9691160338214732e-19,9.3672381415153412e-12,1.1683894389518846e-18,4.0113060025231251e-17,9.2692189604633345e-12,132,False,False,True,True,True,False,False,9.9990139317121740e-01,4.6275903732609520e-15,1.0000000000000000e+12,8.0576874461017280e+16,6.5190403000013968e+16,1.2410508681169997e-05,1.2410508681169997e-05,1.8388557844972300e-01,2.2821135676922541e-06,False,False,False,False,This bounded-gradient cap is insufficient to reproduce the local derivative-aware tangent span.,derive a bounded analytic derivative-aware coefficient-gradient formula and rerun the nonlinear h-sweep,"The row scales the local derivative-aware correction by min(1, cap/required_gradient_norm), so it is an optimistic cap-feasibility audit for bounded coefficient gradients."
cylindrical_sharp,0.01,case_local_bounded_gradient_value_scalar_nonfinal,paper_tfe_lower_pair_velocity_compression_bounded_gradient_cap_gap_not_full_tfe,,case_local_bounded_gradient_nonfinal_stage_scalar_value_fit,case_local_bounded_gradient_cap_sweep,"0,1",1,24,8,16,24,16,8,132,24,32,8,3.8115418682300973e+04,1.8390370753258983e-01,1.1252380225889492e-02,6.1186260880006685e-02,6.1195721975005654e-02,6.1162524638766168e-02,1.8388557844972300e-01,9.9999999046384613e-01,1.0044055051631692e-18,8.5964959257435702e-01,8,1.0000000000000000e+00,1.9431160901759622e-04,5.3965307151570341e-05,rank=8;fro=1.943116e-04;max_abs=5.396531e-05,2.8284271314207481e+00,1.0000000023598126e+00,1.0000000000000000e+00,7.8552660499527238e-01,6.1882788628551744e-01,0.0000000000000000e+00,False,True,2.2052273070131917e-16,5.9691160338214732e-19,9.3672381415153412e-12,1.1683894389518846e-18,4.0113060025231251e-17,9.2692189604633345e-12,132,False,False,True,True,True,False,False,9.9990139317121740e-01,4.6275903732609520e-15,1.0000000000000000e+14,8.0576874461017280e+16,6.5190403000013968e+16,1.2410508681169998e-03,1.2410508681169998e-03,1.8388557844972300e-01,2.2821135676922538e-04,False,False,False,False,This bounded-gradient cap is insufficient to reproduce the local derivative-aware tangent span.,derive a bounded analytic derivative-aware coefficient-gradient formula and rerun the nonlinear h-sweep,"The row scales the local derivative-aware correction by min(1, cap/required_gradient_norm), so it is an optimistic cap-feasibility audit for bounded coefficient gradients."
cylindrical_sharp,0.01,case_local_bounded_gradient_value_scalar_nonfinal,paper_tfe_lower_pair_velocity_compression_bounded_gradient_cap_gap_not_full_tfe,,case_local_bounded_gradient_nonfinal_stage_scalar_value_fit,case_local_bounded_gradient_cap_sweep,"0,1",1,24,8,16,24,16,8,132,24,32,8,3.8188246076836390e+02,1.8390370753258983e-01,9.8867738064279615e-05,5.3760600800698444e-04,5.3768404331878971e-04,5.3740494697191593e-04,1.8388557844972300e-01,9.9999999046384613e-01,1.0044055051631692e-18,8.5964959257435702e-01,8,1.0000000000000000e+00,1.9431160901759622e-04,5.3965307151570341e-05,rank=8;fro=1.943116e-04;max_abs=5.396531e-05,2.8284271314207481e+00,1.0000000023598126e+00,1.0000000000000000e+00,7.8552660499527238e-01,6.1882788628551744e-01,0.0000000000000000e+00,False,True,2.2052273070131917e-16,5.9691160338214732e-19,9.3672381415153412e-12,1.1683894389518846e-18,4.0113060025231251e-17,9.2692189604633345e-12,132,False,False,True,True,True,False,False,9.9990139317121740e-01,4.6275903732609520e-15,1.0000000000000000e+16,8.0576874461017280e+16,6.5190403000013968e+16,1.2410508681169997e-01,1.2410508681169997e-01,1.8388557844972300e-01,2.2821135676922542e-02,False,False,False,False,This bounded-gradient cap is insufficient to reproduce the local derivative-aware tangent span.,derive a bounded analytic derivative-aware coefficient-gradient formula and rerun the nonlinear h-sweep,"The row scales the local derivative-aware correction by min(1, cap/required_gradient_norm), so it is an optimistic cap-feasibility audit for bounded coefficient gradients."
cylindrical_sharp,0.01,case_local_bounded_gradient_value_scalar_nonfinal,paper_tfe_lower_pair_velocity_compression_bounded_gradient_cap_spans_not_full_tfe,,case_local_bounded_gradient_nonfinal_stage_scalar_value_fit,case_local_bounded_gradient_cap_sweep,"0,1",1,24,8,16,24,16,8,132,24,24,0,4.7393576503537737e+01,1.8390370753258983e-01,8.5103102658481038e-16,4.6275903732609520e-15,9.6038008126306620e-15,8.7233328104789395e-16,1.8388557844972300e-01,9.9999999046384613e-01,1.0044055051631692e-18,8.5964959257435702e-01,8,1.0000000000000000e+00,1.9431160901759622e-04,5.3965307151570341e-05,rank=8;fro=1.943116e-04;max_abs=5.396531e-05,2.8284271314207481e+00,1.0000000023598126e+00,1.0000000000000000e+00,7.8552660499527238e-01,6.1882788628551744e-01,0.0000000000000000e+00,False,True,2.2052273070131917e-16,5.9691160338214732e-19,9.3672381415153412e-12,1.1683894389518846e-18,4.0113060025231251e-17,9.2692189604633345e-12,132,True,True,True,True,True,False,False,9.9990139317121740e-01,4.6275903732609520e-15,1.0000000000000000e+18,8.0576874461017280e+16,6.5190403000013968e+16,1.2410508681169997e+01,1.0000000000000000e+00,1.8388557844972300e-01,1.8388557844972300e-01,False,True,False,False,"This bounded-gradient cap reproduces the local derivative-aware span, but it is still a cap-scaled oracle rather than an analytic full-TFE residual or nonlinear h-sweep.",derive a bounded analytic derivative-aware coefficient-gradient formula and rerun the nonlinear h-sweep,"The row scales the local derivative-aware correction by min(1, cap/required_gradient_norm), so it is an optimistic cap-feasibility audit for bounded coefficient gradients."
cylindrical_sharp,0.01,universal_bounded_gradient_value_scalar_nonfinal,paper_tfe_lower_pair_velocity_compression_bounded_gradient_cap_gap_not_full_tfe,,universal_bounded_gradient_nonfinal_stage_scalar_value_fit,all_case_h_bounded_gradient_cap_sweep,"0,1",6,24,8,16,24,16,8,132,16,24,8,1.0633187680482739e+11,1.8390370753258983e-01,1.8388555742193127e-01,9.9990130644508435e-01,9.9999771414554384e-01,9.9969758432918121e-01,1.8388558020327053e-01,9.9999999999992573e-01,1.1683695253089600e-18,9.9998295633094525e-01,8,1.0000000000000000e+00,1.1432606374566444e-09,3.2352835765686957e-10,rank=8;fro=1.143261e-09;max_abs=3.235284e-10,2.8284271247461903e+00,1.0000000000000000e+00,1.0000000000000000e+00,8.0040924391222112e-01,5.9945395341082419e-01,0.0000000000000000e+00,False,True,2.2052192283878059e-16,9.3895630176731270e-23,9.3672381415153412e-12,1.1683894389518846e-18,4.0113060025231251e-17,9.2692189604633345e-12,132,False,False,True,True,True,False,False,9.9990139162573088e-01,1.5839426006102087e-15,1.0000000000000000e+04,8.0576876717247520e+16,6.5190404836089248e+16,1.2410508333663789e-13,1.2410508333663789e-13,1.8388558020327053e-01,2.2821135255532897e-14,False,False,False,False,This bounded-gradient cap is insufficient to reproduce the local derivative-aware tangent span.,derive a bounded analytic derivative-aware coefficient-gradient formula and rerun the nonlinear h-sweep,"The row scales the local derivative-aware correction by min(1, cap/required_gradient_norm), so it is an optimistic cap-feasibility audit for bounded coefficient gradients."
cylindrical_sharp,0.01,universal_bounded_gradient_value_scalar_nonfinal,paper_tfe_lower_pair_velocity_compression_bounded_gradient_cap_gap_not_full_tfe,,universal_bounded_gradient_nonfinal_stage_scalar_value_fit,all_case_h_bounded_gradient_cap_sweep,"0,1",6,24,8,16,24,16,8,132,16,24,8,1.0628907892872023e+11,1.8390370753258983e-01,1.8381345221056550e-01,9.9950922510896989e-01,9.9961012065715160e-01,9.9929633436708742e-01,1.8388558020327053e-01,9.9999999999992573e-01,1.1683695253089600e-18,9.9998295633094525e-01,8,1.0000000000000000e+00,1.1432606374566444e-09,3.2352835765686957e-10,rank=8;fro=1.143261e-09;max_abs=3.235284e-10,2.8284271247461903e+00,1.0000000000000000e+00,1.0000000000000000e+00,8.0040924391222112e-01,5.9945395341082419e-01,0.0000000000000000e+00,False,True,2.2052192283878059e-16,9.3895630176731270e-23,9.3672381415153412e-12,1.1683894389518846e-18,4.0113060025231251e-17,9.2692189604633345e-12,132,False,False,True,True,True,False,False,9.9990139162573088e-01,1.5839426006102087e-15,1.0000000000000000e+06,8.0576876717247520e+16,6.5190404836089248e+16,1.2410508333663789e-11,1.2410508333663789e-11,1.8388558020327053e-01,2.2821135255532900e-12,False,False,False,False,This bounded-gradient cap is insufficient to reproduce the local derivative-aware tangent span.,derive a bounded analytic derivative-aware coefficient-gradient formula and rerun the nonlinear h-sweep,"The row scales the local derivative-aware correction by min(1, cap/required_gradient_norm), so it is an optimistic cap-feasibility audit for bounded coefficient gradients."
cylindrical_sharp,0.01,universal_bounded_gradient_value_scalar_nonfinal,paper_tfe_lower_pair_velocity_compression_bounded_gradient_cap_gap_not_full_tfe,,universal_bounded_gradient_nonfinal_stage_scalar_value_fit,all_case_h_bounded_gradient_cap_sweep,"0,1",6,24,8,16,24,16,8,132,20,24,4,3.5934398004883125e+10,1.8390370753258983e-01,6.2140420334865706e-02,3.3789650664793541e-01,3.3796293063765825e-01,3.3774546555267670e-01,1.8388558020327053e-01,9.9999999999992573e-01,1.1683695253089600e-18,9.9998295633094525e-01,8,1.0000000000000000e+00,1.1432606374566444e-09,3.2352835765686957e-10,rank=8;fro=1.143261e-09;max_abs=3.235284e-10,2.8284271247461903e+00,1.0000000000000000e+00,1.0000000000000000e+00,8.0040924391222112e-01,5.9945395341082419e-01,0.0000000000000000e+00,False,True,2.2052192283878059e-16,9.3895630176731270e-23,9.3672381415153412e-12,1.1683894389518846e-18,4.0113060025231251e-17,9.2692189604633345e-12,132,False,False,True,True,True,False,False,9.9990139162573088e-01,1.5839426006102087e-15,1.0000000000000000e+08,8.0576876717247520e+16,6.5190404836089248e+16,1.2410508333663787e-09,1.2410508333663787e-09,1.8388558020327053e-01,2.2821135255532898e-10,False,False,False,False,This bounded-gradient cap is insufficient to reproduce the local derivative-aware tangent span.,derive a bounded analytic derivative-aware coefficient-gradient formula and rerun the nonlinear h-sweep,"The row scales the local derivative-aware correction by min(1, cap/required_gradient_norm), so it is an optimistic cap-feasibility audit for bounded coefficient gradients."
cylindrical_sharp,0.01,universal_bounded_gradient_value_scalar_nonfinal,paper_tfe_lower_pair_velocity_compression_bounded_gradient_cap_gap_not_full_tfe,,universal_bounded_gradient_nonfinal_stage_scalar_value_fit,all_case_h_bounded_gradient_cap_sweep,"0,1",6,24,8,16,24,16,8,132,24,24,0,3.8187942147702605e+08,1.8390370753258983e-01,6.6028035043207318e-04,3.5903591030923832e-03,3.5909035326789564e-03,3.5889326713991589e-03,1.8388558020327053e-01,9.9999999999992573e-01,1.1683695253089600e-18,9.9998295633094525e-01,8,1.0000000000000000e+00,1.1432606374566444e-09,3.2352835765686957e-10,rank=8;fro=1.143261e-09;max_abs=3.235284e-10,2.8284271247461903e+00,1.0000000000000000e+00,1.0000000000000000e+00,8.0040924391222112e-01,5.9945395341082419e-01,0.0000000000000000e+00,False,True,2.2052192283878059e-16,9.3895630176731270e-23,9.3672381415153412e-12,1.1683894389518846e-18,4.0113060025231251e-17,9.2692189604633345e-12,132,False,False,True,True,True,False,False,9.9990139162573088e-01,1.5839426006102087e-15,1.0000000000000000e+10,8.0576876717247520e+16,6.5190404836089248e+16,1.2410508333663789e-07,1.2410508333663789e-07,1.8388558020327053e-01,2.2821135255532896e-08,False,False,False,False,This bounded-gradient cap is insufficient to reproduce the local derivative-aware tangent span.,derive a bounded analytic derivative-aware coefficient-gradient formula and rerun the nonlinear h-sweep,"The row scales the local derivative-aware correction by min(1, cap/required_gradient_norm), so it is an optimistic cap-feasibility audit for bounded coefficient gradients."
cylindrical_sharp,0.01,universal_bounded_gradient_value_scalar_nonfinal,paper_tfe_lower_pair_velocity_compression_bounded_gradient_cap_gap_not_full_tfe,,universal_bounded_gradient_nonfinal_stage_scalar_value_fit,all_case_h_bounded_gradient_cap_sweep,"0,1",6,24,8,16,24,16,8,132,24,24,0,3.8188262933667400e+06,1.8390370753258983e-01,6.6027688514583807e-06,3.5903402601539690e-05,3.5908826117345250e-05,3.5889170075719101e-05,1.8388558020327053e-01,9.9999999999992573e-01,1.1683695253089600e-18,9.9998295633094525e-01,8,1.0000000000000000e+00,1.1432606374566444e-09,3.2352835765686957e-10,rank=8;fro=1.143261e-09;max_abs=3.235284e-10,2.8284271247461903e+00,1.0000000000000000e+00,1.0000000000000000e+00,8.0040924391222112e-01,5.9945395341082419e-01,0.0000000000000000e+00,False,True,2.2052192283878059e-16,9.3895630176731270e-23,9.3672381415153412e-12,1.1683894389518846e-18,4.0113060025231251e-17,9.2692189604633345e-12,132,False,False,True,True,True,False,False,9.9990139162573088e-01,1.5839426006102087e-15,1.0000000000000000e+12,8.0576876717247520e+16,6.5190404836089248e+16,1.2410508333663789e-05,1.2410508333663789e-05,1.8388558020327053e-01,2.2821135255532895e-06,False,False,False,False,This bounded-gradient cap is insufficient to reproduce the local derivative-aware tangent span.,derive a bounded analytic derivative-aware coefficient-gradient formula and rerun the nonlinear h-sweep,"The row scales the local derivative-aware correction by min(1, cap/required_gradient_norm), so it is an optimistic cap-feasibility audit for bounded coefficient gradients."
cylindrical_sharp,0.01,universal_bounded_gradient_value_scalar_nonfinal,paper_tfe_lower_pair_velocity_compression_bounded_gradient_cap_gap_not_full_tfe,,universal_bounded_gradient_nonfinal_stage_scalar_value_fit,all_case_h_bounded_gradient_cap_sweep,"0,1",6,24,8,16,24,16,8,132,24,24,0,3.8188263703619501e+04,1.8390370753258983e-01,6.5946563661563137e-08,3.5859289922078736e-07,3.5864706566245424e-07,3.5845075200464149e-07,1.8388558020327053e-01,9.9999999999992573e-01,1.1683695253089600e-18,9.9998295633094525e-01,8,1.0000000000000000e+00,1.1432606374566444e-09,3.2352835765686957e-10,rank=8;fro=1.143261e-09;max_abs=3.235284e-10,2.8284271247461903e+00,1.0000000000000000e+00,1.0000000000000000e+00,8.0040924391222112e-01,5.9945395341082419e-01,0.0000000000000000e+00,False,True,2.2052192283878059e-16,9.3895630176731270e-23,9.3672381415153412e-12,1.1683894389518846e-18,4.0113060025231251e-17,9.2692189604633345e-12,132,False,False,True,True,True,False,False,9.9990139162573088e-01,1.5839426006102087e-15,1.0000000000000000e+14,8.0576876717247520e+16,6.5190404836089248e+16,1.2410508333663788e-03,1.2410508333663788e-03,1.8388558020327053e-01,2.2821135255532898e-04,False,False,False,False,This bounded-gradient cap is insufficient to reproduce the local derivative-aware tangent span.,derive a bounded analytic derivative-aware coefficient-gradient formula and rerun the nonlinear h-sweep,"The row scales the local derivative-aware correction by min(1, cap/required_gradient_norm), so it is an optimistic cap-feasibility audit for bounded coefficient gradients."
cylindrical_sharp,0.01,universal_bounded_gradient_value_scalar_nonfinal,paper_tfe_lower_pair_velocity_compression_bounded_gradient_cap_spans_not_full_tfe,,universal_bounded_gradient_nonfinal_stage_scalar_value_fit,all_case_h_bounded_gradient_cap_sweep,"0,1",6,24,8,16,24,16,8,132,24,24,0,3.8188263711075246e+02,1.8390370753258983e-01,5.7834034861907304e-10,3.1447998323610990e-09,3.1452748628751363e-09,3.1435532253477055e-09,1.8388558020327053e-01,9.9999999999992573e-01,1.1683695253089600e-18,9.9998295633094525e-01,8,1.0000000000000000e+00,1.1432606374566444e-09,3.2352835765686957e-10,rank=8;fro=1.143261e-09;max_abs=3.235284e-10,2.8284271247461903e+00,1.0000000000000000e+00,1.0000000000000000e+00,8.0040924391222112e-01,5.9945395341082419e-01,0.0000000000000000e+00,False,True,2.2052192283878059e-16,9.3895630176731270e-23,9.3672381415153412e-12,1.1683894389518846e-18,4.0113060025231251e-17,9.2692189604633345e-12,132,True,True,True,True,True,False,False,9.9990139162573088e-01,1.5839426006102087e-15,1.0000000000000000e+16,8.0576876717247520e+16,6.5190404836089248e+16,1.2410508333663788e-01,1.2410508333663788e-01,1.8388558020327053e-01,2.2821135255532896e-02,False,True,False,False,"This bounded-gradient cap reproduces the local derivative-aware span, but it is still a cap-scaled oracle rather than an analytic full-TFE residual or nonlinear h-sweep.",derive a bounded analytic derivative-aware coefficient-gradient formula and rerun the nonlinear h-sweep,"The row scales the local derivative-aware correction by min(1, cap/required_gradient_norm), so it is an optimistic cap-feasibility audit for bounded coefficient gradients."
cylindrical_sharp,0.01,universal_bounded_gradient_value_scalar_nonfinal,paper_tfe_lower_pair_velocity_compression_bounded_gradient_cap_spans_not_full_tfe,,universal_bounded_gradient_nonfinal_stage_scalar_value_fit,all_case_h_bounded_gradient_cap_sweep,"0,1",6,24,8,16,24,16,8,132,24,24,0,4.7393576503526795e+01,1.8390370753258983e-01,2.9129291677102958e-16,1.5839426006102087e-15,2.9032361856588875e-15,7.0005589631286031e-16,1.8388558020327053e-01,9.9999999999992573e-01,1.1683695253089600e-18,9.9998295633094525e-01,8,1.0000000000000000e+00,1.1432606374566444e-09,3.2352835765686957e-10,rank=8;fro=1.143261e-09;max_abs=3.235284e-10,2.8284271247461903e+00,1.0000000000000000e+00,1.0000000000000000e+00,8.0040924391222112e-01,5.9945395341082419e-01,0.0000000000000000e+00,False,True,2.2052192283878059e-16,9.3895630176731270e-23,9.3672381415153412e-12,1.1683894389518846e-18,4.0113060025231251e-17,9.2692189604633345e-12,132,True,True,True,True,True,False,False,9.9990139162573088e-01,1.5839426006102087e-15,1.0000000000000000e+18,8.0576876717247520e+16,6.5190404836089248e+16,1.2410508333663788e+01,1.0000000000000000e+00,1.8388558020327053e-01,1.8388558020327053e-01,False,True,False,False,"This bounded-gradient cap reproduces the local derivative-aware span, but it is still a cap-scaled oracle rather than an analytic full-TFE residual or nonlinear h-sweep.",derive a bounded analytic derivative-aware coefficient-gradient formula and rerun the nonlinear h-sweep,"The row scales the local derivative-aware correction by min(1, cap/required_gradient_norm), so it is an optimistic cap-feasibility audit for bounded coefficient gradients."
cylindrical_sharp,0.01,case_local_bounded_gradient_value_component_nonfinal,paper_tfe_lower_pair_velocity_compression_bounded_gradient_cap_gap_not_full_tfe,,case_local_bounded_gradient_nonfinal_component_diagonal_value_fit,case_local_bounded_gradient_cap_sweep,"0,1",1,24,8,16,24,16,8,132,24,32,8,6.4000268122941649e+08,1.8390370753258983e-01,1.8388557363775709e-01,9.9990139462071737e-01,9.9999775382090961e-01,9.9969780022684207e-01,1.8393788717788728e-01,1.0002844539226254e+00,3.1716002775823931e-34,2.7145061157241449e-16,8,2.1774652456478043e+06,7.4428830607002075e-02,4.3163073601560603e-02,rank=8;fro=7.442883e-02;max_abs=4.316307e-02,2.8294062364435275e+00,1.0003461682603632e+00,9.9999999999999978e-01,7.8023368122942638e-01,6.2548813152223570e-01,0.0000000000000000e+00,False,True,2.2052501805098065e-16,1.1683894389518848e-18,9.3672381415153412e-12,1.1683894389518846e-18,4.0113060025231251e-17,9.2692189604633345e-12,132,False,False,True,True,True,False,False,9.9990139439148207e-01,1.5582411735408738e-15,1.0000000000000000e+04,8.0733759807695040e+16,6.5348803919266368e+16,1.2386392041965650e-13,1.2386392041965650e-13,1.8393788717788728e-01,2.2783267819561583e-14,False,False,False,False,This bounded-gradient cap is insufficient to reproduce the local derivative-aware tangent span.,derive a bounded analytic derivative-aware coefficient-gradient formula and rerun the nonlinear h-sweep,"The row scales the local derivative-aware correction by min(1, cap/required_gradient_norm), so it is an optimistic cap-feasibility audit for bounded coefficient gradients."
cylindrical_sharp,0.01,case_local_bounded_gradient_value_component_nonfinal,paper_tfe_lower_pair_velocity_compression_bounded_gradient_cap_gap_not_full_tfe,,case_local_bounded_gradient_nonfinal_component_diagonal_value_fit,case_local_bounded_gradient_cap_sweep,"0,1",1,24,8,16,24,16,8,132,24,32,8,6.4000271056605637e+08,1.8390370753258983e-01,1.8388557320522264e-01,9.9990139226875574e-01,9.9999774598048674e-01,9.9969784611907619e-01,1.8393788717788728e-01,1.0002844539226254e+00,3.1716002775823931e-34,2.7145061157241449e-16,8,2.1774652456478043e+06,7.4428830607002075e-02,4.3163073601560603e-02,rank=8;fro=7.442883e-02;max_abs=4.316307e-02,2.8294062364435275e+00,1.0003461682603632e+00,9.9999999999999978e-01,7.8023368122942638e-01,6.2548813152223570e-01,0.0000000000000000e+00,False,True,2.2052501805098065e-16,1.1683894389518848e-18,9.3672381415153412e-12,1.1683894389518846e-18,4.0113060025231251e-17,9.2692189604633345e-12,132,False,False,True,True,True,False,False,9.9990139439148207e-01,1.5582411735408738e-15,1.0000000000000000e+06,8.0733759807695040e+16,6.5348803919266368e+16,1.2386392041965648e-11,1.2386392041965648e-11,1.8393788717788728e-01,2.2783267819561582e-12,False,False,False,False,This bounded-gradient cap is insufficient to reproduce the local derivative-aware tangent span.,derive a bounded analytic derivative-aware coefficient-gradient formula and rerun the nonlinear h-sweep,"The row scales the local derivative-aware correction by min(1, cap/required_gradient_norm), so it is an optimistic cap-feasibility audit for bounded coefficient gradients."
cylindrical_sharp,0.01,case_local_bounded_gradient_value_component_nonfinal,paper_tfe_lower_pair_velocity_compression_bounded_gradient_cap_gap_not_full_tfe,,case_local_bounded_gradient_nonfinal_component_diagonal_value_fit,case_local_bounded_gradient_cap_sweep,"0,1",1,24,8,16,24,16,8,132,24,32,8,6.3953681755443752e+08,1.8390370753258983e-01,1.8383952508834062e-01,9.9965099972637672e-01,9.9998779842976426e-01,9.9897014984457233e-01,1.8393788717788728e-01,1.0002844539226254e+00,3.1716002775823931e-34,2.7145061157241449e-16,8,2.1774652456478043e+06,7.4428830607002075e-02,4.3163073601560603e-02,rank=8;fro=7.442883e-02;max_abs=4.316307e-02,2.8294062364435275e+00,1.0003461682603632e+00,9.9999999999999978e-01,7.8023368122942638e-01,6.2548813152223570e-01,0.0000000000000000e+00,False,True,2.2052501805098065e-16,1.1683894389518848e-18,9.3672381415153412e-12,1.1683894389518846e-18,4.0113060025231251e-17,9.2692189604633345e-12,132,False,False,True,True,True,False,False,9.9990139439148207e-01,1.5582411735408738e-15,1.0000000000000000e+08,8.0733759807695040e+16,6.5348803919266368e+16,1.2386392041965649e-09,1.2386392041965649e-09,1.8393788717788728e-01,2.2783267819561582e-10,False,False,False,False,This bounded-gradient cap is insufficient to reproduce the local derivative-aware tangent span.,derive a bounded analytic derivative-aware coefficient-gradient formula and rerun the nonlinear h-sweep,"The row scales the local derivative-aware correction by min(1, cap/required_gradient_norm), so it is an optimistic cap-feasibility audit for bounded coefficient gradients."
cylindrical_sharp,0.01,case_local_bounded_gradient_value_component_nonfinal,paper_tfe_lower_pair_velocity_compression_bounded_gradient_cap_gap_not_full_tfe,,case_local_bounded_gradient_nonfinal_component_diagonal_value_fit,case_local_bounded_gradient_cap_sweep,"0,1",1,24,8,16,24,16,8,132,24,32,8,1.7346200176479334e+08,1.8390370753258983e-01,1.3836940067753062e-01,7.5240136555164328e-01,9.9155323573201981e-01,2.5148364736605677e-01,1.8393788717788728e-01,1.0002844539226254e+00,3.1716002775823931e-34,2.7145061157241449e-16,8,2.1774652456478043e+06,7.4428830607002075e-02,4.3163073601560603e-02,rank=8;fro=7.442883e-02;max_abs=4.316307e-02,2.8294062364435275e+00,1.0003461682603632e+00,9.9999999999999978e-01,7.8023368122942638e-01,6.2548813152223570e-01,0.0000000000000000e+00,False,True,2.2052501805098065e-16,1.1683894389518848e-18,9.3672381415153412e-12,1.1683894389518846e-18,4.0113060025231251e-17,9.2692189604633345e-12,132,False,False,True,True,True,False,False,9.9990139439148207e-01,1.5582411735408738e-15,1.0000000000000000e+10,8.0733759807695040e+16,6.5348803919266368e+16,1.2386392041965650e-07,1.2386392041965650e-07,1.8393788717788728e-01,2.2783267819561583e-08,False,False,False,False,This bounded-gradient cap is insufficient to reproduce the local derivative-aware tangent span.,derive a bounded analytic derivative-aware coefficient-gradient formula and rerun the nonlinear h-sweep,"The row scales the local derivative-aware correction by min(1, cap/required_gradient_norm), so it is an optimistic cap-feasibility audit for bounded coefficient gradients."
cylindrical_sharp,0.01,case_local_bounded_gradient_value_component_nonfinal,paper_tfe_lower_pair_velocity_compression_bounded_gradient_cap_gap_not_full_tfe,,case_local_bounded_gradient_nonfinal_component_diagonal_value_fit,case_local_bounded_gradient_cap_sweep,"0,1",1,24,8,16,24,16,8,132,24,32,8,3.4917396351695340e+06,1.8390370753258983e-01,6.2043211124596882e-02,3.3736791909756425e-01,8.1749332872664460e-01,2.6076864925432064e-03,1.8393788717788728e-01,1.0002844539226254e+00,3.1716002775823931e-34,2.7145061157241449e-16,8,2.1774652456478043e+06,7.4428830607002075e-02,4.3163073601560603e-02,rank=8;fro=7.442883e-02;max_abs=4.316307e-02,2.8294062364435275e+00,1.0003461682603632e+00,9.9999999999999978e-01,7.8023368122942638e-01,6.2548813152223570e-01,0.0000000000000000e+00,False,True,2.2052501805098065e-16,1.1683894389518848e-18,9.3672381415153412e-12,1.1683894389518846e-18,4.0113060025231251e-17,9.2692189604633345e-12,132,False,False,True,True,True,False,False,9.9990139439148207e-01,1.5582411735408738e-15,1.0000000000000000e+12,8.0733759807695040e+16,6.5348803919266368e+16,1.2386392041965650e-05,1.2386392041965650e-05,1.8393788717788728e-01,2.2783267819561582e-06,False,False,False,False,This bounded-gradient cap is insufficient to reproduce the local derivative-aware tangent span.,derive a bounded analytic derivative-aware coefficient-gradient formula and rerun the nonlinear h-sweep,"The row scales the local derivative-aware correction by min(1, cap/required_gradient_norm), so it is an optimistic cap-feasibility audit for bounded coefficient gradients."
cylindrical_sharp,0.01,case_local_bounded_gradient_value_component_nonfinal,paper_tfe_lower_pair_velocity_compression_bounded_gradient_cap_gap_not_full_tfe,,case_local_bounded_gradient_nonfinal_component_diagonal_value_fit,case_local_bounded_gradient_cap_sweep,"0,1",1,24,8,16,24,16,8,132,24,32,8,3.4947600560316416e+04,1.8390370753258983e-01,6.0458496911213459e-02,3.2875083228270169e-01,8.1733699354632705e-01,2.6046141799566735e-05,1.8393788717788728e-01,1.0002844539226254e+00,3.1716002775823931e-34,2.7145061157241449e-16,8,2.1774652456478043e+06,7.4428830607002075e-02,4.3163073601560603e-02,rank=8;fro=7.442883e-02;max_abs=4.316307e-02,2.8294062364435275e+00,1.0003461682603632e+00,9.9999999999999978e-01,7.8023368122942638e-01,6.2548813152223570e-01,0.0000000000000000e+00,False,True,2.2052501805098065e-16,1.1683894389518848e-18,9.3672381415153412e-12,1.1683894389518846e-18,4.0113060025231251e-17,9.2692189604633345e-12,132,False,False,True,True,True,False,False,9.9990139439148207e-01,1.5582411735408738e-15,1.0000000000000000e+14,8.0733759807695040e+16,6.5348803919266368e+16,1.2386392041965650e-03,1.2386392041965650e-03,1.8393788717788728e-01,2.2783267819561585e-04,False,False,False,False,This bounded-gradient cap is insufficient to reproduce the local derivative-aware tangent span.,derive a bounded analytic derivative-aware coefficient-gradient formula and rerun the nonlinear h-sweep,"The row scales the local derivative-aware correction by min(1, cap/required_gradient_norm), so it is an optimistic cap-feasibility audit for bounded coefficient gradients."
cylindrical_sharp,0.01,case_local_bounded_gradient_value_component_nonfinal,paper_tfe_lower_pair_velocity_compression_bounded_gradient_cap_gap_not_full_tfe,,case_local_bounded_gradient_nonfinal_component_diagonal_value_fit,case_local_bounded_gradient_cap_sweep,"0,1",1,24,8,16,24,16,8,132,24,32,8,3.6575843592435507e+02,1.8390370753258983e-01,2.6947779285895850e-02,1.4653200659981472e-01,4.1772000264289827e-01,2.3067629715486326e-07,1.8393788717788728e-01,1.0002844539226254e+00,3.1716002775823931e-34,2.7145061157241449e-16,8,2.1774652456478043e+06,7.4428830607002075e-02,4.3163073601560603e-02,rank=8;fro=7.442883e-02;max_abs=4.316307e-02,2.8294062364435275e+00,1.0003461682603632e+00,9.9999999999999978e-01,7.8023368122942638e-01,6.2548813152223570e-01,0.0000000000000000e+00,False,True,2.2052501805098065e-16,1.1683894389518848e-18,9.3672381415153412e-12,1.1683894389518846e-18,4.0113060025231251e-17,9.2692189604633345e-12,132,False,False,True,True,True,False,False,9.9990139439148207e-01,1.5582411735408738e-15,1.0000000000000000e+16,8.0733759807695040e+16,6.5348803919266368e+16,1.2386392041965649e-01,1.2386392041965649e-01,1.8393788717788728e-01,2.2783267819561581e-02,False,False,False,False,This bounded-gradient cap is insufficient to reproduce the local derivative-aware tangent span.,derive a bounded analytic derivative-aware coefficient-gradient formula and rerun the nonlinear h-sweep,"The row scales the local derivative-aware correction by min(1, cap/required_gradient_norm), so it is an optimistic cap-feasibility audit for bounded coefficient gradients."
cylindrical_sharp,0.01,case_local_bounded_gradient_value_component_nonfinal,paper_tfe_lower_pair_velocity_compression_bounded_gradient_cap_spans_not_full_tfe,,case_local_bounded_gradient_nonfinal_component_diagonal_value_fit,case_local_bounded_gradient_cap_sweep,"0,1",1,24,8,16,24,16,8,132,24,24,0,4.7393597798151369e+01,1.8390370753258983e-01,2.8656632904410042e-16,1.5582411735408738e-15,2.1464684983197537e-15,1.0826972550295329e-15,1.8393788717788728e-01,1.0002844539226254e+00,3.1716002775823931e-34,2.7145061157241449e-16,8,2.1774652456478043e+06,7.4428830607002075e-02,4.3163073601560603e-02,rank=8;fro=7.442883e-02;max_abs=4.316307e-02,2.8294062364435275e+00,1.0003461682603632e+00,9.9999999999999978e-01,7.8023368122942638e-01,6.2548813152223570e-01,0.0000000000000000e+00,False,True,2.2052501805098065e-16,1.1683894389518848e-18,9.3672381415153412e-12,1.1683894389518846e-18,4.0113060025231251e-17,9.2692189604633345e-12,132,True,True,True,True,True,False,False,9.9990139439148207e-01,1.5582411735408738e-15,1.0000000000000000e+18,8.0733759807695040e+16,6.5348803919266368e+16,1.2386392041965649e+01,1.0000000000000000e+00,1.8393788717788728e-01,1.8393788717788728e-01,False,True,False,False,"This bounded-gradient cap reproduces the local derivative-aware span, but it is still a cap-scaled oracle rather than an analytic full-TFE residual or nonlinear h-sweep.",derive a bounded analytic derivative-aware coefficient-gradient formula and rerun the nonlinear h-sweep,"The row scales the local derivative-aware correction by min(1, cap/required_gradient_norm), so it is an optimistic cap-feasibility audit for bounded coefficient gradients."
cylindrical_sharp,0.01,universal_bounded_gradient_value_component_nonfinal,paper_tfe_lower_pair_velocity_compression_bounded_gradient_cap_gap_not_full_tfe,,universal_bounded_gradient_nonfinal_component_diagonal_value_fit,all_case_h_bounded_gradient_cap_sweep,"0,1",6,24,8,16,24,16,8,132,21,29,8,9.0420350994818817e+10,1.8390370753258983e-01,1.8388555837327580e-01,9.9990131161814222e-01,9.9999774465866065e-01,9.9969737158151317e-01,1.8411563974505604e-01,1.0012511015900079e+00,1.1691914586183223e-18,1.0006864318006479e+00,8,5.1760023273602521e+08,1.6219075510265546e-01,9.9289078893220237e-02,rank=8;fro=1.621908e-01;max_abs=9.928908e-02,2.8330735678836105e+00,1.0016427657254339e+00,1.0000000000000000e+00,8.5653393329897720e-01,5.1609071015411934e-01,0.0000000000000000e+00,False,True,2.2052195111934999e-16,1.1168249953847438e-19,9.3672381415153412e-12,1.1683894389518846e-18,4.0113060025231251e-17,9.2692189604633345e-12,132,False,False,True,True,True,False,False,9.9990138530516626e-01,1.0043208402619706e-15,1.0000000000000000e+04,8.1243669326474576e+16,6.5828957252298264e+16,1.2308651348347381e-13,1.2308651348347381e-13,1.8411563974505604e-01,2.2662152173998247e-14,False,False,False,False,This bounded-gradient cap is insufficient to reproduce the local derivative-aware tangent span.,derive a bounded analytic derivative-aware coefficient-gradient formula and rerun the nonlinear h-sweep,"The row scales the local derivative-aware correction by min(1, cap/required_gradient_norm), so it is an optimistic cap-feasibility audit for bounded coefficient gradients."
cylindrical_sharp,0.01,universal_bounded_gradient_value_component_nonfinal,paper_tfe_lower_pair_velocity_compression_bounded_gradient_cap_gap_not_full_tfe,,universal_bounded_gradient_nonfinal_component_diagonal_value_fit,all_case_h_bounded_gradient_cap_sweep,"0,1",6,24,8,16,24,16,8,132,21,29,8,9.0287070098665787e+10,1.8390370753258983e-01,1.8382608615379883e-01,9.9957792379592325e-01,9.9997675286101328e-01,9.9822380692126034e-01,1.8411563974505604e-01,1.0012511015900079e+00,1.1691914586183223e-18,1.0006864318006479e+00,8,5.1760023273602521e+08,1.6219075510265546e-01,9.9289078893220237e-02,rank=8;fro=1.621908e-01;max_abs=9.928908e-02,2.8330735678836105e+00,1.0016427657254339e+00,1.0000000000000000e+00,8.5653393329897720e-01,5.1609071015411934e-01,0.0000000000000000e+00,False,True,2.2052195111934999e-16,1.1168249953847438e-19,9.3672381415153412e-12,1.1683894389518846e-18,4.0113060025231251e-17,9.2692189604633345e-12,132,False,False,True,True,True,False,False,9.9990138530516626e-01,1.0043208402619706e-15,1.0000000000000000e+06,8.1243669326474576e+16,6.5828957252298264e+16,1.2308651348347380e-11,1.2308651348347380e-11,1.8411563974505604e-01,2.2662152173998242e-12,False,False,False,False,This bounded-gradient cap is insufficient to reproduce the local derivative-aware tangent span.,derive a bounded analytic derivative-aware coefficient-gradient formula and rerun the nonlinear h-sweep,"The row scales the local derivative-aware correction by min(1, cap/required_gradient_norm), so it is an optimistic cap-feasibility audit for bounded coefficient gradients."
cylindrical_sharp,0.01,universal_bounded_gradient_value_component_nonfinal,paper_tfe_lower_pair_velocity_compression_bounded_gradient_cap_gap_not_full_tfe,,universal_bounded_gradient_nonfinal_component_diagonal_value_fit,all_case_h_bounded_gradient_cap_sweep,"0,1",6,24,8,16,24,16,8,132,21,29,8,2.2279146126444565e+10,1.8390370753258983e-01,1.4673089619830046e-01,7.9786807001864313e-01,9.9581943234445203e-01,1.8259727516156427e-01,1.8411563974505604e-01,1.0012511015900079e+00,1.1691914586183223e-18,1.0006864318006479e+00,8,5.1760023273602521e+08,1.6219075510265546e-01,9.9289078893220237e-02,rank=8;fro=1.621908e-01;max_abs=9.928908e-02,2.8330735678836105e+00,1.0016427657254339e+00,1.0000000000000000e+00,8.5653393329897720e-01,5.1609071015411934e-01,0.0000000000000000e+00,False,True,2.2052195111934999e-16,1.1168249953847438e-19,9.3672381415153412e-12,1.1683894389518846e-18,4.0113060025231251e-17,9.2692189604633345e-12,132,False,False,True,True,True,False,False,9.9990138530516626e-01,1.0043208402619706e-15,1.0000000000000000e+08,8.1243669326474576e+16,6.5828957252298264e+16,1.2308651348347381e-09,1.2308651348347381e-09,1.8411563974505604e-01,2.2662152173998242e-10,False,False,False,False,This bounded-gradient cap is insufficient to reproduce the local derivative-aware tangent span.,derive a bounded analytic derivative-aware coefficient-gradient formula and rerun the nonlinear h-sweep,"The row scales the local derivative-aware correction by min(1, cap/required_gradient_norm), so it is an optimistic cap-feasibility audit for bounded coefficient gradients."
cylindrical_sharp,0.01,universal_bounded_gradient_value_component_nonfinal,paper_tfe_lower_pair_velocity_compression_bounded_gradient_cap_gap_not_full_tfe,,universal_bounded_gradient_nonfinal_component_diagonal_value_fit,all_case_h_bounded_gradient_cap_sweep,"0,1",6,24,8,16,24,16,8,132,24,29,5,3.5083417679599309e+08,1.8390370753258983e-01,7.3683695920405842e-02,4.0066454836071347e-01,8.1983745033627009e-01,1.8780793919457523e-03,1.8411563974505604e-01,1.0012511015900079e+00,1.1691914586183223e-18,1.0006864318006479e+00,8,5.1760023273602521e+08,1.6219075510265546e-01,9.9289078893220237e-02,rank=8;fro=1.621908e-01;max_abs=9.928908e-02,2.8330735678836105e+00,1.0016427657254339e+00,1.0000000000000000e+00,8.5653393329897720e-01,5.1609071015411934e-01,0.0000000000000000e+00,False,True,2.2052195111934999e-16,1.1168249953847438e-19,9.3672381415153412e-12,1.1683894389518846e-18,4.0113060025231251e-17,9.2692189604633345e-12,132,False,False,True,True,True,False,False,9.9990138530516626e-01,1.0043208402619706e-15,1.0000000000000000e+10,8.1243669326474576e+16,6.5828957252298264e+16,1.2308651348347381e-07,1.2308651348347381e-07,1.8411563974505604e-01,2.2662152173998246e-08,False,False,False,False,This bounded-gradient cap is insufficient to reproduce the local derivative-aware tangent span.,derive a bounded analytic derivative-aware coefficient-gradient formula and rerun the nonlinear h-sweep,"The row scales the local derivative-aware correction by min(1, cap/required_gradient_norm), so it is an optimistic cap-feasibility audit for bounded coefficient gradients."
cylindrical_sharp,0.01,universal_bounded_gradient_value_component_nonfinal,paper_tfe_lower_pair_velocity_compression_bounded_gradient_cap_gap_not_full_tfe,,universal_bounded_gradient_nonfinal_component_diagonal_value_fit,all_case_h_bounded_gradient_cap_sweep,"0,1",6,24,8,16,24,16,8,132,24,29,5,3.5167889067573119e+06,1.8390370753258983e-01,6.0471217398494939e-02,3.2882000156401825e-01,8.1743235937395053e-01,1.8816156751475685e-05,1.8411563974505604e-01,1.0012511015900079e+00,1.1691914586183223e-18,1.0006864318006479e+00,8,5.1760023273602521e+08,1.6219075510265546e-01,9.9289078893220237e-02,rank=8;fro=1.621908e-01;max_abs=9.928908e-02,2.8330735678836105e+00,1.0016427657254339e+00,1.0000000000000000e+00,8.5653393329897720e-01,5.1609071015411934e-01,0.0000000000000000e+00,False,True,2.2052195111934999e-16,1.1168249953847438e-19,9.3672381415153412e-12,1.1683894389518846e-18,4.0113060025231251e-17,9.2692189604633345e-12,132,False,False,True,True,True,False,False,9.9990138530516626e-01,1.0043208402619706e-15,1.0000000000000000e+12,8.1243669326474576e+16,6.5828957252298264e+16,1.2308651348347381e-05,1.2308651348347381e-05,1.8411563974505604e-01,2.2662152173998246e-06,False,False,False,False,This bounded-gradient cap is insufficient to reproduce the local derivative-aware tangent span.,derive a bounded analytic derivative-aware coefficient-gradient formula and rerun the nonlinear h-sweep,"The row scales the local derivative-aware correction by min(1, cap/required_gradient_norm), so it is an optimistic cap-feasibility audit for bounded coefficient gradients."
cylindrical_sharp,0.01,universal_bounded_gradient_value_component_nonfinal,paper_tfe_lower_pair_velocity_compression_bounded_gradient_cap_gap_not_full_tfe,,universal_bounded_gradient_nonfinal_component_diagonal_value_fit,all_case_h_bounded_gradient_cap_sweep,"0,1",6,24,8,16,24,16,8,132,24,29,5,3.5167990909867476e+04,1.8390370753258983e-01,6.0466959357074322e-02,3.2879684791759234e-01,8.1740749136084223e-01,1.8793478276199192e-07,1.8411563974505604e-01,1.0012511015900079e+00,1.1691914586183223e-18,1.0006864318006479e+00,8,5.1760023273602521e+08,1.6219075510265546e-01,9.9289078893220237e-02,rank=8;fro=1.621908e-01;max_abs=9.928908e-02,2.8330735678836105e+00,1.0016427657254339e+00,1.0000000000000000e+00,8.5653393329897720e-01,5.1609071015411934e-01,0.0000000000000000e+00,False,True,2.2052195111934999e-16,1.1168249953847438e-19,9.3672381415153412e-12,1.1683894389518846e-18,4.0113060025231251e-17,9.2692189604633345e-12,132,False,False,True,True,True,False,False,9.9990138530516626e-01,1.0043208402619706e-15,1.0000000000000000e+14,8.1243669326474576e+16,6.5828957252298264e+16,1.2308651348347380e-03,1.2308651348347380e-03,1.8411563974505604e-01,2.2662152173998245e-04,False,False,False,False,This bounded-gradient cap is insufficient to reproduce the local derivative-aware tangent span.,derive a bounded analytic derivative-aware coefficient-gradient formula and rerun the nonlinear h-sweep,"The row scales the local derivative-aware correction by min(1, cap/required_gradient_norm), so it is an optimistic cap-feasibility audit for bounded coefficient gradients."
cylindrical_sharp,0.01,universal_bounded_gradient_value_component_nonfinal,paper_tfe_lower_pair_velocity_compression_bounded_gradient_cap_gap_not_full_tfe,,universal_bounded_gradient_nonfinal_component_diagonal_value_fit,all_case_h_bounded_gradient_cap_sweep,"0,1",6,24,8,16,24,16,8,132,24,29,5,3.5955221885822010e+02,1.8390370753258983e-01,4.3627139482199408e-02,2.3722816721608606e-01,6.2685902850328323e-01,1.7813540032863208e-09,1.8411563974505604e-01,1.0012511015900079e+00,1.1691914586183223e-18,1.0006864318006479e+00,8,5.1760023273602521e+08,1.6219075510265546e-01,9.9289078893220237e-02,rank=8;fro=1.621908e-01;max_abs=9.928908e-02,2.8330735678836105e+00,1.0016427657254339e+00,1.0000000000000000e+00,8.5653393329897720e-01,5.1609071015411934e-01,0.0000000000000000e+00,False,True,2.2052195111934999e-16,1.1168249953847438e-19,9.3672381415153412e-12,1.1683894389518846e-18,4.0113060025231251e-17,9.2692189604633345e-12,132,False,False,True,True,True,False,False,9.9990138530516626e-01,1.0043208402619706e-15,1.0000000000000000e+16,8.1243669326474576e+16,6.5828957252298264e+16,1.2308651348347380e-01,1.2308651348347380e-01,1.8411563974505604e-01,2.2662152173998244e-02,False,False,False,False,This bounded-gradient cap is insufficient to reproduce the local derivative-aware tangent span.,derive a bounded analytic derivative-aware coefficient-gradient formula and rerun the nonlinear h-sweep,"The row scales the local derivative-aware correction by min(1, cap/required_gradient_norm), so it is an optimistic cap-feasibility audit for bounded coefficient gradients."
cylindrical_sharp,0.01,universal_bounded_gradient_value_component_nonfinal,paper_tfe_lower_pair_velocity_compression_bounded_gradient_cap_spans_not_full_tfe,,universal_bounded_gradient_nonfinal_component_diagonal_value_fit,all_case_h_bounded_gradient_cap_sweep,"0,1",6,24,8,16,24,16,8,132,24,24,0,4.7393694008510280e+01,1.8390370753258983e-01,1.8469832607642233e-16,1.0043208402619706e-15,1.3348194365479506e-15,5.5740329428767620e-16,1.8411563974505604e-01,1.0012511015900079e+00,1.1691914586183223e-18,1.0006864318006479e+00,8,5.1760023273602521e+08,1.6219075510265546e-01,9.9289078893220237e-02,rank=8;fro=1.621908e-01;max_abs=9.928908e-02,2.8330735678836105e+00,1.0016427657254339e+00,1.0000000000000000e+00,8.5653393329897720e-01,5.1609071015411934e-01,0.0000000000000000e+00,False,True,2.2052195111934999e-16,1.1168249953847438e-19,9.3672381415153412e-12,1.1683894389518846e-18,4.0113060025231251e-17,9.2692189604633345e-12,132,True,True,True,True,True,False,False,9.9990138530516626e-01,1.0043208402619706e-15,1.0000000000000000e+18,8.1243669326474576e+16,6.5828957252298264e+16,1.2308651348347381e+01,1.0000000000000000e+00,1.8411563974505604e-01,1.8411563974505604e-01,False,True,False,False,"This bounded-gradient cap reproduces the local derivative-aware span, but it is still a cap-scaled oracle rather than an analytic full-TFE residual or nonlinear h-sweep.",derive a bounded analytic derivative-aware coefficient-gradient formula and rerun the nonlinear h-sweep,"The row scales the local derivative-aware correction by min(1, cap/required_gradient_norm), so it is an optimistic cap-feasibility audit for bounded coefficient gradients."
cylindrical_sharp,0.01,case_local_bounded_gradient_value_full_nonfinal,paper_tfe_lower_pair_velocity_compression_bounded_gradient_cap_gap_not_full_tfe,,case_local_bounded_gradient_nonfinal_full_component_value_fit,case_local_bounded_gradient_cap_sweep,"0,1",1,24,8,16,24,16,8,132,24,25,1,9.2999459074206278e+07,1.8390370753258983e-01,1.7907804258099000e-02,9.7375982781236381e-02,2.2762274151745138e-01,1.3844903623950661e-02,1.8388558020348772e-01,1.0000000000011069e+00,1.5237703619020713e-34,1.3041630736314980e-16,1,1.0000000000000000e+00,1.2473147594845742e-07,5.8946021914045318e-08,rank=1;fro=1.247315e-07;max_abs=5.894602e-08,2.8284271247461925e+00,1.0000000000000009e+00,1.0000000000000002e+00,6.1910744433390597e-01,7.8530629207357028e-01,0.0000000000000000e+00,False,True,2.2052501805098065e-16,1.1683894389518848e-18,9.3672381415153412e-12,1.1683894389518846e-18,4.0113060025231251e-17,9.2692189604633345e-12,132,False,False,True,True,True,False,False,9.9990142273349014e-01,1.0994322339091903e-15,1.0000000000000000e+04,1.9630714776910961e+10,8.0765967406503983e+09,5.0940580175723858e-07,5.0940580175723858e-07,1.8388558020348772e-01,9.3672381415152658e-08,False,False,False,False,This bounded-gradient cap is insufficient to reproduce the local derivative-aware tangent span.,derive a bounded analytic derivative-aware coefficient-gradient formula and rerun the nonlinear h-sweep,"The row scales the local derivative-aware correction by min(1, cap/required_gradient_norm), so it is an optimistic cap-feasibility audit for bounded coefficient gradients."
cylindrical_sharp,0.01,case_local_bounded_gradient_value_full_nonfinal,paper_tfe_lower_pair_velocity_compression_bounded_gradient_cap_gap_not_full_tfe,,case_local_bounded_gradient_nonfinal_full_component_value_fit,case_local_bounded_gradient_cap_sweep,"0,1",1,24,8,16,24,16,8,132,24,25,1,9.3036969197431777e+05,1.8390370753258983e-01,1.9875266492655179e-04,1.0807431105831868e-03,2.5263078500548475e-03,1.5365990443339740e-04,1.8388558020348772e-01,1.0000000000011069e+00,1.5237703619020713e-34,1.3041630736314980e-16,1,1.0000000000000000e+00,1.2473147594845742e-07,5.8946021914045318e-08,rank=1;fro=1.247315e-07;max_abs=5.894602e-08,2.8284271247461925e+00,1.0000000000000009e+00,1.0000000000000002e+00,6.1910744433390597e-01,7.8530629207357028e-01,0.0000000000000000e+00,False,True,2.2052501805098065e-16,1.1683894389518848e-18,9.3672381415153412e-12,1.1683894389518846e-18,4.0113060025231251e-17,9.2692189604633345e-12,132,False,False,True,True,True,False,False,9.9990142273349014e-01,1.0994322339091903e-15,1.0000000000000000e+06,1.9630714776910961e+10,8.0765967406503983e+09,5.0940580175723860e-05,5.0940580175723860e-05,1.8388558020348772e-01,9.3672381415152680e-06,False,False,False,False,This bounded-gradient cap is insufficient to reproduce the local derivative-aware tangent span.,derive a bounded analytic derivative-aware coefficient-gradient formula and rerun the nonlinear h-sweep,"The row scales the local derivative-aware correction by min(1, cap/required_gradient_norm), so it is an optimistic cap-feasibility audit for bounded coefficient gradients."
cylindrical_sharp,0.01,case_local_bounded_gradient_value_full_nonfinal,paper_tfe_lower_pair_velocity_compression_bounded_gradient_cap_gap_not_full_tfe,,case_local_bounded_gradient_nonfinal_full_component_value_fit,case_local_bounded_gradient_cap_sweep,"0,1",1,24,8,16,24,16,8,132,24,25,1,9.3036978323169042e+03,1.8390370753258983e-01,1.9775253775679082e-06,1.0753047908060626e-05,2.5135954211626139e-05,1.5288668488748113e-06,1.8388558020348772e-01,1.0000000000011069e+00,1.5237703619020713e-34,1.3041630736314980e-16,1,1.0000000000000000e+00,1.2473147594845742e-07,5.8946021914045318e-08,rank=1;fro=1.247315e-07;max_abs=5.894602e-08,2.8284271247461925e+00,1.0000000000000009e+00,1.0000000000000002e+00,6.1910744433390597e-01,7.8530629207357028e-01,0.0000000000000000e+00,False,True,2.2052501805098065e-16,1.1683894389518848e-18,9.3672381415153412e-12,1.1683894389518846e-18,4.0113060025231251e-17,9.2692189604633345e-12,132,False,False,True,True,True,False,False,9.9990142273349014e-01,1.0994322339091903e-15,1.0000000000000000e+08,1.9630714776910961e+10,8.0765967406503983e+09,5.0940580175723865e-03,5.0940580175723865e-03,1.8388558020348772e-01,9.3672381415152689e-04,False,False,False,False,This bounded-gradient cap is insufficient to reproduce the local derivative-aware tangent span.,derive a bounded analytic derivative-aware coefficient-gradient formula and rerun the nonlinear h-sweep,"The row scales the local derivative-aware correction by min(1, cap/required_gradient_norm), so it is an optimistic cap-feasibility audit for bounded coefficient gradients."
cylindrical_sharp,0.01,case_local_bounded_gradient_value_full_nonfinal,paper_tfe_lower_pair_velocity_compression_bounded_gradient_cap_gap_not_full_tfe,,case_local_bounded_gradient_nonfinal_full_component_value_fit,case_local_bounded_gradient_cap_sweep,"0,1",1,24,8,16,24,16,8,132,24,25,1,9.3036978260164148e+01,1.8390370753258983e-01,9.7512984444127928e-09,5.3023936141606887e-08,1.2394692578059627e-07,7.5389358307677355e-09,1.8388558020348772e-01,1.0000000000011069e+00,1.5237703619020713e-34,1.3041630736314980e-16,1,1.0000000000000000e+00,1.2473147594845742e-07,5.8946021914045318e-08,rank=1;fro=1.247315e-07;max_abs=5.894602e-08,2.8284271247461925e+00,1.0000000000000009e+00,1.0000000000000002e+00,6.1910744433390597e-01,7.8530629207357028e-01,0.0000000000000000e+00,False,True,2.2052501805098065e-16,1.1683894389518848e-18,9.3672381415153412e-12,1.1683894389518846e-18,4.0113060025231251e-17,9.2692189604633345e-12,132,False,False,True,True,True,False,False,9.9990142273349014e-01,1.0994322339091903e-15,1.0000000000000000e+10,1.9630714776910961e+10,8.0765967406503983e+09,5.0940580175723860e-01,5.0940580175723860e-01,1.8388558020348772e-01,9.3672381415152675e-02,False,False,False,False,This bounded-gradient cap is insufficient to reproduce the local derivative-aware tangent span.,derive a bounded analytic derivative-aware coefficient-gradient formula and rerun the nonlinear h-sweep,"The row scales the local derivative-aware correction by min(1, cap/required_gradient_norm), so it is an optimistic cap-feasibility audit for bounded coefficient gradients."
cylindrical_sharp,0.01,case_local_bounded_gradient_value_full_nonfinal,paper_tfe_lower_pair_velocity_compression_bounded_gradient_cap_spans_not_full_tfe,,case_local_bounded_gradient_nonfinal_full_component_value_fit,case_local_bounded_gradient_cap_sweep,"0,1",1,24,8,16,24,16,8,132,24,24,0,4.7393576503526795e+01,1.8390370753258983e-01,2.0218966399673765e-16,1.0994322339091903e-15,1.3193124248868962e-15,7.0921860102287755e-16,1.8388558020348772e-01,1.0000000000011069e+00,1.5237703619020713e-34,1.3041630736314980e-16,1,1.0000000000000000e+00,1.2473147594845742e-07,5.8946021914045318e-08,rank=1;fro=1.247315e-07;max_abs=5.894602e-08,2.8284271247461925e+00,1.0000000000000009e+00,1.0000000000000002e+00,6.1910744433390597e-01,7.8530629207357028e-01,0.0000000000000000e+00,False,True,2.2052501805098065e-16,1.1683894389518848e-18,9.3672381415153412e-12,1.1683894389518846e-18,4.0113060025231251e-17,9.2692189604633345e-12,132,True,True,True,True,True,False,False,9.9990142273349014e-01,1.0994322339091903e-15,1.0000000000000000e+12,1.9630714776910961e+10,8.0765967406503983e+09,5.0940580175723866e+01,1.0000000000000000e+00,1.8388558020348772e-01,1.8388558020348772e-01,False,True,False,False,"This bounded-gradient cap reproduces the local derivative-aware span, but it is still a cap-scaled oracle rather than an analytic full-TFE residual or nonlinear h-sweep.",derive a bounded analytic derivative-aware coefficient-gradient formula and rerun the nonlinear h-sweep,"The row scales the local derivative-aware correction by min(1, cap/required_gradient_norm), so it is an optimistic cap-feasibility audit for bounded coefficient gradients."
cylindrical_sharp,0.01,case_local_bounded_gradient_value_full_nonfinal,paper_tfe_lower_pair_velocity_compression_bounded_gradient_cap_spans_not_full_tfe,,case_local_bounded_gradient_nonfinal_full_component_value_fit,case_local_bounded_gradient_cap_sweep,"0,1",1,24,8,16,24,16,8,132,24,24,0,4.7393576503526795e+01,1.8390370753258983e-01,2.0218966399673765e-16,1.0994322339091903e-15,1.3193124248868962e-15,7.0921860102287755e-16,1.8388558020348772e-01,1.0000000000011069e+00,1.5237703619020713e-34,1.3041630736314980e-16,1,1.0000000000000000e+00,1.2473147594845742e-07,5.8946021914045318e-08,rank=1;fro=1.247315e-07;max_abs=5.894602e-08,2.8284271247461925e+00,1.0000000000000009e+00,1.0000000000000002e+00,6.1910744433390597e-01,7.8530629207357028e-01,0.0000000000000000e+00,False,True,2.2052501805098065e-16,1.1683894389518848e-18,9.3672381415153412e-12,1.1683894389518846e-18,4.0113060025231251e-17,9.2692189604633345e-12,132,True,True,True,True,True,False,False,9.9990142273349014e-01,1.0994322339091903e-15,1.0000000000000000e+14,1.9630714776910961e+10,8.0765967406503983e+09,5.0940580175723862e+03,1.0000000000000000e+00,1.8388558020348772e-01,1.8388558020348772e-01,False,True,False,False,"This bounded-gradient cap reproduces the local derivative-aware span, but it is still a cap-scaled oracle rather than an analytic full-TFE residual or nonlinear h-sweep.",derive a bounded analytic derivative-aware coefficient-gradient formula and rerun the nonlinear h-sweep,"The row scales the local derivative-aware correction by min(1, cap/required_gradient_norm), so it is an optimistic cap-feasibility audit for bounded coefficient gradients."
cylindrical_sharp,0.01,case_local_bounded_gradient_value_full_nonfinal,paper_tfe_lower_pair_velocity_compression_bounded_gradient_cap_spans_not_full_tfe,,case_local_bounded_gradient_nonfinal_full_component_value_fit,case_local_bounded_gradient_cap_sweep,"0,1",1,24,8,16,24,16,8,132,24,24,0,4.7393576503526795e+01,1.8390370753258983e-01,2.0218966399673765e-16,1.0994322339091903e-15,1.3193124248868962e-15,7.0921860102287755e-16,1.8388558020348772e-01,1.0000000000011069e+00,1.5237703619020713e-34,1.3041630736314980e-16,1,1.0000000000000000e+00,1.2473147594845742e-07,5.8946021914045318e-08,rank=1;fro=1.247315e-07;max_abs=5.894602e-08,2.8284271247461925e+00,1.0000000000000009e+00,1.0000000000000002e+00,6.1910744433390597e-01,7.8530629207357028e-01,0.0000000000000000e+00,False,True,2.2052501805098065e-16,1.1683894389518848e-18,9.3672381415153412e-12,1.1683894389518846e-18,4.0113060025231251e-17,9.2692189604633345e-12,132,True,True,True,True,True,False,False,9.9990142273349014e-01,1.0994322339091903e-15,1.0000000000000000e+16,1.9630714776910961e+10,8.0765967406503983e+09,5.0940580175723863e+05,1.0000000000000000e+00,1.8388558020348772e-01,1.8388558020348772e-01,False,True,False,False,"This bounded-gradient cap reproduces the local derivative-aware span, but it is still a cap-scaled oracle rather than an analytic full-TFE residual or nonlinear h-sweep.",derive a bounded analytic derivative-aware coefficient-gradient formula and rerun the nonlinear h-sweep,"The row scales the local derivative-aware correction by min(1, cap/required_gradient_norm), so it is an optimistic cap-feasibility audit for bounded coefficient gradients."
cylindrical_sharp,0.01,case_local_bounded_gradient_value_full_nonfinal,paper_tfe_lower_pair_velocity_compression_bounded_gradient_cap_spans_not_full_tfe,,case_local_bounded_gradient_nonfinal_full_component_value_fit,case_local_bounded_gradient_cap_sweep,"0,1",1,24,8,16,24,16,8,132,24,24,0,4.7393576503526795e+01,1.8390370753258983e-01,2.0218966399673765e-16,1.0994322339091903e-15,1.3193124248868962e-15,7.0921860102287755e-16,1.8388558020348772e-01,1.0000000000011069e+00,1.5237703619020713e-34,1.3041630736314980e-16,1,1.0000000000000000e+00,1.2473147594845742e-07,5.8946021914045318e-08,rank=1;fro=1.247315e-07;max_abs=5.894602e-08,2.8284271247461925e+00,1.0000000000000009e+00,1.0000000000000002e+00,6.1910744433390597e-01,7.8530629207357028e-01,0.0000000000000000e+00,False,True,2.2052501805098065e-16,1.1683894389518848e-18,9.3672381415153412e-12,1.1683894389518846e-18,4.0113060025231251e-17,9.2692189604633345e-12,132,True,True,True,True,True,False,False,9.9990142273349014e-01,1.0994322339091903e-15,1.0000000000000000e+18,1.9630714776910961e+10,8.0765967406503983e+09,5.0940580175723866e+07,1.0000000000000000e+00,1.8388558020348772e-01,1.8388558020348772e-01,False,True,False,False,"This bounded-gradient cap reproduces the local derivative-aware span, but it is still a cap-scaled oracle rather than an analytic full-TFE residual or nonlinear h-sweep.",derive a bounded analytic derivative-aware coefficient-gradient formula and rerun the nonlinear h-sweep,"The row scales the local derivative-aware correction by min(1, cap/required_gradient_norm), so it is an optimistic cap-feasibility audit for bounded coefficient gradients."
cylindrical_sharp,0.01,universal_bounded_gradient_value_full_nonfinal,paper_tfe_lower_pair_velocity_compression_bounded_gradient_cap_gap_not_full_tfe,,universal_bounded_gradient_nonfinal_full_component_value_fit,all_case_h_bounded_gradient_cap_sweep,"0,1",6,24,8,16,24,16,8,132,24,28,4,9.1525208717399895e+07,1.8390370753258983e-01,1.0643782416915511e-01,5.7876932225682898e-01,9.5526109000218951e-01,9.7044436487432786e-02,1.8388558191675508e-01,1.0000000093181363e+00,4.5145606179748471e-32,3.8639176865760433e-14,5,3.5701436665937002e+05,3.0358074882992864e-04,1.2382849716460902e-04,rank=5;fro=3.035807e-04;max_abs=1.238285e-04,2.8284271410381550e+00,1.0000000057600793e+00,1.0000000000000002e+00,8.0421962872893915e-01,5.9433222087237336e-01,0.0000000000000000e+00,False,True,2.2052501805098065e-16,1.1683894389519188e-18,9.3672381415153412e-12,1.1683894389518846e-18,4.0113060025231251e-17,9.2692189604633345e-12,132,False,False,True,True,True,False,False,9.9990139038588766e-01,1.3293897923206469e-15,1.0000000000000000e+04,1.9630714959810909e+10,8.0765968633715343e+09,5.0940579701108979e-07,5.0940579701108979e-07,1.8388558191675508e-01,9.3672381415152684e-08,False,False,False,False,This bounded-gradient cap is insufficient to reproduce the local derivative-aware tangent span.,derive a bounded analytic derivative-aware coefficient-gradient formula and rerun the nonlinear h-sweep,"The row scales the local derivative-aware correction by min(1, cap/required_gradient_norm), so it is an optimistic cap-feasibility audit for bounded coefficient gradients."
cylindrical_sharp,0.01,universal_bounded_gradient_value_full_nonfinal,paper_tfe_lower_pair_velocity_compression_bounded_gradient_cap_gap_not_full_tfe,,universal_bounded_gradient_nonfinal_full_component_value_fit,all_case_h_bounded_gradient_cap_sweep,"0,1",6,24,8,16,24,16,8,132,24,28,4,9.2928735049318755e+05,1.8390370753258983e-01,5.0429248494863840e-02,2.7421550751458995e-01,4.9991649736228810e-01,3.2380896790346093e-02,1.8388558191675508e-01,1.0000000093181363e+00,4.5145606179748471e-32,3.8639176865760433e-14,5,3.5701436665937002e+05,3.0358074882992864e-04,1.2382849716460902e-04,rank=5;fro=3.035807e-04;max_abs=1.238285e-04,2.8284271410381550e+00,1.0000000057600793e+00,1.0000000000000002e+00,8.0421962872893915e-01,5.9433222087237336e-01,0.0000000000000000e+00,False,True,2.2052501805098065e-16,1.1683894389519188e-18,9.3672381415153412e-12,1.1683894389518846e-18,4.0113060025231251e-17,9.2692189604633345e-12,132,False,False,True,True,True,False,False,9.9990139038588766e-01,1.3293897923206469e-15,1.0000000000000000e+06,1.9630714959810909e+10,8.0765968633715343e+09,5.0940579701108978e-05,5.0940579701108978e-05,1.8388558191675508e-01,9.3672381415152680e-06,False,False,False,False,This bounded-gradient cap is insufficient to reproduce the local derivative-aware tangent span.,derive a bounded analytic derivative-aware coefficient-gradient formula and rerun the nonlinear h-sweep,"The row scales the local derivative-aware correction by min(1, cap/required_gradient_norm), so it is an optimistic cap-feasibility audit for bounded coefficient gradients."
cylindrical_sharp,0.01,universal_bounded_gradient_value_full_nonfinal,paper_tfe_lower_pair_velocity_compression_bounded_gradient_cap_gap_not_full_tfe,,universal_bounded_gradient_nonfinal_full_component_value_fit,all_case_h_bounded_gradient_cap_sweep,"0,1",6,24,8,16,24,16,8,132,24,28,4,9.3033271189357747e+03,1.8390370753258983e-01,4.6177680753680698e-03,2.5109706255104992e-02,5.1163261526652376e-02,6.8040073151581727e-04,1.8388558191675508e-01,1.0000000093181363e+00,4.5145606179748471e-32,3.8639176865760433e-14,5,3.5701436665937002e+05,3.0358074882992864e-04,1.2382849716460902e-04,rank=5;fro=3.035807e-04;max_abs=1.238285e-04,2.8284271410381550e+00,1.0000000057600793e+00,1.0000000000000002e+00,8.0421962872893915e-01,5.9433222087237336e-01,0.0000000000000000e+00,False,True,2.2052501805098065e-16,1.1683894389519188e-18,9.3672381415153412e-12,1.1683894389518846e-18,4.0113060025231251e-17,9.2692189604633345e-12,132,False,False,True,True,True,False,False,9.9990139038588766e-01,1.3293897923206469e-15,1.0000000000000000e+08,1.9630714959810909e+10,8.0765968633715343e+09,5.0940579701108978e-03,5.0940579701108978e-03,1.8388558191675508e-01,9.3672381415152667e-04,False,False,False,False,This bounded-gradient cap is insufficient to reproduce the local derivative-aware tangent span.,derive a bounded analytic derivative-aware coefficient-gradient formula and rerun the nonlinear h-sweep,"The row scales the local derivative-aware correction by min(1, cap/required_gradient_norm), so it is an optimistic cap-feasibility audit for bounded coefficient gradients."
cylindrical_sharp,0.01,universal_bounded_gradient_value_full_nonfinal,paper_tfe_lower_pair_velocity_compression_bounded_gradient_cap_gap_not_full_tfe,,universal_bounded_gradient_nonfinal_full_component_value_fit,all_case_h_bounded_gradient_cap_sweep,"0,1",6,24,8,16,24,16,8,132,24,28,4,9.3036979102442984e+01,1.8390370753258983e-01,2.2891139502634008e-05,1.2447350741190161e-04,2.5362947034956226e-04,3.3685309742432911e-06,1.8388558191675508e-01,1.0000000093181363e+00,4.5145606179748471e-32,3.8639176865760433e-14,5,3.5701436665937002e+05,3.0358074882992864e-04,1.2382849716460902e-04,rank=5;fro=3.035807e-04;max_abs=1.238285e-04,2.8284271410381550e+00,1.0000000057600793e+00,1.0000000000000002e+00,8.0421962872893915e-01,5.9433222087237336e-01,0.0000000000000000e+00,False,True,2.2052501805098065e-16,1.1683894389519188e-18,9.3672381415153412e-12,1.1683894389518846e-18,4.0113060025231251e-17,9.2692189604633345e-12,132,False,False,True,True,True,False,False,9.9990139038588766e-01,1.3293897923206469e-15,1.0000000000000000e+10,1.9630714959810909e+10,8.0765968633715343e+09,5.0940579701108979e-01,5.0940579701108979e-01,1.8388558191675508e-01,9.3672381415152675e-02,False,False,False,False,This bounded-gradient cap is insufficient to reproduce the local derivative-aware tangent span.,derive a bounded analytic derivative-aware coefficient-gradient formula and rerun the nonlinear h-sweep,"The row scales the local derivative-aware correction by min(1, cap/required_gradient_norm), so it is an optimistic cap-feasibility audit for bounded coefficient gradients."
cylindrical_sharp,0.01,universal_bounded_gradient_value_full_nonfinal,paper_tfe_lower_pair_velocity_compression_bounded_gradient_cap_spans_not_full_tfe,,universal_bounded_gradient_nonfinal_full_component_value_fit,all_case_h_bounded_gradient_cap_sweep,"0,1",6,24,8,16,24,16,8,132,24,24,0,4.7393576503527541e+01,1.8390370753258983e-01,2.4447971156374658e-16,1.3293897923206469e-15,2.2198238917950762e-15,5.0197933741772688e-16,1.8388558191675508e-01,1.0000000093181363e+00,4.5145606179748471e-32,3.8639176865760433e-14,5,3.5701436665937002e+05,3.0358074882992864e-04,1.2382849716460902e-04,rank=5;fro=3.035807e-04;max_abs=1.238285e-04,2.8284271410381550e+00,1.0000000057600793e+00,1.0000000000000002e+00,8.0421962872893915e-01,5.9433222087237336e-01,0.0000000000000000e+00,False,True,2.2052501805098065e-16,1.1683894389519188e-18,9.3672381415153412e-12,1.1683894389518846e-18,4.0113060025231251e-17,9.2692189604633345e-12,132,True,True,True,True,True,False,False,9.9990139038588766e-01,1.3293897923206469e-15,1.0000000000000000e+12,1.9630714959810909e+10,8.0765968633715343e+09,5.0940579701108980e+01,1.0000000000000000e+00,1.8388558191675508e-01,1.8388558191675508e-01,False,True,False,False,"This bounded-gradient cap reproduces the local derivative-aware span, but it is still a cap-scaled oracle rather than an analytic full-TFE residual or nonlinear h-sweep.",derive a bounded analytic derivative-aware coefficient-gradient formula and rerun the nonlinear h-sweep,"The row scales the local derivative-aware correction by min(1, cap/required_gradient_norm), so it is an optimistic cap-feasibility audit for bounded coefficient gradients."
cylindrical_sharp,0.01,universal_bounded_gradient_value_full_nonfinal,paper_tfe_lower_pair_velocity_compression_bounded_gradient_cap_spans_not_full_tfe,,universal_bounded_gradient_nonfinal_full_component_value_fit,all_case_h_bounded_gradient_cap_sweep,"0,1",6,24,8,16,24,16,8,132,24,24,0,4.7393576503527541e+01,1.8390370753258983e-01,2.4447971156374658e-16,1.3293897923206469e-15,2.2198238917950762e-15,5.0197933741772688e-16,1.8388558191675508e-01,1.0000000093181363e+00,4.5145606179748471e-32,3.8639176865760433e-14,5,3.5701436665937002e+05,3.0358074882992864e-04,1.2382849716460902e-04,rank=5;fro=3.035807e-04;max_abs=1.238285e-04,2.8284271410381550e+00,1.0000000057600793e+00,1.0000000000000002e+00,8.0421962872893915e-01,5.9433222087237336e-01,0.0000000000000000e+00,False,True,2.2052501805098065e-16,1.1683894389519188e-18,9.3672381415153412e-12,1.1683894389518846e-18,4.0113060025231251e-17,9.2692189604633345e-12,132,True,True,True,True,True,False,False,9.9990139038588766e-01,1.3293897923206469e-15,1.0000000000000000e+14,1.9630714959810909e+10,8.0765968633715343e+09,5.0940579701108982e+03,1.0000000000000000e+00,1.8388558191675508e-01,1.8388558191675508e-01,False,True,False,False,"This bounded-gradient cap reproduces the local derivative-aware span, but it is still a cap-scaled oracle rather than an analytic full-TFE residual or nonlinear h-sweep.",derive a bounded analytic derivative-aware coefficient-gradient formula and rerun the nonlinear h-sweep,"The row scales the local derivative-aware correction by min(1, cap/required_gradient_norm), so it is an optimistic cap-feasibility audit for bounded coefficient gradients."
cylindrical_sharp,0.01,universal_bounded_gradient_value_full_nonfinal,paper_tfe_lower_pair_velocity_compression_bounded_gradient_cap_spans_not_full_tfe,,universal_bounded_gradient_nonfinal_full_component_value_fit,all_case_h_bounded_gradient_cap_sweep,"0,1",6,24,8,16,24,16,8,132,24,24,0,4.7393576503527541e+01,1.8390370753258983e-01,2.4447971156374658e-16,1.3293897923206469e-15,2.2198238917950762e-15,5.0197933741772688e-16,1.8388558191675508e-01,1.0000000093181363e+00,4.5145606179748471e-32,3.8639176865760433e-14,5,3.5701436665937002e+05,3.0358074882992864e-04,1.2382849716460902e-04,rank=5;fro=3.035807e-04;max_abs=1.238285e-04,2.8284271410381550e+00,1.0000000057600793e+00,1.0000000000000002e+00,8.0421962872893915e-01,5.9433222087237336e-01,0.0000000000000000e+00,False,True,2.2052501805098065e-16,1.1683894389519188e-18,9.3672381415153412e-12,1.1683894389518846e-18,4.0113060025231251e-17,9.2692189604633345e-12,132,True,True,True,True,True,False,False,9.9990139038588766e-01,1.3293897923206469e-15,1.0000000000000000e+16,1.9630714959810909e+10,8.0765968633715343e+09,5.0940579701108980e+05,1.0000000000000000e+00,1.8388558191675508e-01,1.8388558191675508e-01,False,True,False,False,"This bounded-gradient cap reproduces the local derivative-aware span, but it is still a cap-scaled oracle rather than an analytic full-TFE residual or nonlinear h-sweep.",derive a bounded analytic derivative-aware coefficient-gradient formula and rerun the nonlinear h-sweep,"The row scales the local derivative-aware correction by min(1, cap/required_gradient_norm), so it is an optimistic cap-feasibility audit for bounded coefficient gradients."
cylindrical_sharp,0.01,universal_bounded_gradient_value_full_nonfinal,paper_tfe_lower_pair_velocity_compression_bounded_gradient_cap_spans_not_full_tfe,,universal_bounded_gradient_nonfinal_full_component_value_fit,all_case_h_bounded_gradient_cap_sweep,"0,1",6,24,8,16,24,16,8,132,24,24,0,4.7393576503527541e+01,1.8390370753258983e-01,2.4447971156374658e-16,1.3293897923206469e-15,2.2198238917950762e-15,5.0197933741772688e-16,1.8388558191675508e-01,1.0000000093181363e+00,4.5145606179748471e-32,3.8639176865760433e-14,5,3.5701436665937002e+05,3.0358074882992864e-04,1.2382849716460902e-04,rank=5;fro=3.035807e-04;max_abs=1.238285e-04,2.8284271410381550e+00,1.0000000057600793e+00,1.0000000000000002e+00,8.0421962872893915e-01,5.9433222087237336e-01,0.0000000000000000e+00,False,True,2.2052501805098065e-16,1.1683894389519188e-18,9.3672381415153412e-12,1.1683894389518846e-18,4.0113060025231251e-17,9.2692189604633345e-12,132,True,True,True,True,True,False,False,9.9990139038588766e-01,1.3293897923206469e-15,1.0000000000000000e+18,1.9630714959810909e+10,8.0765968633715343e+09,5.0940579701108977e+07,1.0000000000000000e+00,1.8388558191675508e-01,1.8388558191675508e-01,False,True,False,False,"This bounded-gradient cap reproduces the local derivative-aware span, but it is still a cap-scaled oracle rather than an analytic full-TFE residual or nonlinear h-sweep.",derive a bounded analytic derivative-aware coefficient-gradient formula and rerun the nonlinear h-sweep,"The row scales the local derivative-aware correction by min(1, cap/required_gradient_norm), so it is an optimistic cap-feasibility audit for bounded coefficient gradients."
