case,h,candidate_basis,status,error_message,candidate_kind,fit_scope,feature_family,feature_scope,active_stage_rows,training_sample_count,basis_row_count,compression_row_count,source_consistency_rows,velocity_stage_rows,active_velocity_rows,history_feature_rows,history_feature_rank,history_feature_condition,history_step_count,history_direction_count,history_delta_norm,history_source_transport_used,history_velocity_transport_used,history_combined_transport_used,uses_final_stage_velocity_feature,target_row_count,stage_unknown_count,basis_rank,augmented_rank,independent_target_rank,basis_condition,target_jacobian_norm,oracle_correction_norm,history_projected_correction_norm,history_correction_residual_norm,history_correction_relative_residual,max_history_row_relative_residual,projection_residual_norm,projection_relative_residual,max_row_relative_residual,min_row_relative_residual,value_residual_norm,value_level_balance_ok,meaningful_nonfinal_energy,target_jacobian_used_for_capacity_fit,target_direction_oracle_used_for_formula,endpoint_boundary_source_removed,target_terminal_boundary_row_used,terminal_row_replacement_used,projection_used,accepted_h_sweep_present,full_tfe_stage_replacement,history_capacity_spans_target,blocking_gap,next_repair_target,notes
cylindrical_smooth,0.04,case_local_history_capacity_value_scalar_nonfinal,paper_tfe_lower_pair_velocity_compression_history_capacity_gap_not_full_tfe,,case_local_history_capacity_nonfinal_stage_scalar_value_fit,case_local_history_capacity_oracle_fit,history_source_transport_delta_rows_perp,one-step transported source-row deltas residualized against local source rows,"0,1",1,24,8,16,24,16,16,16,3.7770054819066289e+01,1,16,2.7714299798133224e-01,True,False,False,False,8,132,24,32,8,3.8954007531037782e+03,3.7127280938507345e-01,3.6464473006524034e-01,1.8734455703708192e-01,3.1283829067576036e-01,8.5792626324200261e-01,9.9468851448868734e-01,3.1283829067576030e-01,8.4261029293770184e-01,9.9283700884480275e-01,5.6886231994989267e-01,6.7406137997733683e-18,True,True,True,False,True,True,False,False,False,False,False,The tested one-step history-transport non-final source features do not reproduce the local correction.,derive a revised weak-row formula or multi-step nonlinear history source law for the coefficient-gradient closure,"This capacity audit builds a one-step transported local state from the current terminal output and tests source-row/velocity-row deltas as history features. It is a trajectory-history feature-space test, not a target-free formula and not an accepted nonlinear h-sweep."
cylindrical_smooth,0.04,case_local_history_capacity_value_scalar_nonfinal,paper_tfe_lower_pair_velocity_compression_history_capacity_gap_not_full_tfe,,case_local_history_capacity_nonfinal_stage_scalar_value_fit,case_local_history_capacity_oracle_fit,active_plus_history_source_transport_delta_rows_perp,active non-final velocity plus one-step transported source-row deltas,"0,1",1,24,8,16,24,16,32,32,4.4404846327001457e+02,1,32,6.5331959646358495e-01,True,False,False,False,8,132,24,30,6,2.8565796375171813e+03,3.7127280938507345e-01,3.6464473006524034e-01,2.2928708409008047e-01,2.8353696801972811e-01,7.7757045321620077e-01,9.9301976893939436e-01,2.8353696801972811e-01,7.6368902018260043e-01,9.9117136948579732e-01,1.9690967813345840e-15,6.7406137997733683e-18,True,True,True,False,True,True,False,False,False,False,False,The tested one-step history-transport non-final source features do not reproduce the local correction.,derive a revised weak-row formula or multi-step nonlinear history source law for the coefficient-gradient closure,"This capacity audit builds a one-step transported local state from the current terminal output and tests source-row/velocity-row deltas as history features. It is a trajectory-history feature-space test, not a target-free formula and not an accepted nonlinear h-sweep."
cylindrical_smooth,0.04,case_local_history_capacity_value_scalar_nonfinal,paper_tfe_lower_pair_velocity_compression_history_capacity_gap_not_full_tfe,,case_local_history_capacity_nonfinal_stage_scalar_value_fit,case_local_history_capacity_oracle_fit,history_velocity_transport_delta_rows_perp,one-step transported non-final velocity-row deltas residualized against local source rows,"0,1",1,24,8,16,24,16,16,16,3.9596550243755570e+04,1,16,6.0234079786946608e-02,False,True,False,False,8,132,24,32,8,3.0372709651094604e+08,3.7127280938507345e-01,3.6464473006524034e-01,2.9348007781654369e-02,3.6346179111923155e-01,9.9675591377449180e-01,9.9993792404307980e-01,3.6346179111854759e-01,9.7896151274998300e-01,9.9952645863953726e-01,9.3044480274218466e-01,6.7406137997733683e-18,True,True,True,False,True,True,False,False,False,False,False,The tested one-step history-transport non-final source features do not reproduce the local correction.,derive a revised weak-row formula or multi-step nonlinear history source law for the coefficient-gradient closure,"This capacity audit builds a one-step transported local state from the current terminal output and tests source-row/velocity-row deltas as history features. It is a trajectory-history feature-space test, not a target-free formula and not an accepted nonlinear h-sweep."
cylindrical_smooth,0.04,case_local_history_capacity_value_scalar_nonfinal,paper_tfe_lower_pair_velocity_compression_history_capacity_gap_not_full_tfe,,case_local_history_capacity_nonfinal_stage_scalar_value_fit,case_local_history_capacity_oracle_fit,active_plus_history_velocity_transport_delta_rows_perp,active non-final velocity plus one-step transported velocity-row deltas,"0,1",1,24,8,16,24,16,32,28,2.1442207308427783e+05,1,32,5.9468176208880064e-01,False,True,False,False,8,132,24,32,8,3.0387662341627097e+08,3.7127280938507345e-01,3.6464473006524034e-01,2.9348802647805802e-02,3.6346172693626505e-01,9.9675573775942505e-01,9.9993792382218205e-01,3.6346172693626505e-01,9.7896133987903500e-01,9.9952645841873045e-01,9.3044384052212048e-01,6.7406137997733683e-18,True,True,True,False,True,True,False,False,False,False,False,The tested one-step history-transport non-final source features do not reproduce the local correction.,derive a revised weak-row formula or multi-step nonlinear history source law for the coefficient-gradient closure,"This capacity audit builds a one-step transported local state from the current terminal output and tests source-row/velocity-row deltas as history features. It is a trajectory-history feature-space test, not a target-free formula and not an accepted nonlinear h-sweep."
cylindrical_smooth,0.04,case_local_history_capacity_value_scalar_nonfinal,paper_tfe_lower_pair_velocity_compression_history_capacity_gap_not_full_tfe,,case_local_history_capacity_nonfinal_stage_scalar_value_fit,case_local_history_capacity_oracle_fit,history_source_velocity_transport_delta_rows_perp,one-step transported source-row and non-final velocity-row deltas,"0,1",1,24,8,16,24,16,32,32,1.7648416176101193e+07,1,32,2.8361309154878761e-01,True,True,True,False,8,132,24,30,6,1.1378393940732615e+03,3.7127280938507345e-01,3.6464473006524034e-01,2.2761975269939799e-01,2.8487721450721232e-01,7.8124593890673688e-01,9.9215040835468771e-01,2.8487721450721237e-01,7.6729888994307127e-01,9.9030362712227826e-01,1.9853837295710498e-15,6.7406137997733683e-18,True,True,True,False,True,True,False,False,False,False,False,The tested one-step history-transport non-final source features do not reproduce the local correction.,derive a revised weak-row formula or multi-step nonlinear history source law for the coefficient-gradient closure,"This capacity audit builds a one-step transported local state from the current terminal output and tests source-row/velocity-row deltas as history features. It is a trajectory-history feature-space test, not a target-free formula and not an accepted nonlinear h-sweep."
cylindrical_smooth,0.04,case_local_history_capacity_value_scalar_nonfinal,paper_tfe_lower_pair_velocity_compression_history_capacity_gap_not_full_tfe,,case_local_history_capacity_nonfinal_stage_scalar_value_fit,case_local_history_capacity_oracle_fit,active_plus_history_source_velocity_transport_delta_rows_perp,active non-final velocity plus one-step source/velocity transport deltas,"0,1",1,24,8,16,24,16,48,44,2.4682074768076431e+07,1,48,6.5609042020983788e-01,True,True,True,False,8,132,24,30,6,1.1064611286333584e+03,3.7127280938507345e-01,3.6464473006524034e-01,2.3266066387231987e-01,2.8077534551817313e-01,7.6999699260136922e-01,9.9215040731008242e-01,2.8077534551817307e-01,7.5625076337588992e-01,9.9030362607961731e-01,2.2414742304130000e-15,6.7406137997733683e-18,True,True,True,False,True,True,False,False,False,False,False,The tested one-step history-transport non-final source features do not reproduce the local correction.,derive a revised weak-row formula or multi-step nonlinear history source law for the coefficient-gradient closure,"This capacity audit builds a one-step transported local state from the current terminal output and tests source-row/velocity-row deltas as history features. It is a trajectory-history feature-space test, not a target-free formula and not an accepted nonlinear h-sweep."
cylindrical_smooth,0.04,universal_history_capacity_value_scalar_nonfinal,paper_tfe_lower_pair_velocity_compression_history_capacity_gap_not_full_tfe,,universal_history_capacity_nonfinal_stage_scalar_value_fit,all_case_h_history_capacity_oracle_fit,history_source_transport_delta_rows_perp,one-step transported source-row deltas residualized against local source rows,"0,1",6,24,8,16,24,16,16,16,3.7770054819066289e+01,1,16,2.7714299798133224e-01,True,False,False,False,8,132,24,32,8,3.8954007531042107e+03,3.7127280938507345e-01,3.6464473007478193e-01,1.8734455662220115e-01,3.1283829093533516e-01,8.5792626393141014e-01,9.9468851450745288e-01,3.1283829093533516e-01,8.4261029363685047e-01,9.9283700886619919e-01,5.6886232241298462e-01,7.6071816433064978e-18,True,True,True,False,True,True,False,False,False,False,False,The tested one-step history-transport non-final source features do not reproduce the local correction.,derive a revised weak-row formula or multi-step nonlinear history source law for the coefficient-gradient closure,"This capacity audit builds a one-step transported local state from the current terminal output and tests source-row/velocity-row deltas as history features. It is a trajectory-history feature-space test, not a target-free formula and not an accepted nonlinear h-sweep."
cylindrical_smooth,0.04,universal_history_capacity_value_scalar_nonfinal,paper_tfe_lower_pair_velocity_compression_history_capacity_gap_not_full_tfe,,universal_history_capacity_nonfinal_stage_scalar_value_fit,all_case_h_history_capacity_oracle_fit,active_plus_history_source_transport_delta_rows_perp,active non-final velocity plus one-step transported source-row deltas,"0,1",6,24,8,16,24,16,32,32,4.4404846327001457e+02,1,32,6.5331959646358495e-01,True,False,False,False,8,132,24,30,6,2.8565796375171872e+03,3.7127280938507345e-01,3.6464473007478193e-01,2.2928708410525503e-01,2.8353696801972816e-01,7.7757045319585438e-01,9.9301976893672816e-01,2.8353696801972811e-01,7.6368902018260043e-01,9.9117136948579732e-01,1.7079500294785098e-15,7.6071816433064978e-18,True,True,True,False,True,True,False,False,False,False,False,The tested one-step history-transport non-final source features do not reproduce the local correction.,derive a revised weak-row formula or multi-step nonlinear history source law for the coefficient-gradient closure,"This capacity audit builds a one-step transported local state from the current terminal output and tests source-row/velocity-row deltas as history features. It is a trajectory-history feature-space test, not a target-free formula and not an accepted nonlinear h-sweep."
cylindrical_smooth,0.04,universal_history_capacity_value_scalar_nonfinal,paper_tfe_lower_pair_velocity_compression_history_capacity_gap_not_full_tfe,,universal_history_capacity_nonfinal_stage_scalar_value_fit,all_case_h_history_capacity_oracle_fit,history_velocity_transport_delta_rows_perp,one-step transported non-final velocity-row deltas residualized against local source rows,"0,1",6,24,8,16,24,16,16,16,3.9596550243755570e+04,1,16,6.0234079786946608e-02,False,True,False,False,8,132,24,32,8,3.0388974720482808e+08,3.7127280938507345e-01,3.6464473007478193e-01,2.9348007900217382e-02,3.6346179111923077e-01,9.9675591374840777e-01,9.9993792404249571e-01,3.6346179111920962e-01,9.7896151275176613e-01,9.9952645863953726e-01,9.3044480275283070e-01,7.6071816433064978e-18,True,True,True,False,True,True,False,False,False,False,False,The tested one-step history-transport non-final source features do not reproduce the local correction.,derive a revised weak-row formula or multi-step nonlinear history source law for the coefficient-gradient closure,"This capacity audit builds a one-step transported local state from the current terminal output and tests source-row/velocity-row deltas as history features. It is a trajectory-history feature-space test, not a target-free formula and not an accepted nonlinear h-sweep."
cylindrical_smooth,0.04,universal_history_capacity_value_scalar_nonfinal,paper_tfe_lower_pair_velocity_compression_history_capacity_gap_not_full_tfe,,universal_history_capacity_nonfinal_stage_scalar_value_fit,all_case_h_history_capacity_oracle_fit,active_plus_history_velocity_transport_delta_rows_perp,active non-final velocity plus one-step transported velocity-row deltas,"0,1",6,24,8,16,24,16,32,28,2.1442207308427783e+05,1,32,5.9468176208880064e-01,False,True,False,False,8,132,24,32,8,3.0387662299803442e+08,3.7127280938507345e-01,3.6464473007478193e-01,2.9348802766355812e-02,3.6346172693626505e-01,9.9675573773334314e-01,9.9993792382159796e-01,3.6346172693626505e-01,9.7896133987903500e-01,9.9952645841873056e-01,9.3044384052212048e-01,7.6071816433064978e-18,True,True,True,False,True,True,False,False,False,False,False,The tested one-step history-transport non-final source features do not reproduce the local correction.,derive a revised weak-row formula or multi-step nonlinear history source law for the coefficient-gradient closure,"This capacity audit builds a one-step transported local state from the current terminal output and tests source-row/velocity-row deltas as history features. It is a trajectory-history feature-space test, not a target-free formula and not an accepted nonlinear h-sweep."
cylindrical_smooth,0.04,universal_history_capacity_value_scalar_nonfinal,paper_tfe_lower_pair_velocity_compression_history_capacity_gap_not_full_tfe,,universal_history_capacity_nonfinal_stage_scalar_value_fit,all_case_h_history_capacity_oracle_fit,history_source_velocity_transport_delta_rows_perp,one-step transported source-row and non-final velocity-row deltas,"0,1",6,24,8,16,24,16,32,32,1.7648416176101193e+07,1,32,2.8361309154878761e-01,True,True,True,False,8,132,24,30,6,1.1378393940763926e+03,3.7127280938507345e-01,3.6464473007478193e-01,2.2761975266611298e-01,2.8487721454601356e-01,7.8124593899270256e-01,9.9215040835202406e-01,2.8487721454601356e-01,7.6729889004757990e-01,9.9030362712227826e-01,2.5840418396649279e-15,7.6071816433064978e-18,True,True,True,False,True,True,False,False,False,False,False,The tested one-step history-transport non-final source features do not reproduce the local correction.,derive a revised weak-row formula or multi-step nonlinear history source law for the coefficient-gradient closure,"This capacity audit builds a one-step transported local state from the current terminal output and tests source-row/velocity-row deltas as history features. It is a trajectory-history feature-space test, not a target-free formula and not an accepted nonlinear h-sweep."
cylindrical_smooth,0.04,universal_history_capacity_value_scalar_nonfinal,paper_tfe_lower_pair_velocity_compression_history_capacity_gap_not_full_tfe,,universal_history_capacity_nonfinal_stage_scalar_value_fit,all_case_h_history_capacity_oracle_fit,active_plus_history_source_velocity_transport_delta_rows_perp,active non-final velocity plus one-step source/velocity transport deltas,"0,1",6,24,8,16,24,16,48,44,2.4682074768076431e+07,1,48,6.5609042020983788e-01,True,True,True,False,8,132,24,30,6,1.1064611286327420e+03,3.7127280938507345e-01,3.6464473007478193e-01,2.3266066388728499e-01,2.8077534551817324e-01,7.6999699258122112e-01,9.9215040730741855e-01,2.8077534551817324e-01,7.5625076337589037e-01,9.9030362607961731e-01,1.8700685228345676e-15,7.6071816433064978e-18,True,True,True,False,True,True,False,False,False,False,False,The tested one-step history-transport non-final source features do not reproduce the local correction.,derive a revised weak-row formula or multi-step nonlinear history source law for the coefficient-gradient closure,"This capacity audit builds a one-step transported local state from the current terminal output and tests source-row/velocity-row deltas as history features. It is a trajectory-history feature-space test, not a target-free formula and not an accepted nonlinear h-sweep."
cylindrical_smooth,0.04,case_local_history_capacity_value_component_nonfinal,paper_tfe_lower_pair_velocity_compression_history_capacity_gap_not_full_tfe,,case_local_history_capacity_nonfinal_component_diagonal_value_fit,case_local_history_capacity_oracle_fit,history_source_transport_delta_rows_perp,one-step transported source-row deltas residualized against local source rows,"0,1",1,24,8,16,24,16,16,16,3.7770054819066289e+01,1,16,2.7714299798133224e-01,True,False,False,False,8,132,24,32,8,2.0593090286020815e+03,3.7127280938507345e-01,3.6505364663439654e-01,1.9185209529022473e-01,3.1057517359541364e-01,8.5076584348288009e-01,9.9468851451019968e-01,3.0440838836462436e-01,8.1990488037302178e-01,9.9283641005637369e-01,1.9667000487865668e-01,1.0969092796788381e-33,True,True,True,False,True,True,False,False,False,False,False,The tested one-step history-transport non-final source features do not reproduce the local correction.,derive a revised weak-row formula or multi-step nonlinear history source law for the coefficient-gradient closure,"This capacity audit builds a one-step transported local state from the current terminal output and tests source-row/velocity-row deltas as history features. It is a trajectory-history feature-space test, not a target-free formula and not an accepted nonlinear h-sweep."
cylindrical_smooth,0.04,case_local_history_capacity_value_component_nonfinal,paper_tfe_lower_pair_velocity_compression_history_capacity_gap_not_full_tfe,,case_local_history_capacity_nonfinal_component_diagonal_value_fit,case_local_history_capacity_oracle_fit,active_plus_history_source_transport_delta_rows_perp,active non-final velocity plus one-step transported source-row deltas,"0,1",1,24,8,16,24,16,32,32,4.4404846327001457e+02,1,32,6.5331959646358495e-01,True,False,False,False,8,132,24,30,6,2.8565801105163114e+03,3.7127280938507345e-01,3.6505364663439654e-01,2.2993684499716563e-01,2.8353696801972811e-01,7.7669945399474971e-01,9.9301976893594435e-01,2.8353696801972811e-01,7.6368902018260043e-01,9.9117136948579732e-01,2.2529685718845436e-15,1.0969092796788381e-33,True,True,True,False,True,True,False,False,False,False,False,The tested one-step history-transport non-final source features do not reproduce the local correction.,derive a revised weak-row formula or multi-step nonlinear history source law for the coefficient-gradient closure,"This capacity audit builds a one-step transported local state from the current terminal output and tests source-row/velocity-row deltas as history features. It is a trajectory-history feature-space test, not a target-free formula and not an accepted nonlinear h-sweep."
cylindrical_smooth,0.04,case_local_history_capacity_value_component_nonfinal,paper_tfe_lower_pair_velocity_compression_history_capacity_gap_not_full_tfe,,case_local_history_capacity_nonfinal_component_diagonal_value_fit,case_local_history_capacity_oracle_fit,history_velocity_transport_delta_rows_perp,one-step transported non-final velocity-row deltas residualized against local source rows,"0,1",1,24,8,16,24,16,16,16,3.9596550243755570e+04,1,16,6.0234079786946608e-02,False,True,False,False,8,132,24,32,8,3.0379793104021680e+08,3.7127280938507345e-01,3.6505364663439654e-01,3.4054240815221674e-02,3.6346179111918997e-01,9.9563939292243031e-01,9.9993792404260062e-01,3.6346179110692295e-01,9.7896151271867271e-01,9.9952645863953204e-01,9.3044480256123208e-01,1.0969092796788381e-33,True,True,True,False,True,True,False,False,False,False,False,The tested one-step history-transport non-final source features do not reproduce the local correction.,derive a revised weak-row formula or multi-step nonlinear history source law for the coefficient-gradient closure,"This capacity audit builds a one-step transported local state from the current terminal output and tests source-row/velocity-row deltas as history features. It is a trajectory-history feature-space test, not a target-free formula and not an accepted nonlinear h-sweep."
cylindrical_smooth,0.04,case_local_history_capacity_value_component_nonfinal,paper_tfe_lower_pair_velocity_compression_history_capacity_gap_not_full_tfe,,case_local_history_capacity_nonfinal_component_diagonal_value_fit,case_local_history_capacity_oracle_fit,active_plus_history_velocity_transport_delta_rows_perp,active non-final velocity plus one-step transported velocity-row deltas,"0,1",1,24,8,16,24,16,32,28,2.1442207308427783e+05,1,32,5.9468176208880064e-01,False,True,False,False,8,132,24,32,8,3.0387666835399157e+08,3.7127280938507345e-01,3.6505364663439654e-01,3.4054925834285953e-02,3.6346172693626505e-01,9.9563921710464154e-01,9.9993792382170288e-01,3.6346172693626505e-01,9.7896133987903500e-01,9.9952645841873045e-01,9.3044384052212048e-01,1.0969092796788381e-33,True,True,True,False,True,True,False,False,False,False,False,The tested one-step history-transport non-final source features do not reproduce the local correction.,derive a revised weak-row formula or multi-step nonlinear history source law for the coefficient-gradient closure,"This capacity audit builds a one-step transported local state from the current terminal output and tests source-row/velocity-row deltas as history features. It is a trajectory-history feature-space test, not a target-free formula and not an accepted nonlinear h-sweep."
cylindrical_smooth,0.04,case_local_history_capacity_value_component_nonfinal,paper_tfe_lower_pair_velocity_compression_history_capacity_gap_not_full_tfe,,case_local_history_capacity_nonfinal_component_diagonal_value_fit,case_local_history_capacity_oracle_fit,history_source_velocity_transport_delta_rows_perp,one-step transported source-row and non-final velocity-row deltas,"0,1",1,24,8,16,24,16,32,32,1.7648416176101193e+07,1,32,2.8361309154878761e-01,True,True,True,False,8,132,24,30,6,1.1378394167152578e+03,3.7127280938507345e-01,3.6505364663439654e-01,2.2827425934328507e-01,2.8487721467736754e-01,7.8037082303871297e-01,9.9215040835124080e-01,2.8487721467736754e-01,7.6729889040137356e-01,9.9030362712227837e-01,2.2357641064839676e-15,1.0969092796788381e-33,True,True,True,False,True,True,False,False,False,False,False,The tested one-step history-transport non-final source features do not reproduce the local correction.,derive a revised weak-row formula or multi-step nonlinear history source law for the coefficient-gradient closure,"This capacity audit builds a one-step transported local state from the current terminal output and tests source-row/velocity-row deltas as history features. It is a trajectory-history feature-space test, not a target-free formula and not an accepted nonlinear h-sweep."
cylindrical_smooth,0.04,case_local_history_capacity_value_component_nonfinal,paper_tfe_lower_pair_velocity_compression_history_capacity_gap_not_full_tfe,,case_local_history_capacity_nonfinal_component_diagonal_value_fit,case_local_history_capacity_oracle_fit,active_plus_history_source_velocity_transport_delta_rows_perp,active non-final velocity plus one-step source/velocity transport deltas,"0,1",1,24,8,16,24,16,48,44,2.4682074768076431e+07,1,48,6.5609042020983788e-01,True,True,True,False,8,132,24,30,6,1.1064611581460713e+03,3.7127280938507345e-01,3.6505364663439654e-01,2.3330102929525498e-01,2.8077534551817329e-01,7.6913447682765246e-01,9.9215040730663540e-01,2.8077534551817329e-01,7.5625076337589048e-01,9.9030362607961731e-01,2.2566198349589678e-15,1.0969092796788381e-33,True,True,True,False,True,True,False,False,False,False,False,The tested one-step history-transport non-final source features do not reproduce the local correction.,derive a revised weak-row formula or multi-step nonlinear history source law for the coefficient-gradient closure,"This capacity audit builds a one-step transported local state from the current terminal output and tests source-row/velocity-row deltas as history features. It is a trajectory-history feature-space test, not a target-free formula and not an accepted nonlinear h-sweep."
cylindrical_smooth,0.04,universal_history_capacity_value_component_nonfinal,paper_tfe_lower_pair_velocity_compression_history_capacity_gap_not_full_tfe,,universal_history_capacity_nonfinal_component_diagonal_value_fit,all_case_h_history_capacity_oracle_fit,history_source_transport_delta_rows_perp,one-step transported source-row deltas residualized against local source rows,"0,1",6,24,8,16,24,16,16,16,3.7770054819066289e+01,1,16,2.7714299798133224e-01,True,False,False,False,8,132,24,32,8,2.5984792818506389e+03,3.7127280938507345e-01,3.6499396871481160e-01,1.9040816968496704e-01,3.1139255950553740e-01,8.5314439743206905e-01,9.9468851451076368e-01,3.0620132288142016e-01,8.2473403691633385e-01,9.9283672221296437e-01,3.0437152763769992e-01,2.6003532570117728e-19,True,True,True,False,True,True,False,False,False,False,False,The tested one-step history-transport non-final source features do not reproduce the local correction.,derive a revised weak-row formula or multi-step nonlinear history source law for the coefficient-gradient closure,"This capacity audit builds a one-step transported local state from the current terminal output and tests source-row/velocity-row deltas as history features. It is a trajectory-history feature-space test, not a target-free formula and not an accepted nonlinear h-sweep."
cylindrical_smooth,0.04,universal_history_capacity_value_component_nonfinal,paper_tfe_lower_pair_velocity_compression_history_capacity_gap_not_full_tfe,,universal_history_capacity_nonfinal_component_diagonal_value_fit,all_case_h_history_capacity_oracle_fit,active_plus_history_source_transport_delta_rows_perp,active non-final velocity plus one-step transported source-row deltas,"0,1",6,24,8,16,24,16,32,32,4.4404846327001457e+02,1,32,6.5331959646358495e-01,True,False,False,False,8,132,24,30,6,2.8565799403090418e+03,3.7127280938507345e-01,3.6499396871481160e-01,2.2984208701708345e-01,2.8353696801972811e-01,7.7682644734677797e-01,9.9301976893591770e-01,2.8353696801972811e-01,7.6368902018260043e-01,9.9117136948579732e-01,1.8369318773528389e-15,2.6003532570117728e-19,True,True,True,False,True,True,False,False,False,False,False,The tested one-step history-transport non-final source features do not reproduce the local correction.,derive a revised weak-row formula or multi-step nonlinear history source law for the coefficient-gradient closure,"This capacity audit builds a one-step transported local state from the current terminal output and tests source-row/velocity-row deltas as history features. It is a trajectory-history feature-space test, not a target-free formula and not an accepted nonlinear h-sweep."
cylindrical_smooth,0.04,universal_history_capacity_value_component_nonfinal,paper_tfe_lower_pair_velocity_compression_history_capacity_gap_not_full_tfe,,universal_history_capacity_nonfinal_component_diagonal_value_fit,all_case_h_history_capacity_oracle_fit,history_velocity_transport_delta_rows_perp,one-step transported non-final velocity-row deltas residualized against local source rows,"0,1",6,24,8,16,24,16,16,16,3.9596550243755570e+04,1,16,6.0234079786946608e-02,False,True,False,False,8,132,24,32,8,3.0347425904212707e+08,3.7127280938507345e-01,3.6499396871481160e-01,3.3408435980948413e-02,3.6346179111908827e-01,9.9580218379739727e-01,9.9993792404237902e-01,3.6346179106526039e-01,9.7896151260645725e-01,9.9952645863950407e-01,9.3044480193011569e-01,2.6003532570117728e-19,True,True,True,False,True,True,False,False,False,False,False,The tested one-step history-transport non-final source features do not reproduce the local correction.,derive a revised weak-row formula or multi-step nonlinear history source law for the coefficient-gradient closure,"This capacity audit builds a one-step transported local state from the current terminal output and tests source-row/velocity-row deltas as history features. It is a trajectory-history feature-space test, not a target-free formula and not an accepted nonlinear h-sweep."
cylindrical_smooth,0.04,universal_history_capacity_value_component_nonfinal,paper_tfe_lower_pair_velocity_compression_history_capacity_gap_not_full_tfe,,universal_history_capacity_nonfinal_component_diagonal_value_fit,all_case_h_history_capacity_oracle_fit,active_plus_history_velocity_transport_delta_rows_perp,active non-final velocity plus one-step transported velocity-row deltas,"0,1",6,24,8,16,24,16,32,28,2.1442207308427783e+05,1,32,5.9468176208880064e-01,False,True,False,False,8,132,24,32,8,3.0387671542969561e+08,3.7127280938507345e-01,3.6499396871481160e-01,3.3409134240455211e-02,3.6346172693626505e-01,9.9580200795114027e-01,9.9993792382148128e-01,3.6346172693626505e-01,9.7896133987903500e-01,9.9952645841873056e-01,9.3044384052212037e-01,2.6003532570117728e-19,True,True,True,False,True,True,False,False,False,False,False,The tested one-step history-transport non-final source features do not reproduce the local correction.,derive a revised weak-row formula or multi-step nonlinear history source law for the coefficient-gradient closure,"This capacity audit builds a one-step transported local state from the current terminal output and tests source-row/velocity-row deltas as history features. It is a trajectory-history feature-space test, not a target-free formula and not an accepted nonlinear h-sweep."
cylindrical_smooth,0.04,universal_history_capacity_value_component_nonfinal,paper_tfe_lower_pair_velocity_compression_history_capacity_gap_not_full_tfe,,universal_history_capacity_nonfinal_component_diagonal_value_fit,all_case_h_history_capacity_oracle_fit,history_source_velocity_transport_delta_rows_perp,one-step transported source-row and non-final velocity-row deltas,"0,1",6,24,8,16,24,16,32,32,1.7648416176101193e+07,1,32,2.8361309154878761e-01,True,True,True,False,8,132,24,30,6,1.1378394874142009e+03,3.7127280938507345e-01,3.6499396871481160e-01,2.2817881071661703e-01,2.8487721484547740e-01,7.8049841713430201e-01,9.9215040835121426e-01,2.8487721484547734e-01,7.6729889085416680e-01,9.9030362712227837e-01,2.2514746463744701e-15,2.6003532570117728e-19,True,True,True,False,True,True,False,False,False,False,False,The tested one-step history-transport non-final source features do not reproduce the local correction.,derive a revised weak-row formula or multi-step nonlinear history source law for the coefficient-gradient closure,"This capacity audit builds a one-step transported local state from the current terminal output and tests source-row/velocity-row deltas as history features. It is a trajectory-history feature-space test, not a target-free formula and not an accepted nonlinear h-sweep."
cylindrical_smooth,0.04,universal_history_capacity_value_component_nonfinal,paper_tfe_lower_pair_velocity_compression_history_capacity_gap_not_full_tfe,,universal_history_capacity_nonfinal_component_diagonal_value_fit,all_case_h_history_capacity_oracle_fit,active_plus_history_source_velocity_transport_delta_rows_perp,active non-final velocity plus one-step source/velocity transport deltas,"0,1",6,24,8,16,24,16,48,44,2.4682074768076431e+07,1,48,6.5609042020983788e-01,True,True,True,False,8,132,24,30,6,1.1064612210459441e+03,3.7127280938507345e-01,3.6499396871481160e-01,2.3320763826975319e-01,2.8077534551817318e-01,7.6926023327677850e-01,9.9215040730660886e-01,2.8077534551817318e-01,7.5625076337589026e-01,9.9030362607961731e-01,3.7609692312499613e-15,2.6003532570117728e-19,True,True,True,False,True,True,False,False,False,False,False,The tested one-step history-transport non-final source features do not reproduce the local correction.,derive a revised weak-row formula or multi-step nonlinear history source law for the coefficient-gradient closure,"This capacity audit builds a one-step transported local state from the current terminal output and tests source-row/velocity-row deltas as history features. It is a trajectory-history feature-space test, not a target-free formula and not an accepted nonlinear h-sweep."
cylindrical_smooth,0.04,case_local_history_capacity_value_full_nonfinal,paper_tfe_lower_pair_velocity_compression_history_capacity_gap_not_full_tfe,,case_local_history_capacity_nonfinal_full_component_value_fit,case_local_history_capacity_oracle_fit,history_source_transport_delta_rows_perp,one-step transported source-row deltas residualized against local source rows,"0,1",1,24,8,16,24,16,16,16,3.7770054819066289e+01,1,16,2.7714299798133224e-01,True,False,False,False,8,132,24,32,8,3.8954007531042034e+03,3.7127280938507345e-01,3.6464473007330461e-01,1.8734455668222491e-01,3.1283829089766779e-01,8.5792626383158710e-01,9.9468851450457929e-01,3.1283829089766774e-01,8.4261029353539563e-01,9.9283700886291870e-01,5.6886232205159604e-01,1.8913227921974338e-33,True,True,True,False,True,True,False,False,False,False,False,The tested one-step history-transport non-final source features do not reproduce the local correction.,derive a revised weak-row formula or multi-step nonlinear history source law for the coefficient-gradient closure,"This capacity audit builds a one-step transported local state from the current terminal output and tests source-row/velocity-row deltas as history features. It is a trajectory-history feature-space test, not a target-free formula and not an accepted nonlinear h-sweep."
cylindrical_smooth,0.04,case_local_history_capacity_value_full_nonfinal,paper_tfe_lower_pair_velocity_compression_history_capacity_gap_not_full_tfe,,case_local_history_capacity_nonfinal_full_component_value_fit,case_local_history_capacity_oracle_fit,active_plus_history_source_transport_delta_rows_perp,active non-final velocity plus one-step transported source-row deltas,"0,1",1,24,8,16,24,16,32,32,4.4404846327001457e+02,1,32,6.5331959646358495e-01,True,False,False,False,8,132,24,30,6,2.8565796375171790e+03,3.7127280938507345e-01,3.6464473007330461e-01,2.2928708410290560e-01,2.8353696801972811e-01,7.7757045319900442e-01,9.9301976893714050e-01,2.8353696801972811e-01,7.6368902018260043e-01,9.9117136948579732e-01,1.8874288184930645e-15,1.8913227921974338e-33,True,True,True,False,True,True,False,False,False,False,False,The tested one-step history-transport non-final source features do not reproduce the local correction.,derive a revised weak-row formula or multi-step nonlinear history source law for the coefficient-gradient closure,"This capacity audit builds a one-step transported local state from the current terminal output and tests source-row/velocity-row deltas as history features. It is a trajectory-history feature-space test, not a target-free formula and not an accepted nonlinear h-sweep."
cylindrical_smooth,0.04,case_local_history_capacity_value_full_nonfinal,paper_tfe_lower_pair_velocity_compression_history_capacity_gap_not_full_tfe,,case_local_history_capacity_nonfinal_full_component_value_fit,case_local_history_capacity_oracle_fit,history_velocity_transport_delta_rows_perp,one-step transported non-final velocity-row deltas residualized against local source rows,"0,1",1,24,8,16,24,16,16,16,3.9596550243755570e+04,1,16,6.0234079786946608e-02,False,True,False,False,8,132,24,32,8,3.0389456713286364e+08,3.7127280938507345e-01,3.6464473007330461e-01,2.9348007881868411e-02,3.6346179111923022e-01,9.9675591375244454e-01,9.9993792404258186e-01,3.6346179111923010e-01,9.7896151275182131e-01,9.9952645863953726e-01,9.3044480275310104e-01,1.8913227921974338e-33,True,True,True,False,True,True,False,False,False,False,False,The tested one-step history-transport non-final source features do not reproduce the local correction.,derive a revised weak-row formula or multi-step nonlinear history source law for the coefficient-gradient closure,"This capacity audit builds a one-step transported local state from the current terminal output and tests source-row/velocity-row deltas as history features. It is a trajectory-history feature-space test, not a target-free formula and not an accepted nonlinear h-sweep."
cylindrical_smooth,0.04,case_local_history_capacity_value_full_nonfinal,paper_tfe_lower_pair_velocity_compression_history_capacity_gap_not_full_tfe,,case_local_history_capacity_nonfinal_full_component_value_fit,case_local_history_capacity_oracle_fit,active_plus_history_velocity_transport_delta_rows_perp,active non-final velocity plus one-step transported velocity-row deltas,"0,1",1,24,8,16,24,16,32,28,2.1442207308427783e+05,1,32,5.9468176208880064e-01,False,True,False,False,8,132,24,32,8,3.0387662345732164e+08,3.7127280938507345e-01,3.6464473007330461e-01,2.9348802748000932e-02,3.6346172693626505e-01,9.9675573773738146e-01,9.9993792382168400e-01,3.6346172693626511e-01,9.7896133987903511e-01,9.9952645841873045e-01,9.3044384052212048e-01,1.8913227921974338e-33,True,True,True,False,True,True,False,False,False,False,False,The tested one-step history-transport non-final source features do not reproduce the local correction.,derive a revised weak-row formula or multi-step nonlinear history source law for the coefficient-gradient closure,"This capacity audit builds a one-step transported local state from the current terminal output and tests source-row/velocity-row deltas as history features. It is a trajectory-history feature-space test, not a target-free formula and not an accepted nonlinear h-sweep."
cylindrical_smooth,0.04,case_local_history_capacity_value_full_nonfinal,paper_tfe_lower_pair_velocity_compression_history_capacity_gap_not_full_tfe,,case_local_history_capacity_nonfinal_full_component_value_fit,case_local_history_capacity_oracle_fit,history_source_velocity_transport_delta_rows_perp,one-step transported source-row and non-final velocity-row deltas,"0,1",1,24,8,16,24,16,32,32,1.7648416176101193e+07,1,32,2.8361309154878761e-01,True,True,True,False,8,132,24,30,6,1.1378393940762458e+03,3.7127280938507345e-01,3.6464473007330461e-01,2.2761975267069534e-01,2.8487721454050052e-01,7.8124593898074868e-01,9.9215040835243584e-01,2.8487721454050047e-01,7.6729889003273066e-01,9.9030362712227826e-01,6.4827923159726955e-13,1.8913227921974338e-33,True,True,True,False,True,True,False,False,False,False,False,The tested one-step history-transport non-final source features do not reproduce the local correction.,derive a revised weak-row formula or multi-step nonlinear history source law for the coefficient-gradient closure,"This capacity audit builds a one-step transported local state from the current terminal output and tests source-row/velocity-row deltas as history features. It is a trajectory-history feature-space test, not a target-free formula and not an accepted nonlinear h-sweep."
cylindrical_smooth,0.04,case_local_history_capacity_value_full_nonfinal,paper_tfe_lower_pair_velocity_compression_history_capacity_gap_not_full_tfe,,case_local_history_capacity_nonfinal_full_component_value_fit,case_local_history_capacity_oracle_fit,active_plus_history_source_velocity_transport_delta_rows_perp,active non-final velocity plus one-step source/velocity transport deltas,"0,1",1,24,8,16,24,16,48,44,2.4682074768076431e+07,1,48,6.5609042020983788e-01,True,True,True,False,8,132,24,30,6,1.1064611286340260e+03,3.7127280938507345e-01,3.6464473007330461e-01,2.3266066388496023e-01,2.8077534551817324e-01,7.6999699258434062e-01,9.9215040730783055e-01,2.8077534551817318e-01,7.5625076337589026e-01,9.9030362607961731e-01,2.1315125627391729e-15,1.8913227921974338e-33,True,True,True,False,True,True,False,False,False,False,False,The tested one-step history-transport non-final source features do not reproduce the local correction.,derive a revised weak-row formula or multi-step nonlinear history source law for the coefficient-gradient closure,"This capacity audit builds a one-step transported local state from the current terminal output and tests source-row/velocity-row deltas as history features. It is a trajectory-history feature-space test, not a target-free formula and not an accepted nonlinear h-sweep."
cylindrical_smooth,0.04,universal_history_capacity_value_full_nonfinal,paper_tfe_lower_pair_velocity_compression_history_capacity_gap_not_full_tfe,,universal_history_capacity_nonfinal_full_component_value_fit,all_case_h_history_capacity_oracle_fit,history_source_transport_delta_rows_perp,one-step transported source-row deltas residualized against local source rows,"0,1",6,24,8,16,24,16,16,16,3.7770054819066289e+01,1,16,2.7714299798133224e-01,True,False,False,False,8,132,24,32,8,3.8952685278981908e+03,3.7127280938507345e-01,3.6464472482720589e-01,1.8734578814608702e-01,3.1283754731206759e-01,8.5792423696876963e-01,9.9468687316784132e-01,3.1283750835133545e-01,8.4260818579598540e-01,9.9283545345606627e-01,5.6886255750641745e-01,3.0619550613943693e-28,True,True,True,False,True,True,False,False,False,False,False,The tested one-step history-transport non-final source features do not reproduce the local correction.,derive a revised weak-row formula or multi-step nonlinear history source law for the coefficient-gradient closure,"This capacity audit builds a one-step transported local state from the current terminal output and tests source-row/velocity-row deltas as history features. It is a trajectory-history feature-space test, not a target-free formula and not an accepted nonlinear h-sweep."
cylindrical_smooth,0.04,universal_history_capacity_value_full_nonfinal,paper_tfe_lower_pair_velocity_compression_history_capacity_gap_not_full_tfe,,universal_history_capacity_nonfinal_full_component_value_fit,all_case_h_history_capacity_oracle_fit,active_plus_history_source_transport_delta_rows_perp,active non-final velocity plus one-step transported source-row deltas,"0,1",6,24,8,16,24,16,32,32,4.4404846327001457e+02,1,32,6.5331959646358495e-01,True,False,False,False,8,132,24,30,6,2.8565796375278346e+03,3.7127280938507345e-01,3.6464472482720589e-01,2.2928707575981777e-01,2.8353696801972816e-01,7.7757046438581490e-01,9.9301968310385214e-01,2.8353696801972811e-01,7.6368902018260043e-01,9.9117136948579732e-01,1.9954260639872368e-15,3.0619550613943693e-28,True,True,True,False,True,True,False,False,False,False,False,The tested one-step history-transport non-final source features do not reproduce the local correction.,derive a revised weak-row formula or multi-step nonlinear history source law for the coefficient-gradient closure,"This capacity audit builds a one-step transported local state from the current terminal output and tests source-row/velocity-row deltas as history features. It is a trajectory-history feature-space test, not a target-free formula and not an accepted nonlinear h-sweep."
cylindrical_smooth,0.04,universal_history_capacity_value_full_nonfinal,paper_tfe_lower_pair_velocity_compression_history_capacity_gap_not_full_tfe,,universal_history_capacity_nonfinal_full_component_value_fit,all_case_h_history_capacity_oracle_fit,history_velocity_transport_delta_rows_perp,one-step transported non-final velocity-row deltas residualized against local source rows,"0,1",6,24,8,16,24,16,16,16,3.9596550243755570e+04,1,16,6.0234079786946608e-02,False,True,False,False,8,132,24,32,8,1.3434055872808192e+06,3.7127280938507345e-01,3.6464472482720589e-01,2.9347916218768352e-02,3.6346179325745481e-01,9.9675593395650619e-01,9.9993793410385712e-01,3.6346178574127969e-01,9.7896149826664958e-01,9.9952645863614498e-01,9.3044472017232183e-01,3.0619550613943693e-28,True,True,True,False,True,True,False,False,False,False,False,The tested one-step history-transport non-final source features do not reproduce the local correction.,derive a revised weak-row formula or multi-step nonlinear history source law for the coefficient-gradient closure,"This capacity audit builds a one-step transported local state from the current terminal output and tests source-row/velocity-row deltas as history features. It is a trajectory-history feature-space test, not a target-free formula and not an accepted nonlinear h-sweep."
cylindrical_smooth,0.04,universal_history_capacity_value_full_nonfinal,paper_tfe_lower_pair_velocity_compression_history_capacity_gap_not_full_tfe,,universal_history_capacity_nonfinal_full_component_value_fit,all_case_h_history_capacity_oracle_fit,active_plus_history_velocity_transport_delta_rows_perp,active non-final velocity plus one-step transported velocity-row deltas,"0,1",6,24,8,16,24,16,32,28,2.1442207308427783e+05,1,32,5.9468176208880064e-01,False,True,False,False,8,132,24,32,8,3.0387662363310659e+08,3.7127280938507345e-01,3.6464472482720589e-01,2.9348737567680621e-02,3.6346172693626505e-01,9.9675575207758338e-01,9.9993793149396026e-01,3.6346172693626505e-01,9.7896133987903500e-01,9.9952645841873056e-01,9.3044384052212037e-01,3.0619550613943693e-28,True,True,True,False,True,True,False,False,False,False,False,The tested one-step history-transport non-final source features do not reproduce the local correction.,derive a revised weak-row formula or multi-step nonlinear history source law for the coefficient-gradient closure,"This capacity audit builds a one-step transported local state from the current terminal output and tests source-row/velocity-row deltas as history features. It is a trajectory-history feature-space test, not a target-free formula and not an accepted nonlinear h-sweep."
cylindrical_smooth,0.04,universal_history_capacity_value_full_nonfinal,paper_tfe_lower_pair_velocity_compression_history_capacity_gap_not_full_tfe,,universal_history_capacity_nonfinal_full_component_value_fit,all_case_h_history_capacity_oracle_fit,history_source_velocity_transport_delta_rows_perp,one-step transported source-row and non-final velocity-row deltas,"0,1",6,24,8,16,24,16,32,32,1.7648416176101193e+07,1,32,2.8361309154878761e-01,True,True,True,False,8,132,24,32,8,1.1378391352964798e+03,3.7127280938507345e-01,3.6464472482720589e-01,2.2762006830056400e-01,2.8487695563372162e-01,7.8124524019568964e-01,9.9215033634110084e-01,2.8487695360091214e-01,7.6729818720833387e-01,9.9030364084325939e-01,1.5870716222825194e-06,3.0619550613943693e-28,True,True,True,False,True,True,False,False,False,False,False,The tested one-step history-transport non-final source features do not reproduce the local correction.,derive a revised weak-row formula or multi-step nonlinear history source law for the coefficient-gradient closure,"This capacity audit builds a one-step transported local state from the current terminal output and tests source-row/velocity-row deltas as history features. It is a trajectory-history feature-space test, not a target-free formula and not an accepted nonlinear h-sweep."
cylindrical_smooth,0.04,universal_history_capacity_value_full_nonfinal,paper_tfe_lower_pair_velocity_compression_history_capacity_gap_not_full_tfe,,universal_history_capacity_nonfinal_full_component_value_fit,all_case_h_history_capacity_oracle_fit,active_plus_history_source_velocity_transport_delta_rows_perp,active non-final velocity plus one-step source/velocity transport deltas,"0,1",6,24,8,16,24,16,48,44,2.4682074768076431e+07,1,48,6.5609042020983788e-01,True,True,True,False,8,132,24,30,6,1.1064611286368734e+03,3.7127280938507345e-01,3.6464472482720589e-01,2.3266065566286284e-01,2.8077534551817329e-01,7.6999700366219270e-01,9.9215032154968685e-01,2.8077534551817324e-01,7.5625076337589037e-01,9.9030362607961731e-01,2.4547617346423756e-15,3.0619550613943693e-28,True,True,True,False,True,True,False,False,False,False,False,The tested one-step history-transport non-final source features do not reproduce the local correction.,derive a revised weak-row formula or multi-step nonlinear history source law for the coefficient-gradient closure,"This capacity audit builds a one-step transported local state from the current terminal output and tests source-row/velocity-row deltas as history features. It is a trajectory-history feature-space test, not a target-free formula and not an accepted nonlinear h-sweep."
cylindrical_smooth,0.02,case_local_history_capacity_value_scalar_nonfinal,paper_tfe_lower_pair_velocity_compression_history_capacity_gap_not_full_tfe,,case_local_history_capacity_nonfinal_stage_scalar_value_fit,case_local_history_capacity_oracle_fit,history_source_transport_delta_rows_perp,one-step transported source-row deltas residualized against local source rows,"0,1",1,24,8,16,24,16,16,16,6.2781640879437489e+01,1,16,8.7139631141700438e-02,True,False,False,False,8,132,24,32,8,1.4123804149526548e+04,2.6042001459760067e-01,2.5971476305788754e-01,1.4262672551076114e-01,2.1704694266515867e-01,8.3571276468708600e-01,9.9502711168227753e-01,2.1704694266515850e-01,8.3344954496119683e-01,9.9475762424489644e-01,5.7563780321395097e-01,5.2364152976339945e-18,True,True,True,False,True,True,False,False,False,False,False,The tested one-step history-transport non-final source features do not reproduce the local correction.,derive a revised weak-row formula or multi-step nonlinear history source law for the coefficient-gradient closure,"This capacity audit builds a one-step transported local state from the current terminal output and tests source-row/velocity-row deltas as history features. It is a trajectory-history feature-space test, not a target-free formula and not an accepted nonlinear h-sweep."
cylindrical_smooth,0.02,case_local_history_capacity_value_scalar_nonfinal,paper_tfe_lower_pair_velocity_compression_history_capacity_gap_not_full_tfe,,case_local_history_capacity_nonfinal_stage_scalar_value_fit,case_local_history_capacity_oracle_fit,active_plus_history_source_transport_delta_rows_perp,active non-final velocity plus one-step transported source-row deltas,"0,1",1,24,8,16,24,16,32,32,1.4727017395069088e+03,1,32,4.2819218299480244e-01,True,False,False,False,8,132,24,30,6,8.6514699452613640e+03,2.6042001459760067e-01,2.5971476305788754e-01,1.7262500594763536e-01,1.9404217446677291e-01,7.4713571220255603e-01,9.9331387012151096e-01,1.9404217446677291e-01,7.4511237074694747e-01,9.9304484668865045e-01,2.4930476624072408e-15,5.2364152976339945e-18,True,True,True,False,True,True,False,False,False,False,False,The tested one-step history-transport non-final source features do not reproduce the local correction.,derive a revised weak-row formula or multi-step nonlinear history source law for the coefficient-gradient closure,"This capacity audit builds a one-step transported local state from the current terminal output and tests source-row/velocity-row deltas as history features. It is a trajectory-history feature-space test, not a target-free formula and not an accepted nonlinear h-sweep."
cylindrical_smooth,0.02,case_local_history_capacity_value_scalar_nonfinal,paper_tfe_lower_pair_velocity_compression_history_capacity_gap_not_full_tfe,,case_local_history_capacity_nonfinal_stage_scalar_value_fit,case_local_history_capacity_oracle_fit,history_velocity_transport_delta_rows_perp,one-step transported non-final velocity-row deltas residualized against local source rows,"0,1",1,24,8,16,24,16,16,16,1.0783518265656107e+06,1,16,2.1133420381083349e-02,False,True,False,False,8,132,24,32,8,6.0043436303692055e+08,2.6042001459760067e-01,2.5971476305788754e-01,7.8278774431872374e-03,2.5959676901870166e-01,9.9954567835190955e-01,9.9999158444952385e-01,2.5959676893738071e-01,9.9683877730560755e-01,9.9993041745613920e-01,9.8926737798677034e-01,5.2364152976339945e-18,True,True,True,False,True,True,False,False,False,False,False,The tested one-step history-transport non-final source features do not reproduce the local correction.,derive a revised weak-row formula or multi-step nonlinear history source law for the coefficient-gradient closure,"This capacity audit builds a one-step transported local state from the current terminal output and tests source-row/velocity-row deltas as history features. It is a trajectory-history feature-space test, not a target-free formula and not an accepted nonlinear h-sweep."
cylindrical_smooth,0.02,case_local_history_capacity_value_scalar_nonfinal,paper_tfe_lower_pair_velocity_compression_history_capacity_gap_not_full_tfe,,case_local_history_capacity_nonfinal_stage_scalar_value_fit,case_local_history_capacity_oracle_fit,active_plus_history_velocity_transport_delta_rows_perp,active non-final velocity plus one-step transported velocity-row deltas,"0,1",1,24,8,16,24,16,32,28,1.1754217618685311e+07,1,32,4.1976404290904473e-01,False,True,False,False,8,132,24,32,8,5.6007159514502144e+09,2.6042001459760067e-01,2.5971476305788754e-01,7.8279225809921218e-03,2.5959676765761303e-01,9.9954567311120390e-01,9.9999158444332026e-01,2.5959676765761297e-01,9.9683877239136254e-01,9.9993041745005518e-01,9.8926735017162182e-01,5.2364152976339945e-18,True,True,True,False,True,True,False,False,False,False,False,The tested one-step history-transport non-final source features do not reproduce the local correction.,derive a revised weak-row formula or multi-step nonlinear history source law for the coefficient-gradient closure,"This capacity audit builds a one-step transported local state from the current terminal output and tests source-row/velocity-row deltas as history features. It is a trajectory-history feature-space test, not a target-free formula and not an accepted nonlinear h-sweep."
cylindrical_smooth,0.02,case_local_history_capacity_value_scalar_nonfinal,paper_tfe_lower_pair_velocity_compression_history_capacity_gap_not_full_tfe,,case_local_history_capacity_nonfinal_stage_scalar_value_fit,case_local_history_capacity_oracle_fit,history_source_velocity_transport_delta_rows_perp,one-step transported source-row and non-final velocity-row deltas,"0,1",1,24,8,16,24,16,32,31,6.6960704781003785e+05,1,32,8.9665694513092337e-02,True,True,True,False,8,132,24,30,6,2.7694929813057643e+03,2.6042001459760067e-01,2.5971476305788754e-01,1.6956827344045591e-01,1.9671898431902182e-01,7.5744244186525256e-01,9.9256712084832976e-01,1.9671898431902182e-01,7.5539118843454001e-01,9.9229829966076055e-01,6.1588777974344098e-15,5.2364152976339945e-18,True,True,True,False,True,True,False,False,False,False,False,The tested one-step history-transport non-final source features do not reproduce the local correction.,derive a revised weak-row formula or multi-step nonlinear history source law for the coefficient-gradient closure,"This capacity audit builds a one-step transported local state from the current terminal output and tests source-row/velocity-row deltas as history features. It is a trajectory-history feature-space test, not a target-free formula and not an accepted nonlinear h-sweep."
cylindrical_smooth,0.02,case_local_history_capacity_value_scalar_nonfinal,paper_tfe_lower_pair_velocity_compression_history_capacity_gap_not_full_tfe,,case_local_history_capacity_nonfinal_stage_scalar_value_fit,case_local_history_capacity_oracle_fit,active_plus_history_source_velocity_transport_delta_rows_perp,active non-final velocity plus one-step source/velocity transport deltas,"0,1",1,24,8,16,24,16,48,43,1.9831377489313278e+06,1,48,4.2871338564926792e-01,True,True,True,False,8,132,24,30,6,2.7578261449323172e+03,2.6042001459760067e-01,2.5971476305788754e-01,1.7372794983461151e-01,1.9305532263206246e-01,7.4333595964674737e-01,9.9256712059129482e-01,1.9305532263206246e-01,7.4132290841919468e-01,9.9229829940379521e-01,2.1921055663449507e-15,5.2364152976339945e-18,True,True,True,False,True,True,False,False,False,False,False,The tested one-step history-transport non-final source features do not reproduce the local correction.,derive a revised weak-row formula or multi-step nonlinear history source law for the coefficient-gradient closure,"This capacity audit builds a one-step transported local state from the current terminal output and tests source-row/velocity-row deltas as history features. It is a trajectory-history feature-space test, not a target-free formula and not an accepted nonlinear h-sweep."
cylindrical_smooth,0.02,universal_history_capacity_value_scalar_nonfinal,paper_tfe_lower_pair_velocity_compression_history_capacity_gap_not_full_tfe,,universal_history_capacity_nonfinal_stage_scalar_value_fit,all_case_h_history_capacity_oracle_fit,history_source_transport_delta_rows_perp,one-step transported source-row deltas residualized against local source rows,"0,1",6,24,8,16,24,16,16,16,6.2781640879437489e+01,1,16,8.7139631141700438e-02,True,False,False,False,8,132,24,32,8,1.4123804163383575e+04,2.6042001459760067e-01,2.5971476306639779e-01,1.4262671852755232e-01,2.1704694726417484e-01,8.3571278236765212e-01,9.9502711215531581e-01,2.1704694726417484e-01,8.3344956262119252e-01,9.9475762472110130e-01,5.7563785926596533e-01,5.6547069701932444e-18,True,True,True,False,True,True,False,False,False,False,False,The tested one-step history-transport non-final source features do not reproduce the local correction.,derive a revised weak-row formula or multi-step nonlinear history source law for the coefficient-gradient closure,"This capacity audit builds a one-step transported local state from the current terminal output and tests source-row/velocity-row deltas as history features. It is a trajectory-history feature-space test, not a target-free formula and not an accepted nonlinear h-sweep."
cylindrical_smooth,0.02,universal_history_capacity_value_scalar_nonfinal,paper_tfe_lower_pair_velocity_compression_history_capacity_gap_not_full_tfe,,universal_history_capacity_nonfinal_stage_scalar_value_fit,all_case_h_history_capacity_oracle_fit,active_plus_history_source_transport_delta_rows_perp,active non-final velocity plus one-step transported source-row deltas,"0,1",6,24,8,16,24,16,32,32,1.4727017395069088e+03,1,32,4.2819218299480244e-01,True,False,False,False,8,132,24,30,6,8.6514699452613168e+03,2.6042001459760067e-01,2.5971476306639779e-01,1.7262500596043906e-01,1.9404217446677291e-01,7.4713571217807417e-01,9.9331387011822114e-01,1.9404217446677291e-01,7.4511237074694747e-01,9.9304484668865045e-01,3.0268170421485951e-15,5.6547069701932444e-18,True,True,True,False,True,True,False,False,False,False,False,The tested one-step history-transport non-final source features do not reproduce the local correction.,derive a revised weak-row formula or multi-step nonlinear history source law for the coefficient-gradient closure,"This capacity audit builds a one-step transported local state from the current terminal output and tests source-row/velocity-row deltas as history features. It is a trajectory-history feature-space test, not a target-free formula and not an accepted nonlinear h-sweep."
cylindrical_smooth,0.02,universal_history_capacity_value_scalar_nonfinal,paper_tfe_lower_pair_velocity_compression_history_capacity_gap_not_full_tfe,,universal_history_capacity_nonfinal_stage_scalar_value_fit,all_case_h_history_capacity_oracle_fit,history_velocity_transport_delta_rows_perp,one-step transported non-final velocity-row deltas residualized against local source rows,"0,1",6,24,8,16,24,16,16,16,1.0783518265656107e+06,1,16,2.1133420381083349e-02,False,True,False,False,8,132,24,32,8,5.5907135364636679e+09,2.6042001459760067e-01,2.5971476306639779e-01,7.8278777274668719e-03,2.5959676901864354e-01,9.9954567831893293e-01,9.9999158444877834e-01,2.5959676901833295e-01,9.9683877761646011e-01,9.9993041745625566e-01,9.8926737979054957e-01,5.6547069701932444e-18,True,True,True,False,True,True,False,False,False,False,False,The tested one-step history-transport non-final source features do not reproduce the local correction.,derive a revised weak-row formula or multi-step nonlinear history source law for the coefficient-gradient closure,"This capacity audit builds a one-step transported local state from the current terminal output and tests source-row/velocity-row deltas as history features. It is a trajectory-history feature-space test, not a target-free formula and not an accepted nonlinear h-sweep."
cylindrical_smooth,0.02,universal_history_capacity_value_scalar_nonfinal,paper_tfe_lower_pair_velocity_compression_history_capacity_gap_not_full_tfe,,universal_history_capacity_nonfinal_stage_scalar_value_fit,all_case_h_history_capacity_oracle_fit,active_plus_history_velocity_transport_delta_rows_perp,active non-final velocity plus one-step transported velocity-row deltas,"0,1",6,24,8,16,24,16,32,28,1.1754217618685311e+07,1,32,4.1976404290904473e-01,False,True,False,False,8,132,24,32,8,5.6007161142708569e+09,2.6042001459760067e-01,2.5971476306639779e-01,7.8279228633450753e-03,2.5959676765761303e-01,9.9954567307845110e-01,9.9999158444257685e-01,2.5959676765761303e-01,9.9683877239136276e-01,9.9993041745005506e-01,9.8926735017162182e-01,5.6547069701932444e-18,True,True,True,False,True,True,False,False,False,False,False,The tested one-step history-transport non-final source features do not reproduce the local correction.,derive a revised weak-row formula or multi-step nonlinear history source law for the coefficient-gradient closure,"This capacity audit builds a one-step transported local state from the current terminal output and tests source-row/velocity-row deltas as history features. It is a trajectory-history feature-space test, not a target-free formula and not an accepted nonlinear h-sweep."
cylindrical_smooth,0.02,universal_history_capacity_value_scalar_nonfinal,paper_tfe_lower_pair_velocity_compression_history_capacity_gap_not_full_tfe,,universal_history_capacity_nonfinal_stage_scalar_value_fit,all_case_h_history_capacity_oracle_fit,history_source_velocity_transport_delta_rows_perp,one-step transported source-row and non-final velocity-row deltas,"0,1",6,24,8,16,24,16,32,31,6.6960704781003785e+05,1,32,8.9665694513092337e-02,True,True,True,False,8,132,24,30,6,2.7694929827038768e+03,2.6042001459760067e-01,2.5971476306639779e-01,1.6956827257014295e-01,1.9671898508295182e-01,7.5744244478185219e-01,9.9256712084504006e-01,1.9671898508295182e-01,7.5539119136799349e-01,9.9229829966075811e-01,4.7190321259318428e-15,5.6547069701932444e-18,True,True,True,False,True,True,False,False,False,False,False,The tested one-step history-transport non-final source features do not reproduce the local correction.,derive a revised weak-row formula or multi-step nonlinear history source law for the coefficient-gradient closure,"This capacity audit builds a one-step transported local state from the current terminal output and tests source-row/velocity-row deltas as history features. It is a trajectory-history feature-space test, not a target-free formula and not an accepted nonlinear h-sweep."
cylindrical_smooth,0.02,universal_history_capacity_value_scalar_nonfinal,paper_tfe_lower_pair_velocity_compression_history_capacity_gap_not_full_tfe,,universal_history_capacity_nonfinal_stage_scalar_value_fit,all_case_h_history_capacity_oracle_fit,active_plus_history_source_velocity_transport_delta_rows_perp,active non-final velocity plus one-step source/velocity transport deltas,"0,1",6,24,8,16,24,16,48,43,1.9831377489313278e+06,1,48,4.2871338564926792e-01,True,True,True,False,8,132,24,30,6,2.7578261475414256e+03,2.6042001459760067e-01,2.5971476306639779e-01,1.7372794984678916e-01,1.9305532263208131e-01,7.4333595962246257e-01,9.9256712058800756e-01,1.9305532263208133e-01,7.4132290841926718e-01,9.9229829940379521e-01,3.9189203677210969e-15,5.6547069701932444e-18,True,True,True,False,True,True,False,False,False,False,False,The tested one-step history-transport non-final source features do not reproduce the local correction.,derive a revised weak-row formula or multi-step nonlinear history source law for the coefficient-gradient closure,"This capacity audit builds a one-step transported local state from the current terminal output and tests source-row/velocity-row deltas as history features. It is a trajectory-history feature-space test, not a target-free formula and not an accepted nonlinear h-sweep."
cylindrical_smooth,0.02,case_local_history_capacity_value_component_nonfinal,paper_tfe_lower_pair_velocity_compression_history_capacity_gap_not_full_tfe,,case_local_history_capacity_nonfinal_component_diagonal_value_fit,case_local_history_capacity_oracle_fit,history_source_transport_delta_rows_perp,one-step transported source-row deltas residualized against local source rows,"0,1",1,24,8,16,24,16,16,16,6.2781640879437489e+01,1,16,8.7139631141700438e-02,True,False,False,False,8,132,24,32,8,7.0134411848002319e+03,2.6042001459760067e-01,2.5976201820512657e-01,1.4270035571721762e-01,2.1705509572497958e-01,8.3559212091421864e-01,9.9502711209153427e-01,2.1164706620241822e-01,8.1271428591790040e-01,9.9472059917175493e-01,2.6476775618759268e-01,8.6140718810505691e-34,True,True,True,False,True,True,False,False,False,False,False,The tested one-step history-transport non-final source features do not reproduce the local correction.,derive a revised weak-row formula or multi-step nonlinear history source law for the coefficient-gradient closure,"This capacity audit builds a one-step transported local state from the current terminal output and tests source-row/velocity-row deltas as history features. It is a trajectory-history feature-space test, not a target-free formula and not an accepted nonlinear h-sweep."
cylindrical_smooth,0.02,case_local_history_capacity_value_component_nonfinal,paper_tfe_lower_pair_velocity_compression_history_capacity_gap_not_full_tfe,,case_local_history_capacity_nonfinal_component_diagonal_value_fit,case_local_history_capacity_oracle_fit,active_plus_history_source_transport_delta_rows_perp,active non-final velocity plus one-step transported source-row deltas,"0,1",1,24,8,16,24,16,32,32,1.4727017395069088e+03,1,32,4.2819218299480244e-01,True,False,False,False,8,132,24,30,6,8.6514700204633264e+03,2.6042001459760067e-01,2.5976201820512657e-01,1.7269609326851307e-01,1.9404217446677288e-01,7.4699979545717643e-01,9.9331387012623307e-01,1.9404217446677291e-01,7.4511237074694747e-01,9.9304484668865045e-01,2.0606921102966969e-15,8.6140718810505691e-34,True,True,True,False,True,True,False,False,False,False,False,The tested one-step history-transport non-final source features do not reproduce the local correction.,derive a revised weak-row formula or multi-step nonlinear history source law for the coefficient-gradient closure,"This capacity audit builds a one-step transported local state from the current terminal output and tests source-row/velocity-row deltas as history features. It is a trajectory-history feature-space test, not a target-free formula and not an accepted nonlinear h-sweep."
cylindrical_smooth,0.02,case_local_history_capacity_value_component_nonfinal,paper_tfe_lower_pair_velocity_compression_history_capacity_gap_not_full_tfe,,case_local_history_capacity_nonfinal_component_diagonal_value_fit,case_local_history_capacity_oracle_fit,history_velocity_transport_delta_rows_perp,one-step transported non-final velocity-row deltas residualized against local source rows,"0,1",1,24,8,16,24,16,16,16,1.0783518265656107e+06,1,16,2.1133420381083349e-02,False,True,False,False,8,132,24,32,8,5.2167697795618045e+08,2.6042001459760067e-01,2.5976201820512657e-01,9.2641036830208960e-03,2.5959676901870482e-01,9.9936384392312794e-01,9.9999158444940373e-01,2.5959676899630596e-01,9.9683877753187755e-01,9.9993041745525080e-01,9.8926737932871844e-01,8.6140718810505691e-34,True,True,True,False,True,True,False,False,False,False,False,The tested one-step history-transport non-final source features do not reproduce the local correction.,derive a revised weak-row formula or multi-step nonlinear history source law for the coefficient-gradient closure,"This capacity audit builds a one-step transported local state from the current terminal output and tests source-row/velocity-row deltas as history features. It is a trajectory-history feature-space test, not a target-free formula and not an accepted nonlinear h-sweep."
cylindrical_smooth,0.02,case_local_history_capacity_value_component_nonfinal,paper_tfe_lower_pair_velocity_compression_history_capacity_gap_not_full_tfe,,case_local_history_capacity_nonfinal_component_diagonal_value_fit,case_local_history_capacity_oracle_fit,active_plus_history_velocity_transport_delta_rows_perp,active non-final velocity plus one-step transported velocity-row deltas,"0,1",1,24,8,16,24,16,32,28,1.1754217618685311e+07,1,32,4.1976404290904473e-01,False,True,False,False,8,132,24,32,8,5.6007163729569998e+09,2.6042001459760067e-01,2.5976201820512657e-01,9.2641418231721763e-03,2.5959676765761303e-01,9.9936383868336343e-01,9.9999158444320246e-01,2.5959676765761303e-01,9.9683877239136276e-01,9.9993041745005506e-01,9.8926735017162171e-01,8.6140718810505691e-34,True,True,True,False,True,True,False,False,False,False,False,The tested one-step history-transport non-final source features do not reproduce the local correction.,derive a revised weak-row formula or multi-step nonlinear history source law for the coefficient-gradient closure,"This capacity audit builds a one-step transported local state from the current terminal output and tests source-row/velocity-row deltas as history features. It is a trajectory-history feature-space test, not a target-free formula and not an accepted nonlinear h-sweep."
cylindrical_smooth,0.02,case_local_history_capacity_value_component_nonfinal,paper_tfe_lower_pair_velocity_compression_history_capacity_gap_not_full_tfe,,case_local_history_capacity_nonfinal_component_diagonal_value_fit,case_local_history_capacity_oracle_fit,history_source_velocity_transport_delta_rows_perp,one-step transported source-row and non-final velocity-row deltas,"0,1",1,24,8,16,24,16,32,31,6.6960704781003785e+05,1,32,8.9665694513092337e-02,True,True,True,False,8,132,24,30,6,2.7694930016898415e+03,2.6042001459760067e-01,2.5976201820512657e-01,1.6964064042726279e-01,1.9671898540032137e-01,7.5730465431238703e-01,9.9256712085304744e-01,1.9671898540032132e-01,7.5539119258667664e-01,9.9229829966075955e-01,4.7502543745657678e-15,8.6140718810505691e-34,True,True,True,False,True,True,False,False,False,False,False,The tested one-step history-transport non-final source features do not reproduce the local correction.,derive a revised weak-row formula or multi-step nonlinear history source law for the coefficient-gradient closure,"This capacity audit builds a one-step transported local state from the current terminal output and tests source-row/velocity-row deltas as history features. It is a trajectory-history feature-space test, not a target-free formula and not an accepted nonlinear h-sweep."
cylindrical_smooth,0.02,case_local_history_capacity_value_component_nonfinal,paper_tfe_lower_pair_velocity_compression_history_capacity_gap_not_full_tfe,,case_local_history_capacity_nonfinal_component_diagonal_value_fit,case_local_history_capacity_oracle_fit,active_plus_history_source_velocity_transport_delta_rows_perp,active non-final velocity plus one-step source/velocity transport deltas,"0,1",1,24,8,16,24,16,48,43,1.9831377489313278e+06,1,48,4.2871338564926792e-01,True,True,True,False,8,132,24,30,6,2.7578261691156240e+03,2.6042001459760067e-01,2.5976201820512657e-01,1.7379858602734410e-01,1.9305532263205127e-01,7.4320073414120558e-01,9.9256712059601349e-01,1.9305532263205127e-01,7.4132290841915172e-01,9.9229829940379521e-01,2.4722141623081199e-15,8.6140718810505691e-34,True,True,True,False,True,True,False,False,False,False,False,The tested one-step history-transport non-final source features do not reproduce the local correction.,derive a revised weak-row formula or multi-step nonlinear history source law for the coefficient-gradient closure,"This capacity audit builds a one-step transported local state from the current terminal output and tests source-row/velocity-row deltas as history features. It is a trajectory-history feature-space test, not a target-free formula and not an accepted nonlinear h-sweep."
cylindrical_smooth,0.02,universal_history_capacity_value_component_nonfinal,paper_tfe_lower_pair_velocity_compression_history_capacity_gap_not_full_tfe,,universal_history_capacity_nonfinal_component_diagonal_value_fit,all_case_h_history_capacity_oracle_fit,history_source_transport_delta_rows_perp,one-step transported source-row deltas residualized against local source rows,"0,1",6,24,8,16,24,16,16,16,6.2781640879437489e+01,1,16,8.7139631141700438e-02,True,False,False,False,8,132,24,32,8,4.2418590504269450e+03,2.6042001459760067e-01,2.6003035716321488e-01,1.4479810174782312e-01,2.1598448179592936e-01,8.3061256444131648e-01,9.9502711215924411e-01,2.1032713520242283e-01,8.0764581603844454e-01,9.9475745346036448e-01,1.4110475088481891e-01,5.6396941262862447e-18,True,True,True,False,True,True,False,False,False,False,False,The tested one-step history-transport non-final source features do not reproduce the local correction.,derive a revised weak-row formula or multi-step nonlinear history source law for the coefficient-gradient closure,"This capacity audit builds a one-step transported local state from the current terminal output and tests source-row/velocity-row deltas as history features. It is a trajectory-history feature-space test, not a target-free formula and not an accepted nonlinear h-sweep."
cylindrical_smooth,0.02,universal_history_capacity_value_component_nonfinal,paper_tfe_lower_pair_velocity_compression_history_capacity_gap_not_full_tfe,,universal_history_capacity_nonfinal_component_diagonal_value_fit,all_case_h_history_capacity_oracle_fit,active_plus_history_source_transport_delta_rows_perp,active non-final velocity plus one-step transported source-row deltas,"0,1",6,24,8,16,24,16,32,32,1.4727017395069088e+03,1,32,4.2819218299480244e-01,True,False,False,False,8,132,24,30,6,8.6514700840292844e+03,2.6042001459760067e-01,2.6003035716321488e-01,1.7309945457636647e-01,1.9404217446677291e-01,7.4622892720551570e-01,9.9331387011813421e-01,1.9404217446677291e-01,7.4511237074694747e-01,9.9304484668865045e-01,2.4408497337738426e-15,5.6396941262862447e-18,True,True,True,False,True,True,False,False,False,False,False,The tested one-step history-transport non-final source features do not reproduce the local correction.,derive a revised weak-row formula or multi-step nonlinear history source law for the coefficient-gradient closure,"This capacity audit builds a one-step transported local state from the current terminal output and tests source-row/velocity-row deltas as history features. It is a trajectory-history feature-space test, not a target-free formula and not an accepted nonlinear h-sweep."
cylindrical_smooth,0.02,universal_history_capacity_value_component_nonfinal,paper_tfe_lower_pair_velocity_compression_history_capacity_gap_not_full_tfe,,universal_history_capacity_nonfinal_component_diagonal_value_fit,all_case_h_history_capacity_oracle_fit,history_velocity_transport_delta_rows_perp,one-step transported non-final velocity-row deltas residualized against local source rows,"0,1",6,24,8,16,24,16,16,16,1.0783518265656107e+06,1,16,2.1133420381083349e-02,False,True,False,False,8,132,24,32,8,3.1839199362161188e+09,2.6042001459760067e-01,2.6003035716321488e-01,1.5010135293498733e-02,2.5959676901860701e-01,9.9833254797886650e-01,9.9999158444877156e-01,2.5959676858161640e-01,9.9683877593949011e-01,9.9993041745482614e-01,9.8926737025639122e-01,5.6396941262862447e-18,True,True,True,False,True,True,False,False,False,False,False,The tested one-step history-transport non-final source features do not reproduce the local correction.,derive a revised weak-row formula or multi-step nonlinear history source law for the coefficient-gradient closure,"This capacity audit builds a one-step transported local state from the current terminal output and tests source-row/velocity-row deltas as history features. It is a trajectory-history feature-space test, not a target-free formula and not an accepted nonlinear h-sweep."
cylindrical_smooth,0.02,universal_history_capacity_value_component_nonfinal,paper_tfe_lower_pair_velocity_compression_history_capacity_gap_not_full_tfe,,universal_history_capacity_nonfinal_component_diagonal_value_fit,all_case_h_history_capacity_oracle_fit,active_plus_history_velocity_transport_delta_rows_perp,active non-final velocity plus one-step transported velocity-row deltas,"0,1",6,24,8,16,24,16,32,28,1.1754217618685311e+07,1,32,4.1976404290904473e-01,False,True,False,False,8,132,24,32,8,5.6007160417913322e+09,2.6042001459760067e-01,2.6003035716321488e-01,1.5010158831552710e-02,2.5959676765761303e-01,9.9833254274488537e-01,9.9999158444257008e-01,2.5959676765761303e-01,9.9683877239136276e-01,9.9993041745005506e-01,9.8926735017162182e-01,5.6396941262862447e-18,True,True,True,False,True,True,False,False,False,False,False,The tested one-step history-transport non-final source features do not reproduce the local correction.,derive a revised weak-row formula or multi-step nonlinear history source law for the coefficient-gradient closure,"This capacity audit builds a one-step transported local state from the current terminal output and tests source-row/velocity-row deltas as history features. It is a trajectory-history feature-space test, not a target-free formula and not an accepted nonlinear h-sweep."
cylindrical_smooth,0.02,universal_history_capacity_value_component_nonfinal,paper_tfe_lower_pair_velocity_compression_history_capacity_gap_not_full_tfe,,universal_history_capacity_nonfinal_component_diagonal_value_fit,all_case_h_history_capacity_oracle_fit,history_source_velocity_transport_delta_rows_perp,one-step transported source-row and non-final velocity-row deltas,"0,1",6,24,8,16,24,16,32,31,6.6960704781003785e+05,1,32,8.9665694513092337e-02,True,True,True,False,8,132,24,30,6,2.7694930226431475e+03,2.6042001459760067e-01,2.6003035716321488e-01,1.7005124947268371e-01,1.9671898535353538e-01,7.5652315175669871e-01,9.9256712084495313e-01,1.9671898535353533e-01,7.5539119240702080e-01,9.9229829966075811e-01,4.2229281576472370e-15,5.6396941262862447e-18,True,True,True,False,True,True,False,False,False,False,False,The tested one-step history-transport non-final source features do not reproduce the local correction.,derive a revised weak-row formula or multi-step nonlinear history source law for the coefficient-gradient closure,"This capacity audit builds a one-step transported local state from the current terminal output and tests source-row/velocity-row deltas as history features. It is a trajectory-history feature-space test, not a target-free formula and not an accepted nonlinear h-sweep."
cylindrical_smooth,0.02,universal_history_capacity_value_component_nonfinal,paper_tfe_lower_pair_velocity_compression_history_capacity_gap_not_full_tfe,,universal_history_capacity_nonfinal_component_diagonal_value_fit,all_case_h_history_capacity_oracle_fit,active_plus_history_source_velocity_transport_delta_rows_perp,active non-final velocity plus one-step source/velocity transport deltas,"0,1",6,24,8,16,24,16,48,43,1.9831377489313278e+06,1,48,4.2871338564926792e-01,True,True,True,False,8,132,24,30,6,2.7578261886537384e+03,2.6042001459760067e-01,2.6003035716321488e-01,1.7419939451571004e-01,1.9305532263207359e-01,7.4243378634017465e-01,9.9256712058792063e-01,1.9305532263207362e-01,7.4132290841923754e-01,9.9229829940379521e-01,3.3498353044985528e-15,5.6396941262862447e-18,True,True,True,False,True,True,False,False,False,False,False,The tested one-step history-transport non-final source features do not reproduce the local correction.,derive a revised weak-row formula or multi-step nonlinear history source law for the coefficient-gradient closure,"This capacity audit builds a one-step transported local state from the current terminal output and tests source-row/velocity-row deltas as history features. It is a trajectory-history feature-space test, not a target-free formula and not an accepted nonlinear h-sweep."
cylindrical_smooth,0.02,case_local_history_capacity_value_full_nonfinal,paper_tfe_lower_pair_velocity_compression_history_capacity_gap_not_full_tfe,,case_local_history_capacity_nonfinal_full_component_value_fit,case_local_history_capacity_oracle_fit,history_source_transport_delta_rows_perp,one-step transported source-row deltas residualized against local source rows,"0,1",1,24,8,16,24,16,16,16,6.2781640879437489e+01,1,16,8.7139631141700438e-02,True,False,False,False,8,132,24,32,8,1.4123804163162138e+04,2.6042001459760067e-01,2.5971476306666380e-01,1.4262671856602679e-01,2.1704694723921064e-01,8.3571278227067458e-01,9.9502711210680184e-01,2.1704694723919746e-01,8.3344956252528057e-01,9.9475762467322104e-01,5.7563785888724062e-01,3.8518598887744717e-34,True,True,True,False,True,True,False,False,False,False,False,The tested one-step history-transport non-final source features do not reproduce the local correction.,derive a revised weak-row formula or multi-step nonlinear history source law for the coefficient-gradient closure,"This capacity audit builds a one-step transported local state from the current terminal output and tests source-row/velocity-row deltas as history features. It is a trajectory-history feature-space test, not a target-free formula and not an accepted nonlinear h-sweep."
cylindrical_smooth,0.02,case_local_history_capacity_value_full_nonfinal,paper_tfe_lower_pair_velocity_compression_history_capacity_gap_not_full_tfe,,case_local_history_capacity_nonfinal_full_component_value_fit,case_local_history_capacity_oracle_fit,active_plus_history_source_transport_delta_rows_perp,active non-final velocity plus one-step transported source-row deltas,"0,1",1,24,8,16,24,16,32,32,1.4727017395069088e+03,1,32,4.2819218299480244e-01,True,False,False,False,8,132,24,30,6,8.6514699452613731e+03,2.6042001459760067e-01,2.5971476306666380e-01,1.7262500596083918e-01,1.9404217446677291e-01,7.4713571217730890e-01,9.9331387011759997e-01,1.9404217446677291e-01,7.4511237074694747e-01,9.9304484668865045e-01,2.2278632397914335e-15,3.8518598887744717e-34,True,True,True,False,True,True,False,False,False,False,False,The tested one-step history-transport non-final source features do not reproduce the local correction.,derive a revised weak-row formula or multi-step nonlinear history source law for the coefficient-gradient closure,"This capacity audit builds a one-step transported local state from the current terminal output and tests source-row/velocity-row deltas as history features. It is a trajectory-history feature-space test, not a target-free formula and not an accepted nonlinear h-sweep."
cylindrical_smooth,0.02,case_local_history_capacity_value_full_nonfinal,paper_tfe_lower_pair_velocity_compression_history_capacity_gap_not_full_tfe,,case_local_history_capacity_nonfinal_full_component_value_fit,case_local_history_capacity_oracle_fit,history_velocity_transport_delta_rows_perp,one-step transported non-final velocity-row deltas residualized against local source rows,"0,1",1,24,8,16,24,16,16,16,1.0783518265656107e+06,1,16,2.1133420381083349e-02,False,True,False,False,8,132,24,32,8,5.5920914840680742e+09,2.6042001459760067e-01,2.5971476306666380e-01,7.8278777362401804e-03,2.5959676901864515e-01,9.9954567831791541e-01,9.9999158444830982e-01,2.5959676901860557e-01,9.9683877761750694e-01,9.9993041745625733e-01,9.8926737979660717e-01,3.8518598887744717e-34,True,True,True,False,True,True,False,False,False,False,False,The tested one-step history-transport non-final source features do not reproduce the local correction.,derive a revised weak-row formula or multi-step nonlinear history source law for the coefficient-gradient closure,"This capacity audit builds a one-step transported local state from the current terminal output and tests source-row/velocity-row deltas as history features. It is a trajectory-history feature-space test, not a target-free formula and not an accepted nonlinear h-sweep."
cylindrical_smooth,0.02,case_local_history_capacity_value_full_nonfinal,paper_tfe_lower_pair_velocity_compression_history_capacity_gap_not_full_tfe,,case_local_history_capacity_nonfinal_full_component_value_fit,case_local_history_capacity_oracle_fit,active_plus_history_velocity_transport_delta_rows_perp,active non-final velocity plus one-step transported velocity-row deltas,"0,1",1,24,8,16,24,16,32,28,1.1754217618685311e+07,1,32,4.1976404290904473e-01,False,True,False,False,8,132,24,32,8,5.6007167957667027e+09,2.6042001459760067e-01,2.5971476306666380e-01,7.8279228721694905e-03,2.5959676765761297e-01,9.9954567307742703e-01,9.9999158444210712e-01,2.5959676765761297e-01,9.9683877239136254e-01,9.9993041745005518e-01,9.8926735017162182e-01,3.8518598887744717e-34,True,True,True,False,True,True,False,False,False,False,False,The tested one-step history-transport non-final source features do not reproduce the local correction.,derive a revised weak-row formula or multi-step nonlinear history source law for the coefficient-gradient closure,"This capacity audit builds a one-step transported local state from the current terminal output and tests source-row/velocity-row deltas as history features. It is a trajectory-history feature-space test, not a target-free formula and not an accepted nonlinear h-sweep."
cylindrical_smooth,0.02,case_local_history_capacity_value_full_nonfinal,paper_tfe_lower_pair_velocity_compression_history_capacity_gap_not_full_tfe,,case_local_history_capacity_nonfinal_full_component_value_fit,case_local_history_capacity_oracle_fit,history_source_velocity_transport_delta_rows_perp,one-step transported source-row and non-final velocity-row deltas,"0,1",1,24,8,16,24,16,32,31,6.6960704781003785e+05,1,32,8.9665694513092337e-02,True,True,True,False,8,132,24,30,6,2.7694929802857437e+03,2.6042001459760067e-01,2.5971476306666380e-01,1.6956827257825904e-01,1.9671898507790328e-01,7.5744244476163758e-01,9.9256712084441956e-01,1.9671898507790328e-01,7.5539119134860733e-01,9.9229829966075833e-01,9.4501116619931978e-11,3.8518598887744717e-34,True,True,True,False,True,True,False,False,False,False,False,The tested one-step history-transport non-final source features do not reproduce the local correction.,derive a revised weak-row formula or multi-step nonlinear history source law for the coefficient-gradient closure,"This capacity audit builds a one-step transported local state from the current terminal output and tests source-row/velocity-row deltas as history features. It is a trajectory-history feature-space test, not a target-free formula and not an accepted nonlinear h-sweep."
cylindrical_smooth,0.02,case_local_history_capacity_value_full_nonfinal,paper_tfe_lower_pair_velocity_compression_history_capacity_gap_not_full_tfe,,case_local_history_capacity_nonfinal_full_component_value_fit,case_local_history_capacity_oracle_fit,active_plus_history_source_velocity_transport_delta_rows_perp,active non-final velocity plus one-step source/velocity transport deltas,"0,1",1,24,8,16,24,16,48,43,1.9831377489313278e+06,1,48,4.2871338564926792e-01,True,True,True,False,8,132,24,30,6,2.7578261448440680e+03,2.6042001459760067e-01,2.5971476306666380e-01,1.7372794984694701e-01,1.9305532263206401e-01,7.4333595962163468e-01,9.9256712058738683e-01,1.9305532263206401e-01,7.4132290841920068e-01,9.9229829940379521e-01,2.1625091102853533e-15,3.8518598887744717e-34,True,True,True,False,True,True,False,False,False,False,False,The tested one-step history-transport non-final source features do not reproduce the local correction.,derive a revised weak-row formula or multi-step nonlinear history source law for the coefficient-gradient closure,"This capacity audit builds a one-step transported local state from the current terminal output and tests source-row/velocity-row deltas as history features. It is a trajectory-history feature-space test, not a target-free formula and not an accepted nonlinear h-sweep."
cylindrical_smooth,0.02,universal_history_capacity_value_full_nonfinal,paper_tfe_lower_pair_velocity_compression_history_capacity_gap_not_full_tfe,,universal_history_capacity_nonfinal_full_component_value_fit,all_case_h_history_capacity_oracle_fit,history_source_transport_delta_rows_perp,one-step transported source-row deltas residualized against local source rows,"0,1",6,24,8,16,24,16,16,16,6.2781640879437489e+01,1,16,8.7139631141700438e-02,True,False,False,False,8,132,24,32,8,1.4112176191478256e+04,2.6042001459760067e-01,2.5971476539207483e-01,1.4262766572257390e-01,2.1704632761968162e-01,8.3571038901858585e-01,9.9502550769423381e-01,2.1704561031497638e-01,8.3344442880227110e-01,9.9475599414539995e-01,5.7563730154139903e-01,1.8174507740069540e-29,True,True,True,False,True,True,False,False,False,False,False,The tested one-step history-transport non-final source features do not reproduce the local correction.,derive a revised weak-row formula or multi-step nonlinear history source law for the coefficient-gradient closure,"This capacity audit builds a one-step transported local state from the current terminal output and tests source-row/velocity-row deltas as history features. It is a trajectory-history feature-space test, not a target-free formula and not an accepted nonlinear h-sweep."
cylindrical_smooth,0.02,universal_history_capacity_value_full_nonfinal,paper_tfe_lower_pair_velocity_compression_history_capacity_gap_not_full_tfe,,universal_history_capacity_nonfinal_full_component_value_fit,all_case_h_history_capacity_oracle_fit,active_plus_history_source_transport_delta_rows_perp,active non-final velocity plus one-step transported source-row deltas,"0,1",6,24,8,16,24,16,32,32,1.4727017395069088e+03,1,32,4.2819218299480244e-01,True,False,False,False,8,132,24,30,6,8.6514699452678215e+03,2.6042001459760067e-01,2.5971476539207483e-01,1.7262500945942599e-01,1.9404217446677291e-01,7.4713570548767150e-01,9.9331383293169384e-01,1.9404217446677291e-01,7.4511237074694747e-01,9.9304484668865045e-01,2.8328590414634413e-15,1.8174507740069540e-29,True,True,True,False,True,True,False,False,False,False,False,The tested one-step history-transport non-final source features do not reproduce the local correction.,derive a revised weak-row formula or multi-step nonlinear history source law for the coefficient-gradient closure,"This capacity audit builds a one-step transported local state from the current terminal output and tests source-row/velocity-row deltas as history features. It is a trajectory-history feature-space test, not a target-free formula and not an accepted nonlinear h-sweep."
cylindrical_smooth,0.02,universal_history_capacity_value_full_nonfinal,paper_tfe_lower_pair_velocity_compression_history_capacity_gap_not_full_tfe,,universal_history_capacity_nonfinal_full_component_value_fit,all_case_h_history_capacity_oracle_fit,history_velocity_transport_delta_rows_perp,one-step transported non-final velocity-row deltas residualized against local source rows,"0,1",6,24,8,16,24,16,16,16,1.0783518265656107e+06,1,16,2.1133420381083349e-02,False,True,False,False,8,132,24,32,8,1.5523649875552119e+06,2.6042001459760067e-01,2.5971476539207483e-01,7.8279042310970721e-03,2.5959677054618618e-01,9.9954567524988225e-01,9.9999158658181475e-01,2.5959676883512661e-01,9.9683877691295686e-01,9.9993041745518740e-01,9.8926737580921320e-01,1.8174507740069540e-29,True,True,True,False,True,True,False,False,False,False,False,The tested one-step history-transport non-final source features do not reproduce the local correction.,derive a revised weak-row formula or multi-step nonlinear history source law for the coefficient-gradient closure,"This capacity audit builds a one-step transported local state from the current terminal output and tests source-row/velocity-row deltas as history features. It is a trajectory-history feature-space test, not a target-free formula and not an accepted nonlinear h-sweep."
cylindrical_smooth,0.02,universal_history_capacity_value_full_nonfinal,paper_tfe_lower_pair_velocity_compression_history_capacity_gap_not_full_tfe,,universal_history_capacity_nonfinal_full_component_value_fit,all_case_h_history_capacity_oracle_fit,active_plus_history_velocity_transport_delta_rows_perp,active non-final velocity plus one-step transported velocity-row deltas,"0,1",6,24,8,16,24,16,32,28,1.1754217618685311e+07,1,32,4.1976404290904473e-01,False,True,False,False,8,132,24,32,8,5.6007168293824320e+09,2.6042001459760067e-01,2.5971476539207483e-01,7.8280000242583435e-03,2.5959676765761303e-01,9.9954566412778389e-01,9.9999158371479180e-01,2.5959676765761303e-01,9.9683877239136276e-01,9.9993041745005518e-01,9.8926735017162171e-01,1.8174507740069540e-29,True,True,True,False,True,True,False,False,False,False,False,The tested one-step history-transport non-final source features do not reproduce the local correction.,derive a revised weak-row formula or multi-step nonlinear history source law for the coefficient-gradient closure,"This capacity audit builds a one-step transported local state from the current terminal output and tests source-row/velocity-row deltas as history features. It is a trajectory-history feature-space test, not a target-free formula and not an accepted nonlinear h-sweep."
cylindrical_smooth,0.02,universal_history_capacity_value_full_nonfinal,paper_tfe_lower_pair_velocity_compression_history_capacity_gap_not_full_tfe,,universal_history_capacity_nonfinal_full_component_value_fit,all_case_h_history_capacity_oracle_fit,history_source_velocity_transport_delta_rows_perp,one-step transported source-row and non-final velocity-row deltas,"0,1",6,24,8,16,24,16,32,31,6.6960704781003785e+05,1,32,8.9665694513092337e-02,True,True,True,False,8,132,24,32,8,2.7694359746946557e+03,2.6042001459760067e-01,2.5971476539207483e-01,1.6956852051785007e-01,1.9671877442706268e-01,7.5744162689436956e-01,9.9256709683549282e-01,1.9671876567617033e-01,7.5539034885678391e-01,9.9229831280478187e-01,1.5649088516391483e-06,1.8174507740069540e-29,True,True,True,False,True,True,False,False,False,False,False,The tested one-step history-transport non-final source features do not reproduce the local correction.,derive a revised weak-row formula or multi-step nonlinear history source law for the coefficient-gradient closure,"This capacity audit builds a one-step transported local state from the current terminal output and tests source-row/velocity-row deltas as history features. It is a trajectory-history feature-space test, not a target-free formula and not an accepted nonlinear h-sweep."
cylindrical_smooth,0.02,universal_history_capacity_value_full_nonfinal,paper_tfe_lower_pair_velocity_compression_history_capacity_gap_not_full_tfe,,universal_history_capacity_nonfinal_full_component_value_fit,all_case_h_history_capacity_oracle_fit,active_plus_history_source_velocity_transport_delta_rows_perp,active non-final velocity plus one-step source/velocity transport deltas,"0,1",6,24,8,16,24,16,48,43,1.9831377489313278e+06,1,48,4.2871338564926792e-01,True,True,True,False,8,132,24,30,6,2.7578261433958287e+03,2.6042001459760067e-01,2.5971476539207483e-01,1.7372795332519284e-01,1.9305532263206748e-01,7.4333595296603239e-01,9.9256708342943611e-01,1.9305532263206746e-01,7.4132290841921389e-01,9.9229829940379521e-01,2.2144357301252373e-15,1.8174507740069540e-29,True,True,True,False,True,True,False,False,False,False,False,The tested one-step history-transport non-final source features do not reproduce the local correction.,derive a revised weak-row formula or multi-step nonlinear history source law for the coefficient-gradient closure,"This capacity audit builds a one-step transported local state from the current terminal output and tests source-row/velocity-row deltas as history features. It is a trajectory-history feature-space test, not a target-free formula and not an accepted nonlinear h-sweep."
cylindrical_smooth,0.01,case_local_history_capacity_value_scalar_nonfinal,paper_tfe_lower_pair_velocity_compression_history_capacity_gap_not_full_tfe,,case_local_history_capacity_nonfinal_stage_scalar_value_fit,case_local_history_capacity_oracle_fit,history_source_transport_delta_rows_perp,one-step transported source-row deltas residualized against local source rows,"0,1",1,24,8,16,24,16,16,16,2.0257991599673403e+02,1,16,3.0046003544346972e-02,True,False,False,False,8,132,24,32,8,6.1636056992200072e+04,1.8390267947137043e-01,1.8388667796229685e-01,1.0562127480884333e-01,1.5052726211475537e-01,8.1858709822153986e-01,9.9509096546463260e-01,1.5052726211394810e-01,8.1851587234421919e-01,9.9508229665232928e-01,5.7694316723621353e-01,1.4501435478675553e-18,True,True,True,False,True,True,False,False,False,False,False,The tested one-step history-transport non-final source features do not reproduce the local correction.,derive a revised weak-row formula or multi-step nonlinear history source law for the coefficient-gradient closure,"This capacity audit builds a one-step transported local state from the current terminal output and tests source-row/velocity-row deltas as history features. It is a trajectory-history feature-space test, not a target-free formula and not an accepted nonlinear h-sweep."
cylindrical_smooth,0.01,case_local_history_capacity_value_scalar_nonfinal,paper_tfe_lower_pair_velocity_compression_history_capacity_gap_not_full_tfe,,case_local_history_capacity_nonfinal_stage_scalar_value_fit,case_local_history_capacity_oracle_fit,active_plus_history_source_transport_delta_rows_perp,active non-final velocity plus one-step transported source-row deltas,"0,1",1,24,8,16,24,16,32,32,5.6165122088078242e+03,1,32,2.9801136190361138e-01,True,False,False,False,8,132,24,30,6,3.6663863513835488e+04,1.8390267947137043e-01,1.8388667796229685e-01,1.2852434301105084e-01,1.3151351103817119e-01,7.1518781292648081e-01,9.9335217741322401e-01,1.3151351103817122e-01,7.1512558390235392e-01,9.9334352374861723e-01,2.4013621675480693e-15,1.4501435478675553e-18,True,True,True,False,True,True,False,False,False,False,False,The tested one-step history-transport non-final source features do not reproduce the local correction.,derive a revised weak-row formula or multi-step nonlinear history source law for the coefficient-gradient closure,"This capacity audit builds a one-step transported local state from the current terminal output and tests source-row/velocity-row deltas as history features. It is a trajectory-history feature-space test, not a target-free formula and not an accepted nonlinear h-sweep."
cylindrical_smooth,0.01,case_local_history_capacity_value_scalar_nonfinal,paper_tfe_lower_pair_velocity_compression_history_capacity_gap_not_full_tfe,,case_local_history_capacity_nonfinal_stage_scalar_value_fit,case_local_history_capacity_oracle_fit,history_velocity_transport_delta_rows_perp,one-step transported non-final velocity-row deltas residualized against local source rows,"0,1",1,24,8,16,24,16,16,15,4.5237450532531179e+06,1,16,7.4633136380066623e-03,False,True,False,False,8,132,24,32,8,6.0492030170324426e+06,1.8390267947137043e-01,1.8388667796229685e-01,9.9183973365836518e-04,1.8388400307245925e-01,9.9998545359638202e-01,9.9999973205780002e-01,1.8388400306188768e-01,9.9989844405999717e-01,9.9999775695065929e-01,9.9965450223746910e-01,1.4501435478675553e-18,True,True,True,False,True,True,False,False,False,False,False,The tested one-step history-transport non-final source features do not reproduce the local correction.,derive a revised weak-row formula or multi-step nonlinear history source law for the coefficient-gradient closure,"This capacity audit builds a one-step transported local state from the current terminal output and tests source-row/velocity-row deltas as history features. It is a trajectory-history feature-space test, not a target-free formula and not an accepted nonlinear h-sweep."
cylindrical_smooth,0.01,case_local_history_capacity_value_scalar_nonfinal,paper_tfe_lower_pair_velocity_compression_history_capacity_gap_not_full_tfe,,case_local_history_capacity_nonfinal_stage_scalar_value_fit,case_local_history_capacity_oracle_fit,active_plus_history_velocity_transport_delta_rows_perp,active non-final velocity plus one-step transported velocity-row deltas,"0,1",1,24,8,16,24,16,32,27,9.8779537435776964e+07,1,32,2.9658676731290218e-01,False,True,False,False,8,132,23,31,8,2.4397359857897466e+12,1.8390267947137043e-01,1.8388667796229685e-01,9.9184576604852766e-04,1.8388400303992145e-01,9.9998545341943723e-01,9.9999973202034476e-01,1.8388400303992145e-01,9.9989844394055227e-01,9.9999775694289095e-01,9.9965450165136260e-01,1.4501435478675553e-18,True,True,True,False,True,True,False,False,False,False,False,The tested one-step history-transport non-final source features do not reproduce the local correction.,derive a revised weak-row formula or multi-step nonlinear history source law for the coefficient-gradient closure,"This capacity audit builds a one-step transported local state from the current terminal output and tests source-row/velocity-row deltas as history features. It is a trajectory-history feature-space test, not a target-free formula and not an accepted nonlinear h-sweep."
cylindrical_smooth,0.01,case_local_history_capacity_value_scalar_nonfinal,paper_tfe_lower_pair_velocity_compression_history_capacity_gap_not_full_tfe,,case_local_history_capacity_nonfinal_stage_scalar_value_fit,case_local_history_capacity_oracle_fit,history_source_velocity_transport_delta_rows_perp,one-step transported source-row and non-final velocity-row deltas,"0,1",1,24,8,16,24,16,32,31,2.9130790978218436e+07,1,32,3.0959059731299445e-02,True,True,True,False,8,132,24,30,6,1.5393395500265291e+04,1.8390267947137043e-01,1.8388667796229685e-01,1.2550528630354399e-01,1.3439766903448530e-01,7.3087224438325804e-01,9.9263216145887312e-01,1.3439766903433184e-01,7.3080865064423695e-01,9.9262351406674088e-01,1.3982916013750050e-13,1.4501435478675553e-18,True,True,True,False,True,True,False,False,False,False,False,The tested one-step history-transport non-final source features do not reproduce the local correction.,derive a revised weak-row formula or multi-step nonlinear history source law for the coefficient-gradient closure,"This capacity audit builds a one-step transported local state from the current terminal output and tests source-row/velocity-row deltas as history features. It is a trajectory-history feature-space test, not a target-free formula and not an accepted nonlinear h-sweep."
cylindrical_smooth,0.01,case_local_history_capacity_value_scalar_nonfinal,paper_tfe_lower_pair_velocity_compression_history_capacity_gap_not_full_tfe,,case_local_history_capacity_nonfinal_stage_scalar_value_fit,case_local_history_capacity_oracle_fit,active_plus_history_source_velocity_transport_delta_rows_perp,active non-final velocity plus one-step source/velocity transport deltas,"0,1",1,24,8,16,24,16,48,43,1.7489664807312405e+08,1,48,2.9810480183000154e-01,True,True,True,False,8,132,24,30,6,1.5390073894803076e+04,1.8390267947137043e-01,1.8388667796229685e-01,1.2892824082504470e-01,1.3111757719569464e-01,7.1303467248768448e-01,9.9263216139318267e-01,1.3111757719569464e-01,7.1297263080991025e-01,9.9262351400105142e-01,4.2839514732113583e-15,1.4501435478675553e-18,True,True,True,False,True,True,False,False,False,False,False,The tested one-step history-transport non-final source features do not reproduce the local correction.,derive a revised weak-row formula or multi-step nonlinear history source law for the coefficient-gradient closure,"This capacity audit builds a one-step transported local state from the current terminal output and tests source-row/velocity-row deltas as history features. It is a trajectory-history feature-space test, not a target-free formula and not an accepted nonlinear h-sweep."
cylindrical_smooth,0.01,universal_history_capacity_value_scalar_nonfinal,paper_tfe_lower_pair_velocity_compression_history_capacity_gap_not_full_tfe,,universal_history_capacity_nonfinal_stage_scalar_value_fit,all_case_h_history_capacity_oracle_fit,history_source_transport_delta_rows_perp,one-step transported source-row deltas residualized against local source rows,"0,1",6,24,8,16,24,16,16,16,2.0257991599673403e+02,1,16,3.0046003544346972e-02,True,False,False,False,8,132,24,32,8,6.1646691264681125e+04,1.8390267947137043e-01,1.8388667815555412e-01,1.0562176775535295e-01,1.5052691646120517e-01,8.1858521765166081e-01,9.9509091953128204e-01,1.5052691646120517e-01,8.1851399280258375e-01,9.9508225080460755e-01,5.7693778380268024e-01,1.6433765094034822e-18,True,True,True,False,True,True,False,False,False,False,False,The tested one-step history-transport non-final source features do not reproduce the local correction.,derive a revised weak-row formula or multi-step nonlinear history source law for the coefficient-gradient closure,"This capacity audit builds a one-step transported local state from the current terminal output and tests source-row/velocity-row deltas as history features. It is a trajectory-history feature-space test, not a target-free formula and not an accepted nonlinear h-sweep."
cylindrical_smooth,0.01,universal_history_capacity_value_scalar_nonfinal,paper_tfe_lower_pair_velocity_compression_history_capacity_gap_not_full_tfe,,universal_history_capacity_nonfinal_stage_scalar_value_fit,all_case_h_history_capacity_oracle_fit,active_plus_history_source_transport_delta_rows_perp,active non-final velocity plus one-step transported source-row deltas,"0,1",6,24,8,16,24,16,32,32,5.6165122088078242e+03,1,32,2.9801136190361138e-01,True,False,False,False,8,132,24,30,6,3.6663863513833974e+04,1.8390267947137043e-01,1.8388667815555412e-01,1.2852434328755438e-01,1.3151351103817122e-01,7.1518781217484828e-01,9.9335217732825265e-01,1.3151351103817122e-01,7.1512558390235392e-01,9.9334352374861723e-01,2.6748106677944787e-15,1.6433765094034822e-18,True,True,True,False,True,True,False,False,False,False,False,The tested one-step history-transport non-final source features do not reproduce the local correction.,derive a revised weak-row formula or multi-step nonlinear history source law for the coefficient-gradient closure,"This capacity audit builds a one-step transported local state from the current terminal output and tests source-row/velocity-row deltas as history features. It is a trajectory-history feature-space test, not a target-free formula and not an accepted nonlinear h-sweep."
cylindrical_smooth,0.01,universal_history_capacity_value_scalar_nonfinal,paper_tfe_lower_pair_velocity_compression_history_capacity_gap_not_full_tfe,,universal_history_capacity_nonfinal_stage_scalar_value_fit,all_case_h_history_capacity_oracle_fit,history_velocity_transport_delta_rows_perp,one-step transported non-final velocity-row deltas residualized against local source rows,"0,1",6,24,8,16,24,16,16,15,4.5237450532531179e+06,1,16,7.4633136380066623e-03,False,True,False,False,8,132,23,31,8,6.9332095008388657e+10,1.8390267947137043e-01,1.8388667815555412e-01,9.9187569506730441e-04,1.8388400307174599e-01,9.9998545254156002e-01,9.9999973202869241e-01,1.8388400307037633e-01,9.9989844410615558e-01,9.9999775695300719e-01,9.9965450241390730e-01,1.6433765094034822e-18,True,True,True,False,True,True,False,False,False,False,False,The tested one-step history-transport non-final source features do not reproduce the local correction.,derive a revised weak-row formula or multi-step nonlinear history source law for the coefficient-gradient closure,"This capacity audit builds a one-step transported local state from the current terminal output and tests source-row/velocity-row deltas as history features. It is a trajectory-history feature-space test, not a target-free formula and not an accepted nonlinear h-sweep."
cylindrical_smooth,0.01,universal_history_capacity_value_scalar_nonfinal,paper_tfe_lower_pair_velocity_compression_history_capacity_gap_not_full_tfe,,universal_history_capacity_nonfinal_stage_scalar_value_fit,all_case_h_history_capacity_oracle_fit,active_plus_history_velocity_transport_delta_rows_perp,active non-final velocity plus one-step transported velocity-row deltas,"0,1",6,24,8,16,24,16,32,27,9.8779537435776964e+07,1,32,2.9658676731290218e-01,False,True,False,False,8,132,23,31,8,2.4397029633744194e+12,1.8390267947137043e-01,1.8388667815555412e-01,9.9188159500292064e-04,1.8388400303992145e-01,9.9998545236849401e-01,9.9999973201780679e-01,1.8388400303992145e-01,9.9989844394055227e-01,9.9999775694289095e-01,9.9965450165136260e-01,1.6433765094034822e-18,True,True,True,False,True,True,False,False,False,False,False,The tested one-step history-transport non-final source features do not reproduce the local correction.,derive a revised weak-row formula or multi-step nonlinear history source law for the coefficient-gradient closure,"This capacity audit builds a one-step transported local state from the current terminal output and tests source-row/velocity-row deltas as history features. It is a trajectory-history feature-space test, not a target-free formula and not an accepted nonlinear h-sweep."
cylindrical_smooth,0.01,universal_history_capacity_value_scalar_nonfinal,paper_tfe_lower_pair_velocity_compression_history_capacity_gap_not_full_tfe,,universal_history_capacity_nonfinal_stage_scalar_value_fit,all_case_h_history_capacity_oracle_fit,history_source_velocity_transport_delta_rows_perp,one-step transported source-row and non-final velocity-row deltas,"0,1",6,24,8,16,24,16,32,31,2.9130790978218436e+07,1,32,3.0959059731299445e-02,True,True,True,False,8,132,24,30,6,1.5393553479520768e+04,1.8390267947137043e-01,1.8388667815555412e-01,1.2550535528351006e-01,1.3439760488263261e-01,7.3087189474890879e-01,9.9263216135234300e-01,1.3439760488263258e-01,7.3080830180919309e-01,9.9262351404512084e-01,1.6862090353525776e-13,1.6433765094034822e-18,True,True,True,False,True,True,False,False,False,False,False,The tested one-step history-transport non-final source features do not reproduce the local correction.,derive a revised weak-row formula or multi-step nonlinear history source law for the coefficient-gradient closure,"This capacity audit builds a one-step transported local state from the current terminal output and tests source-row/velocity-row deltas as history features. It is a trajectory-history feature-space test, not a target-free formula and not an accepted nonlinear h-sweep."
cylindrical_smooth,0.01,universal_history_capacity_value_scalar_nonfinal,paper_tfe_lower_pair_velocity_compression_history_capacity_gap_not_full_tfe,,universal_history_capacity_nonfinal_stage_scalar_value_fit,all_case_h_history_capacity_oracle_fit,active_plus_history_source_velocity_transport_delta_rows_perp,active non-final velocity plus one-step source/velocity transport deltas,"0,1",6,24,8,16,24,16,48,43,1.7489664807312405e+08,1,48,2.9810480183000154e-01,True,True,True,False,8,132,24,30,6,1.5390073923397982e+04,1.8390267947137043e-01,1.8388667815555412e-01,1.2892824110103912e-01,1.3111757719569492e-01,7.1303467173831614e-01,9.9263216130827303e-01,1.3111757719569489e-01,7.1297263080991158e-01,9.9262351400105142e-01,4.1003409198568309e-15,1.6433765094034822e-18,True,True,True,False,True,True,False,False,False,False,False,The tested one-step history-transport non-final source features do not reproduce the local correction.,derive a revised weak-row formula or multi-step nonlinear history source law for the coefficient-gradient closure,"This capacity audit builds a one-step transported local state from the current terminal output and tests source-row/velocity-row deltas as history features. It is a trajectory-history feature-space test, not a target-free formula and not an accepted nonlinear h-sweep."
cylindrical_smooth,0.01,case_local_history_capacity_value_component_nonfinal,paper_tfe_lower_pair_velocity_compression_history_capacity_gap_not_full_tfe,,case_local_history_capacity_nonfinal_component_diagonal_value_fit,case_local_history_capacity_oracle_fit,history_source_transport_delta_rows_perp,one-step transported source-row deltas residualized against local source rows,"0,1",1,24,8,16,24,16,16,16,2.0257991599673403e+02,1,16,3.0046003544346972e-02,True,False,False,False,8,132,24,32,8,2.2414627053297754e+04,1.8390267947137043e-01,1.8401235660084056e-01,1.0451881313863878e-01,1.5144756545380722e-01,8.2302932396179862e-01,9.9509091792136428e-01,1.4290682581026026e-01,7.7707854078606664e-01,9.9428063457597948e-01,2.4871396036528681e-01,9.7232345226756130e-35,True,True,True,False,True,True,False,False,False,False,False,The tested one-step history-transport non-final source features do not reproduce the local correction.,derive a revised weak-row formula or multi-step nonlinear history source law for the coefficient-gradient closure,"This capacity audit builds a one-step transported local state from the current terminal output and tests source-row/velocity-row deltas as history features. It is a trajectory-history feature-space test, not a target-free formula and not an accepted nonlinear h-sweep."
cylindrical_smooth,0.01,case_local_history_capacity_value_component_nonfinal,paper_tfe_lower_pair_velocity_compression_history_capacity_gap_not_full_tfe,,case_local_history_capacity_nonfinal_component_diagonal_value_fit,case_local_history_capacity_oracle_fit,active_plus_history_source_transport_delta_rows_perp,active non-final velocity plus one-step transported source-row deltas,"0,1",1,24,8,16,24,16,32,32,5.6165122088078242e+03,1,32,2.9801136190361138e-01,True,False,False,False,8,132,24,30,6,3.6663863544604137e+04,1.8390267947137043e-01,1.8401235660084056e-01,1.2870409393724697e-01,1.3151351103817119e-01,7.1469934665012835e-01,9.9335217733719716e-01,1.3151351103817122e-01,7.1512558390235392e-01,9.9334352374861723e-01,3.5263052685880293e-15,9.7232345226756130e-35,True,True,True,False,True,True,False,False,False,False,False,The tested one-step history-transport non-final source features do not reproduce the local correction.,derive a revised weak-row formula or multi-step nonlinear history source law for the coefficient-gradient closure,"This capacity audit builds a one-step transported local state from the current terminal output and tests source-row/velocity-row deltas as history features. It is a trajectory-history feature-space test, not a target-free formula and not an accepted nonlinear h-sweep."
cylindrical_smooth,0.01,case_local_history_capacity_value_component_nonfinal,paper_tfe_lower_pair_velocity_compression_history_capacity_gap_not_full_tfe,,case_local_history_capacity_nonfinal_component_diagonal_value_fit,case_local_history_capacity_oracle_fit,history_velocity_transport_delta_rows_perp,one-step transported non-final velocity-row deltas residualized against local source rows,"0,1",1,24,8,16,24,16,16,15,4.5237450532531179e+06,1,16,7.4633136380066623e-03,False,True,False,False,8,132,24,32,8,9.7968951437264964e+07,1.8390267947137043e-01,1.8401235660084056e-01,6.8717389492194041e-03,1.8388400307152525e-01,9.9930247331382349e-01,9.9999973202859171e-01,1.8388400306708230e-01,9.9989844408824380e-01,9.9999775694979198e-01,9.9965450236475151e-01,9.7232345226756130e-35,True,True,True,False,True,True,False,False,False,False,False,The tested one-step history-transport non-final source features do not reproduce the local correction.,derive a revised weak-row formula or multi-step nonlinear history source law for the coefficient-gradient closure,"This capacity audit builds a one-step transported local state from the current terminal output and tests source-row/velocity-row deltas as history features. It is a trajectory-history feature-space test, not a target-free formula and not an accepted nonlinear h-sweep."
cylindrical_smooth,0.01,case_local_history_capacity_value_component_nonfinal,paper_tfe_lower_pair_velocity_compression_history_capacity_gap_not_full_tfe,,case_local_history_capacity_nonfinal_component_diagonal_value_fit,case_local_history_capacity_oracle_fit,active_plus_history_velocity_transport_delta_rows_perp,active non-final velocity plus one-step transported velocity-row deltas,"0,1",1,24,8,16,24,16,32,27,9.8779537435776964e+07,1,32,2.9658676731290218e-01,False,True,False,False,8,132,23,31,8,2.4397423617942661e+12,1.8390267947137043e-01,1.8401235660084056e-01,6.8717397949189978e-03,1.8388400303992145e-01,9.9930247314207521e-01,9.9999973201772818e-01,1.8388400303992147e-01,9.9989844394055249e-01,9.9999775694289095e-01,9.9965450165136260e-01,9.7232345226756130e-35,True,True,True,False,True,True,False,False,False,False,False,The tested one-step history-transport non-final source features do not reproduce the local correction.,derive a revised weak-row formula or multi-step nonlinear history source law for the coefficient-gradient closure,"This capacity audit builds a one-step transported local state from the current terminal output and tests source-row/velocity-row deltas as history features. It is a trajectory-history feature-space test, not a target-free formula and not an accepted nonlinear h-sweep."
cylindrical_smooth,0.01,case_local_history_capacity_value_component_nonfinal,paper_tfe_lower_pair_velocity_compression_history_capacity_gap_not_full_tfe,,case_local_history_capacity_nonfinal_component_diagonal_value_fit,case_local_history_capacity_oracle_fit,history_source_velocity_transport_delta_rows_perp,one-step transported source-row and non-final velocity-row deltas,"0,1",1,24,8,16,24,16,32,31,2.9130790978218436e+07,1,32,3.0959059731299445e-02,True,True,True,False,8,132,24,30,6,1.5393551936925944e+04,1.8390267947137043e-01,1.8401235660084056e-01,1.2568942723546722e-01,1.3439760140309387e-01,7.3037269825650364e-01,9.9263216136185828e-01,1.3439760140292700e-01,7.3080828288774191e-01,9.9262351404569837e-01,1.7013349071330312e-13,9.7232345226756130e-35,True,True,True,False,True,True,False,False,False,False,False,The tested one-step history-transport non-final source features do not reproduce the local correction.,derive a revised weak-row formula or multi-step nonlinear history source law for the coefficient-gradient closure,"This capacity audit builds a one-step transported local state from the current terminal output and tests source-row/velocity-row deltas as history features. It is a trajectory-history feature-space test, not a target-free formula and not an accepted nonlinear h-sweep."
cylindrical_smooth,0.01,case_local_history_capacity_value_component_nonfinal,paper_tfe_lower_pair_velocity_compression_history_capacity_gap_not_full_tfe,,case_local_history_capacity_nonfinal_component_diagonal_value_fit,case_local_history_capacity_oracle_fit,active_plus_history_source_velocity_transport_delta_rows_perp,active non-final velocity plus one-step source/velocity transport deltas,"0,1",1,24,8,16,24,16,48,43,1.7489664807312405e+08,1,48,2.9810480183000154e-01,True,True,True,False,8,132,24,30,6,1.5390073927552105e+04,1.8390267947137043e-01,1.8401235660084056e-01,1.2910742942250919e-01,1.3111757719569522e-01,7.1254767678518105e-01,9.9263216131721077e-01,1.3111757719569522e-01,7.1297263080991335e-01,9.9262351400105120e-01,4.6750264087283424e-15,9.7232345226756130e-35,True,True,True,False,True,True,False,False,False,False,False,The tested one-step history-transport non-final source features do not reproduce the local correction.,derive a revised weak-row formula or multi-step nonlinear history source law for the coefficient-gradient closure,"This capacity audit builds a one-step transported local state from the current terminal output and tests source-row/velocity-row deltas as history features. It is a trajectory-history feature-space test, not a target-free formula and not an accepted nonlinear h-sweep."
cylindrical_smooth,0.01,universal_history_capacity_value_component_nonfinal,paper_tfe_lower_pair_velocity_compression_history_capacity_gap_not_full_tfe,,universal_history_capacity_nonfinal_component_diagonal_value_fit,all_case_h_history_capacity_oracle_fit,history_source_transport_delta_rows_perp,one-step transported source-row deltas residualized against local source rows,"0,1",6,24,8,16,24,16,16,16,2.0257991599673403e+02,1,16,3.0046003544346972e-02,True,False,False,False,8,132,24,32,8,1.0167015068115359e+04,1.8390267947137043e-01,1.8411674096983208e-01,1.0710558149318519e-01,1.4975770003027866e-01,8.1338448226615512e-01,9.9509091953530660e-01,1.4530721661850382e-01,7.9013104668290024e-01,9.9507824048924376e-01,3.4813859388524077e-02,1.6450722467175256e-18,True,True,True,False,True,True,False,False,False,False,False,The tested one-step history-transport non-final source features do not reproduce the local correction.,derive a revised weak-row formula or multi-step nonlinear history source law for the coefficient-gradient closure,"This capacity audit builds a one-step transported local state from the current terminal output and tests source-row/velocity-row deltas as history features. It is a trajectory-history feature-space test, not a target-free formula and not an accepted nonlinear h-sweep."
cylindrical_smooth,0.01,universal_history_capacity_value_component_nonfinal,paper_tfe_lower_pair_velocity_compression_history_capacity_gap_not_full_tfe,,universal_history_capacity_nonfinal_component_diagonal_value_fit,all_case_h_history_capacity_oracle_fit,active_plus_history_source_transport_delta_rows_perp,active non-final velocity plus one-step transported source-row deltas,"0,1",6,24,8,16,24,16,32,32,5.6165122088078242e+03,1,32,2.9801136190361138e-01,True,False,False,False,8,132,24,30,6,3.6663864420107944e+04,1.8390267947137043e-01,1.8411674096983208e-01,1.2885329145879446e-01,1.3151351103817122e-01,7.1429415025176868e-01,9.9335217732825765e-01,1.3151351103817122e-01,7.1512558390235392e-01,9.9334352374861723e-01,2.8883281208886302e-15,1.6450722467175256e-18,True,True,True,False,True,True,False,False,False,False,False,The tested one-step history-transport non-final source features do not reproduce the local correction.,derive a revised weak-row formula or multi-step nonlinear history source law for the coefficient-gradient closure,"This capacity audit builds a one-step transported local state from the current terminal output and tests source-row/velocity-row deltas as history features. It is a trajectory-history feature-space test, not a target-free formula and not an accepted nonlinear h-sweep."
cylindrical_smooth,0.01,universal_history_capacity_value_component_nonfinal,paper_tfe_lower_pair_velocity_compression_history_capacity_gap_not_full_tfe,,universal_history_capacity_nonfinal_component_diagonal_value_fit,all_case_h_history_capacity_oracle_fit,history_velocity_transport_delta_rows_perp,one-step transported non-final velocity-row deltas residualized against local source rows,"0,1",6,24,8,16,24,16,16,15,4.5237450532531179e+06,1,16,7.4633136380066623e-03,False,True,False,False,8,132,23,31,8,1.5394417095654951e+10,1.8390267947137043e-01,1.8411674096983208e-01,9.2546053219856785e-03,1.8388400307173677e-01,9.9873592212815976e-01,9.9999973202869530e-01,1.8388400305138070e-01,9.9989844400286376e-01,9.9999775694773307e-01,9.9965450192167160e-01,1.6450722467175256e-18,True,True,True,False,True,True,False,False,False,False,False,The tested one-step history-transport non-final source features do not reproduce the local correction.,derive a revised weak-row formula or multi-step nonlinear history source law for the coefficient-gradient closure,"This capacity audit builds a one-step transported local state from the current terminal output and tests source-row/velocity-row deltas as history features. It is a trajectory-history feature-space test, not a target-free formula and not an accepted nonlinear h-sweep."
cylindrical_smooth,0.01,universal_history_capacity_value_component_nonfinal,paper_tfe_lower_pair_velocity_compression_history_capacity_gap_not_full_tfe,,universal_history_capacity_nonfinal_component_diagonal_value_fit,all_case_h_history_capacity_oracle_fit,active_plus_history_velocity_transport_delta_rows_perp,active non-final velocity plus one-step transported velocity-row deltas,"0,1",6,24,8,16,24,16,32,27,9.8779537435776964e+07,1,32,2.9658676731290218e-01,False,True,False,False,8,132,23,31,8,2.4396880763202441e+12,1.8390267947137043e-01,1.8411674096983208e-01,9.2546059541401410e-03,1.8388400303992145e-01,9.9873592195535998e-01,9.9999973201780912e-01,1.8388400303992147e-01,9.9989844394055249e-01,9.9999775694289095e-01,9.9965450165136260e-01,1.6450722467175256e-18,True,True,True,False,True,True,False,False,False,False,False,The tested one-step history-transport non-final source features do not reproduce the local correction.,derive a revised weak-row formula or multi-step nonlinear history source law for the coefficient-gradient closure,"This capacity audit builds a one-step transported local state from the current terminal output and tests source-row/velocity-row deltas as history features. It is a trajectory-history feature-space test, not a target-free formula and not an accepted nonlinear h-sweep."
cylindrical_smooth,0.01,universal_history_capacity_value_component_nonfinal,paper_tfe_lower_pair_velocity_compression_history_capacity_gap_not_full_tfe,,universal_history_capacity_nonfinal_component_diagonal_value_fit,all_case_h_history_capacity_oracle_fit,history_source_velocity_transport_delta_rows_perp,one-step transported source-row and non-final velocity-row deltas,"0,1",6,24,8,16,24,16,32,31,2.9130790978218436e+07,1,32,3.0959059731299445e-02,True,True,True,False,8,132,24,30,6,1.5393553852629515e+04,1.8390267947137043e-01,1.8411674096983208e-01,1.2584219500730923e-01,1.3439760511662963e-01,7.2995863607346256e-01,9.9263216135234777e-01,1.3439760511662899e-01,7.3080830308158573e-01,9.9262351404512084e-01,1.8954069306279566e-13,1.6450722467175256e-18,True,True,True,False,True,True,False,False,False,False,False,The tested one-step history-transport non-final source features do not reproduce the local correction.,derive a revised weak-row formula or multi-step nonlinear history source law for the coefficient-gradient closure,"This capacity audit builds a one-step transported local state from the current terminal output and tests source-row/velocity-row deltas as history features. It is a trajectory-history feature-space test, not a target-free formula and not an accepted nonlinear h-sweep."
cylindrical_smooth,0.01,universal_history_capacity_value_component_nonfinal,paper_tfe_lower_pair_velocity_compression_history_capacity_gap_not_full_tfe,,universal_history_capacity_nonfinal_component_diagonal_value_fit,all_case_h_history_capacity_oracle_fit,active_plus_history_source_velocity_transport_delta_rows_perp,active non-final velocity plus one-step source/velocity transport deltas,"0,1",6,24,8,16,24,16,48,43,1.7489664807312405e+08,1,48,2.9810480183000154e-01,True,True,True,False,8,132,24,30,6,1.5390074257933367e+04,1.8390267947137043e-01,1.8411674096983208e-01,1.2925616138410456e-01,1.3111757719569517e-01,7.1214370026883689e-01,9.9263216130827781e-01,1.3111757719569520e-01,7.1297263080991324e-01,9.9262351400105120e-01,3.7497344690596008e-15,1.6450722467175256e-18,True,True,True,False,True,True,False,False,False,False,False,The tested one-step history-transport non-final source features do not reproduce the local correction.,derive a revised weak-row formula or multi-step nonlinear history source law for the coefficient-gradient closure,"This capacity audit builds a one-step transported local state from the current terminal output and tests source-row/velocity-row deltas as history features. It is a trajectory-history feature-space test, not a target-free formula and not an accepted nonlinear h-sweep."
cylindrical_smooth,0.01,case_local_history_capacity_value_full_nonfinal,paper_tfe_lower_pair_velocity_compression_history_capacity_gap_not_full_tfe,,case_local_history_capacity_nonfinal_full_component_value_fit,case_local_history_capacity_oracle_fit,history_source_transport_delta_rows_perp,one-step transported source-row deltas residualized against local source rows,"0,1",1,24,8,16,24,16,16,16,2.0257991599673403e+02,1,16,3.0046003544346972e-02,True,False,False,False,8,132,24,32,8,6.1646691195373518e+04,1.8390267947137043e-01,1.8388667815553009e-01,1.0562176790882474e-01,1.5052691635348769e-01,8.1858521706598597e-01,9.9509091844920117e-01,1.5052691635245322e-01,8.1851399221122778e-01,9.9508224972328085e-01,5.7693778279976848e-01,1.6692610498525925e-34,True,True,True,False,True,True,False,False,False,False,False,The tested one-step history-transport non-final source features do not reproduce the local correction.,derive a revised weak-row formula or multi-step nonlinear history source law for the coefficient-gradient closure,"This capacity audit builds a one-step transported local state from the current terminal output and tests source-row/velocity-row deltas as history features. It is a trajectory-history feature-space test, not a target-free formula and not an accepted nonlinear h-sweep."
cylindrical_smooth,0.01,case_local_history_capacity_value_full_nonfinal,paper_tfe_lower_pair_velocity_compression_history_capacity_gap_not_full_tfe,,case_local_history_capacity_nonfinal_full_component_value_fit,case_local_history_capacity_oracle_fit,active_plus_history_source_transport_delta_rows_perp,active non-final velocity plus one-step transported source-row deltas,"0,1",1,24,8,16,24,16,32,32,5.6165122088078242e+03,1,32,2.9801136190361138e-01,True,False,False,False,8,132,24,30,6,3.6663863513836761e+04,1.8390267947137043e-01,1.8388667815553009e-01,1.2852434328751997e-01,1.3151351103817122e-01,7.1518781217494176e-01,9.9335217732737491e-01,1.3151351103817122e-01,7.1512558390235392e-01,9.9334352374861723e-01,3.1821867952282671e-15,1.6692610498525925e-34,True,True,True,False,True,True,False,False,False,False,False,The tested one-step history-transport non-final source features do not reproduce the local correction.,derive a revised weak-row formula or multi-step nonlinear history source law for the coefficient-gradient closure,"This capacity audit builds a one-step transported local state from the current terminal output and tests source-row/velocity-row deltas as history features. It is a trajectory-history feature-space test, not a target-free formula and not an accepted nonlinear h-sweep."
cylindrical_smooth,0.01,case_local_history_capacity_value_full_nonfinal,paper_tfe_lower_pair_velocity_compression_history_capacity_gap_not_full_tfe,,case_local_history_capacity_nonfinal_full_component_value_fit,case_local_history_capacity_oracle_fit,history_velocity_transport_delta_rows_perp,one-step transported non-final velocity-row deltas residualized against local source rows,"0,1",1,24,8,16,24,16,16,15,4.5237450532531179e+06,1,16,7.4633136380066623e-03,False,True,False,False,8,132,24,32,8,6.4749705653183918e+09,1.8390267947137043e-01,1.8388667815553009e-01,9.9187569055543827e-04,1.8388400307174627e-01,9.9998545254169224e-01,9.9999973202871340e-01,1.8388400307087269e-01,9.9989844410885464e-01,9.9999775695308590e-01,9.9965450242806719e-01,1.6692610498525925e-34,True,True,True,False,True,True,False,False,False,False,False,The tested one-step history-transport non-final source features do not reproduce the local correction.,derive a revised weak-row formula or multi-step nonlinear history source law for the coefficient-gradient closure,"This capacity audit builds a one-step transported local state from the current terminal output and tests source-row/velocity-row deltas as history features. It is a trajectory-history feature-space test, not a target-free formula and not an accepted nonlinear h-sweep."
cylindrical_smooth,0.01,case_local_history_capacity_value_full_nonfinal,paper_tfe_lower_pair_velocity_compression_history_capacity_gap_not_full_tfe,,case_local_history_capacity_nonfinal_full_component_value_fit,case_local_history_capacity_oracle_fit,active_plus_history_velocity_transport_delta_rows_perp,active non-final velocity plus one-step transported velocity-row deltas,"0,1",1,24,8,16,24,16,32,27,9.8779537435776964e+07,1,32,2.9658676731290218e-01,False,True,False,False,8,132,23,31,8,2.4397064529513325e+12,1.8390267947137043e-01,1.8388667815553009e-01,9.9188159054655394e-04,1.8388400303992145e-01,9.9998545236862468e-01,9.9999973201784498e-01,1.8388400303992145e-01,9.9989844394055227e-01,9.9999775694289095e-01,9.9965450165136238e-01,1.6692610498525925e-34,True,True,True,False,True,True,False,False,False,False,False,The tested one-step history-transport non-final source features do not reproduce the local correction.,derive a revised weak-row formula or multi-step nonlinear history source law for the coefficient-gradient closure,"This capacity audit builds a one-step transported local state from the current terminal output and tests source-row/velocity-row deltas as history features. It is a trajectory-history feature-space test, not a target-free formula and not an accepted nonlinear h-sweep."
cylindrical_smooth,0.01,case_local_history_capacity_value_full_nonfinal,paper_tfe_lower_pair_velocity_compression_history_capacity_gap_not_full_tfe,,case_local_history_capacity_nonfinal_full_component_value_fit,case_local_history_capacity_oracle_fit,history_source_velocity_transport_delta_rows_perp,one-step transported source-row and non-final velocity-row deltas,"0,1",1,24,8,16,24,16,32,31,2.9130790978218436e+07,1,32,3.0959059731299445e-02,True,True,True,False,8,132,24,31,7,1.5393553477009778e+04,1.8390267947137043e-01,1.8388667815553009e-01,1.2550535530002968e-01,1.3439760486779334e-01,7.3087189466830638e-01,9.9263216135146992e-01,1.3439760486779312e-01,7.3080830172850120e-01,9.9262351404512483e-01,2.6951597171399507e-09,1.6692610498525925e-34,True,True,True,False,True,True,False,False,False,False,False,The tested one-step history-transport non-final source features do not reproduce the local correction.,derive a revised weak-row formula or multi-step nonlinear history source law for the coefficient-gradient closure,"This capacity audit builds a one-step transported local state from the current terminal output and tests source-row/velocity-row deltas as history features. It is a trajectory-history feature-space test, not a target-free formula and not an accepted nonlinear h-sweep."
cylindrical_smooth,0.01,case_local_history_capacity_value_full_nonfinal,paper_tfe_lower_pair_velocity_compression_history_capacity_gap_not_full_tfe,,case_local_history_capacity_nonfinal_full_component_value_fit,case_local_history_capacity_oracle_fit,active_plus_history_source_velocity_transport_delta_rows_perp,active non-final velocity plus one-step source/velocity transport deltas,"0,1",1,24,8,16,24,16,48,43,1.7489664807312405e+08,1,48,2.9810480183000154e-01,True,True,True,False,8,132,24,30,6,1.5390073908360961e+04,1.8390267947137043e-01,1.8388667815553009e-01,1.2892824110140105e-01,1.3111757719569578e-01,7.1303467173841395e-01,9.9263216130739584e-01,1.3111757719569581e-01,7.1297263080991657e-01,9.9262351400105109e-01,4.0323365378736580e-15,1.6692610498525925e-34,True,True,True,False,True,True,False,False,False,False,False,The tested one-step history-transport non-final source features do not reproduce the local correction.,derive a revised weak-row formula or multi-step nonlinear history source law for the coefficient-gradient closure,"This capacity audit builds a one-step transported local state from the current terminal output and tests source-row/velocity-row deltas as history features. It is a trajectory-history feature-space test, not a target-free formula and not an accepted nonlinear h-sweep."
cylindrical_smooth,0.01,universal_history_capacity_value_full_nonfinal,paper_tfe_lower_pair_velocity_compression_history_capacity_gap_not_full_tfe,,universal_history_capacity_nonfinal_full_component_value_fit,all_case_h_history_capacity_oracle_fit,history_source_transport_delta_rows_perp,one-step transported source-row deltas residualized against local source rows,"0,1",6,24,8,16,24,16,16,16,2.0257991599673403e+02,1,16,3.0046003544346972e-02,True,False,False,False,8,132,24,32,8,6.0606055600952321e+04,1.8390267947137043e-01,1.8388667986011836e-01,1.0562246341168678e-01,1.5052643041281669e-01,8.1858256686847219e-01,9.9508929233491783e-01,1.5051192801050367e-01,8.1843249072363322e-01,9.9507916156813248e-01,5.7676635072108740e-01,6.4630228833806393e-32,True,True,True,False,True,True,False,False,False,False,False,The tested one-step history-transport non-final source features do not reproduce the local correction.,derive a revised weak-row formula or multi-step nonlinear history source law for the coefficient-gradient closure,"This capacity audit builds a one-step transported local state from the current terminal output and tests source-row/velocity-row deltas as history features. It is a trajectory-history feature-space test, not a target-free formula and not an accepted nonlinear h-sweep."
cylindrical_smooth,0.01,universal_history_capacity_value_full_nonfinal,paper_tfe_lower_pair_velocity_compression_history_capacity_gap_not_full_tfe,,universal_history_capacity_nonfinal_full_component_value_fit,all_case_h_history_capacity_oracle_fit,active_plus_history_source_transport_delta_rows_perp,active non-final velocity plus one-step transported source-row deltas,"0,1",6,24,8,16,24,16,32,32,5.6165122088078242e+03,1,32,2.9801136190361138e-01,True,False,False,False,8,132,24,30,6,3.6663863513846016e+04,1.8390267947137043e-01,1.8388667986011836e-01,1.2852434572636592e-01,1.3151351103817119e-01,7.1518780554531103e-01,9.9335214364101132e-01,1.3151351103817122e-01,7.1512558390235392e-01,9.9334352374861723e-01,2.7317326838618313e-15,6.4630228833806393e-32,True,True,True,False,True,True,False,False,False,False,False,The tested one-step history-transport non-final source features do not reproduce the local correction.,derive a revised weak-row formula or multi-step nonlinear history source law for the coefficient-gradient closure,"This capacity audit builds a one-step transported local state from the current terminal output and tests source-row/velocity-row deltas as history features. It is a trajectory-history feature-space test, not a target-free formula and not an accepted nonlinear h-sweep."
cylindrical_smooth,0.01,universal_history_capacity_value_full_nonfinal,paper_tfe_lower_pair_velocity_compression_history_capacity_gap_not_full_tfe,,universal_history_capacity_nonfinal_full_component_value_fit,all_case_h_history_capacity_oracle_fit,history_velocity_transport_delta_rows_perp,one-step transported non-final velocity-row deltas residualized against local source rows,"0,1",6,24,8,16,24,16,16,15,4.5237450532531179e+06,1,16,7.4633136380066623e-03,False,True,False,False,8,132,24,32,8,1.5557191667762648e+06,1.8390267947137043e-01,1.8388667986011836e-01,9.9194473920224588e-04,1.8388400440389593e-01,9.9998545051645682e-01,9.9999973153768507e-01,1.8388400306287381e-01,9.9989844406535944e-01,9.9999775695003468e-01,9.9965450223804875e-01,6.4630228833806393e-32,True,True,True,False,True,True,False,False,False,False,False,The tested one-step history-transport non-final source features do not reproduce the local correction.,derive a revised weak-row formula or multi-step nonlinear history source law for the coefficient-gradient closure,"This capacity audit builds a one-step transported local state from the current terminal output and tests source-row/velocity-row deltas as history features. It is a trajectory-history feature-space test, not a target-free formula and not an accepted nonlinear h-sweep."
cylindrical_smooth,0.01,universal_history_capacity_value_full_nonfinal,paper_tfe_lower_pair_velocity_compression_history_capacity_gap_not_full_tfe,,universal_history_capacity_nonfinal_full_component_value_fit,all_case_h_history_capacity_oracle_fit,active_plus_history_velocity_transport_delta_rows_perp,active non-final velocity plus one-step transported velocity-row deltas,"0,1",6,24,8,16,24,16,32,27,9.8779537435776964e+07,1,32,2.9658676731290218e-01,False,True,False,False,8,132,23,31,8,2.4397304398005708e+12,1.8390267947137043e-01,1.8388667986011836e-01,9.9219755684499915e-04,1.8388400303992145e-01,9.9998544309898385e-01,9.9999972801117709e-01,1.8388400303992147e-01,9.9989844394055249e-01,9.9999775694289095e-01,9.9965450165136260e-01,6.4630228833806393e-32,True,True,True,False,True,True,False,False,False,False,False,The tested one-step history-transport non-final source features do not reproduce the local correction.,derive a revised weak-row formula or multi-step nonlinear history source law for the coefficient-gradient closure,"This capacity audit builds a one-step transported local state from the current terminal output and tests source-row/velocity-row deltas as history features. It is a trajectory-history feature-space test, not a target-free formula and not an accepted nonlinear h-sweep."
cylindrical_smooth,0.01,universal_history_capacity_value_full_nonfinal,paper_tfe_lower_pair_velocity_compression_history_capacity_gap_not_full_tfe,,universal_history_capacity_nonfinal_full_component_value_fit,all_case_h_history_capacity_oracle_fit,history_source_velocity_transport_delta_rows_perp,one-step transported source-row and non-final velocity-row deltas,"0,1",6,24,8,16,24,16,32,31,2.9130790978218436e+07,1,32,3.0959059731299445e-02,True,True,True,False,8,132,24,32,8,1.5381706134150110e+04,1.8390267947137043e-01,1.8388667986011836e-01,1.2550554704076600e-01,1.3439742814477015e-01,7.3087092685019694e-01,9.9263214093304775e-01,1.3439720200463420e-01,7.3080611109615112e-01,9.9262352724362513e-01,1.5509799785166910e-06,6.4630228833806393e-32,True,True,True,False,True,True,False,False,False,False,False,The tested one-step history-transport non-final source features do not reproduce the local correction.,derive a revised weak-row formula or multi-step nonlinear history source law for the coefficient-gradient closure,"This capacity audit builds a one-step transported local state from the current terminal output and tests source-row/velocity-row deltas as history features. It is a trajectory-history feature-space test, not a target-free formula and not an accepted nonlinear h-sweep."
cylindrical_smooth,0.01,universal_history_capacity_value_full_nonfinal,paper_tfe_lower_pair_velocity_compression_history_capacity_gap_not_full_tfe,,universal_history_capacity_nonfinal_full_component_value_fit,all_case_h_history_capacity_oracle_fit,active_plus_history_source_velocity_transport_delta_rows_perp,active non-final velocity plus one-step source/velocity transport deltas,"0,1",6,24,8,16,24,16,48,43,1.7489664807312405e+08,1,48,2.9810480183000154e-01,True,True,True,False,8,132,24,30,6,1.5390073895935124e+04,1.8390267947137043e-01,1.8388667986011836e-01,1.2892824353197743e-01,1.3111757719569550e-01,7.1303466512874103e-01,9.9263212764544917e-01,1.3111757719569550e-01,7.1297263080991491e-01,9.9262351400105120e-01,3.1116978789758081e-15,6.4630228833806393e-32,True,True,True,False,True,True,False,False,False,False,False,The tested one-step history-transport non-final source features do not reproduce the local correction.,derive a revised weak-row formula or multi-step nonlinear history source law for the coefficient-gradient closure,"This capacity audit builds a one-step transported local state from the current terminal output and tests source-row/velocity-row deltas as history features. It is a trajectory-history feature-space test, not a target-free formula and not an accepted nonlinear h-sweep."
cylindrical_sharp,0.04,case_local_history_capacity_value_scalar_nonfinal,paper_tfe_lower_pair_velocity_compression_history_capacity_gap_not_full_tfe,,case_local_history_capacity_nonfinal_stage_scalar_value_fit,case_local_history_capacity_oracle_fit,history_source_transport_delta_rows_perp,one-step transported source-row deltas residualized against local source rows,"0,1",1,24,8,16,24,16,16,16,3.4680696238645965e+01,1,16,2.8017791462957758e-01,True,False,False,False,8,132,24,32,8,2.3877819532147419e+03,3.7137778489504708e-01,3.6458407253839792e-01,1.8140132489984115e-01,3.1625164864908778e-01,8.6743133469106837e-01,9.9460878729974456e-01,3.1625164864908778e-01,8.5156318313025059e-01,9.9270491998443333e-01,5.7254462359639235e-01,1.1640035118717464e-17,True,True,True,False,True,True,False,False,False,False,False,The tested one-step history-transport non-final source features do not reproduce the local correction.,derive a revised weak-row formula or multi-step nonlinear history source law for the coefficient-gradient closure,"This capacity audit builds a one-step transported local state from the current terminal output and tests source-row/velocity-row deltas as history features. It is a trajectory-history feature-space test, not a target-free formula and not an accepted nonlinear h-sweep."
cylindrical_sharp,0.04,case_local_history_capacity_value_scalar_nonfinal,paper_tfe_lower_pair_velocity_compression_history_capacity_gap_not_full_tfe,,case_local_history_capacity_nonfinal_stage_scalar_value_fit,case_local_history_capacity_oracle_fit,active_plus_history_source_transport_delta_rows_perp,active non-final velocity plus one-step transported source-row deltas,"0,1",1,24,8,16,24,16,32,32,4.4290967747635517e+02,1,32,6.5457501032852650e-01,True,False,False,False,8,132,24,30,6,2.3286744031335975e+03,3.7137778489504708e-01,3.6458407253839792e-01,2.2291494641460313e-01,2.8849691959128160e-01,7.9130423219708035e-01,9.9292152486454877e-01,2.8849691959128160e-01,7.7682869392096798e-01,9.9102088728523396e-01,2.5079773205506548e-15,1.1640035118717464e-17,True,True,True,False,True,True,False,False,False,False,False,The tested one-step history-transport non-final source features do not reproduce the local correction.,derive a revised weak-row formula or multi-step nonlinear history source law for the coefficient-gradient closure,"This capacity audit builds a one-step transported local state from the current terminal output and tests source-row/velocity-row deltas as history features. It is a trajectory-history feature-space test, not a target-free formula and not an accepted nonlinear h-sweep."
cylindrical_sharp,0.04,case_local_history_capacity_value_scalar_nonfinal,paper_tfe_lower_pair_velocity_compression_history_capacity_gap_not_full_tfe,,case_local_history_capacity_nonfinal_stage_scalar_value_fit,case_local_history_capacity_oracle_fit,history_velocity_transport_delta_rows_perp,one-step transported non-final velocity-row deltas residualized against local source rows,"0,1",1,24,8,16,24,16,16,16,3.8169562094143992e+04,1,16,6.0365622695336844e-02,False,True,False,False,8,132,24,32,8,2.2473132688550723e+08,3.7137778489504708e-01,3.6458407253839792e-01,2.9907796154133828e-02,3.6335529400008282e-01,9.9662964284270628e-01,9.9993476683009641e-01,3.6335529399968303e-01,9.7839803234964295e-01,9.9951004823261447e-01,9.2872486450558467e-01,1.1640035118717464e-17,True,True,True,False,True,True,False,False,False,False,False,The tested one-step history-transport non-final source features do not reproduce the local correction.,derive a revised weak-row formula or multi-step nonlinear history source law for the coefficient-gradient closure,"This capacity audit builds a one-step transported local state from the current terminal output and tests source-row/velocity-row deltas as history features. It is a trajectory-history feature-space test, not a target-free formula and not an accepted nonlinear h-sweep."
cylindrical_sharp,0.04,case_local_history_capacity_value_scalar_nonfinal,paper_tfe_lower_pair_velocity_compression_history_capacity_gap_not_full_tfe,,case_local_history_capacity_nonfinal_stage_scalar_value_fit,case_local_history_capacity_oracle_fit,active_plus_history_velocity_transport_delta_rows_perp,active non-final velocity plus one-step transported velocity-row deltas,"0,1",1,24,8,16,24,16,32,28,2.0618042520306690e+05,1,32,5.9465350306191544e-01,False,True,False,False,8,132,24,32,8,2.2480023366086060e+08,3.7137778489504708e-01,3.6458407253839792e-01,2.9908577905515901e-02,3.6335522965323269e-01,9.9662946634884664e-01,9.9993476672670978e-01,3.6335522965323275e-01,9.7839785908550903e-01,9.9951004812927191e-01,9.2872387829994640e-01,1.1640035118717464e-17,True,True,True,False,True,True,False,False,False,False,False,The tested one-step history-transport non-final source features do not reproduce the local correction.,derive a revised weak-row formula or multi-step nonlinear history source law for the coefficient-gradient closure,"This capacity audit builds a one-step transported local state from the current terminal output and tests source-row/velocity-row deltas as history features. It is a trajectory-history feature-space test, not a target-free formula and not an accepted nonlinear h-sweep."
cylindrical_sharp,0.04,case_local_history_capacity_value_scalar_nonfinal,paper_tfe_lower_pair_velocity_compression_history_capacity_gap_not_full_tfe,,case_local_history_capacity_nonfinal_stage_scalar_value_fit,case_local_history_capacity_oracle_fit,history_source_velocity_transport_delta_rows_perp,one-step transported source-row and non-final velocity-row deltas,"0,1",1,24,8,16,24,16,32,32,1.7055966079810619e+07,1,32,2.8660717410695535e-01,True,True,True,False,8,132,24,30,6,1.1204172293900197e+03,3.7137778489504708e-01,3.6458407253839792e-01,2.2757971505786451e-01,2.8483156293304956e-01,7.8125070288980103e-01,9.9213185635988865e-01,2.8483156293304962e-01,7.6695907649280692e-01,9.9023273035384285e-01,3.2244660795873343e-15,1.1640035118717464e-17,True,True,True,False,True,True,False,False,False,False,False,The tested one-step history-transport non-final source features do not reproduce the local correction.,derive a revised weak-row formula or multi-step nonlinear history source law for the coefficient-gradient closure,"This capacity audit builds a one-step transported local state from the current terminal output and tests source-row/velocity-row deltas as history features. It is a trajectory-history feature-space test, not a target-free formula and not an accepted nonlinear h-sweep."
cylindrical_sharp,0.04,case_local_history_capacity_value_scalar_nonfinal,paper_tfe_lower_pair_velocity_compression_history_capacity_gap_not_full_tfe,,case_local_history_capacity_nonfinal_stage_scalar_value_fit,case_local_history_capacity_oracle_fit,active_plus_history_source_velocity_transport_delta_rows_perp,active non-final velocity plus one-step source/velocity transport deltas,"0,1",1,24,8,16,24,16,48,44,2.3733982675820705e+07,1,48,6.5735260899306269e-01,True,True,True,False,8,132,24,30,6,1.0956221246701759e+03,3.7137778489504708e-01,3.6458407253839792e-01,2.3061087922817142e-01,2.8238301707129038e-01,7.7453470500017485e-01,9.9213185132071968e-01,2.8238301707129043e-01,7.6036593613452963e-01,9.9023272532431983e-01,2.5599100970286550e-15,1.1640035118717464e-17,True,True,True,False,True,True,False,False,False,False,False,The tested one-step history-transport non-final source features do not reproduce the local correction.,derive a revised weak-row formula or multi-step nonlinear history source law for the coefficient-gradient closure,"This capacity audit builds a one-step transported local state from the current terminal output and tests source-row/velocity-row deltas as history features. It is a trajectory-history feature-space test, not a target-free formula and not an accepted nonlinear h-sweep."
cylindrical_sharp,0.04,universal_history_capacity_value_scalar_nonfinal,paper_tfe_lower_pair_velocity_compression_history_capacity_gap_not_full_tfe,,universal_history_capacity_nonfinal_stage_scalar_value_fit,all_case_h_history_capacity_oracle_fit,history_source_transport_delta_rows_perp,one-step transported source-row deltas residualized against local source rows,"0,1",6,24,8,16,24,16,16,16,3.4680696238645965e+01,1,16,2.8017791462957758e-01,True,False,False,False,8,132,24,32,8,2.3877819532148546e+03,3.7137778489504708e-01,3.6458407253007830e-01,1.8140132523035229e-01,3.1625164844991605e-01,8.6743133416456419e-01,9.9460878728476321e-01,3.1625164844991605e-01,8.5156318259394559e-01,9.9270491996714272e-01,5.7254462160876918e-01,1.1858915487241241e-17,True,True,True,False,True,True,False,False,False,False,False,The tested one-step history-transport non-final source features do not reproduce the local correction.,derive a revised weak-row formula or multi-step nonlinear history source law for the coefficient-gradient closure,"This capacity audit builds a one-step transported local state from the current terminal output and tests source-row/velocity-row deltas as history features. It is a trajectory-history feature-space test, not a target-free formula and not an accepted nonlinear h-sweep."
cylindrical_sharp,0.04,universal_history_capacity_value_scalar_nonfinal,paper_tfe_lower_pair_velocity_compression_history_capacity_gap_not_full_tfe,,universal_history_capacity_nonfinal_stage_scalar_value_fit,all_case_h_history_capacity_oracle_fit,active_plus_history_source_transport_delta_rows_perp,active non-final velocity plus one-step transported source-row deltas,"0,1",6,24,8,16,24,16,32,32,4.4290967747635517e+02,1,32,6.5457501032852650e-01,True,False,False,False,8,132,24,30,6,2.3286744031336025e+03,3.7137778489504708e-01,3.6458407253007830e-01,2.2291494640099599e-01,2.8849691959128160e-01,7.9130423221513746e-01,9.9292152486688712e-01,2.8849691959128160e-01,7.7682869392096798e-01,9.9102088728523396e-01,2.8847946406640639e-15,1.1858915487241241e-17,True,True,True,False,True,True,False,False,False,False,False,The tested one-step history-transport non-final source features do not reproduce the local correction.,derive a revised weak-row formula or multi-step nonlinear history source law for the coefficient-gradient closure,"This capacity audit builds a one-step transported local state from the current terminal output and tests source-row/velocity-row deltas as history features. It is a trajectory-history feature-space test, not a target-free formula and not an accepted nonlinear h-sweep."
cylindrical_sharp,0.04,universal_history_capacity_value_scalar_nonfinal,paper_tfe_lower_pair_velocity_compression_history_capacity_gap_not_full_tfe,,universal_history_capacity_nonfinal_stage_scalar_value_fit,all_case_h_history_capacity_oracle_fit,history_velocity_transport_delta_rows_perp,one-step transported non-final velocity-row deltas residualized against local source rows,"0,1",6,24,8,16,24,16,16,16,3.8169562094143992e+04,1,16,6.0365622695336844e-02,False,True,False,False,8,132,24,32,8,2.2480987469851357e+08,3.7137778489504708e-01,3.6458407253007830e-01,2.9907796052754568e-02,3.6335529400007949e-01,9.9662964286543965e-01,9.9993476683060944e-01,3.6335529400006983e-01,9.7839803235068457e-01,9.9951004823261447e-01,9.2872486451129721e-01,1.1858915487241241e-17,True,True,True,False,True,True,False,False,False,False,False,The tested one-step history-transport non-final source features do not reproduce the local correction.,derive a revised weak-row formula or multi-step nonlinear history source law for the coefficient-gradient closure,"This capacity audit builds a one-step transported local state from the current terminal output and tests source-row/velocity-row deltas as history features. It is a trajectory-history feature-space test, not a target-free formula and not an accepted nonlinear h-sweep."
cylindrical_sharp,0.04,universal_history_capacity_value_scalar_nonfinal,paper_tfe_lower_pair_velocity_compression_history_capacity_gap_not_full_tfe,,universal_history_capacity_nonfinal_stage_scalar_value_fit,all_case_h_history_capacity_oracle_fit,active_plus_history_velocity_transport_delta_rows_perp,active non-final velocity plus one-step transported velocity-row deltas,"0,1",6,24,8,16,24,16,32,28,2.0618042520306690e+05,1,32,5.9465350306191544e-01,False,True,False,False,8,132,24,32,8,2.2480023361675555e+08,3.7137778489504708e-01,3.6458407253007830e-01,2.9908577804099234e-02,3.6335522965323269e-01,9.9662946637158911e-01,9.9993476672722281e-01,3.6335522965323269e-01,9.7839785908550880e-01,9.9951004812927180e-01,9.2872387829994640e-01,1.1858915487241241e-17,True,True,True,False,True,True,False,False,False,False,False,The tested one-step history-transport non-final source features do not reproduce the local correction.,derive a revised weak-row formula or multi-step nonlinear history source law for the coefficient-gradient closure,"This capacity audit builds a one-step transported local state from the current terminal output and tests source-row/velocity-row deltas as history features. It is a trajectory-history feature-space test, not a target-free formula and not an accepted nonlinear h-sweep."
cylindrical_sharp,0.04,universal_history_capacity_value_scalar_nonfinal,paper_tfe_lower_pair_velocity_compression_history_capacity_gap_not_full_tfe,,universal_history_capacity_nonfinal_stage_scalar_value_fit,all_case_h_history_capacity_oracle_fit,history_source_velocity_transport_delta_rows_perp,one-step transported source-row and non-final velocity-row deltas,"0,1",6,24,8,16,24,16,32,32,1.7055966079810619e+07,1,32,2.8660717410695535e-01,True,True,True,False,8,132,24,30,6,1.1204172293885902e+03,3.7137778489504708e-01,3.6458407253007830e-01,2.2757971507378583e-01,2.8483156290968514e-01,7.8125070284354359e-01,9.9213185636222523e-01,2.8483156290968514e-01,7.6695907642989403e-01,9.9023273035384285e-01,2.4954038980198475e-15,1.1858915487241241e-17,True,True,True,False,True,True,False,False,False,False,False,The tested one-step history-transport non-final source features do not reproduce the local correction.,derive a revised weak-row formula or multi-step nonlinear history source law for the coefficient-gradient closure,"This capacity audit builds a one-step transported local state from the current terminal output and tests source-row/velocity-row deltas as history features. It is a trajectory-history feature-space test, not a target-free formula and not an accepted nonlinear h-sweep."
cylindrical_sharp,0.04,universal_history_capacity_value_scalar_nonfinal,paper_tfe_lower_pair_velocity_compression_history_capacity_gap_not_full_tfe,,universal_history_capacity_nonfinal_stage_scalar_value_fit,all_case_h_history_capacity_oracle_fit,active_plus_history_source_velocity_transport_delta_rows_perp,active non-final velocity plus one-step source/velocity transport deltas,"0,1",6,24,8,16,24,16,48,44,2.3733982675820705e+07,1,48,6.5735260899306269e-01,True,True,True,False,8,132,24,30,6,1.0956221246701675e+03,3.7137778489504708e-01,3.6458407253007830e-01,2.3061087921501930e-01,2.8238301707129032e-01,7.7453470501784916e-01,9.9213185132305626e-01,2.8238301707129027e-01,7.6036593613452907e-01,9.9023272532431983e-01,2.4023906720603483e-15,1.1858915487241241e-17,True,True,True,False,True,True,False,False,False,False,False,The tested one-step history-transport non-final source features do not reproduce the local correction.,derive a revised weak-row formula or multi-step nonlinear history source law for the coefficient-gradient closure,"This capacity audit builds a one-step transported local state from the current terminal output and tests source-row/velocity-row deltas as history features. It is a trajectory-history feature-space test, not a target-free formula and not an accepted nonlinear h-sweep."
cylindrical_sharp,0.04,case_local_history_capacity_value_component_nonfinal,paper_tfe_lower_pair_velocity_compression_history_capacity_gap_not_full_tfe,,case_local_history_capacity_nonfinal_component_diagonal_value_fit,case_local_history_capacity_oracle_fit,history_source_transport_delta_rows_perp,one-step transported source-row deltas residualized against local source rows,"0,1",1,24,8,16,24,16,16,16,3.4680696238645965e+01,1,16,2.8017791462957758e-01,True,False,False,False,8,132,24,32,8,1.5227436727288671e+03,3.7137778489504708e-01,3.6654316047024932e-01,1.8819099701345951e-01,3.1454417357598435e-01,8.5813679669386300e-01,9.9460878728241087e-01,3.0884944356480570e-01,8.3163144411582901e-01,9.9266667006993980e-01,1.6785674131508810e-01,4.6444969609303800e-33,True,True,True,False,True,True,False,False,False,False,False,The tested one-step history-transport non-final source features do not reproduce the local correction.,derive a revised weak-row formula or multi-step nonlinear history source law for the coefficient-gradient closure,"This capacity audit builds a one-step transported local state from the current terminal output and tests source-row/velocity-row deltas as history features. It is a trajectory-history feature-space test, not a target-free formula and not an accepted nonlinear h-sweep."
cylindrical_sharp,0.04,case_local_history_capacity_value_component_nonfinal,paper_tfe_lower_pair_velocity_compression_history_capacity_gap_not_full_tfe,,case_local_history_capacity_nonfinal_component_diagonal_value_fit,case_local_history_capacity_oracle_fit,active_plus_history_source_transport_delta_rows_perp,active non-final velocity plus one-step transported source-row deltas,"0,1",1,24,8,16,24,16,32,32,4.4290967747635517e+02,1,32,6.5457501032852650e-01,True,False,False,False,8,132,24,30,6,2.3286819148587765e+03,3.7137778489504708e-01,3.6654316047024932e-01,2.2610487804083418e-01,2.8849691959128160e-01,7.8707489513966145e-01,9.9292152486696417e-01,2.8849691959128165e-01,7.7682869392096809e-01,9.9102088728523396e-01,2.5119578121393548e-15,4.6444969609303800e-33,True,True,True,False,True,True,False,False,False,False,False,The tested one-step history-transport non-final source features do not reproduce the local correction.,derive a revised weak-row formula or multi-step nonlinear history source law for the coefficient-gradient closure,"This capacity audit builds a one-step transported local state from the current terminal output and tests source-row/velocity-row deltas as history features. It is a trajectory-history feature-space test, not a target-free formula and not an accepted nonlinear h-sweep."
cylindrical_sharp,0.04,case_local_history_capacity_value_component_nonfinal,paper_tfe_lower_pair_velocity_compression_history_capacity_gap_not_full_tfe,,case_local_history_capacity_nonfinal_component_diagonal_value_fit,case_local_history_capacity_oracle_fit,history_velocity_transport_delta_rows_perp,one-step transported non-final velocity-row deltas residualized against local source rows,"0,1",1,24,8,16,24,16,16,16,3.8169562094143992e+04,1,16,6.0365622695336844e-02,False,True,False,False,8,132,24,32,8,2.2481058676594588e+08,3.7137778489504708e-01,3.6654316047024932e-01,4.8237110295286691e-02,3.6335529400007266e-01,9.9130288922568666e-01,9.9993476683072957e-01,3.6335529400004807e-01,9.7839803235062595e-01,9.9951004823261380e-01,9.2872486451102410e-01,4.6444969609303800e-33,True,True,True,False,True,True,False,False,False,False,False,The tested one-step history-transport non-final source features do not reproduce the local correction.,derive a revised weak-row formula or multi-step nonlinear history source law for the coefficient-gradient closure,"This capacity audit builds a one-step transported local state from the current terminal output and tests source-row/velocity-row deltas as history features. It is a trajectory-history feature-space test, not a target-free formula and not an accepted nonlinear h-sweep."
cylindrical_sharp,0.04,case_local_history_capacity_value_component_nonfinal,paper_tfe_lower_pair_velocity_compression_history_capacity_gap_not_full_tfe,,case_local_history_capacity_nonfinal_component_diagonal_value_fit,case_local_history_capacity_oracle_fit,active_plus_history_velocity_transport_delta_rows_perp,active non-final velocity plus one-step transported velocity-row deltas,"0,1",1,24,8,16,24,16,32,28,2.0618042520306690e+05,1,32,5.9465350306191544e-01,False,True,False,False,8,132,24,32,8,2.2480084661017141e+08,3.7137778489504708e-01,3.6654316047024932e-01,4.8237594997734147e-02,3.6335522965323275e-01,9.9130271367517353e-01,9.9993476672734294e-01,3.6335522965323275e-01,9.7839785908550903e-01,9.9951004812927191e-01,9.2872387829994640e-01,4.6444969609303800e-33,True,True,True,False,True,True,False,False,False,False,False,The tested one-step history-transport non-final source features do not reproduce the local correction.,derive a revised weak-row formula or multi-step nonlinear history source law for the coefficient-gradient closure,"This capacity audit builds a one-step transported local state from the current terminal output and tests source-row/velocity-row deltas as history features. It is a trajectory-history feature-space test, not a target-free formula and not an accepted nonlinear h-sweep."
cylindrical_sharp,0.04,case_local_history_capacity_value_component_nonfinal,paper_tfe_lower_pair_velocity_compression_history_capacity_gap_not_full_tfe,,case_local_history_capacity_nonfinal_component_diagonal_value_fit,case_local_history_capacity_oracle_fit,history_source_velocity_transport_delta_rows_perp,one-step transported source-row and non-final velocity-row deltas,"0,1",1,24,8,16,24,16,32,32,1.7055966079810619e+07,1,32,2.8660717410695535e-01,True,True,True,False,8,132,24,30,6,1.1204177330780524e+03,3.7137778489504708e-01,3.6654316047024932e-01,2.3070515655823853e-01,2.8483156290162298e-01,7.7707509952226073e-01,9.9213185636230217e-01,2.8483156290162298e-01,7.6695907640818517e-01,9.9023273035384285e-01,3.0922019570259436e-15,4.6444969609303800e-33,True,True,True,False,True,True,False,False,False,False,False,The tested one-step history-transport non-final source features do not reproduce the local correction.,derive a revised weak-row formula or multi-step nonlinear history source law for the coefficient-gradient closure,"This capacity audit builds a one-step transported local state from the current terminal output and tests source-row/velocity-row deltas as history features. It is a trajectory-history feature-space test, not a target-free formula and not an accepted nonlinear h-sweep."
cylindrical_sharp,0.04,case_local_history_capacity_value_component_nonfinal,paper_tfe_lower_pair_velocity_compression_history_capacity_gap_not_full_tfe,,case_local_history_capacity_nonfinal_component_diagonal_value_fit,case_local_history_capacity_oracle_fit,active_plus_history_source_velocity_transport_delta_rows_perp,active non-final velocity plus one-step source/velocity transport deltas,"0,1",1,24,8,16,24,16,48,44,2.3733982675820705e+07,1,48,6.5735260899306269e-01,True,True,True,False,8,132,24,30,6,1.0956227207267495e+03,3.7137778489504708e-01,3.6654316047024932e-01,2.3369578549307821e-01,2.8238301707129038e-01,7.7039499716489768e-01,9.9213185132313331e-01,2.8238301707129038e-01,7.6036593613452941e-01,9.9023272532431983e-01,2.6500212423906262e-15,4.6444969609303800e-33,True,True,True,False,True,True,False,False,False,False,False,The tested one-step history-transport non-final source features do not reproduce the local correction.,derive a revised weak-row formula or multi-step nonlinear history source law for the coefficient-gradient closure,"This capacity audit builds a one-step transported local state from the current terminal output and tests source-row/velocity-row deltas as history features. It is a trajectory-history feature-space test, not a target-free formula and not an accepted nonlinear h-sweep."
cylindrical_sharp,0.04,universal_history_capacity_value_component_nonfinal,paper_tfe_lower_pair_velocity_compression_history_capacity_gap_not_full_tfe,,universal_history_capacity_nonfinal_component_diagonal_value_fit,all_case_h_history_capacity_oracle_fit,history_source_transport_delta_rows_perp,one-step transported source-row deltas residualized against local source rows,"0,1",6,24,8,16,24,16,16,16,3.4680696238645965e+01,1,16,2.8017791462957758e-01,True,False,False,False,8,132,24,32,8,1.9750662765301820e+03,3.7137778489504708e-01,3.6492988180991714e-01,1.8458042986357545e-01,3.1480769296378036e-01,8.6265254958692539e-01,9.9460878728802860e-01,3.1123292051325152e-01,8.3804937498134746e-01,9.9270460965500762e-01,3.7807125233864231e-01,4.0313416495214741e-19,True,True,True,False,True,True,False,False,False,False,False,The tested one-step history-transport non-final source features do not reproduce the local correction.,derive a revised weak-row formula or multi-step nonlinear history source law for the coefficient-gradient closure,"This capacity audit builds a one-step transported local state from the current terminal output and tests source-row/velocity-row deltas as history features. It is a trajectory-history feature-space test, not a target-free formula and not an accepted nonlinear h-sweep."
cylindrical_sharp,0.04,universal_history_capacity_value_component_nonfinal,paper_tfe_lower_pair_velocity_compression_history_capacity_gap_not_full_tfe,,universal_history_capacity_nonfinal_component_diagonal_value_fit,all_case_h_history_capacity_oracle_fit,active_plus_history_source_transport_delta_rows_perp,active non-final velocity plus one-step transported source-row deltas,"0,1",6,24,8,16,24,16,32,32,4.4290967747635517e+02,1,32,6.5457501032852650e-01,True,False,False,False,8,132,24,30,6,2.3286747198130106e+03,3.7137778489504708e-01,3.6492988180991714e-01,2.2348007970318437e-01,2.8849691959128165e-01,7.9055438858677096e-01,9.9292152486604746e-01,2.8849691959128160e-01,7.7682869392096798e-01,9.9102088728523396e-01,2.5074171763704160e-15,4.0313416495214741e-19,True,True,True,False,True,True,False,False,False,False,False,The tested one-step history-transport non-final source features do not reproduce the local correction.,derive a revised weak-row formula or multi-step nonlinear history source law for the coefficient-gradient closure,"This capacity audit builds a one-step transported local state from the current terminal output and tests source-row/velocity-row deltas as history features. It is a trajectory-history feature-space test, not a target-free formula and not an accepted nonlinear h-sweep."
cylindrical_sharp,0.04,universal_history_capacity_value_component_nonfinal,paper_tfe_lower_pair_velocity_compression_history_capacity_gap_not_full_tfe,,universal_history_capacity_nonfinal_component_diagonal_value_fit,all_case_h_history_capacity_oracle_fit,history_velocity_transport_delta_rows_perp,one-step transported non-final velocity-row deltas residualized against local source rows,"0,1",6,24,8,16,24,16,16,16,3.8169562094143992e+04,1,16,6.0365622695336844e-02,False,True,False,False,8,132,24,32,8,2.2466792663420850e+08,3.7137778489504708e-01,3.6492988180991714e-01,3.3863682021140692e-02,3.6335529399992389e-01,9.9568523190760949e-01,9.9993476683048788e-01,3.6335529397652877e-01,9.7839803228729605e-01,9.9951004823259326e-01,9.2872486415458855e-01,4.0313416495214741e-19,True,True,True,False,True,True,False,False,False,False,False,The tested one-step history-transport non-final source features do not reproduce the local correction.,derive a revised weak-row formula or multi-step nonlinear history source law for the coefficient-gradient closure,"This capacity audit builds a one-step transported local state from the current terminal output and tests source-row/velocity-row deltas as history features. It is a trajectory-history feature-space test, not a target-free formula and not an accepted nonlinear h-sweep."
cylindrical_sharp,0.04,universal_history_capacity_value_component_nonfinal,paper_tfe_lower_pair_velocity_compression_history_capacity_gap_not_full_tfe,,universal_history_capacity_nonfinal_component_diagonal_value_fit,all_case_h_history_capacity_oracle_fit,active_plus_history_velocity_transport_delta_rows_perp,active non-final velocity plus one-step transported velocity-row deltas,"0,1",6,24,8,16,24,16,32,28,2.0618042520306690e+05,1,32,5.9465350306191544e-01,False,True,False,False,8,132,24,32,8,2.2480029914332625e+08,3.7137778489504708e-01,3.6492988180991714e-01,3.3864372450210845e-02,3.6335522965323275e-01,9.9568505558143194e-01,9.9993476672710124e-01,3.6335522965323269e-01,9.7839785908550880e-01,9.9951004812927180e-01,9.2872387829994651e-01,4.0313416495214741e-19,True,True,True,False,True,True,False,False,False,False,False,The tested one-step history-transport non-final source features do not reproduce the local correction.,derive a revised weak-row formula or multi-step nonlinear history source law for the coefficient-gradient closure,"This capacity audit builds a one-step transported local state from the current terminal output and tests source-row/velocity-row deltas as history features. It is a trajectory-history feature-space test, not a target-free formula and not an accepted nonlinear h-sweep."
cylindrical_sharp,0.04,universal_history_capacity_value_component_nonfinal,paper_tfe_lower_pair_velocity_compression_history_capacity_gap_not_full_tfe,,universal_history_capacity_nonfinal_component_diagonal_value_fit,all_case_h_history_capacity_oracle_fit,history_source_velocity_transport_delta_rows_perp,one-step transported source-row and non-final velocity-row deltas,"0,1",6,24,8,16,24,16,32,32,1.7055966079810619e+07,1,32,2.8660717410695535e-01,True,True,True,False,8,132,24,30,6,1.1204173259633264e+03,3.7137778489504708e-01,3.6492988180991714e-01,2.2813329279771039e-01,2.8483156313001329e-01,7.8051038659085459e-01,9.9213185636138623e-01,2.8483156313001329e-01,7.6695907702316624e-01,9.9023273035384296e-01,2.8297948210359192e-15,4.0313416495214741e-19,True,True,True,False,True,True,False,False,False,False,False,The tested one-step history-transport non-final source features do not reproduce the local correction.,derive a revised weak-row formula or multi-step nonlinear history source law for the coefficient-gradient closure,"This capacity audit builds a one-step transported local state from the current terminal output and tests source-row/velocity-row deltas as history features. It is a trajectory-history feature-space test, not a target-free formula and not an accepted nonlinear h-sweep."
cylindrical_sharp,0.04,universal_history_capacity_value_component_nonfinal,paper_tfe_lower_pair_velocity_compression_history_capacity_gap_not_full_tfe,,universal_history_capacity_nonfinal_component_diagonal_value_fit,all_case_h_history_capacity_oracle_fit,active_plus_history_source_velocity_transport_delta_rows_perp,active non-final velocity plus one-step source/velocity transport deltas,"0,1",6,24,8,16,24,16,48,44,2.3733982675820705e+07,1,48,6.5735260899306269e-01,True,True,True,False,8,132,24,30,6,1.0956222246030338e+03,3.7137778489504708e-01,3.6492988180991714e-01,2.3115719826019701e-01,2.8238301707129049e-01,7.7380075227267009e-01,9.9213185132221726e-01,2.8238301707129049e-01,7.6036593613452974e-01,9.9023272532431983e-01,2.2234196417016323e-15,4.0313416495214741e-19,True,True,True,False,True,True,False,False,False,False,False,The tested one-step history-transport non-final source features do not reproduce the local correction.,derive a revised weak-row formula or multi-step nonlinear history source law for the coefficient-gradient closure,"This capacity audit builds a one-step transported local state from the current terminal output and tests source-row/velocity-row deltas as history features. It is a trajectory-history feature-space test, not a target-free formula and not an accepted nonlinear h-sweep."
cylindrical_sharp,0.04,case_local_history_capacity_value_full_nonfinal,paper_tfe_lower_pair_velocity_compression_history_capacity_gap_not_full_tfe,,case_local_history_capacity_nonfinal_full_component_value_fit,case_local_history_capacity_oracle_fit,history_source_transport_delta_rows_perp,one-step transported source-row deltas residualized against local source rows,"0,1",1,24,8,16,24,16,16,16,3.4680696238645965e+01,1,16,2.8017791462957758e-01,True,False,False,False,8,132,24,32,8,2.3877819532148646e+03,3.7137778489504708e-01,3.6458407252842701e-01,1.8140132529085379e-01,3.1625164841330894e-01,8.6743133406808515e-01,9.9460878728150914e-01,3.1625164841330894e-01,8.5156318249537455e-01,9.9270491996353016e-01,5.7254462125206207e-01,1.5997975634355494e-33,True,True,True,False,True,True,False,False,False,False,False,The tested one-step history-transport non-final source features do not reproduce the local correction.,derive a revised weak-row formula or multi-step nonlinear history source law for the coefficient-gradient closure,"This capacity audit builds a one-step transported local state from the current terminal output and tests source-row/velocity-row deltas as history features. It is a trajectory-history feature-space test, not a target-free formula and not an accepted nonlinear h-sweep."
cylindrical_sharp,0.04,case_local_history_capacity_value_full_nonfinal,paper_tfe_lower_pair_velocity_compression_history_capacity_gap_not_full_tfe,,case_local_history_capacity_nonfinal_full_component_value_fit,case_local_history_capacity_oracle_fit,active_plus_history_source_transport_delta_rows_perp,active non-final velocity plus one-step transported source-row deltas,"0,1",1,24,8,16,24,16,32,32,4.4290967747635517e+02,1,32,6.5457501032852650e-01,True,False,False,False,8,132,24,30,6,2.3286744031335920e+03,3.7137778489504708e-01,3.6458407252842701e-01,2.2291494639829537e-01,2.8849691959128160e-01,7.9130423221872148e-01,9.9292152486725194e-01,2.8849691959128165e-01,7.7682869392096809e-01,9.9102088728523396e-01,2.1948749685665944e-15,1.5997975634355494e-33,True,True,True,False,True,True,False,False,False,False,False,The tested one-step history-transport non-final source features do not reproduce the local correction.,derive a revised weak-row formula or multi-step nonlinear history source law for the coefficient-gradient closure,"This capacity audit builds a one-step transported local state from the current terminal output and tests source-row/velocity-row deltas as history features. It is a trajectory-history feature-space test, not a target-free formula and not an accepted nonlinear h-sweep."
cylindrical_sharp,0.04,case_local_history_capacity_value_full_nonfinal,paper_tfe_lower_pair_velocity_compression_history_capacity_gap_not_full_tfe,,case_local_history_capacity_nonfinal_full_component_value_fit,case_local_history_capacity_oracle_fit,history_velocity_transport_delta_rows_perp,one-step transported non-final velocity-row deltas residualized against local source rows,"0,1",1,24,8,16,24,16,16,16,3.8169562094143992e+04,1,16,6.0365622695336844e-02,False,True,False,False,8,132,24,32,8,2.2481175053209755e+08,3.7137778489504708e-01,3.6458407252842701e-01,2.9907796032640821e-02,3.6335529400007827e-01,9.9662964286995026e-01,9.9993476683071958e-01,3.6335529400007821e-01,9.7839803235070710e-01,9.9951004823261458e-01,9.2872486451138159e-01,1.5997975634355494e-33,True,True,True,False,True,True,False,False,False,False,False,The tested one-step history-transport non-final source features do not reproduce the local correction.,derive a revised weak-row formula or multi-step nonlinear history source law for the coefficient-gradient closure,"This capacity audit builds a one-step transported local state from the current terminal output and tests source-row/velocity-row deltas as history features. It is a trajectory-history feature-space test, not a target-free formula and not an accepted nonlinear h-sweep."
cylindrical_sharp,0.04,case_local_history_capacity_value_full_nonfinal,paper_tfe_lower_pair_velocity_compression_history_capacity_gap_not_full_tfe,,case_local_history_capacity_nonfinal_full_component_value_fit,case_local_history_capacity_oracle_fit,active_plus_history_velocity_transport_delta_rows_perp,active non-final velocity plus one-step transported velocity-row deltas,"0,1",1,24,8,16,24,16,32,28,2.0618042520306690e+05,1,32,5.9465350306191544e-01,False,True,False,False,8,132,24,32,8,2.2480023358715943e+08,3.7137778489504708e-01,3.6458407252842701e-01,2.9908577783971050e-02,3.6335522965323269e-01,9.9662946637610317e-01,9.9993476672733295e-01,3.6335522965323269e-01,9.7839785908550880e-01,9.9951004812927191e-01,9.2872387829994651e-01,1.5997975634355494e-33,True,True,True,False,True,True,False,False,False,False,False,The tested one-step history-transport non-final source features do not reproduce the local correction.,derive a revised weak-row formula or multi-step nonlinear history source law for the coefficient-gradient closure,"This capacity audit builds a one-step transported local state from the current terminal output and tests source-row/velocity-row deltas as history features. It is a trajectory-history feature-space test, not a target-free formula and not an accepted nonlinear h-sweep."
cylindrical_sharp,0.04,case_local_history_capacity_value_full_nonfinal,paper_tfe_lower_pair_velocity_compression_history_capacity_gap_not_full_tfe,,case_local_history_capacity_nonfinal_full_component_value_fit,case_local_history_capacity_oracle_fit,history_source_velocity_transport_delta_rows_perp,one-step transported source-row and non-final velocity-row deltas,"0,1",1,24,8,16,24,16,32,32,1.7055966079810619e+07,1,32,2.8660717410695535e-01,True,True,True,False,8,132,24,30,6,1.1204172293888112e+03,3.7137778489504708e-01,3.6458407252842701e-01,2.2757971507675989e-01,2.8483156290518413e-01,7.8125070283473641e-01,9.9213185636258994e-01,2.8483156290518413e-01,7.6695907641777428e-01,9.9023273035384296e-01,4.3004358931314051e-12,1.5997975634355494e-33,True,True,True,False,True,True,False,False,False,False,False,The tested one-step history-transport non-final source features do not reproduce the local correction.,derive a revised weak-row formula or multi-step nonlinear history source law for the coefficient-gradient closure,"This capacity audit builds a one-step transported local state from the current terminal output and tests source-row/velocity-row deltas as history features. It is a trajectory-history feature-space test, not a target-free formula and not an accepted nonlinear h-sweep."
cylindrical_sharp,0.04,case_local_history_capacity_value_full_nonfinal,paper_tfe_lower_pair_velocity_compression_history_capacity_gap_not_full_tfe,,case_local_history_capacity_nonfinal_full_component_value_fit,case_local_history_capacity_oracle_fit,active_plus_history_source_velocity_transport_delta_rows_perp,active non-final velocity plus one-step source/velocity transport deltas,"0,1",1,24,8,16,24,16,48,44,2.3733982675820705e+07,1,48,6.5735260899306269e-01,True,True,True,False,8,132,24,30,6,1.0956221246684477e+03,3.7137778489504708e-01,3.6458407252842701e-01,2.3061087921240825e-01,2.8238301707129054e-01,7.7453470502135779e-01,9.9213185132342085e-01,2.8238301707129054e-01,7.6036593613452985e-01,9.9023272532431983e-01,3.0396218618717653e-15,1.5997975634355494e-33,True,True,True,False,True,True,False,False,False,False,False,The tested one-step history-transport non-final source features do not reproduce the local correction.,derive a revised weak-row formula or multi-step nonlinear history source law for the coefficient-gradient closure,"This capacity audit builds a one-step transported local state from the current terminal output and tests source-row/velocity-row deltas as history features. It is a trajectory-history feature-space test, not a target-free formula and not an accepted nonlinear h-sweep."
cylindrical_sharp,0.04,universal_history_capacity_value_full_nonfinal,paper_tfe_lower_pair_velocity_compression_history_capacity_gap_not_full_tfe,,universal_history_capacity_nonfinal_full_component_value_fit,all_case_h_history_capacity_oracle_fit,history_source_transport_delta_rows_perp,one-step transported source-row deltas residualized against local source rows,"0,1",6,24,8,16,24,16,16,16,3.4680696238645965e+01,1,16,2.8017791462957758e-01,True,False,False,False,8,132,24,32,8,2.3877574747757662e+03,3.7137778489504708e-01,3.6458406683330119e-01,1.8140277190242704e-01,3.1625081206982703e-01,8.6742905365205225e-01,9.9460714896311719e-01,3.1625079010775076e-01,8.5156087135670910e-01,9.9270337111668683e-01,5.7254489307466816e-01,2.1732456171071242e-28,True,True,True,False,True,True,False,False,False,False,False,The tested one-step history-transport non-final source features do not reproduce the local correction.,derive a revised weak-row formula or multi-step nonlinear history source law for the coefficient-gradient closure,"This capacity audit builds a one-step transported local state from the current terminal output and tests source-row/velocity-row deltas as history features. It is a trajectory-history feature-space test, not a target-free formula and not an accepted nonlinear h-sweep."
cylindrical_sharp,0.04,universal_history_capacity_value_full_nonfinal,paper_tfe_lower_pair_velocity_compression_history_capacity_gap_not_full_tfe,,universal_history_capacity_nonfinal_full_component_value_fit,all_case_h_history_capacity_oracle_fit,active_plus_history_source_transport_delta_rows_perp,active non-final velocity plus one-step transported source-row deltas,"0,1",6,24,8,16,24,16,32,32,4.4290967747635517e+02,1,32,6.5457501032852650e-01,True,False,False,False,8,132,24,30,6,2.3286744031413700e+03,3.7137778489504708e-01,3.6458406683330119e-01,2.2291493708374638e-01,2.8849691959128165e-01,7.9130424457959414e-01,9.9292143706225744e-01,2.8849691959128160e-01,7.7682869392096798e-01,9.9102088728523396e-01,2.4710067793072875e-15,2.1732456171071242e-28,True,True,True,False,True,True,False,False,False,False,False,The tested one-step history-transport non-final source features do not reproduce the local correction.,derive a revised weak-row formula or multi-step nonlinear history source law for the coefficient-gradient closure,"This capacity audit builds a one-step transported local state from the current terminal output and tests source-row/velocity-row deltas as history features. It is a trajectory-history feature-space test, not a target-free formula and not an accepted nonlinear h-sweep."
cylindrical_sharp,0.04,universal_history_capacity_value_full_nonfinal,paper_tfe_lower_pair_velocity_compression_history_capacity_gap_not_full_tfe,,universal_history_capacity_nonfinal_full_component_value_fit,all_case_h_history_capacity_oracle_fit,history_velocity_transport_delta_rows_perp,one-step transported non-final velocity-row deltas residualized against local source rows,"0,1",6,24,8,16,24,16,16,16,3.8169562094143992e+04,1,16,6.0365622695336844e-02,False,True,False,False,8,132,24,32,8,1.3260786373977026e+06,3.7137778489504708e-01,3.6458406683330119e-01,2.9907699502267432e-02,3.6335529623110091e-01,9.9662966455755153e-01,9.9993477707735123e-01,3.6335528909599152e-01,9.7839801914559121e-01,9.9951004821619993e-01,9.2872478998652475e-01,2.1732456171071242e-28,True,True,True,False,True,True,False,False,False,False,False,The tested one-step history-transport non-final source features do not reproduce the local correction.,derive a revised weak-row formula or multi-step nonlinear history source law for the coefficient-gradient closure,"This capacity audit builds a one-step transported local state from the current terminal output and tests source-row/velocity-row deltas as history features. It is a trajectory-history feature-space test, not a target-free formula and not an accepted nonlinear h-sweep."
cylindrical_sharp,0.04,universal_history_capacity_value_full_nonfinal,paper_tfe_lower_pair_velocity_compression_history_capacity_gap_not_full_tfe,,universal_history_capacity_nonfinal_full_component_value_fit,all_case_h_history_capacity_oracle_fit,active_plus_history_velocity_transport_delta_rows_perp,active non-final velocity plus one-step transported velocity-row deltas,"0,1",6,24,8,16,24,16,32,28,2.0618042520306690e+05,1,32,5.9465350306191544e-01,False,True,False,False,8,132,24,32,8,2.2480023375388798e+08,3.7137778489504708e-01,3.6458406683330119e-01,2.9908508360591154e-02,3.6335522965323269e-01,9.9662948194433754e-01,9.9993477463222347e-01,3.6335522965323269e-01,9.7839785908550880e-01,9.9951004812927191e-01,9.2872387829994651e-01,2.1732456171071242e-28,True,True,True,False,True,True,False,False,False,False,False,The tested one-step history-transport non-final source features do not reproduce the local correction.,derive a revised weak-row formula or multi-step nonlinear history source law for the coefficient-gradient closure,"This capacity audit builds a one-step transported local state from the current terminal output and tests source-row/velocity-row deltas as history features. It is a trajectory-history feature-space test, not a target-free formula and not an accepted nonlinear h-sweep."
cylindrical_sharp,0.04,universal_history_capacity_value_full_nonfinal,paper_tfe_lower_pair_velocity_compression_history_capacity_gap_not_full_tfe,,universal_history_capacity_nonfinal_full_component_value_fit,all_case_h_history_capacity_oracle_fit,history_source_velocity_transport_delta_rows_perp,one-step transported source-row and non-final velocity-row deltas,"0,1",6,24,8,16,24,16,32,32,1.7055966079810619e+07,1,32,2.8660717410695535e-01,True,True,True,False,8,132,24,32,8,1.1204170265055764e+03,3.7137778489504708e-01,3.6458406683330119e-01,2.2757996733213190e-01,2.8483135406383353e-01,7.8125014221772615e-01,9.9213178211262876e-01,2.8483135280268429e-01,7.6695851067984266e-01,9.9023274381300697e-01,1.5863765412431780e-06,2.1732456171071242e-28,True,True,True,False,True,True,False,False,False,False,False,The tested one-step history-transport non-final source features do not reproduce the local correction.,derive a revised weak-row formula or multi-step nonlinear history source law for the coefficient-gradient closure,"This capacity audit builds a one-step transported local state from the current terminal output and tests source-row/velocity-row deltas as history features. It is a trajectory-history feature-space test, not a target-free formula and not an accepted nonlinear h-sweep."
cylindrical_sharp,0.04,universal_history_capacity_value_full_nonfinal,paper_tfe_lower_pair_velocity_compression_history_capacity_gap_not_full_tfe,,universal_history_capacity_nonfinal_full_component_value_fit,all_case_h_history_capacity_oracle_fit,active_plus_history_source_velocity_transport_delta_rows_perp,active non-final velocity plus one-step source/velocity transport deltas,"0,1",6,24,8,16,24,16,48,44,2.3733982675820705e+07,1,48,6.5735260899306269e-01,True,True,True,False,8,132,24,30,6,1.0956221246718908e+03,3.7137778489504708e-01,3.6458406683330119e-01,2.3061087020870322e-01,2.8238301707129049e-01,7.7453471712027533e-01,9.9213176358825783e-01,2.8238301707129054e-01,7.6036593613452985e-01,9.9023272532431983e-01,2.7579571410245186e-15,2.1732456171071242e-28,True,True,True,False,True,True,False,False,False,False,False,The tested one-step history-transport non-final source features do not reproduce the local correction.,derive a revised weak-row formula or multi-step nonlinear history source law for the coefficient-gradient closure,"This capacity audit builds a one-step transported local state from the current terminal output and tests source-row/velocity-row deltas as history features. It is a trajectory-history feature-space test, not a target-free formula and not an accepted nonlinear h-sweep."
cylindrical_sharp,0.02,case_local_history_capacity_value_scalar_nonfinal,paper_tfe_lower_pair_velocity_compression_history_capacity_gap_not_full_tfe,,case_local_history_capacity_nonfinal_stage_scalar_value_fit,case_local_history_capacity_oracle_fit,history_source_transport_delta_rows_perp,one-step transported source-row deltas residualized against local source rows,"0,1",1,24,8,16,24,16,16,16,6.2032142167339359e+01,1,16,8.7926096242133669e-02,True,False,False,False,8,132,24,32,8,1.1519728483454430e+04,2.6043562229773637e-01,2.5970145206752637e-01,1.4282771677958533e-01,2.1689879558336014e-01,8.3518514762467755e-01,9.9502728740299218e-01,2.1689879558335232e-01,8.3283075360323910e-01,9.9474564798289522e-01,5.7621895576985349e-01,3.1541822023455162e-18,True,True,True,False,True,True,False,False,False,False,False,The tested one-step history-transport non-final source features do not reproduce the local correction.,derive a revised weak-row formula or multi-step nonlinear history source law for the coefficient-gradient closure,"This capacity audit builds a one-step transported local state from the current terminal output and tests source-row/velocity-row deltas as history features. It is a trajectory-history feature-space test, not a target-free formula and not an accepted nonlinear h-sweep."
cylindrical_sharp,0.02,case_local_history_capacity_value_scalar_nonfinal,paper_tfe_lower_pair_velocity_compression_history_capacity_gap_not_full_tfe,,case_local_history_capacity_nonfinal_stage_scalar_value_fit,case_local_history_capacity_oracle_fit,active_plus_history_source_transport_delta_rows_perp,active non-final velocity plus one-step transported source-row deltas,"0,1",1,24,8,16,24,16,32,32,1.4564730521555778e+03,1,32,4.2834769505474479e-01,True,False,False,False,8,132,24,30,6,5.8130609104580844e+03,2.6043562229773637e-01,2.5970145206752637e-01,1.7279265876472982e-01,1.9387506617148412e-01,7.4653054354533843e-01,9.9331642384681240e-01,1.9387506617148412e-01,7.4442606760545760e-01,9.9303526868139536e-01,2.3159499377866986e-15,3.1541822023455162e-18,True,True,True,False,True,True,False,False,False,False,False,The tested one-step history-transport non-final source features do not reproduce the local correction.,derive a revised weak-row formula or multi-step nonlinear history source law for the coefficient-gradient closure,"This capacity audit builds a one-step transported local state from the current terminal output and tests source-row/velocity-row deltas as history features. It is a trajectory-history feature-space test, not a target-free formula and not an accepted nonlinear h-sweep."
cylindrical_sharp,0.02,case_local_history_capacity_value_scalar_nonfinal,paper_tfe_lower_pair_velocity_compression_history_capacity_gap_not_full_tfe,,case_local_history_capacity_nonfinal_stage_scalar_value_fit,case_local_history_capacity_oracle_fit,history_velocity_transport_delta_rows_perp,one-step transported non-final velocity-row deltas residualized against local source rows,"0,1",1,24,8,16,24,16,16,16,1.0198969694851503e+06,1,16,2.1383017433257562e-02,False,True,False,False,8,132,24,32,8,6.6063227232746847e+07,2.6043562229773637e-01,2.5970145206752637e-01,8.0071488797865270e-03,2.5957798399093596e-01,9.9952457687237606e-01,9.9999101963658643e-01,2.5957798381682856e-01,9.9670690793624483e-01,9.9992678379218825e-01,9.8883444308641455e-01,3.1541822023455162e-18,True,True,True,False,True,True,False,False,False,False,False,The tested one-step history-transport non-final source features do not reproduce the local correction.,derive a revised weak-row formula or multi-step nonlinear history source law for the coefficient-gradient closure,"This capacity audit builds a one-step transported local state from the current terminal output and tests source-row/velocity-row deltas as history features. It is a trajectory-history feature-space test, not a target-free formula and not an accepted nonlinear h-sweep."
cylindrical_sharp,0.02,case_local_history_capacity_value_scalar_nonfinal,paper_tfe_lower_pair_velocity_compression_history_capacity_gap_not_full_tfe,,case_local_history_capacity_nonfinal_stage_scalar_value_fit,case_local_history_capacity_oracle_fit,active_plus_history_velocity_transport_delta_rows_perp,active non-final velocity plus one-step transported velocity-row deltas,"0,1",1,24,8,16,24,16,32,28,1.0981644839301763e+07,1,32,4.1977134596454141e-01,False,True,False,False,8,132,24,32,8,4.2159051897017798e+09,2.6043562229773637e-01,2.5970145206752637e-01,8.0071872585755315e-03,2.5957798280707051e-01,9.9952457231381298e-01,9.9999101962980996e-01,2.5957798280707051e-01,9.9670690405905615e-01,9.9992678378587729e-01,9.8883442118291531e-01,3.1541822023455162e-18,True,True,True,False,True,True,False,False,False,False,False,The tested one-step history-transport non-final source features do not reproduce the local correction.,derive a revised weak-row formula or multi-step nonlinear history source law for the coefficient-gradient closure,"This capacity audit builds a one-step transported local state from the current terminal output and tests source-row/velocity-row deltas as history features. It is a trajectory-history feature-space test, not a target-free formula and not an accepted nonlinear h-sweep."
cylindrical_sharp,0.02,case_local_history_capacity_value_scalar_nonfinal,paper_tfe_lower_pair_velocity_compression_history_capacity_gap_not_full_tfe,,case_local_history_capacity_nonfinal_stage_scalar_value_fit,case_local_history_capacity_oracle_fit,history_source_velocity_transport_delta_rows_perp,one-step transported source-row and non-final velocity-row deltas,"0,1",1,24,8,16,24,16,32,31,6.5061207712299633e+05,1,32,9.0488849229791557e-02,True,True,True,False,8,132,24,30,6,2.7556940424599265e+03,2.6043562229773637e-01,2.5970145206752637e-01,1.6994434061400057e-01,1.9637659050837611e-01,7.5616285140105866e-01,9.9256412447439590e-01,1.9637659050837444e-01,7.5403122190355332e-01,9.9228318224500756e-01,5.1453480229777742e-15,3.1541822023455162e-18,True,True,True,False,True,True,False,False,False,False,False,The tested one-step history-transport non-final source features do not reproduce the local correction.,derive a revised weak-row formula or multi-step nonlinear history source law for the coefficient-gradient closure,"This capacity audit builds a one-step transported local state from the current terminal output and tests source-row/velocity-row deltas as history features. It is a trajectory-history feature-space test, not a target-free formula and not an accepted nonlinear h-sweep."
cylindrical_sharp,0.02,case_local_history_capacity_value_scalar_nonfinal,paper_tfe_lower_pair_velocity_compression_history_capacity_gap_not_full_tfe,,case_local_history_capacity_nonfinal_stage_scalar_value_fit,case_local_history_capacity_oracle_fit,active_plus_history_source_velocity_transport_delta_rows_perp,active non-final velocity plus one-step source/velocity transport deltas,"0,1",1,24,8,16,24,16,48,43,1.9393014378524378e+06,1,48,4.2888108059608282e-01,True,True,True,False,8,132,24,30,6,2.7487259531807167e+03,2.6043562229773637e-01,2.5970145206752637e-01,1.7395839110850517e-01,1.9282977562679579e-01,7.4250557357937719e-01,9.9256412375812442e-01,1.9282977562679579e-01,7.4041244406400009e-01,9.9228318152893902e-01,2.6324124548121952e-15,3.1541822023455162e-18,True,True,True,False,True,True,False,False,False,False,False,The tested one-step history-transport non-final source features do not reproduce the local correction.,derive a revised weak-row formula or multi-step nonlinear history source law for the coefficient-gradient closure,"This capacity audit builds a one-step transported local state from the current terminal output and tests source-row/velocity-row deltas as history features. It is a trajectory-history feature-space test, not a target-free formula and not an accepted nonlinear h-sweep."
cylindrical_sharp,0.02,universal_history_capacity_value_scalar_nonfinal,paper_tfe_lower_pair_velocity_compression_history_capacity_gap_not_full_tfe,,universal_history_capacity_nonfinal_stage_scalar_value_fit,all_case_h_history_capacity_oracle_fit,history_source_transport_delta_rows_perp,one-step transported source-row deltas residualized against local source rows,"0,1",6,24,8,16,24,16,16,16,6.2032142167339359e+01,1,16,8.7926096242133669e-02,True,False,False,False,8,132,24,32,8,1.1519728952980469e+04,2.6043562229773637e-01,2.5970145217160140e-01,1.4282766065230831e-01,2.1689883266773846e-01,8.3518529008616982e-01,9.9502729120825650e-01,2.1689883266773846e-01,8.3283089599691706e-01,9.9474565182727492e-01,5.7621940770826008e-01,3.3521064770341994e-18,True,True,True,False,True,True,False,False,False,False,False,The tested one-step history-transport non-final source features do not reproduce the local correction.,derive a revised weak-row formula or multi-step nonlinear history source law for the coefficient-gradient closure,"This capacity audit builds a one-step transported local state from the current terminal output and tests source-row/velocity-row deltas as history features. It is a trajectory-history feature-space test, not a target-free formula and not an accepted nonlinear h-sweep."
cylindrical_sharp,0.02,universal_history_capacity_value_scalar_nonfinal,paper_tfe_lower_pair_velocity_compression_history_capacity_gap_not_full_tfe,,universal_history_capacity_nonfinal_stage_scalar_value_fit,all_case_h_history_capacity_oracle_fit,active_plus_history_source_transport_delta_rows_perp,active non-final velocity plus one-step transported source-row deltas,"0,1",6,24,8,16,24,16,32,32,1.4564730521555778e+03,1,32,4.2834769505474479e-01,True,False,False,False,8,132,24,30,6,5.8130609104580681e+03,2.6043562229773637e-01,2.5970145217160140e-01,1.7279265892115095e-01,1.9387506617148412e-01,7.4653054324616730e-01,9.9331642380667862e-01,1.9387506617148412e-01,7.4442606760545760e-01,9.9303526868139536e-01,2.6627685896849987e-15,3.3521064770341994e-18,True,True,True,False,True,True,False,False,False,False,False,The tested one-step history-transport non-final source features do not reproduce the local correction.,derive a revised weak-row formula or multi-step nonlinear history source law for the coefficient-gradient closure,"This capacity audit builds a one-step transported local state from the current terminal output and tests source-row/velocity-row deltas as history features. It is a trajectory-history feature-space test, not a target-free formula and not an accepted nonlinear h-sweep."
cylindrical_sharp,0.02,universal_history_capacity_value_scalar_nonfinal,paper_tfe_lower_pair_velocity_compression_history_capacity_gap_not_full_tfe,,universal_history_capacity_nonfinal_stage_scalar_value_fit,all_case_h_history_capacity_oracle_fit,history_velocity_transport_delta_rows_perp,one-step transported non-final velocity-row deltas residualized against local source rows,"0,1",6,24,8,16,24,16,16,16,1.0198969694851503e+06,1,16,2.1383017433257562e-02,False,True,False,False,8,132,24,32,8,4.2048311445371337e+09,2.6043562229773637e-01,2.5970145217160140e-01,8.0071522689286502e-03,2.5957798399051635e-01,9.9952457647020210e-01,9.9999101962742087e-01,2.5957798398986159e-01,9.9670690860064337e-01,9.9992678379250444e-01,9.8883444696740463e-01,3.3521064770341994e-18,True,True,True,False,True,True,False,False,False,False,False,The tested one-step history-transport non-final source features do not reproduce the local correction.,derive a revised weak-row formula or multi-step nonlinear history source law for the coefficient-gradient closure,"This capacity audit builds a one-step transported local state from the current terminal output and tests source-row/velocity-row deltas as history features. It is a trajectory-history feature-space test, not a target-free formula and not an accepted nonlinear h-sweep."
cylindrical_sharp,0.02,universal_history_capacity_value_scalar_nonfinal,paper_tfe_lower_pair_velocity_compression_history_capacity_gap_not_full_tfe,,universal_history_capacity_nonfinal_stage_scalar_value_fit,all_case_h_history_capacity_oracle_fit,active_plus_history_velocity_transport_delta_rows_perp,active non-final velocity plus one-step transported velocity-row deltas,"0,1",6,24,8,16,24,16,32,28,1.0981644839301763e+07,1,32,4.1977134596454141e-01,False,True,False,False,8,132,24,32,8,4.2159054592563772e+09,2.6043562229773637e-01,2.5970145217160140e-01,8.0071906340956484e-03,2.5957798280707051e-01,9.9952457191325483e-01,9.9999101962079229e-01,2.5957798280707051e-01,9.9670690405905615e-01,9.9992678378587729e-01,9.8883442118291531e-01,3.3521064770341994e-18,True,True,True,False,True,True,False,False,False,False,False,The tested one-step history-transport non-final source features do not reproduce the local correction.,derive a revised weak-row formula or multi-step nonlinear history source law for the coefficient-gradient closure,"This capacity audit builds a one-step transported local state from the current terminal output and tests source-row/velocity-row deltas as history features. It is a trajectory-history feature-space test, not a target-free formula and not an accepted nonlinear h-sweep."
cylindrical_sharp,0.02,universal_history_capacity_value_scalar_nonfinal,paper_tfe_lower_pair_velocity_compression_history_capacity_gap_not_full_tfe,,universal_history_capacity_nonfinal_stage_scalar_value_fit,all_case_h_history_capacity_oracle_fit,history_source_velocity_transport_delta_rows_perp,one-step transported source-row and non-final velocity-row deltas,"0,1",6,24,8,16,24,16,32,31,6.5061207712299633e+05,1,32,9.0488849229791557e-02,True,True,True,False,8,132,24,30,6,2.7556940502881325e+03,2.6043562229773637e-01,2.5970145217160140e-01,1.6994433363186884e-01,1.9637659668901233e-01,7.5616287489703260e-01,9.9256412443413988e-01,1.9637659668901233e-01,7.5403124563547530e-01,9.9228318224485490e-01,5.2551822237825769e-15,3.3521064770341994e-18,True,True,True,False,True,True,False,False,False,False,False,The tested one-step history-transport non-final source features do not reproduce the local correction.,derive a revised weak-row formula or multi-step nonlinear history source law for the coefficient-gradient closure,"This capacity audit builds a one-step transported local state from the current terminal output and tests source-row/velocity-row deltas as history features. It is a trajectory-history feature-space test, not a target-free formula and not an accepted nonlinear h-sweep."
cylindrical_sharp,0.02,universal_history_capacity_value_scalar_nonfinal,paper_tfe_lower_pair_velocity_compression_history_capacity_gap_not_full_tfe,,universal_history_capacity_nonfinal_stage_scalar_value_fit,all_case_h_history_capacity_oracle_fit,active_plus_history_source_velocity_transport_delta_rows_perp,active non-final velocity plus one-step source/velocity transport deltas,"0,1",6,24,8,16,24,16,48,43,1.9393014378524378e+06,1,48,4.2888108059608282e-01,True,True,True,False,8,132,24,30,6,2.7487259513798263e+03,2.6043562229773637e-01,2.5970145217160140e-01,1.7395839126371931e-01,1.9282977562680614e-01,7.4250557328185884e-01,9.9256412371802105e-01,1.9282977562680614e-01,7.4041244406403983e-01,9.9228318152893880e-01,2.2309239637582261e-15,3.3521064770341994e-18,True,True,True,False,True,True,False,False,False,False,False,The tested one-step history-transport non-final source features do not reproduce the local correction.,derive a revised weak-row formula or multi-step nonlinear history source law for the coefficient-gradient closure,"This capacity audit builds a one-step transported local state from the current terminal output and tests source-row/velocity-row deltas as history features. It is a trajectory-history feature-space test, not a target-free formula and not an accepted nonlinear h-sweep."
cylindrical_sharp,0.02,case_local_history_capacity_value_component_nonfinal,paper_tfe_lower_pair_velocity_compression_history_capacity_gap_not_full_tfe,,case_local_history_capacity_nonfinal_component_diagonal_value_fit,case_local_history_capacity_oracle_fit,history_source_transport_delta_rows_perp,one-step transported source-row deltas residualized against local source rows,"0,1",1,24,8,16,24,16,16,16,6.2032142167339359e+01,1,16,8.7926096242133669e-02,True,False,False,False,8,132,24,32,8,4.3038003353161102e+03,2.6043562229773637e-01,2.5992975651812394e-01,1.4337889629202419e-01,2.1680860320027012e-01,8.3410459081145205e-01,9.9502729118732436e-01,2.0834154747434239e-01,7.9997331254539839e-01,9.9456472826053921e-01,2.3960369666457082e-01,5.7878120260073902e-34,True,True,True,False,True,True,False,False,False,False,False,The tested one-step history-transport non-final source features do not reproduce the local correction.,derive a revised weak-row formula or multi-step nonlinear history source law for the coefficient-gradient closure,"This capacity audit builds a one-step transported local state from the current terminal output and tests source-row/velocity-row deltas as history features. It is a trajectory-history feature-space test, not a target-free formula and not an accepted nonlinear h-sweep."
cylindrical_sharp,0.02,case_local_history_capacity_value_component_nonfinal,paper_tfe_lower_pair_velocity_compression_history_capacity_gap_not_full_tfe,,case_local_history_capacity_nonfinal_component_diagonal_value_fit,case_local_history_capacity_oracle_fit,active_plus_history_source_transport_delta_rows_perp,active non-final velocity plus one-step transported source-row deltas,"0,1",1,24,8,16,24,16,32,32,1.4564730521555778e+03,1,32,4.2834769505474479e-01,True,False,False,False,8,132,24,30,6,5.8130610727982075e+03,2.6043562229773637e-01,2.5992975651812394e-01,1.7313560304158668e-01,1.9387506617148412e-01,7.4587484237483181e-01,9.9331642380866569e-01,1.9387506617148412e-01,7.4442606760545760e-01,9.9303526868139536e-01,2.0766584955187356e-15,5.7878120260073902e-34,True,True,True,False,True,True,False,False,False,False,False,The tested one-step history-transport non-final source features do not reproduce the local correction.,derive a revised weak-row formula or multi-step nonlinear history source law for the coefficient-gradient closure,"This capacity audit builds a one-step transported local state from the current terminal output and tests source-row/velocity-row deltas as history features. It is a trajectory-history feature-space test, not a target-free formula and not an accepted nonlinear h-sweep."
cylindrical_sharp,0.02,case_local_history_capacity_value_component_nonfinal,paper_tfe_lower_pair_velocity_compression_history_capacity_gap_not_full_tfe,,case_local_history_capacity_nonfinal_component_diagonal_value_fit,case_local_history_capacity_oracle_fit,history_velocity_transport_delta_rows_perp,one-step transported non-final velocity-row deltas residualized against local source rows,"0,1",1,24,8,16,24,16,16,16,1.0198969694851503e+06,1,16,2.1383017433257562e-02,False,True,False,False,8,132,24,32,8,6.7927520665814233e+08,2.6043562229773637e-01,2.5992975651812394e-01,1.3518452241041527e-02,2.5957798399051096e-01,9.9864666311266115e-01,9.9999101962748205e-01,2.5957798397399445e-01,9.9670690853971800e-01,9.9992678379247535e-01,9.8883444660367037e-01,5.7878120260073902e-34,True,True,True,False,True,True,False,False,False,False,False,The tested one-step history-transport non-final source features do not reproduce the local correction.,derive a revised weak-row formula or multi-step nonlinear history source law for the coefficient-gradient closure,"This capacity audit builds a one-step transported local state from the current terminal output and tests source-row/velocity-row deltas as history features. It is a trajectory-history feature-space test, not a target-free formula and not an accepted nonlinear h-sweep."
cylindrical_sharp,0.02,case_local_history_capacity_value_component_nonfinal,paper_tfe_lower_pair_velocity_compression_history_capacity_gap_not_full_tfe,,case_local_history_capacity_nonfinal_component_diagonal_value_fit,case_local_history_capacity_oracle_fit,active_plus_history_velocity_transport_delta_rows_perp,active non-final velocity plus one-step transported velocity-row deltas,"0,1",1,24,8,16,24,16,32,28,1.0981644839301763e+07,1,32,4.1977134596454141e-01,False,True,False,False,8,132,24,32,8,4.2159045360563445e+09,2.6043562229773637e-01,2.5992975651812394e-01,1.3518474965150452e-02,2.5957798280707051e-01,9.9864665855973700e-01,9.9999101962085335e-01,2.5957798280707051e-01,9.9670690405905615e-01,9.9992678378587729e-01,9.8883442118291531e-01,5.7878120260073902e-34,True,True,True,False,True,True,False,False,False,False,False,The tested one-step history-transport non-final source features do not reproduce the local correction.,derive a revised weak-row formula or multi-step nonlinear history source law for the coefficient-gradient closure,"This capacity audit builds a one-step transported local state from the current terminal output and tests source-row/velocity-row deltas as history features. It is a trajectory-history feature-space test, not a target-free formula and not an accepted nonlinear h-sweep."
cylindrical_sharp,0.02,case_local_history_capacity_value_component_nonfinal,paper_tfe_lower_pair_velocity_compression_history_capacity_gap_not_full_tfe,,case_local_history_capacity_nonfinal_component_diagonal_value_fit,case_local_history_capacity_oracle_fit,history_source_velocity_transport_delta_rows_perp,one-step transported source-row and non-final velocity-row deltas,"0,1",1,24,8,16,24,16,32,31,6.5061207712299633e+05,1,32,9.0488849229791557e-02,True,True,True,False,8,132,24,30,6,2.7556941215677912e+03,2.6043562229773637e-01,2.5992975651812394e-01,1.7029301391136359e-01,1.9637659671424373e-01,7.5549871374788569e-01,9.9256412443612563e-01,1.9637659671424373e-01,7.5403124573235691e-01,9.9228318224485490e-01,5.0103744718448997e-15,5.7878120260073902e-34,True,True,True,False,True,True,False,False,False,False,False,The tested one-step history-transport non-final source features do not reproduce the local correction.,derive a revised weak-row formula or multi-step nonlinear history source law for the coefficient-gradient closure,"This capacity audit builds a one-step transported local state from the current terminal output and tests source-row/velocity-row deltas as history features. It is a trajectory-history feature-space test, not a target-free formula and not an accepted nonlinear h-sweep."
cylindrical_sharp,0.02,case_local_history_capacity_value_component_nonfinal,paper_tfe_lower_pair_velocity_compression_history_capacity_gap_not_full_tfe,,case_local_history_capacity_nonfinal_component_diagonal_value_fit,case_local_history_capacity_oracle_fit,active_plus_history_source_velocity_transport_delta_rows_perp,active non-final velocity plus one-step source/velocity transport deltas,"0,1",1,24,8,16,24,16,48,43,1.9393014378524378e+06,1,48,4.2888108059608282e-01,True,True,True,False,8,132,24,30,6,2.7487260235611043e+03,2.6043562229773637e-01,2.5992975651812394e-01,1.7429904174907523e-01,1.9282977562681425e-01,7.4185340766619357e-01,9.9256412372000669e-01,1.9282977562681425e-01,7.4041244406407103e-01,9.9228318152893880e-01,2.5651938260863627e-15,5.7878120260073902e-34,True,True,True,False,True,True,False,False,False,False,False,The tested one-step history-transport non-final source features do not reproduce the local correction.,derive a revised weak-row formula or multi-step nonlinear history source law for the coefficient-gradient closure,"This capacity audit builds a one-step transported local state from the current terminal output and tests source-row/velocity-row deltas as history features. It is a trajectory-history feature-space test, not a target-free formula and not an accepted nonlinear h-sweep."
cylindrical_sharp,0.02,universal_history_capacity_value_component_nonfinal,paper_tfe_lower_pair_velocity_compression_history_capacity_gap_not_full_tfe,,universal_history_capacity_nonfinal_component_diagonal_value_fit,all_case_h_history_capacity_oracle_fit,history_source_transport_delta_rows_perp,one-step transported source-row deltas residualized against local source rows,"0,1",6,24,8,16,24,16,16,16,6.2032142167339359e+01,1,16,8.7926096242133669e-02,True,False,False,False,8,132,24,32,8,4.3680592467019533e+03,2.6043562229773637e-01,2.6001651966512862e-01,1.4499680586653352e-01,2.1583446617088059e-01,8.3007982127001223e-01,9.9502729121218170e-01,2.1045139754817385e-01,8.0807454714309657e-01,9.9474547734639573e-01,1.7875724057823428e-01,3.3868279671505633e-18,True,True,True,False,True,True,False,False,False,False,False,The tested one-step history-transport non-final source features do not reproduce the local correction.,derive a revised weak-row formula or multi-step nonlinear history source law for the coefficient-gradient closure,"This capacity audit builds a one-step transported local state from the current terminal output and tests source-row/velocity-row deltas as history features. It is a trajectory-history feature-space test, not a target-free formula and not an accepted nonlinear h-sweep."
cylindrical_sharp,0.02,universal_history_capacity_value_component_nonfinal,paper_tfe_lower_pair_velocity_compression_history_capacity_gap_not_full_tfe,,universal_history_capacity_nonfinal_component_diagonal_value_fit,all_case_h_history_capacity_oracle_fit,active_plus_history_source_transport_delta_rows_perp,active non-final velocity plus one-step transported source-row deltas,"0,1",6,24,8,16,24,16,32,32,1.4564730521555778e+03,1,32,4.2834769505474479e-01,True,False,False,False,8,132,24,30,6,5.8130609957718461e+03,2.6043562229773637e-01,2.6001651966512862e-01,1.7326583395398212e-01,1.9387506617148412e-01,7.4562595646296981e-01,9.9331642380658647e-01,1.9387506617148412e-01,7.4442606760545760e-01,9.9303526868139536e-01,2.6252733305640966e-15,3.3868279671505633e-18,True,True,True,False,True,True,False,False,False,False,False,The tested one-step history-transport non-final source features do not reproduce the local correction.,derive a revised weak-row formula or multi-step nonlinear history source law for the coefficient-gradient closure,"This capacity audit builds a one-step transported local state from the current terminal output and tests source-row/velocity-row deltas as history features. It is a trajectory-history feature-space test, not a target-free formula and not an accepted nonlinear h-sweep."
cylindrical_sharp,0.02,universal_history_capacity_value_component_nonfinal,paper_tfe_lower_pair_velocity_compression_history_capacity_gap_not_full_tfe,,universal_history_capacity_nonfinal_component_diagonal_value_fit,all_case_h_history_capacity_oracle_fit,history_velocity_transport_delta_rows_perp,one-step transported non-final velocity-row deltas residualized against local source rows,"0,1",6,24,8,16,24,16,16,16,1.0198969694851503e+06,1,16,2.1383017433257562e-02,False,True,False,False,8,132,24,32,8,1.7500954126578331e+09,2.6043562229773637e-01,2.6001651966512862e-01,1.5095056349820715e-02,2.5957798399048021e-01,9.9831343148807161e-01,9.9999101962741332e-01,2.5957798351066980e-01,9.9670690676068074e-01,9.9992678379032074e-01,9.8883443657774017e-01,3.3868279671505633e-18,True,True,True,False,True,True,False,False,False,False,False,The tested one-step history-transport non-final source features do not reproduce the local correction.,derive a revised weak-row formula or multi-step nonlinear history source law for the coefficient-gradient closure,"This capacity audit builds a one-step transported local state from the current terminal output and tests source-row/velocity-row deltas as history features. It is a trajectory-history feature-space test, not a target-free formula and not an accepted nonlinear h-sweep."
cylindrical_sharp,0.02,universal_history_capacity_value_component_nonfinal,paper_tfe_lower_pair_velocity_compression_history_capacity_gap_not_full_tfe,,universal_history_capacity_nonfinal_component_diagonal_value_fit,all_case_h_history_capacity_oracle_fit,active_plus_history_velocity_transport_delta_rows_perp,active non-final velocity plus one-step transported velocity-row deltas,"0,1",6,24,8,16,24,16,32,28,1.0981644839301763e+07,1,32,4.1977134596454141e-01,False,True,False,False,8,132,24,32,8,4.2159058697547660e+09,2.6043562229773637e-01,2.6001651966512862e-01,1.5095076699983520e-02,2.5957798280707051e-01,9.9831342693678504e-01,9.9999101962078474e-01,2.5957798280707051e-01,9.9670690405905615e-01,9.9992678378587729e-01,9.8883442118291520e-01,3.3868279671505633e-18,True,True,True,False,True,True,False,False,False,False,False,The tested one-step history-transport non-final source features do not reproduce the local correction.,derive a revised weak-row formula or multi-step nonlinear history source law for the coefficient-gradient closure,"This capacity audit builds a one-step transported local state from the current terminal output and tests source-row/velocity-row deltas as history features. It is a trajectory-history feature-space test, not a target-free formula and not an accepted nonlinear h-sweep."
cylindrical_sharp,0.02,universal_history_capacity_value_component_nonfinal,paper_tfe_lower_pair_velocity_compression_history_capacity_gap_not_full_tfe,,universal_history_capacity_nonfinal_component_diagonal_value_fit,all_case_h_history_capacity_oracle_fit,history_source_velocity_transport_delta_rows_perp,one-step transported source-row and non-final velocity-row deltas,"0,1",6,24,8,16,24,16,32,31,6.5061207712299633e+05,1,32,9.0488849229791557e-02,True,True,True,False,8,132,24,30,6,2.7556940879604958e+03,2.6043562229773637e-01,2.6001651966512862e-01,1.7042541671957626e-01,1.9637659696215376e-01,7.5524661746516808e-01,9.9256412443404773e-01,1.9637659696215373e-01,7.5403124668426202e-01,9.9228318224485490e-01,4.9437990898859723e-15,3.3868279671505633e-18,True,True,True,False,True,True,False,False,False,False,False,The tested one-step history-transport non-final source features do not reproduce the local correction.,derive a revised weak-row formula or multi-step nonlinear history source law for the coefficient-gradient closure,"This capacity audit builds a one-step transported local state from the current terminal output and tests source-row/velocity-row deltas as history features. It is a trajectory-history feature-space test, not a target-free formula and not an accepted nonlinear h-sweep."
cylindrical_sharp,0.02,universal_history_capacity_value_component_nonfinal,paper_tfe_lower_pair_velocity_compression_history_capacity_gap_not_full_tfe,,universal_history_capacity_nonfinal_component_diagonal_value_fit,all_case_h_history_capacity_oracle_fit,active_plus_history_source_velocity_transport_delta_rows_perp,active non-final velocity plus one-step source/velocity transport deltas,"0,1",6,24,8,16,24,16,48,43,1.9393014378524378e+06,1,48,4.2888108059608282e-01,True,True,True,False,8,132,24,30,6,2.7487259882369094e+03,2.6043562229773637e-01,2.6001651966512862e-01,1.7442840402380244e-01,1.9282977562678980e-01,7.4160586363948100e-01,9.9256412371792901e-01,1.9282977562678980e-01,7.4041244406397710e-01,9.9228318152893880e-01,2.7975299815234414e-15,3.3868279671505633e-18,True,True,True,False,True,True,False,False,False,False,False,The tested one-step history-transport non-final source features do not reproduce the local correction.,derive a revised weak-row formula or multi-step nonlinear history source law for the coefficient-gradient closure,"This capacity audit builds a one-step transported local state from the current terminal output and tests source-row/velocity-row deltas as history features. It is a trajectory-history feature-space test, not a target-free formula and not an accepted nonlinear h-sweep."
cylindrical_sharp,0.02,case_local_history_capacity_value_full_nonfinal,paper_tfe_lower_pair_velocity_compression_history_capacity_gap_not_full_tfe,,case_local_history_capacity_nonfinal_full_component_value_fit,case_local_history_capacity_oracle_fit,history_source_transport_delta_rows_perp,one-step transported source-row deltas residualized against local source rows,"0,1",1,24,8,16,24,16,16,16,6.2032142167339359e+01,1,16,8.7926096242133669e-02,True,False,False,False,8,132,24,32,8,1.1519728952979536e+04,2.6043562229773637e-01,2.5970145217120505e-01,1.4282766070183150e-01,2.1689883263465301e-01,8.3518528996004637e-01,9.9502729121823308e-01,2.1689883263465271e-01,8.3283089586987702e-01,9.9474565183683927e-01,5.7621940730508170e-01,4.9278503444992840e-34,True,True,True,False,True,True,False,False,False,False,False,The tested one-step history-transport non-final source features do not reproduce the local correction.,derive a revised weak-row formula or multi-step nonlinear history source law for the coefficient-gradient closure,"This capacity audit builds a one-step transported local state from the current terminal output and tests source-row/velocity-row deltas as history features. It is a trajectory-history feature-space test, not a target-free formula and not an accepted nonlinear h-sweep."
cylindrical_sharp,0.02,case_local_history_capacity_value_full_nonfinal,paper_tfe_lower_pair_velocity_compression_history_capacity_gap_not_full_tfe,,case_local_history_capacity_nonfinal_full_component_value_fit,case_local_history_capacity_oracle_fit,active_plus_history_source_transport_delta_rows_perp,active non-final velocity plus one-step transported source-row deltas,"0,1",1,24,8,16,24,16,32,32,1.4564730521555778e+03,1,32,4.2834769505474479e-01,True,False,False,False,8,132,24,30,6,5.8130609104580799e+03,2.6043562229773637e-01,2.5970145217120505e-01,1.7279265892055531e-01,1.9387506617148412e-01,7.4653054324730661e-01,9.9331642380708718e-01,1.9387506617148409e-01,7.4442606760545749e-01,9.9303526868139536e-01,5.9548990453825312e-15,4.9278503444992840e-34,True,True,True,False,True,True,False,False,False,False,False,The tested one-step history-transport non-final source features do not reproduce the local correction.,derive a revised weak-row formula or multi-step nonlinear history source law for the coefficient-gradient closure,"This capacity audit builds a one-step transported local state from the current terminal output and tests source-row/velocity-row deltas as history features. It is a trajectory-history feature-space test, not a target-free formula and not an accepted nonlinear h-sweep."
cylindrical_sharp,0.02,case_local_history_capacity_value_full_nonfinal,paper_tfe_lower_pair_velocity_compression_history_capacity_gap_not_full_tfe,,case_local_history_capacity_nonfinal_full_component_value_fit,case_local_history_capacity_oracle_fit,history_velocity_transport_delta_rows_perp,one-step transported non-final velocity-row deltas residualized against local source rows,"0,1",1,24,8,16,24,16,16,16,1.0198969694851503e+06,1,16,2.1383017433257562e-02,False,True,False,False,8,132,24,32,8,4.1045575063517976e+09,2.6043562229773637e-01,2.5970145217120505e-01,8.0071522560641751e-03,2.5957798399051668e-01,9.9952457647172888e-01,9.9999101962747450e-01,2.5957798399007431e-01,9.9670690860146016e-01,9.9992678379249944e-01,9.8883444697211942e-01,4.9278503444992840e-34,True,True,True,False,True,True,False,False,False,False,False,The tested one-step history-transport non-final source features do not reproduce the local correction.,derive a revised weak-row formula or multi-step nonlinear history source law for the coefficient-gradient closure,"This capacity audit builds a one-step transported local state from the current terminal output and tests source-row/velocity-row deltas as history features. It is a trajectory-history feature-space test, not a target-free formula and not an accepted nonlinear h-sweep."
cylindrical_sharp,0.02,case_local_history_capacity_value_full_nonfinal,paper_tfe_lower_pair_velocity_compression_history_capacity_gap_not_full_tfe,,case_local_history_capacity_nonfinal_full_component_value_fit,case_local_history_capacity_oracle_fit,active_plus_history_velocity_transport_delta_rows_perp,active non-final velocity plus one-step transported velocity-row deltas,"0,1",1,24,8,16,24,16,32,28,1.0981644839301763e+07,1,32,4.1977134596454141e-01,False,True,False,False,8,132,24,32,8,4.2159048587352843e+09,2.6043562229773637e-01,2.5970145217120505e-01,8.0071906212406032e-03,2.5957798280707051e-01,9.9952457191478028e-01,9.9999101962084591e-01,2.5957798280707051e-01,9.9670690405905615e-01,9.9992678378587729e-01,9.8883442118291531e-01,4.9278503444992840e-34,True,True,True,False,True,True,False,False,False,False,False,The tested one-step history-transport non-final source features do not reproduce the local correction.,derive a revised weak-row formula or multi-step nonlinear history source law for the coefficient-gradient closure,"This capacity audit builds a one-step transported local state from the current terminal output and tests source-row/velocity-row deltas as history features. It is a trajectory-history feature-space test, not a target-free formula and not an accepted nonlinear h-sweep."
cylindrical_sharp,0.02,case_local_history_capacity_value_full_nonfinal,paper_tfe_lower_pair_velocity_compression_history_capacity_gap_not_full_tfe,,case_local_history_capacity_nonfinal_full_component_value_fit,case_local_history_capacity_oracle_fit,history_source_velocity_transport_delta_rows_perp,one-step transported source-row and non-final velocity-row deltas,"0,1",1,24,8,16,24,16,32,31,6.5061207712299633e+05,1,32,9.0488849229791557e-02,True,True,True,False,8,132,24,30,6,2.7556940506760689e+03,2.6043562229773637e-01,2.5970145217120505e-01,1.6994433363661374e-01,1.9637659668419788e-01,7.5616287487964828e-01,9.9256412443454745e-01,1.9637659668419793e-01,7.5403124561698942e-01,9.9228318224485423e-01,8.4401607977343069e-11,4.9278503444992840e-34,True,True,True,False,True,True,False,False,False,False,False,The tested one-step history-transport non-final source features do not reproduce the local correction.,derive a revised weak-row formula or multi-step nonlinear history source law for the coefficient-gradient closure,"This capacity audit builds a one-step transported local state from the current terminal output and tests source-row/velocity-row deltas as history features. It is a trajectory-history feature-space test, not a target-free formula and not an accepted nonlinear h-sweep."
cylindrical_sharp,0.02,case_local_history_capacity_value_full_nonfinal,paper_tfe_lower_pair_velocity_compression_history_capacity_gap_not_full_tfe,,case_local_history_capacity_nonfinal_full_component_value_fit,case_local_history_capacity_oracle_fit,active_plus_history_source_velocity_transport_delta_rows_perp,active non-final velocity plus one-step source/velocity transport deltas,"0,1",1,24,8,16,24,16,48,43,1.9393014378524378e+06,1,48,4.2888108059608282e-01,True,True,True,False,8,132,24,30,6,2.7487259525957188e+03,2.6043562229773637e-01,2.5970145217120505e-01,1.7395839126271948e-01,1.9282977562680204e-01,7.4250557328297617e-01,9.9256412371842939e-01,1.9282977562680204e-01,7.4041244406402407e-01,9.9228318152893880e-01,4.8695840906190087e-15,4.9278503444992840e-34,True,True,True,False,True,True,False,False,False,False,False,The tested one-step history-transport non-final source features do not reproduce the local correction.,derive a revised weak-row formula or multi-step nonlinear history source law for the coefficient-gradient closure,"This capacity audit builds a one-step transported local state from the current terminal output and tests source-row/velocity-row deltas as history features. It is a trajectory-history feature-space test, not a target-free formula and not an accepted nonlinear h-sweep."
cylindrical_sharp,0.02,universal_history_capacity_value_full_nonfinal,paper_tfe_lower_pair_velocity_compression_history_capacity_gap_not_full_tfe,,universal_history_capacity_nonfinal_full_component_value_fit,all_case_h_history_capacity_oracle_fit,history_source_transport_delta_rows_perp,one-step transported source-row deltas residualized against local source rows,"0,1",6,24,8,16,24,16,16,16,6.2032142167339359e+01,1,16,8.7926096242133669e-02,True,False,False,False,8,132,24,32,8,1.1513814803921829e+04,2.6043562229773637e-01,2.5970145446109977e-01,1.4282861362209390e-01,2.1689820787641667e-01,8.3518287691725457e-01,9.9502569386204676e-01,2.1689776005261574e-01,8.3282677745463296e-01,9.9474405265381260e-01,5.7621913557904059e-01,5.4817986714822987e-30,True,True,True,False,True,True,False,False,False,False,False,The tested one-step history-transport non-final source features do not reproduce the local correction.,derive a revised weak-row formula or multi-step nonlinear history source law for the coefficient-gradient closure,"This capacity audit builds a one-step transported local state from the current terminal output and tests source-row/velocity-row deltas as history features. It is a trajectory-history feature-space test, not a target-free formula and not an accepted nonlinear h-sweep."
cylindrical_sharp,0.02,universal_history_capacity_value_full_nonfinal,paper_tfe_lower_pair_velocity_compression_history_capacity_gap_not_full_tfe,,universal_history_capacity_nonfinal_full_component_value_fit,all_case_h_history_capacity_oracle_fit,active_plus_history_source_transport_delta_rows_perp,active non-final velocity plus one-step transported source-row deltas,"0,1",6,24,8,16,24,16,32,32,1.4564730521555778e+03,1,32,4.2834769505474479e-01,True,False,False,False,8,132,24,30,6,5.8130609104624828e+03,2.6043562229773637e-01,2.5970145446109977e-01,1.7279266236218868e-01,1.9387506617148412e-01,7.4653053666483926e-01,9.9331638649081755e-01,1.9387506617148412e-01,7.4442606760545760e-01,9.9303526868139536e-01,3.6352819387947489e-15,5.4817986714822987e-30,True,True,True,False,True,True,False,False,False,False,False,The tested one-step history-transport non-final source features do not reproduce the local correction.,derive a revised weak-row formula or multi-step nonlinear history source law for the coefficient-gradient closure,"This capacity audit builds a one-step transported local state from the current terminal output and tests source-row/velocity-row deltas as history features. It is a trajectory-history feature-space test, not a target-free formula and not an accepted nonlinear h-sweep."
cylindrical_sharp,0.02,universal_history_capacity_value_full_nonfinal,paper_tfe_lower_pair_velocity_compression_history_capacity_gap_not_full_tfe,,universal_history_capacity_nonfinal_full_component_value_fit,all_case_h_history_capacity_oracle_fit,history_velocity_transport_delta_rows_perp,one-step transported non-final velocity-row deltas residualized against local source rows,"0,1",6,24,8,16,24,16,16,16,1.0198969694851503e+06,1,16,2.1383017433257562e-02,False,True,False,False,8,132,24,32,8,1.5743998399568393e+06,2.6043562229773637e-01,2.5970145446109977e-01,8.0071769097715597e-03,2.5957798552101113e-01,9.9952457355179303e-01,9.9999102185309607e-01,2.5957798382549568e-01,9.9670690796952421e-01,9.9992678379135436e-01,9.8883444342214144e-01,5.4817986714822987e-30,True,True,True,False,True,True,False,False,False,False,False,The tested one-step history-transport non-final source features do not reproduce the local correction.,derive a revised weak-row formula or multi-step nonlinear history source law for the coefficient-gradient closure,"This capacity audit builds a one-step transported local state from the current terminal output and tests source-row/velocity-row deltas as history features. It is a trajectory-history feature-space test, not a target-free formula and not an accepted nonlinear h-sweep."
cylindrical_sharp,0.02,universal_history_capacity_value_full_nonfinal,paper_tfe_lower_pair_velocity_compression_history_capacity_gap_not_full_tfe,,universal_history_capacity_nonfinal_full_component_value_fit,all_case_h_history_capacity_oracle_fit,active_plus_history_velocity_transport_delta_rows_perp,active non-final velocity plus one-step transported velocity-row deltas,"0,1",6,24,8,16,24,16,32,28,1.0981644839301763e+07,1,32,4.1977134596454141e-01,False,True,False,False,8,132,24,32,8,4.2159048536499877e+09,2.6043562229773637e-01,2.5970145446109977e-01,8.0072648902639685e-03,2.5957798280707051e-01,9.9952456310156035e-01,9.9999101898941345e-01,2.5957798280707045e-01,9.9670690405905593e-01,9.9992678378587729e-01,9.8883442118291531e-01,5.4817986714822987e-30,True,True,True,False,True,True,False,False,False,False,False,The tested one-step history-transport non-final source features do not reproduce the local correction.,derive a revised weak-row formula or multi-step nonlinear history source law for the coefficient-gradient closure,"This capacity audit builds a one-step transported local state from the current terminal output and tests source-row/velocity-row deltas as history features. It is a trajectory-history feature-space test, not a target-free formula and not an accepted nonlinear h-sweep."
cylindrical_sharp,0.02,universal_history_capacity_value_full_nonfinal,paper_tfe_lower_pair_velocity_compression_history_capacity_gap_not_full_tfe,,universal_history_capacity_nonfinal_full_component_value_fit,all_case_h_history_capacity_oracle_fit,history_source_velocity_transport_delta_rows_perp,one-step transported source-row and non-final velocity-row deltas,"0,1",6,24,8,16,24,16,32,31,6.5061207712299633e+05,1,32,9.0488849229791557e-02,True,True,True,False,8,132,24,32,8,2.7556422253335013e+03,2.6043562229773637e-01,2.5970145446109977e-01,1.6994457255378126e-01,1.9637639295264028e-01,7.5616208372854976e-01,9.9256410027145270e-01,1.9637638507423683e-01,7.5403043309388196e-01,9.9228319536469634e-01,1.5619440467856251e-06,5.4817986714822987e-30,True,True,True,False,True,True,False,False,False,False,False,The tested one-step history-transport non-final source features do not reproduce the local correction.,derive a revised weak-row formula or multi-step nonlinear history source law for the coefficient-gradient closure,"This capacity audit builds a one-step transported local state from the current terminal output and tests source-row/velocity-row deltas as history features. It is a trajectory-history feature-space test, not a target-free formula and not an accepted nonlinear h-sweep."
cylindrical_sharp,0.02,universal_history_capacity_value_full_nonfinal,paper_tfe_lower_pair_velocity_compression_history_capacity_gap_not_full_tfe,,universal_history_capacity_nonfinal_full_component_value_fit,all_case_h_history_capacity_oracle_fit,active_plus_history_source_velocity_transport_delta_rows_perp,active non-final velocity plus one-step source/velocity transport deltas,"0,1",6,24,8,16,24,16,48,43,1.9393014378524378e+06,1,48,4.2888108059608282e-01,True,True,True,False,8,132,24,30,6,2.7487259479392605e+03,2.6043562229773637e-01,2.5970145446109977e-01,1.7395839468307264e-01,1.9282977562679735e-01,7.4250556673598067e-01,9.9256408643042160e-01,1.9282977562679735e-01,7.4041244406400608e-01,9.9228318152893868e-01,2.5468746708396827e-15,5.4817986714822987e-30,True,True,True,False,True,True,False,False,False,False,False,The tested one-step history-transport non-final source features do not reproduce the local correction.,derive a revised weak-row formula or multi-step nonlinear history source law for the coefficient-gradient closure,"This capacity audit builds a one-step transported local state from the current terminal output and tests source-row/velocity-row deltas as history features. It is a trajectory-history feature-space test, not a target-free formula and not an accepted nonlinear h-sweep."
cylindrical_sharp,0.01,case_local_history_capacity_value_scalar_nonfinal,paper_tfe_lower_pair_velocity_compression_history_capacity_gap_not_full_tfe,,case_local_history_capacity_nonfinal_stage_scalar_value_fit,case_local_history_capacity_oracle_fit,history_source_transport_delta_rows_perp,one-step transported source-row deltas residualized against local source rows,"0,1",1,24,8,16,24,16,16,16,1.9572899241810231e+02,1,16,3.0305714130328440e-02,True,False,False,False,8,132,24,32,8,6.1062572124490653e+04,1.8390370753258983e-01,1.8388557844972300e-01,1.0550677947247750e-01,1.5060619325623778e-01,8.1902123334492871e-01,9.9509142619855151e-01,1.5060619314405499e-01,8.1894049426581494e-01,9.9508162256041166e-01,5.7708555453881361e-01,1.0044055051631692e-18,True,True,True,False,True,True,False,False,False,False,False,The tested one-step history-transport non-final source features do not reproduce the local correction.,derive a revised weak-row formula or multi-step nonlinear history source law for the coefficient-gradient closure,"This capacity audit builds a one-step transported local state from the current terminal output and tests source-row/velocity-row deltas as history features. It is a trajectory-history feature-space test, not a target-free formula and not an accepted nonlinear h-sweep."
cylindrical_sharp,0.01,case_local_history_capacity_value_scalar_nonfinal,paper_tfe_lower_pair_velocity_compression_history_capacity_gap_not_full_tfe,,case_local_history_capacity_nonfinal_stage_scalar_value_fit,case_local_history_capacity_oracle_fit,active_plus_history_source_transport_delta_rows_perp,active non-final velocity plus one-step transported source-row deltas,"0,1",1,24,8,16,24,16,32,32,5.5443109575453682e+03,1,32,2.9803796196263121e-01,True,False,False,False,8,132,24,30,6,2.5286773074184148e+04,1.8390370753258983e-01,1.8388557844972300e-01,1.2830069959951770e-01,1.3173016527759884e-01,7.1637029063492219e-01,9.9335323482870941e-01,1.3173016527759884e-01,7.1629967141502437e-01,9.9334344836061317e-01,5.3699889252365373e-15,1.0044055051631692e-18,True,True,True,False,True,True,False,False,False,False,False,The tested one-step history-transport non-final source features do not reproduce the local correction.,derive a revised weak-row formula or multi-step nonlinear history source law for the coefficient-gradient closure,"This capacity audit builds a one-step transported local state from the current terminal output and tests source-row/velocity-row deltas as history features. It is a trajectory-history feature-space test, not a target-free formula and not an accepted nonlinear h-sweep."
cylindrical_sharp,0.01,case_local_history_capacity_value_scalar_nonfinal,paper_tfe_lower_pair_velocity_compression_history_capacity_gap_not_full_tfe,,case_local_history_capacity_nonfinal_stage_scalar_value_fit,case_local_history_capacity_oracle_fit,history_velocity_transport_delta_rows_perp,one-step transported non-final velocity-row deltas residualized against local source rows,"0,1",1,24,8,16,24,16,16,15,4.1530008506481773e+06,1,16,7.5596763291389587e-03,False,True,False,False,8,132,24,32,8,5.3803000808275829e+05,1.8390370753258983e-01,1.8388557844972300e-01,1.0546105189486767e-03,1.8388255425255154e-01,9.9998355391870875e-01,9.9999969095086283e-01,1.8388255410962720e-01,9.9988497554918032e-01,9.9999744545697855e-01,9.9960757359391861e-01,1.0044055051631692e-18,True,True,True,False,True,True,False,False,False,False,False,The tested one-step history-transport non-final source features do not reproduce the local correction.,derive a revised weak-row formula or multi-step nonlinear history source law for the coefficient-gradient closure,"This capacity audit builds a one-step transported local state from the current terminal output and tests source-row/velocity-row deltas as history features. It is a trajectory-history feature-space test, not a target-free formula and not an accepted nonlinear h-sweep."
cylindrical_sharp,0.01,case_local_history_capacity_value_scalar_nonfinal,paper_tfe_lower_pair_velocity_compression_history_capacity_gap_not_full_tfe,,case_local_history_capacity_nonfinal_stage_scalar_value_fit,case_local_history_capacity_oracle_fit,active_plus_history_velocity_transport_delta_rows_perp,active non-final velocity plus one-step transported velocity-row deltas,"0,1",1,24,8,16,24,16,32,27,8.9478043249773681e+07,1,32,2.9658951290983127e-01,False,True,False,False,8,132,23,31,8,3.2871631427069175e+12,1.8390370753258983e-01,1.8388557844972300e-01,1.0546698393344184e-03,1.8388255391232533e-01,9.9998355206850276e-01,9.9999968803876560e-01,1.8388255391232533e-01,9.9988497447632618e-01,9.9999744522699707e-01,9.9960757282963786e-01,1.0044055051631692e-18,True,True,True,False,True,True,False,False,False,False,False,The tested one-step history-transport non-final source features do not reproduce the local correction.,derive a revised weak-row formula or multi-step nonlinear history source law for the coefficient-gradient closure,"This capacity audit builds a one-step transported local state from the current terminal output and tests source-row/velocity-row deltas as history features. It is a trajectory-history feature-space test, not a target-free formula and not an accepted nonlinear h-sweep."
cylindrical_sharp,0.01,case_local_history_capacity_value_scalar_nonfinal,paper_tfe_lower_pair_velocity_compression_history_capacity_gap_not_full_tfe,,case_local_history_capacity_nonfinal_stage_scalar_value_fit,case_local_history_capacity_oracle_fit,history_source_velocity_transport_delta_rows_perp,one-step transported source-row and non-final velocity-row deltas,"0,1",1,24,8,16,24,16,32,31,2.6660256934750073e+07,1,32,3.1234356326816353e-02,True,True,True,False,8,132,24,30,6,1.4411659597662945e+04,1.8390370753258983e-01,1.8388557844972300e-01,1.2552374075989439e-01,1.3437892865784981e-01,7.3077470126125721e-01,9.9263181243212573e-01,1.3437892863728251e-01,7.3070266195405020e-01,9.9262203306874486e-01,1.9201507222282680e-13,1.0044055051631692e-18,True,True,True,False,True,True,False,False,False,False,False,The tested one-step history-transport non-final source features do not reproduce the local correction.,derive a revised weak-row formula or multi-step nonlinear history source law for the coefficient-gradient closure,"This capacity audit builds a one-step transported local state from the current terminal output and tests source-row/velocity-row deltas as history features. It is a trajectory-history feature-space test, not a target-free formula and not an accepted nonlinear h-sweep."
cylindrical_sharp,0.01,case_local_history_capacity_value_scalar_nonfinal,paper_tfe_lower_pair_velocity_compression_history_capacity_gap_not_full_tfe,,case_local_history_capacity_nonfinal_stage_scalar_value_fit,case_local_history_capacity_oracle_fit,active_plus_history_source_velocity_transport_delta_rows_perp,active non-final velocity plus one-step source/velocity transport deltas,"0,1",1,24,8,16,24,16,48,43,1.5776080396681142e+08,1,48,2.9813382142427275e-01,True,True,True,False,8,132,24,30,6,1.4423615604787850e+04,1.8390370753258983e-01,1.8388557844972300e-01,1.2886855551142834e-01,1.3117469787269151e-01,7.1334956758752333e-01,9.9263180951860830e-01,1.3117469787269151e-01,7.1327924614812810e-01,9.9262203015795913e-01,4.5421187793050356e-15,1.0044055051631692e-18,True,True,True,False,True,True,False,False,False,False,False,The tested one-step history-transport non-final source features do not reproduce the local correction.,derive a revised weak-row formula or multi-step nonlinear history source law for the coefficient-gradient closure,"This capacity audit builds a one-step transported local state from the current terminal output and tests source-row/velocity-row deltas as history features. It is a trajectory-history feature-space test, not a target-free formula and not an accepted nonlinear h-sweep."
cylindrical_sharp,0.01,universal_history_capacity_value_scalar_nonfinal,paper_tfe_lower_pair_velocity_compression_history_capacity_gap_not_full_tfe,,universal_history_capacity_nonfinal_stage_scalar_value_fit,all_case_h_history_capacity_oracle_fit,history_source_transport_delta_rows_perp,one-step transported source-row deltas residualized against local source rows,"0,1",6,24,8,16,24,16,16,16,1.9572899241810231e+02,1,16,3.0305714130328440e-02,True,False,False,False,8,132,24,32,8,6.2448722847278274e+04,1.8390370753258983e-01,1.8388558020327053e-01,1.0551246659212428e-01,1.5060221114027278e-01,8.1899957013374458e-01,9.9509089567904807e-01,1.5060221114027281e-01,8.1891884160945683e-01,9.9508109045656601e-01,5.7702339318145168e-01,1.1683695253089600e-18,True,True,True,False,True,True,False,False,False,False,False,The tested one-step history-transport non-final source features do not reproduce the local correction.,derive a revised weak-row formula or multi-step nonlinear history source law for the coefficient-gradient closure,"This capacity audit builds a one-step transported local state from the current terminal output and tests source-row/velocity-row deltas as history features. It is a trajectory-history feature-space test, not a target-free formula and not an accepted nonlinear h-sweep."
cylindrical_sharp,0.01,universal_history_capacity_value_scalar_nonfinal,paper_tfe_lower_pair_velocity_compression_history_capacity_gap_not_full_tfe,,universal_history_capacity_nonfinal_stage_scalar_value_fit,all_case_h_history_capacity_oracle_fit,active_plus_history_source_transport_delta_rows_perp,active non-final velocity plus one-step transported source-row deltas,"0,1",6,24,8,16,24,16,32,32,5.5443109575453682e+03,1,32,2.9803796196263121e-01,True,False,False,False,8,132,24,30,6,2.5286773074184242e+04,1.8390370753258983e-01,1.8388558020327053e-01,1.2830070211277064e-01,1.3173016527759884e-01,7.1637028380355805e-01,9.9335323646090545e-01,1.3173016527759884e-01,7.1629967141502437e-01,9.9334344836061317e-01,4.6637439046800432e-15,1.1683695253089600e-18,True,True,True,False,True,True,False,False,False,False,False,The tested one-step history-transport non-final source features do not reproduce the local correction.,derive a revised weak-row formula or multi-step nonlinear history source law for the coefficient-gradient closure,"This capacity audit builds a one-step transported local state from the current terminal output and tests source-row/velocity-row deltas as history features. It is a trajectory-history feature-space test, not a target-free formula and not an accepted nonlinear h-sweep."
cylindrical_sharp,0.01,universal_history_capacity_value_scalar_nonfinal,paper_tfe_lower_pair_velocity_compression_history_capacity_gap_not_full_tfe,,universal_history_capacity_nonfinal_stage_scalar_value_fit,all_case_h_history_capacity_oracle_fit,history_velocity_transport_delta_rows_perp,one-step transported non-final velocity-row deltas residualized against local source rows,"0,1",6,24,8,16,24,16,16,15,4.1530008506481773e+06,1,16,7.5596763291389587e-03,False,True,False,False,8,132,23,31,8,6.1856850253742195e+10,1.8390370753258983e-01,1.8388558020327053e-01,1.0549695763541144e-03,1.8388255394649705e-01,9.9998354271841139e-01,9.9999969066642114e-01,1.8388255394609654e-01,9.9988497465996140e-01,9.9999744523909040e-01,9.9960757366639275e-01,1.1683695253089600e-18,True,True,True,False,True,True,False,False,False,False,False,The tested one-step history-transport non-final source features do not reproduce the local correction.,derive a revised weak-row formula or multi-step nonlinear history source law for the coefficient-gradient closure,"This capacity audit builds a one-step transported local state from the current terminal output and tests source-row/velocity-row deltas as history features. It is a trajectory-history feature-space test, not a target-free formula and not an accepted nonlinear h-sweep."
cylindrical_sharp,0.01,universal_history_capacity_value_scalar_nonfinal,paper_tfe_lower_pair_velocity_compression_history_capacity_gap_not_full_tfe,,universal_history_capacity_nonfinal_stage_scalar_value_fit,all_case_h_history_capacity_oracle_fit,active_plus_history_velocity_transport_delta_rows_perp,active non-final velocity plus one-step transported velocity-row deltas,"0,1",6,24,8,16,24,16,32,27,8.9478043249773681e+07,1,32,2.9658951290983127e-01,False,True,False,False,8,132,23,31,8,3.2870103458423594e+12,1.8390370753258983e-01,1.8388558020327053e-01,1.0549755325145683e-03,1.8388255391232533e-01,9.9998354253258004e-01,9.9999969065406547e-01,1.8388255391232536e-01,9.9988497447632629e-01,9.9999744522699707e-01,9.9960757282963786e-01,1.1683695253089600e-18,True,True,True,False,True,True,False,False,False,False,False,The tested one-step history-transport non-final source features do not reproduce the local correction.,derive a revised weak-row formula or multi-step nonlinear history source law for the coefficient-gradient closure,"This capacity audit builds a one-step transported local state from the current terminal output and tests source-row/velocity-row deltas as history features. It is a trajectory-history feature-space test, not a target-free formula and not an accepted nonlinear h-sweep."
cylindrical_sharp,0.01,universal_history_capacity_value_scalar_nonfinal,paper_tfe_lower_pair_velocity_compression_history_capacity_gap_not_full_tfe,,universal_history_capacity_nonfinal_stage_scalar_value_fit,all_case_h_history_capacity_oracle_fit,history_source_velocity_transport_delta_rows_perp,one-step transported source-row and non-final velocity-row deltas,"0,1",6,24,8,16,24,16,32,31,2.6660256934750073e+07,1,32,3.1234356326816353e-02,True,True,True,False,8,132,24,30,6,1.4428450608049377e+04,1.8390370753258983e-01,1.8388558020327053e-01,1.2552452746810339e-01,1.3437819618723007e-01,7.3077071099694668e-01,9.9263181118249022e-01,1.3437819618723007e-01,7.3069867916293485e-01,9.9262203019083017e-01,1.5635950779709764e-13,1.1683695253089600e-18,True,True,True,False,True,True,False,False,False,False,False,The tested one-step history-transport non-final source features do not reproduce the local correction.,derive a revised weak-row formula or multi-step nonlinear history source law for the coefficient-gradient closure,"This capacity audit builds a one-step transported local state from the current terminal output and tests source-row/velocity-row deltas as history features. It is a trajectory-history feature-space test, not a target-free formula and not an accepted nonlinear h-sweep."
cylindrical_sharp,0.01,universal_history_capacity_value_scalar_nonfinal,paper_tfe_lower_pair_velocity_compression_history_capacity_gap_not_full_tfe,,universal_history_capacity_nonfinal_stage_scalar_value_fit,all_case_h_history_capacity_oracle_fit,active_plus_history_source_velocity_transport_delta_rows_perp,active non-final velocity plus one-step source/velocity transport deltas,"0,1",6,24,8,16,24,16,48,43,1.5776080396681142e+08,1,48,2.9813382142427275e-01,True,True,True,False,8,132,24,30,6,1.4423615603773083e+04,1.8390370753258983e-01,1.8388558020327053e-01,1.2886855801423511e-01,1.3117469787269129e-01,7.1334956078496392e-01,9.9263181114961885e-01,1.3117469787269129e-01,7.1327924614812688e-01,9.9262203015795925e-01,4.3757910006369049e-15,1.1683695253089600e-18,True,True,True,False,True,True,False,False,False,False,False,The tested one-step history-transport non-final source features do not reproduce the local correction.,derive a revised weak-row formula or multi-step nonlinear history source law for the coefficient-gradient closure,"This capacity audit builds a one-step transported local state from the current terminal output and tests source-row/velocity-row deltas as history features. It is a trajectory-history feature-space test, not a target-free formula and not an accepted nonlinear h-sweep."
cylindrical_sharp,0.01,case_local_history_capacity_value_component_nonfinal,paper_tfe_lower_pair_velocity_compression_history_capacity_gap_not_full_tfe,,case_local_history_capacity_nonfinal_component_diagonal_value_fit,case_local_history_capacity_oracle_fit,history_source_transport_delta_rows_perp,one-step transported source-row deltas residualized against local source rows,"0,1",1,24,8,16,24,16,16,16,1.9572899241810231e+02,1,16,3.0305714130328440e-02,True,False,False,False,8,132,24,32,8,9.2977929211938208e+03,1.8390370753258983e-01,1.8393788717788728e-01,1.0692983405475975e-01,1.4966347894021020e-01,8.1366314051150257e-01,9.9509089507973436e-01,1.4224638013441379e-01,7.7348293866890161e-01,9.9442314688005473e-01,8.6806881356484053e-02,3.1716002775823931e-34,True,True,True,False,True,True,False,False,False,False,False,The tested one-step history-transport non-final source features do not reproduce the local correction.,derive a revised weak-row formula or multi-step nonlinear history source law for the coefficient-gradient closure,"This capacity audit builds a one-step transported local state from the current terminal output and tests source-row/velocity-row deltas as history features. It is a trajectory-history feature-space test, not a target-free formula and not an accepted nonlinear h-sweep."
cylindrical_sharp,0.01,case_local_history_capacity_value_component_nonfinal,paper_tfe_lower_pair_velocity_compression_history_capacity_gap_not_full_tfe,,case_local_history_capacity_nonfinal_component_diagonal_value_fit,case_local_history_capacity_oracle_fit,active_plus_history_source_transport_delta_rows_perp,active non-final velocity plus one-step transported source-row deltas,"0,1",1,24,8,16,24,16,32,32,5.5443109575453682e+03,1,32,2.9803796196263121e-01,True,False,False,False,8,132,24,30,6,2.5286773167047751e+04,1.8390370753258983e-01,1.8393788717788728e-01,1.2837565927932615e-01,1.3173016527759884e-01,7.1616656741415063e-01,9.9335323646448848e-01,1.3173016527759884e-01,7.1629967141502437e-01,9.9334344836061317e-01,5.2837279895210123e-15,3.1716002775823931e-34,True,True,True,False,True,True,False,False,False,False,False,The tested one-step history-transport non-final source features do not reproduce the local correction.,derive a revised weak-row formula or multi-step nonlinear history source law for the coefficient-gradient closure,"This capacity audit builds a one-step transported local state from the current terminal output and tests source-row/velocity-row deltas as history features. It is a trajectory-history feature-space test, not a target-free formula and not an accepted nonlinear h-sweep."
cylindrical_sharp,0.01,case_local_history_capacity_value_component_nonfinal,paper_tfe_lower_pair_velocity_compression_history_capacity_gap_not_full_tfe,,case_local_history_capacity_nonfinal_component_diagonal_value_fit,case_local_history_capacity_oracle_fit,history_velocity_transport_delta_rows_perp,one-step transported non-final velocity-row deltas residualized against local source rows,"0,1",1,24,8,16,24,16,16,15,4.1530008506481773e+06,1,16,7.5596763291389587e-03,False,True,False,False,8,132,24,32,8,1.0822948350538726e+08,1.8390370753258983e-01,1.8393788717788728e-01,4.5113959666911868e-03,1.8388255394652564e-01,9.9969917436689848e-01,9.9999969066734262e-01,1.8388255394541775e-01,9.9988497465627035e-01,9.9999744523856327e-01,9.9960757365732678e-01,3.1716002775823931e-34,True,True,True,False,True,True,False,False,False,False,False,The tested one-step history-transport non-final source features do not reproduce the local correction.,derive a revised weak-row formula or multi-step nonlinear history source law for the coefficient-gradient closure,"This capacity audit builds a one-step transported local state from the current terminal output and tests source-row/velocity-row deltas as history features. It is a trajectory-history feature-space test, not a target-free formula and not an accepted nonlinear h-sweep."
cylindrical_sharp,0.01,case_local_history_capacity_value_component_nonfinal,paper_tfe_lower_pair_velocity_compression_history_capacity_gap_not_full_tfe,,case_local_history_capacity_nonfinal_component_diagonal_value_fit,case_local_history_capacity_oracle_fit,active_plus_history_velocity_transport_delta_rows_perp,active non-final velocity plus one-step transported velocity-row deltas,"0,1",1,24,8,16,24,16,32,27,8.9478043249773681e+07,1,32,2.9658951290983127e-01,False,True,False,False,8,132,23,31,8,3.2870467225573193e+12,1.8390370753258983e-01,1.8393788717788728e-01,4.5113973606801987e-03,1.8388255391232533e-01,9.9969917418096443e-01,9.9999969065472893e-01,1.8388255391232533e-01,9.9988497447632618e-01,9.9999744522699707e-01,9.9960757282963786e-01,3.1716002775823931e-34,True,True,True,False,True,True,False,False,False,False,False,The tested one-step history-transport non-final source features do not reproduce the local correction.,derive a revised weak-row formula or multi-step nonlinear history source law for the coefficient-gradient closure,"This capacity audit builds a one-step transported local state from the current terminal output and tests source-row/velocity-row deltas as history features. It is a trajectory-history feature-space test, not a target-free formula and not an accepted nonlinear h-sweep."
cylindrical_sharp,0.01,case_local_history_capacity_value_component_nonfinal,paper_tfe_lower_pair_velocity_compression_history_capacity_gap_not_full_tfe,,case_local_history_capacity_nonfinal_component_diagonal_value_fit,case_local_history_capacity_oracle_fit,history_source_velocity_transport_delta_rows_perp,one-step transported source-row and non-final velocity-row deltas,"0,1",1,24,8,16,24,16,32,31,2.6660256934750073e+07,1,32,3.1234356326816353e-02,True,True,True,False,8,132,24,30,6,1.4428446246224104e+04,1.8390370753258983e-01,1.8393788717788728e-01,1.2560114197091246e-01,1.3437819568294584e-01,7.3056289677280029e-01,9.9263181118614441e-01,1.3437819568292575e-01,7.3069867642071540e-01,9.9262203019090411e-01,1.5241265231912570e-13,3.1716002775823931e-34,True,True,True,False,True,True,False,False,False,False,False,The tested one-step history-transport non-final source features do not reproduce the local correction.,derive a revised weak-row formula or multi-step nonlinear history source law for the coefficient-gradient closure,"This capacity audit builds a one-step transported local state from the current terminal output and tests source-row/velocity-row deltas as history features. It is a trajectory-history feature-space test, not a target-free formula and not an accepted nonlinear h-sweep."
cylindrical_sharp,0.01,case_local_history_capacity_value_component_nonfinal,paper_tfe_lower_pair_velocity_compression_history_capacity_gap_not_full_tfe,,case_local_history_capacity_nonfinal_component_diagonal_value_fit,case_local_history_capacity_oracle_fit,active_plus_history_source_velocity_transport_delta_rows_perp,active non-final velocity plus one-step source/velocity transport deltas,"0,1",1,24,8,16,24,16,48,43,1.5776080396681142e+08,1,48,2.9813382142427275e-01,True,True,True,False,8,132,24,30,6,1.4423615647480343e+04,1.8390370753258983e-01,1.8393788717788728e-01,1.2894318507546998e-01,1.3117469787269079e-01,7.1314670340771646e-01,9.9263181115319921e-01,1.3117469787269076e-01,7.1327924614812410e-01,9.9262203015795925e-01,4.6102382857530885e-15,3.1716002775823931e-34,True,True,True,False,True,True,False,False,False,False,False,The tested one-step history-transport non-final source features do not reproduce the local correction.,derive a revised weak-row formula or multi-step nonlinear history source law for the coefficient-gradient closure,"This capacity audit builds a one-step transported local state from the current terminal output and tests source-row/velocity-row deltas as history features. It is a trajectory-history feature-space test, not a target-free formula and not an accepted nonlinear h-sweep."
cylindrical_sharp,0.01,universal_history_capacity_value_component_nonfinal,paper_tfe_lower_pair_velocity_compression_history_capacity_gap_not_full_tfe,,universal_history_capacity_nonfinal_component_diagonal_value_fit,all_case_h_history_capacity_oracle_fit,history_source_transport_delta_rows_perp,one-step transported source-row deltas residualized against local source rows,"0,1",6,24,8,16,24,16,16,16,1.9572899241810231e+02,1,16,3.0305714130328440e-02,True,False,False,False,8,132,24,32,8,9.7623438535732148e+03,1.8390370753258983e-01,1.8411563974505604e-01,1.0699795672361376e-01,1.4983326084585805e-01,8.1379974592778415e-01,9.9509089568307296e-01,1.4538399121391479e-01,7.9054410139149089e-01,9.9507749459775063e-01,3.4931619424732351e-02,1.1691914586183223e-18,True,True,True,False,True,True,False,False,False,False,False,The tested one-step history-transport non-final source features do not reproduce the local correction.,derive a revised weak-row formula or multi-step nonlinear history source law for the coefficient-gradient closure,"This capacity audit builds a one-step transported local state from the current terminal output and tests source-row/velocity-row deltas as history features. It is a trajectory-history feature-space test, not a target-free formula and not an accepted nonlinear h-sweep."
cylindrical_sharp,0.01,universal_history_capacity_value_component_nonfinal,paper_tfe_lower_pair_velocity_compression_history_capacity_gap_not_full_tfe,,universal_history_capacity_nonfinal_component_diagonal_value_fit,all_case_h_history_capacity_oracle_fit,active_plus_history_source_transport_delta_rows_perp,active non-final velocity plus one-step transported source-row deltas,"0,1",6,24,8,16,24,16,32,32,5.5443109575453682e+03,1,32,2.9803796196263121e-01,True,False,False,False,8,132,24,30,6,2.5286773680427013e+04,1.8390370753258983e-01,1.8411563974505604e-01,1.2863021555866153e-01,1.3173016527759882e-01,7.1547515170359721e-01,9.9335323646091023e-01,1.3173016527759884e-01,7.1629967141502437e-01,9.9334344836061317e-01,4.9546263383780441e-15,1.1691914586183223e-18,True,True,True,False,True,True,False,False,False,False,False,The tested one-step history-transport non-final source features do not reproduce the local correction.,derive a revised weak-row formula or multi-step nonlinear history source law for the coefficient-gradient closure,"This capacity audit builds a one-step transported local state from the current terminal output and tests source-row/velocity-row deltas as history features. It is a trajectory-history feature-space test, not a target-free formula and not an accepted nonlinear h-sweep."
cylindrical_sharp,0.01,universal_history_capacity_value_component_nonfinal,paper_tfe_lower_pair_velocity_compression_history_capacity_gap_not_full_tfe,,universal_history_capacity_nonfinal_component_diagonal_value_fit,all_case_h_history_capacity_oracle_fit,history_velocity_transport_delta_rows_perp,one-step transported non-final velocity-row deltas residualized against local source rows,"0,1",6,24,8,16,24,16,16,15,4.1530008506481773e+06,1,16,7.5596763291389587e-03,False,True,False,False,8,132,23,31,8,1.9866822796676212e+10,1.8390370753258983e-01,1.8411563974505604e-01,9.2614876153009895e-03,1.8388255394648756e-01,9.9873402499162356e-01,9.9999969066642447e-01,1.8388255393516656e-01,9.9988497460052828e-01,9.9999744523645784e-01,9.9960757337796713e-01,1.1691914586183223e-18,True,True,True,False,True,True,False,False,False,False,False,The tested one-step history-transport non-final source features do not reproduce the local correction.,derive a revised weak-row formula or multi-step nonlinear history source law for the coefficient-gradient closure,"This capacity audit builds a one-step transported local state from the current terminal output and tests source-row/velocity-row deltas as history features. It is a trajectory-history feature-space test, not a target-free formula and not an accepted nonlinear h-sweep."
cylindrical_sharp,0.01,universal_history_capacity_value_component_nonfinal,paper_tfe_lower_pair_velocity_compression_history_capacity_gap_not_full_tfe,,universal_history_capacity_nonfinal_component_diagonal_value_fit,all_case_h_history_capacity_oracle_fit,active_plus_history_velocity_transport_delta_rows_perp,active non-final velocity plus one-step transported velocity-row deltas,"0,1",6,24,8,16,24,16,32,27,8.9478043249773681e+07,1,32,2.9658951290983127e-01,False,True,False,False,8,132,23,31,8,3.2870545720580234e+12,1.8390370753258983e-01,1.8411563974505604e-01,9.2614882935749699e-03,1.8388255391232533e-01,9.9873402480607587e-01,9.9999969065406802e-01,1.8388255391232533e-01,9.9988497447632618e-01,9.9999744522699707e-01,9.9960757282963786e-01,1.1691914586183223e-18,True,True,True,False,True,True,False,False,False,False,False,The tested one-step history-transport non-final source features do not reproduce the local correction.,derive a revised weak-row formula or multi-step nonlinear history source law for the coefficient-gradient closure,"This capacity audit builds a one-step transported local state from the current terminal output and tests source-row/velocity-row deltas as history features. It is a trajectory-history feature-space test, not a target-free formula and not an accepted nonlinear h-sweep."
cylindrical_sharp,0.01,universal_history_capacity_value_component_nonfinal,paper_tfe_lower_pair_velocity_compression_history_capacity_gap_not_full_tfe,,universal_history_capacity_nonfinal_component_diagonal_value_fit,all_case_h_history_capacity_oracle_fit,history_source_velocity_transport_delta_rows_perp,one-step transported source-row and non-final velocity-row deltas,"0,1",6,24,8,16,24,16,32,31,2.6660256934750073e+07,1,32,3.1234356326816353e-02,True,True,True,False,8,132,24,30,6,1.4428450921231033e+04,1.8390370753258983e-01,1.8411563974505604e-01,1.2586130909065163e-01,1.3437819641874107e-01,7.2985758626922659e-01,9.9263181118249499e-01,1.3437819641874052e-01,7.3069868042180264e-01,9.9262203019083028e-01,1.6091866198516135e-13,1.1691914586183223e-18,True,True,True,False,True,True,False,False,False,False,False,The tested one-step history-transport non-final source features do not reproduce the local correction.,derive a revised weak-row formula or multi-step nonlinear history source law for the coefficient-gradient closure,"This capacity audit builds a one-step transported local state from the current terminal output and tests source-row/velocity-row deltas as history features. It is a trajectory-history feature-space test, not a target-free formula and not an accepted nonlinear h-sweep."
cylindrical_sharp,0.01,universal_history_capacity_value_component_nonfinal,paper_tfe_lower_pair_velocity_compression_history_capacity_gap_not_full_tfe,,universal_history_capacity_nonfinal_component_diagonal_value_fit,all_case_h_history_capacity_oracle_fit,active_plus_history_source_velocity_transport_delta_rows_perp,active non-final velocity plus one-step source/velocity transport deltas,"0,1",6,24,8,16,24,16,48,43,1.5776080396681142e+08,1,48,2.9813382142427275e-01,True,True,True,False,8,132,24,30,6,1.4423615936283140e+04,1.8390370753258983e-01,1.8411563974505604e-01,1.2919662316263603e-01,1.3117469787269079e-01,7.1245820319407793e-01,9.9263181114962373e-01,1.3117469787269082e-01,7.1327924614812432e-01,9.9262203015795913e-01,5.1732344949426197e-15,1.1691914586183223e-18,True,True,True,False,True,True,False,False,False,False,False,The tested one-step history-transport non-final source features do not reproduce the local correction.,derive a revised weak-row formula or multi-step nonlinear history source law for the coefficient-gradient closure,"This capacity audit builds a one-step transported local state from the current terminal output and tests source-row/velocity-row deltas as history features. It is a trajectory-history feature-space test, not a target-free formula and not an accepted nonlinear h-sweep."
cylindrical_sharp,0.01,case_local_history_capacity_value_full_nonfinal,paper_tfe_lower_pair_velocity_compression_history_capacity_gap_not_full_tfe,,case_local_history_capacity_nonfinal_full_component_value_fit,case_local_history_capacity_oracle_fit,history_source_transport_delta_rows_perp,one-step transported source-row deltas residualized against local source rows,"0,1",1,24,8,16,24,16,16,16,1.9572899241810231e+02,1,16,3.0305714130328440e-02,True,False,False,False,8,132,24,32,8,6.2448722658094666e+04,1.8390370753258983e-01,1.8388558020348772e-01,1.0551246654647625e-01,1.5060221117251915e-01,8.1899957030813830e-01,9.9509089603622614e-01,1.5060221115631278e-01,8.1891884169667628e-01,9.9508109081278140e-01,5.7702339195571106e-01,1.5237703619020713e-34,True,True,True,False,True,True,False,False,False,False,False,The tested one-step history-transport non-final source features do not reproduce the local correction.,derive a revised weak-row formula or multi-step nonlinear history source law for the coefficient-gradient closure,"This capacity audit builds a one-step transported local state from the current terminal output and tests source-row/velocity-row deltas as history features. It is a trajectory-history feature-space test, not a target-free formula and not an accepted nonlinear h-sweep."
cylindrical_sharp,0.01,case_local_history_capacity_value_full_nonfinal,paper_tfe_lower_pair_velocity_compression_history_capacity_gap_not_full_tfe,,case_local_history_capacity_nonfinal_full_component_value_fit,case_local_history_capacity_oracle_fit,active_plus_history_source_transport_delta_rows_perp,active non-final velocity plus one-step transported source-row deltas,"0,1",1,24,8,16,24,16,32,32,5.5443109575453682e+03,1,32,2.9803796196263121e-01,True,False,False,False,8,132,24,30,6,2.5286773074183842e+04,1.8390370753258983e-01,1.8388558020348772e-01,1.2830070211308192e-01,1.3173016527759884e-01,7.1637028380271195e-01,9.9335323646159424e-01,1.3173016527759884e-01,7.1629967141502437e-01,9.9334344836061317e-01,5.0158854035799245e-15,1.5237703619020713e-34,True,True,True,False,True,True,False,False,False,False,False,The tested one-step history-transport non-final source features do not reproduce the local correction.,derive a revised weak-row formula or multi-step nonlinear history source law for the coefficient-gradient closure,"This capacity audit builds a one-step transported local state from the current terminal output and tests source-row/velocity-row deltas as history features. It is a trajectory-history feature-space test, not a target-free formula and not an accepted nonlinear h-sweep."
cylindrical_sharp,0.01,case_local_history_capacity_value_full_nonfinal,paper_tfe_lower_pair_velocity_compression_history_capacity_gap_not_full_tfe,,case_local_history_capacity_nonfinal_full_component_value_fit,case_local_history_capacity_oracle_fit,history_velocity_transport_delta_rows_perp,one-step transported non-final velocity-row deltas residualized against local source rows,"0,1",1,24,8,16,24,16,16,15,4.1530008506481773e+06,1,16,7.5596763291389587e-03,False,True,False,False,8,132,24,32,8,1.1569894505637212e+09,1.8390370753258983e-01,1.8388558020348772e-01,1.0549696142650407e-03,1.8388255394649677e-01,9.9998354271722889e-01,9.9999969066711392e-01,1.8388255394358100e-01,9.9988497464628279e-01,9.9999744523699075e-01,9.9960757362189978e-01,1.5237703619020713e-34,True,True,True,False,True,True,False,False,False,False,False,The tested one-step history-transport non-final source features do not reproduce the local correction.,derive a revised weak-row formula or multi-step nonlinear history source law for the coefficient-gradient closure,"This capacity audit builds a one-step transported local state from the current terminal output and tests source-row/velocity-row deltas as history features. It is a trajectory-history feature-space test, not a target-free formula and not an accepted nonlinear h-sweep."
cylindrical_sharp,0.01,case_local_history_capacity_value_full_nonfinal,paper_tfe_lower_pair_velocity_compression_history_capacity_gap_not_full_tfe,,case_local_history_capacity_nonfinal_full_component_value_fit,case_local_history_capacity_oracle_fit,active_plus_history_velocity_transport_delta_rows_perp,active non-final velocity plus one-step transported velocity-row deltas,"0,1",1,24,8,16,24,16,32,27,8.9478043249773681e+07,1,32,2.9658951290983127e-01,False,True,False,False,8,132,23,31,8,3.2870061828644463e+12,1.8390370753258983e-01,1.8388558020348772e-01,1.0549755703746528e-03,1.8388255391232533e-01,9.9998354253139887e-01,9.9999969065470851e-01,1.8388255391232533e-01,9.9988497447632618e-01,9.9999744522699707e-01,9.9960757282963786e-01,1.5237703619020713e-34,True,True,True,False,True,True,False,False,False,False,False,The tested one-step history-transport non-final source features do not reproduce the local correction.,derive a revised weak-row formula or multi-step nonlinear history source law for the coefficient-gradient closure,"This capacity audit builds a one-step transported local state from the current terminal output and tests source-row/velocity-row deltas as history features. It is a trajectory-history feature-space test, not a target-free formula and not an accepted nonlinear h-sweep."
cylindrical_sharp,0.01,case_local_history_capacity_value_full_nonfinal,paper_tfe_lower_pair_velocity_compression_history_capacity_gap_not_full_tfe,,case_local_history_capacity_nonfinal_full_component_value_fit,case_local_history_capacity_oracle_fit,history_source_velocity_transport_delta_rows_perp,one-step transported source-row and non-final velocity-row deltas,"0,1",1,24,8,16,24,16,32,31,2.6660256934750073e+07,1,32,3.1234356326816353e-02,True,True,True,False,8,132,24,30,6,1.4428450587312620e+04,1.8390370753258983e-01,1.8388558020348772e-01,1.2552452747942255e-01,1.3437819617719729e-01,7.3077071094152368e-01,9.9263181118317356e-01,1.3437819617719593e-01,7.3069867910837294e-01,9.9262203019082540e-01,1.5544247582901666e-09,1.5237703619020713e-34,True,True,True,False,True,True,False,False,False,False,False,The tested one-step history-transport non-final source features do not reproduce the local correction.,derive a revised weak-row formula or multi-step nonlinear history source law for the coefficient-gradient closure,"This capacity audit builds a one-step transported local state from the current terminal output and tests source-row/velocity-row deltas as history features. It is a trajectory-history feature-space test, not a target-free formula and not an accepted nonlinear h-sweep."
cylindrical_sharp,0.01,case_local_history_capacity_value_full_nonfinal,paper_tfe_lower_pair_velocity_compression_history_capacity_gap_not_full_tfe,,case_local_history_capacity_nonfinal_full_component_value_fit,case_local_history_capacity_oracle_fit,active_plus_history_source_velocity_transport_delta_rows_perp,active non-final velocity plus one-step source/velocity transport deltas,"0,1",1,24,8,16,24,16,48,43,1.5776080396681142e+08,1,48,2.9813382142427275e-01,True,True,True,False,8,132,24,30,6,1.4423615628412354e+04,1.8390370753258983e-01,1.8388558020348772e-01,1.2886855801423608e-01,1.3117469787268915e-01,7.1334956078410972e-01,9.9263181115030719e-01,1.3117469787268915e-01,7.1327924614811533e-01,9.9262203015795925e-01,3.8541225615686151e-15,1.5237703619020713e-34,True,True,True,False,True,True,False,False,False,False,False,The tested one-step history-transport non-final source features do not reproduce the local correction.,derive a revised weak-row formula or multi-step nonlinear history source law for the coefficient-gradient closure,"This capacity audit builds a one-step transported local state from the current terminal output and tests source-row/velocity-row deltas as history features. It is a trajectory-history feature-space test, not a target-free formula and not an accepted nonlinear h-sweep."
cylindrical_sharp,0.01,universal_history_capacity_value_full_nonfinal,paper_tfe_lower_pair_velocity_compression_history_capacity_gap_not_full_tfe,,universal_history_capacity_nonfinal_full_component_value_fit,all_case_h_history_capacity_oracle_fit,history_source_transport_delta_rows_perp,one-step transported source-row deltas residualized against local source rows,"0,1",6,24,8,16,24,16,16,16,1.9572899241810231e+02,1,16,3.0305714130328440e-02,True,False,False,False,8,132,24,32,8,6.1395619813982950e+04,1.8390370753258983e-01,1.8388558191675508e-01,1.0551316138528456e-01,1.5060172645539810e-01,8.1899692670617008e-01,9.9508926765562489e-01,1.5058758832344116e-01,8.1883932816718941e-01,9.9507801408080654e-01,5.7685455007708775e-01,4.5145606179748471e-32,True,True,True,False,True,True,False,False,False,False,False,The tested one-step history-transport non-final source features do not reproduce the local correction.,derive a revised weak-row formula or multi-step nonlinear history source law for the coefficient-gradient closure,"This capacity audit builds a one-step transported local state from the current terminal output and tests source-row/velocity-row deltas as history features. It is a trajectory-history feature-space test, not a target-free formula and not an accepted nonlinear h-sweep."
cylindrical_sharp,0.01,universal_history_capacity_value_full_nonfinal,paper_tfe_lower_pair_velocity_compression_history_capacity_gap_not_full_tfe,,universal_history_capacity_nonfinal_full_component_value_fit,all_case_h_history_capacity_oracle_fit,active_plus_history_source_transport_delta_rows_perp,active non-final velocity plus one-step transported source-row deltas,"0,1",6,24,8,16,24,16,32,32,5.5443109575453682e+03,1,32,2.9803796196263121e-01,True,False,False,False,8,132,24,30,6,2.5286773074192330e+04,1.8390370753258983e-01,1.8388558191675508e-01,1.2830070456860365e-01,1.3173016527759882e-01,7.1637027712826884e-01,9.9335320282311046e-01,1.3173016527759884e-01,7.1629967141502437e-01,9.9334344836061317e-01,4.8010945092754006e-15,4.5145606179748471e-32,True,True,True,False,True,True,False,False,False,False,False,The tested one-step history-transport non-final source features do not reproduce the local correction.,derive a revised weak-row formula or multi-step nonlinear history source law for the coefficient-gradient closure,"This capacity audit builds a one-step transported local state from the current terminal output and tests source-row/velocity-row deltas as history features. It is a trajectory-history feature-space test, not a target-free formula and not an accepted nonlinear h-sweep."
cylindrical_sharp,0.01,universal_history_capacity_value_full_nonfinal,paper_tfe_lower_pair_velocity_compression_history_capacity_gap_not_full_tfe,,universal_history_capacity_nonfinal_full_component_value_fit,all_case_h_history_capacity_oracle_fit,history_velocity_transport_delta_rows_perp,one-step transported non-final velocity-row deltas residualized against local source rows,"0,1",6,24,8,16,24,16,16,15,4.1530008506481773e+06,1,16,7.5596763291389587e-03,False,True,False,False,8,132,24,32,8,1.5800719646380974e+06,1.8390370753258983e-01,1.8388558191675508e-01,1.0550360559459064e-03,1.8388255527859163e-01,9.9998354064450345e-01,9.9999969019894308e-01,1.8388255393660208e-01,9.9988497460833403e-01,9.9999744523504486e-01,9.9960757344512796e-01,4.5145606179748471e-32,True,True,True,False,True,True,False,False,False,False,False,The tested one-step history-transport non-final source features do not reproduce the local correction.,derive a revised weak-row formula or multi-step nonlinear history source law for the coefficient-gradient closure,"This capacity audit builds a one-step transported local state from the current terminal output and tests source-row/velocity-row deltas as history features. It is a trajectory-history feature-space test, not a target-free formula and not an accepted nonlinear h-sweep."
cylindrical_sharp,0.01,universal_history_capacity_value_full_nonfinal,paper_tfe_lower_pair_velocity_compression_history_capacity_gap_not_full_tfe,,universal_history_capacity_nonfinal_full_component_value_fit,all_case_h_history_capacity_oracle_fit,active_plus_history_velocity_transport_delta_rows_perp,active non-final velocity plus one-step transported velocity-row deltas,"0,1",6,24,8,16,24,16,32,27,8.9478043249773681e+07,1,32,2.9658951290983127e-01,False,True,False,False,8,132,23,31,8,3.2871152782781230e+12,1.8390370753258983e-01,1.8388558191675508e-01,1.0552741560460289e-03,1.8388255391232533e-01,9.9998353321452293e-01,9.9999968668669459e-01,1.8388255391232533e-01,9.9988497447632618e-01,9.9999744522699707e-01,9.9960757282963786e-01,4.5145606179748471e-32,True,True,True,False,True,True,False,False,False,False,False,The tested one-step history-transport non-final source features do not reproduce the local correction.,derive a revised weak-row formula or multi-step nonlinear history source law for the coefficient-gradient closure,"This capacity audit builds a one-step transported local state from the current terminal output and tests source-row/velocity-row deltas as history features. It is a trajectory-history feature-space test, not a target-free formula and not an accepted nonlinear h-sweep."
cylindrical_sharp,0.01,universal_history_capacity_value_full_nonfinal,paper_tfe_lower_pair_velocity_compression_history_capacity_gap_not_full_tfe,,universal_history_capacity_nonfinal_full_component_value_fit,all_case_h_history_capacity_oracle_fit,history_source_velocity_transport_delta_rows_perp,one-step transported source-row and non-final velocity-row deltas,"0,1",6,24,8,16,24,16,32,31,2.6660256934750073e+07,1,32,3.1234356326816353e-02,True,True,True,False,8,132,24,32,8,1.4419143293474006e+04,1.8390370753258983e-01,1.8388558191675508e-01,1.2552471710904656e-01,1.3437802138516503e-01,7.3076975358512830e-01,9.9263179080947239e-01,1.3437782829903439e-01,7.3069667872367994e-01,9.9262204339209215e-01,1.5504553523933454e-06,4.5145606179748471e-32,True,True,True,False,True,True,False,False,False,False,False,The tested one-step history-transport non-final source features do not reproduce the local correction.,derive a revised weak-row formula or multi-step nonlinear history source law for the coefficient-gradient closure,"This capacity audit builds a one-step transported local state from the current terminal output and tests source-row/velocity-row deltas as history features. It is a trajectory-history feature-space test, not a target-free formula and not an accepted nonlinear h-sweep."
cylindrical_sharp,0.01,universal_history_capacity_value_full_nonfinal,paper_tfe_lower_pair_velocity_compression_history_capacity_gap_not_full_tfe,,universal_history_capacity_nonfinal_full_component_value_fit,all_case_h_history_capacity_oracle_fit,active_plus_history_source_velocity_transport_delta_rows_perp,active non-final velocity plus one-step source/velocity transport deltas,"0,1",6,24,8,16,24,16,48,43,1.5776080396681142e+08,1,48,2.9813382142427275e-01,True,True,True,False,8,132,24,30,6,1.4423615636267363e+04,1.8390370753258983e-01,1.8388558191675508e-01,1.2886856045926165e-01,1.3117469787269179e-01,7.1334955413782530e-01,9.9263177753625353e-01,1.3117469787269179e-01,7.1327924614812965e-01,9.9262203015795947e-01,4.4151772999031450e-15,4.5145606179748471e-32,True,True,True,False,True,True,False,False,False,False,False,The tested one-step history-transport non-final source features do not reproduce the local correction.,derive a revised weak-row formula or multi-step nonlinear history source law for the coefficient-gradient closure,"This capacity audit builds a one-step transported local state from the current terminal output and tests source-row/velocity-row deltas as history features. It is a trajectory-history feature-space test, not a target-free formula and not an accepted nonlinear h-sweep."
