case,h,candidate_basis,status,error_message,candidate_kind,fit_scope,feature_family,feature_scope,active_stage_rows,training_sample_count,basis_row_count,compression_row_count,source_consistency_rows,velocity_stage_rows,active_velocity_rows,weak_row_structure_feature_rows,weak_row_structure_feature_rank,weak_row_structure_feature_condition,weak_row_structure_direction_count,weak_row_structure_feature_norm,source_jacobian_feature_used,active_velocity_feature_used,cross_gram_feature_used,hadamard_feature_used,commutator_feature_used,uses_final_stage_velocity_feature,target_row_count,stage_unknown_count,basis_rank,augmented_rank,independent_target_rank,basis_condition,target_jacobian_norm,oracle_correction_norm,weak_row_structure_projected_correction_norm,weak_row_structure_correction_residual_norm,weak_row_structure_correction_relative_residual,max_weak_row_structure_row_relative_residual,projection_residual_norm,projection_relative_residual,max_row_relative_residual,min_row_relative_residual,value_residual_norm,value_level_balance_ok,meaningful_nonfinal_energy,target_jacobian_used_for_capacity_fit,target_direction_oracle_used_for_formula,endpoint_boundary_source_removed,target_terminal_boundary_row_used,terminal_row_replacement_used,projection_used,accepted_h_sweep_present,full_tfe_stage_replacement,weak_row_structure_capacity_spans_target,blocking_gap,next_repair_target,notes
cylindrical_smooth,0.04,case_local_weak_row_structure_capacity_value_scalar_nonfinal,paper_tfe_lower_pair_velocity_compression_weak_row_structure_capacity_gap_not_full_tfe,,case_local_weak_row_structure_capacity_nonfinal_stage_scalar_value_fit,case_local_weak_row_structure_capacity_oracle_fit,weak_active_cross_gram_rows_perp,source/active cross-Gram weighted non-final velocity rows residualized against source rows,"0,1",1,24,8,16,24,16,16,0,inf,16,1.7653290626082737e-15,True,True,True,False,False,False,8,132,24,32,8,4.3910179303166933e+09,3.7127280938507345e-01,3.6464473006524034e-01,7.2990537847870537e-03,3.6457167056451162e-01,9.9979964196735915e-01,9.9999729191343045e-01,3.6457167056451156e-01,9.8195090334877810e-01,9.9958580208054659e-01,9.4619200564944972e-01,6.7406137997733683e-18,True,True,True,False,True,True,False,False,False,False,False,"The tested source/active cross-Gram, Hadamard, and shifted-commutator weak-row structures do not reproduce the local correction.",derive a revised analytical weak-row formula or nonlinear recurrent history source law for the coefficient-gradient closure,"This capacity audit tests target-free algebraic weak-row structure features built from source Jacobian rows and active non-final velocity rows. The target Jacobian is used only to evaluate capacity, so this is not an accepted full-TFE stage replacement."
cylindrical_smooth,0.04,case_local_weak_row_structure_capacity_value_scalar_nonfinal,paper_tfe_lower_pair_velocity_compression_weak_row_structure_capacity_gap_not_full_tfe,,case_local_weak_row_structure_capacity_nonfinal_stage_scalar_value_fit,case_local_weak_row_structure_capacity_oracle_fit,weak_source_active_hadamard_rows_perp,pairwise source-row and non-final velocity-row Hadamard products residualized against source rows,"0,1",1,24,8,16,24,16,256,56,3.4482174569027862e+04,256,3.2670137715705483e-01,True,True,False,True,False,False,8,132,24,28,4,8.6132133764575042e+02,3.7127280938507345e-01,3.6464473006524034e-01,2.5748614039921769e-01,2.5819888974716110e-01,7.0808342602665753e-01,9.9214876648145423e-01,2.5819888974716110e-01,6.9544249732375274e-01,9.9030198830521510e-01,4.4028009859284817e-15,6.7406137997733683e-18,True,True,True,False,True,True,False,False,False,False,False,"The tested source/active cross-Gram, Hadamard, and shifted-commutator weak-row structures do not reproduce the local correction.",derive a revised analytical weak-row formula or nonlinear recurrent history source law for the coefficient-gradient closure,"This capacity audit tests target-free algebraic weak-row structure features built from source Jacobian rows and active non-final velocity rows. The target Jacobian is used only to evaluate capacity, so this is not an accepted full-TFE stage replacement."
cylindrical_smooth,0.04,case_local_weak_row_structure_capacity_value_scalar_nonfinal,paper_tfe_lower_pair_velocity_compression_weak_row_structure_capacity_gap_not_full_tfe,,case_local_weak_row_structure_capacity_nonfinal_stage_scalar_value_fit,case_local_weak_row_structure_capacity_oracle_fit,active_plus_weak_source_active_hadamard_rows_perp,active non-final velocity plus source/active Hadamard weak-row structure rows,"0,1",1,24,8,16,24,16,272,64,1.8984704541502515e+05,272,4.0133195474365504e+00,True,True,False,True,False,False,8,132,24,28,4,8.6132133764621267e+02,3.7127280938507345e-01,3.6464473006524034e-01,2.5748614039922646e-01,2.5819888974716110e-01,7.0808342602665753e-01,9.9214876648145423e-01,2.5819888974716110e-01,6.9544249732375274e-01,9.9030198830521510e-01,1.3874466668378884e-14,6.7406137997733683e-18,True,True,True,False,True,True,False,False,False,False,False,"The tested source/active cross-Gram, Hadamard, and shifted-commutator weak-row structures do not reproduce the local correction.",derive a revised analytical weak-row formula or nonlinear recurrent history source law for the coefficient-gradient closure,"This capacity audit tests target-free algebraic weak-row structure features built from source Jacobian rows and active non-final velocity rows. The target Jacobian is used only to evaluate capacity, so this is not an accepted full-TFE stage replacement."
cylindrical_smooth,0.04,case_local_weak_row_structure_capacity_value_scalar_nonfinal,paper_tfe_lower_pair_velocity_compression_weak_row_structure_capacity_gap_not_full_tfe,,case_local_weak_row_structure_capacity_nonfinal_stage_scalar_value_fit,case_local_weak_row_structure_capacity_oracle_fit,weak_source_active_cross_hadamard_rows_perp,cross-Gram weighted source/active Hadamard weak-row structure rows,"0,1",1,24,8,16,24,16,256,0,inf,256,7.9346215281701848e-17,True,True,True,True,False,False,8,132,24,28,4,8.6132133764578487e+02,3.7127280938507345e-01,3.6464473006524034e-01,2.5748614039922829e-01,2.5819888974716110e-01,7.0808342602665753e-01,9.9214876648145423e-01,2.5819888974716110e-01,6.9544249732375274e-01,9.9030198830521510e-01,2.3476568696835592e-14,6.7406137997733683e-18,True,True,True,False,True,True,False,False,False,False,False,"The tested source/active cross-Gram, Hadamard, and shifted-commutator weak-row structures do not reproduce the local correction.",derive a revised analytical weak-row formula or nonlinear recurrent history source law for the coefficient-gradient closure,"This capacity audit tests target-free algebraic weak-row structure features built from source Jacobian rows and active non-final velocity rows. The target Jacobian is used only to evaluate capacity, so this is not an accepted full-TFE stage replacement."
cylindrical_smooth,0.04,case_local_weak_row_structure_capacity_value_scalar_nonfinal,paper_tfe_lower_pair_velocity_compression_weak_row_structure_capacity_gap_not_full_tfe,,case_local_weak_row_structure_capacity_nonfinal_stage_scalar_value_fit,case_local_weak_row_structure_capacity_oracle_fit,weak_source_active_shifted_commutator_rows_perp,shifted source/active commutator-like weak-row structure products,"0,1",1,24,8,16,24,16,256,54,5.5710722573541956e+04,256,6.5023212115593743e-01,True,True,False,False,True,False,8,132,24,29,5,2.2905110094203437e+03,3.7127280938507345e-01,3.6464473006524034e-01,2.3837955000481781e-01,2.7593653129633305e-01,7.5672705114088423e-01,9.9214876648145423e-01,2.7593653129633305e-01,7.4321772109667106e-01,9.9030198830521510e-01,3.2289099068104723e-15,6.7406137997733683e-18,True,True,True,False,True,True,False,False,False,False,False,"The tested source/active cross-Gram, Hadamard, and shifted-commutator weak-row structures do not reproduce the local correction.",derive a revised analytical weak-row formula or nonlinear recurrent history source law for the coefficient-gradient closure,"This capacity audit tests target-free algebraic weak-row structure features built from source Jacobian rows and active non-final velocity rows. The target Jacobian is used only to evaluate capacity, so this is not an accepted full-TFE stage replacement."
cylindrical_smooth,0.04,case_local_weak_row_structure_capacity_value_scalar_nonfinal,paper_tfe_lower_pair_velocity_compression_weak_row_structure_capacity_gap_not_full_tfe,,case_local_weak_row_structure_capacity_nonfinal_stage_scalar_value_fit,case_local_weak_row_structure_capacity_oracle_fit,active_plus_weak_source_active_shifted_commutator_rows_perp,active non-final velocity plus shifted source/active commutator-like weak-row structure products,"0,1",1,24,8,16,24,16,272,62,2.9924450692732215e+04,272,4.0525056213881987e+00,True,True,False,False,True,False,8,132,24,29,5,2.2905110094202519e+03,3.7127280938507345e-01,3.6464473006524034e-01,2.3837955000482089e-01,2.7593653129633305e-01,7.5672705114088423e-01,9.9214876648145423e-01,2.7593653129633305e-01,7.4321772109667106e-01,9.9030198830521510e-01,1.0501845073509406e-14,6.7406137997733683e-18,True,True,True,False,True,True,False,False,False,False,False,"The tested source/active cross-Gram, Hadamard, and shifted-commutator weak-row structures do not reproduce the local correction.",derive a revised analytical weak-row formula or nonlinear recurrent history source law for the coefficient-gradient closure,"This capacity audit tests target-free algebraic weak-row structure features built from source Jacobian rows and active non-final velocity rows. The target Jacobian is used only to evaluate capacity, so this is not an accepted full-TFE stage replacement."
cylindrical_smooth,0.04,universal_weak_row_structure_capacity_value_scalar_nonfinal,paper_tfe_lower_pair_velocity_compression_weak_row_structure_capacity_gap_not_full_tfe,,universal_weak_row_structure_capacity_nonfinal_stage_scalar_value_fit,all_case_h_weak_row_structure_capacity_oracle_fit,weak_active_cross_gram_rows_perp,source/active cross-Gram weighted non-final velocity rows residualized against source rows,"0,1",6,24,8,16,24,16,16,0,inf,16,1.7653290626082737e-15,True,True,True,False,False,False,8,132,24,32,8,4.3910181749473238e+09,3.7127280938507345e-01,3.6464473007478193e-01,7.2990542614658942e-03,3.6457167056451156e-01,9.9979964194119741e-01,9.9999729191284625e-01,3.6457167056451156e-01,9.8195090334877810e-01,9.9958580208054648e-01,9.4619200564944961e-01,7.6071816433064978e-18,True,True,True,False,True,True,False,False,False,False,False,"The tested source/active cross-Gram, Hadamard, and shifted-commutator weak-row structures do not reproduce the local correction.",derive a revised analytical weak-row formula or nonlinear recurrent history source law for the coefficient-gradient closure,"This capacity audit tests target-free algebraic weak-row structure features built from source Jacobian rows and active non-final velocity rows. The target Jacobian is used only to evaluate capacity, so this is not an accepted full-TFE stage replacement."
cylindrical_smooth,0.04,universal_weak_row_structure_capacity_value_scalar_nonfinal,paper_tfe_lower_pair_velocity_compression_weak_row_structure_capacity_gap_not_full_tfe,,universal_weak_row_structure_capacity_nonfinal_stage_scalar_value_fit,all_case_h_weak_row_structure_capacity_oracle_fit,weak_source_active_hadamard_rows_perp,pairwise source-row and non-final velocity-row Hadamard products residualized against source rows,"0,1",6,24,8,16,24,16,256,56,3.4482174569027862e+04,256,3.2670137715705483e-01,True,True,False,True,False,False,8,132,24,28,4,8.6132133764605453e+02,3.7127280938507345e-01,3.6464473007478193e-01,2.5748614041272699e-01,2.5819888974716110e-01,7.0808342600812924e-01,9.9214876647879036e-01,2.5819888974716110e-01,6.9544249732375274e-01,9.9030198830521510e-01,2.7295100480421337e-15,7.6071816433064978e-18,True,True,True,False,True,True,False,False,False,False,False,"The tested source/active cross-Gram, Hadamard, and shifted-commutator weak-row structures do not reproduce the local correction.",derive a revised analytical weak-row formula or nonlinear recurrent history source law for the coefficient-gradient closure,"This capacity audit tests target-free algebraic weak-row structure features built from source Jacobian rows and active non-final velocity rows. The target Jacobian is used only to evaluate capacity, so this is not an accepted full-TFE stage replacement."
cylindrical_smooth,0.04,universal_weak_row_structure_capacity_value_scalar_nonfinal,paper_tfe_lower_pair_velocity_compression_weak_row_structure_capacity_gap_not_full_tfe,,universal_weak_row_structure_capacity_nonfinal_stage_scalar_value_fit,all_case_h_weak_row_structure_capacity_oracle_fit,active_plus_weak_source_active_hadamard_rows_perp,active non-final velocity plus source/active Hadamard weak-row structure rows,"0,1",6,24,8,16,24,16,272,64,1.8984704541502515e+05,272,4.0133195474365504e+00,True,True,False,True,False,False,8,132,24,28,4,8.6132133764583978e+02,3.7127280938507345e-01,3.6464473007478193e-01,2.5748614041273854e-01,2.5819888974716110e-01,7.0808342600812924e-01,9.9214876647879036e-01,2.5819888974716110e-01,6.9544249732375274e-01,9.9030198830521510e-01,1.4408225767624974e-14,7.6071816433064978e-18,True,True,True,False,True,True,False,False,False,False,False,"The tested source/active cross-Gram, Hadamard, and shifted-commutator weak-row structures do not reproduce the local correction.",derive a revised analytical weak-row formula or nonlinear recurrent history source law for the coefficient-gradient closure,"This capacity audit tests target-free algebraic weak-row structure features built from source Jacobian rows and active non-final velocity rows. The target Jacobian is used only to evaluate capacity, so this is not an accepted full-TFE stage replacement."
cylindrical_smooth,0.04,universal_weak_row_structure_capacity_value_scalar_nonfinal,paper_tfe_lower_pair_velocity_compression_weak_row_structure_capacity_gap_not_full_tfe,,universal_weak_row_structure_capacity_nonfinal_stage_scalar_value_fit,all_case_h_weak_row_structure_capacity_oracle_fit,weak_source_active_cross_hadamard_rows_perp,cross-Gram weighted source/active Hadamard weak-row structure rows,"0,1",6,24,8,16,24,16,256,0,inf,256,7.9346215281701848e-17,True,True,True,True,False,False,8,132,24,28,4,8.6132133764577077e+02,3.7127280938507345e-01,3.6464473007478193e-01,2.5748614041275941e-01,2.5819888974716110e-01,7.0808342600812924e-01,9.9214876647879036e-01,2.5819888974716110e-01,6.9544249732375274e-01,9.9030198830521510e-01,1.8954877255392579e-14,7.6071816433064978e-18,True,True,True,False,True,True,False,False,False,False,False,"The tested source/active cross-Gram, Hadamard, and shifted-commutator weak-row structures do not reproduce the local correction.",derive a revised analytical weak-row formula or nonlinear recurrent history source law for the coefficient-gradient closure,"This capacity audit tests target-free algebraic weak-row structure features built from source Jacobian rows and active non-final velocity rows. The target Jacobian is used only to evaluate capacity, so this is not an accepted full-TFE stage replacement."
cylindrical_smooth,0.04,universal_weak_row_structure_capacity_value_scalar_nonfinal,paper_tfe_lower_pair_velocity_compression_weak_row_structure_capacity_gap_not_full_tfe,,universal_weak_row_structure_capacity_nonfinal_stage_scalar_value_fit,all_case_h_weak_row_structure_capacity_oracle_fit,weak_source_active_shifted_commutator_rows_perp,shifted source/active commutator-like weak-row structure products,"0,1",6,24,8,16,24,16,256,54,5.5710722573541956e+04,256,6.5023212115593743e-01,True,True,False,False,True,False,8,132,24,29,5,2.2905110094198722e+03,3.7127280938507345e-01,3.6464473007478193e-01,2.3837955001941274e-01,2.7593653129633305e-01,7.5672705112108307e-01,9.9214876647879036e-01,2.7593653129633305e-01,7.4321772109667106e-01,9.9030198830521510e-01,1.7766923565128298e-15,7.6071816433064978e-18,True,True,True,False,True,True,False,False,False,False,False,"The tested source/active cross-Gram, Hadamard, and shifted-commutator weak-row structures do not reproduce the local correction.",derive a revised analytical weak-row formula or nonlinear recurrent history source law for the coefficient-gradient closure,"This capacity audit tests target-free algebraic weak-row structure features built from source Jacobian rows and active non-final velocity rows. The target Jacobian is used only to evaluate capacity, so this is not an accepted full-TFE stage replacement."
cylindrical_smooth,0.04,universal_weak_row_structure_capacity_value_scalar_nonfinal,paper_tfe_lower_pair_velocity_compression_weak_row_structure_capacity_gap_not_full_tfe,,universal_weak_row_structure_capacity_nonfinal_stage_scalar_value_fit,all_case_h_weak_row_structure_capacity_oracle_fit,active_plus_weak_source_active_shifted_commutator_rows_perp,active non-final velocity plus shifted source/active commutator-like weak-row structure products,"0,1",6,24,8,16,24,16,272,62,2.9924450692732215e+04,272,4.0525056213881987e+00,True,True,False,False,True,False,8,132,24,29,5,2.2905110094199704e+03,3.7127280938507345e-01,3.6464473007478193e-01,2.3837955001941658e-01,2.7593653129633305e-01,7.5672705112108307e-01,9.9214876647879036e-01,2.7593653129633305e-01,7.4321772109667106e-01,9.9030198830521510e-01,9.9090780622992322e-15,7.6071816433064978e-18,True,True,True,False,True,True,False,False,False,False,False,"The tested source/active cross-Gram, Hadamard, and shifted-commutator weak-row structures do not reproduce the local correction.",derive a revised analytical weak-row formula or nonlinear recurrent history source law for the coefficient-gradient closure,"This capacity audit tests target-free algebraic weak-row structure features built from source Jacobian rows and active non-final velocity rows. The target Jacobian is used only to evaluate capacity, so this is not an accepted full-TFE stage replacement."
cylindrical_smooth,0.04,case_local_weak_row_structure_capacity_value_component_nonfinal,paper_tfe_lower_pair_velocity_compression_weak_row_structure_capacity_gap_not_full_tfe,,case_local_weak_row_structure_capacity_nonfinal_component_diagonal_value_fit,case_local_weak_row_structure_capacity_oracle_fit,weak_active_cross_gram_rows_perp,source/active cross-Gram weighted non-final velocity rows residualized against source rows,"0,1",1,24,8,16,24,16,16,0,inf,16,1.7653290626082737e-15,True,True,True,False,False,False,8,132,24,32,8,4.3910185726506062e+09,3.7127280938507345e-01,3.6505364663439654e-01,1.8752651622427403e-02,3.6457167056451162e-01,9.9867971166887803e-01,9.9999729191295128e-01,3.6457167056451162e-01,9.8195090334877821e-01,9.9958580208054670e-01,9.4619200564944972e-01,1.0969092796788381e-33,True,True,True,False,True,True,False,False,False,False,False,"The tested source/active cross-Gram, Hadamard, and shifted-commutator weak-row structures do not reproduce the local correction.",derive a revised analytical weak-row formula or nonlinear recurrent history source law for the coefficient-gradient closure,"This capacity audit tests target-free algebraic weak-row structure features built from source Jacobian rows and active non-final velocity rows. The target Jacobian is used only to evaluate capacity, so this is not an accepted full-TFE stage replacement."
cylindrical_smooth,0.04,case_local_weak_row_structure_capacity_value_component_nonfinal,paper_tfe_lower_pair_velocity_compression_weak_row_structure_capacity_gap_not_full_tfe,,case_local_weak_row_structure_capacity_nonfinal_component_diagonal_value_fit,case_local_weak_row_structure_capacity_oracle_fit,weak_source_active_hadamard_rows_perp,pairwise source-row and non-final velocity-row Hadamard products residualized against source rows,"0,1",1,24,8,16,24,16,256,56,3.4482174569027862e+04,256,3.2670137715705483e-01,True,True,False,True,False,False,8,132,24,28,4,8.6132135806193060e+02,3.7127280938507345e-01,3.6505364663439654e-01,2.5806491093212430e-01,2.5819888974716110e-01,7.0729026302741982e-01,9.9214876647800720e-01,2.5819888974716110e-01,6.9544249732375274e-01,9.9030198830521510e-01,5.2071561203793473e-15,1.0969092796788381e-33,True,True,True,False,True,True,False,False,False,False,False,"The tested source/active cross-Gram, Hadamard, and shifted-commutator weak-row structures do not reproduce the local correction.",derive a revised analytical weak-row formula or nonlinear recurrent history source law for the coefficient-gradient closure,"This capacity audit tests target-free algebraic weak-row structure features built from source Jacobian rows and active non-final velocity rows. The target Jacobian is used only to evaluate capacity, so this is not an accepted full-TFE stage replacement."
cylindrical_smooth,0.04,case_local_weak_row_structure_capacity_value_component_nonfinal,paper_tfe_lower_pair_velocity_compression_weak_row_structure_capacity_gap_not_full_tfe,,case_local_weak_row_structure_capacity_nonfinal_component_diagonal_value_fit,case_local_weak_row_structure_capacity_oracle_fit,active_plus_weak_source_active_hadamard_rows_perp,active non-final velocity plus source/active Hadamard weak-row structure rows,"0,1",1,24,8,16,24,16,272,64,1.8984704541502515e+05,272,4.0133195474365504e+00,True,True,False,True,False,False,8,132,24,28,4,8.6132135806195174e+02,3.7127280938507345e-01,3.6505364663439654e-01,2.5806491093213491e-01,2.5819888974716110e-01,7.0729026302741982e-01,9.9214876647800720e-01,2.5819888974716110e-01,6.9544249732375274e-01,9.9030198830521510e-01,1.4873876801247394e-14,1.0969092796788381e-33,True,True,True,False,True,True,False,False,False,False,False,"The tested source/active cross-Gram, Hadamard, and shifted-commutator weak-row structures do not reproduce the local correction.",derive a revised analytical weak-row formula or nonlinear recurrent history source law for the coefficient-gradient closure,"This capacity audit tests target-free algebraic weak-row structure features built from source Jacobian rows and active non-final velocity rows. The target Jacobian is used only to evaluate capacity, so this is not an accepted full-TFE stage replacement."
cylindrical_smooth,0.04,case_local_weak_row_structure_capacity_value_component_nonfinal,paper_tfe_lower_pair_velocity_compression_weak_row_structure_capacity_gap_not_full_tfe,,case_local_weak_row_structure_capacity_nonfinal_component_diagonal_value_fit,case_local_weak_row_structure_capacity_oracle_fit,weak_source_active_cross_hadamard_rows_perp,cross-Gram weighted source/active Hadamard weak-row structure rows,"0,1",1,24,8,16,24,16,256,0,inf,256,7.9346215281701848e-17,True,True,True,True,False,False,8,132,24,28,4,8.6132135806203439e+02,3.7127280938507345e-01,3.6505364663439654e-01,2.5806491093213796e-01,2.5819888974716110e-01,7.0729026302741982e-01,9.9214876647800720e-01,2.5819888974716110e-01,6.9544249732375274e-01,9.9030198830521510e-01,2.4372625314970704e-14,1.0969092796788381e-33,True,True,True,False,True,True,False,False,False,False,False,"The tested source/active cross-Gram, Hadamard, and shifted-commutator weak-row structures do not reproduce the local correction.",derive a revised analytical weak-row formula or nonlinear recurrent history source law for the coefficient-gradient closure,"This capacity audit tests target-free algebraic weak-row structure features built from source Jacobian rows and active non-final velocity rows. The target Jacobian is used only to evaluate capacity, so this is not an accepted full-TFE stage replacement."
cylindrical_smooth,0.04,case_local_weak_row_structure_capacity_value_component_nonfinal,paper_tfe_lower_pair_velocity_compression_weak_row_structure_capacity_gap_not_full_tfe,,case_local_weak_row_structure_capacity_nonfinal_component_diagonal_value_fit,case_local_weak_row_structure_capacity_oracle_fit,weak_source_active_shifted_commutator_rows_perp,shifted source/active commutator-like weak-row structure products,"0,1",1,24,8,16,24,16,256,54,5.5710722573541956e+04,256,6.5023212115593743e-01,True,True,False,False,True,False,8,132,24,29,5,2.2905112755043947e+03,3.7127280938507345e-01,3.6505364663439654e-01,2.3900459329732102e-01,2.7593653129633300e-01,7.5587939975486707e-01,9.9214876647800720e-01,2.7593653129633305e-01,7.4321772109667106e-01,9.9030198830521510e-01,2.7437751485754070e-15,1.0969092796788381e-33,True,True,True,False,True,True,False,False,False,False,False,"The tested source/active cross-Gram, Hadamard, and shifted-commutator weak-row structures do not reproduce the local correction.",derive a revised analytical weak-row formula or nonlinear recurrent history source law for the coefficient-gradient closure,"This capacity audit tests target-free algebraic weak-row structure features built from source Jacobian rows and active non-final velocity rows. The target Jacobian is used only to evaluate capacity, so this is not an accepted full-TFE stage replacement."
cylindrical_smooth,0.04,case_local_weak_row_structure_capacity_value_component_nonfinal,paper_tfe_lower_pair_velocity_compression_weak_row_structure_capacity_gap_not_full_tfe,,case_local_weak_row_structure_capacity_nonfinal_component_diagonal_value_fit,case_local_weak_row_structure_capacity_oracle_fit,active_plus_weak_source_active_shifted_commutator_rows_perp,active non-final velocity plus shifted source/active commutator-like weak-row structure products,"0,1",1,24,8,16,24,16,272,62,2.9924450692732215e+04,272,4.0525056213881987e+00,True,True,False,False,True,False,8,132,24,29,5,2.2905112755040318e+03,3.7127280938507345e-01,3.6505364663439654e-01,2.3900459329732510e-01,2.7593653129633305e-01,7.5587939975486718e-01,9.9214876647800720e-01,2.7593653129633305e-01,7.4321772109667106e-01,9.9030198830521510e-01,9.9368393915064680e-15,1.0969092796788381e-33,True,True,True,False,True,True,False,False,False,False,False,"The tested source/active cross-Gram, Hadamard, and shifted-commutator weak-row structures do not reproduce the local correction.",derive a revised analytical weak-row formula or nonlinear recurrent history source law for the coefficient-gradient closure,"This capacity audit tests target-free algebraic weak-row structure features built from source Jacobian rows and active non-final velocity rows. The target Jacobian is used only to evaluate capacity, so this is not an accepted full-TFE stage replacement."
cylindrical_smooth,0.04,universal_weak_row_structure_capacity_value_component_nonfinal,paper_tfe_lower_pair_velocity_compression_weak_row_structure_capacity_gap_not_full_tfe,,universal_weak_row_structure_capacity_nonfinal_component_diagonal_value_fit,all_case_h_weak_row_structure_capacity_oracle_fit,weak_active_cross_gram_rows_perp,source/active cross-Gram weighted non-final velocity rows residualized against source rows,"0,1",6,24,8,16,24,16,16,0,inf,16,1.7653290626082737e-15,True,True,True,False,False,False,8,132,24,32,8,4.3910193896950626e+09,3.7127280938507345e-01,3.6499396871481160e-01,1.7552612910617764e-02,3.6457167056451162e-01,9.9884299964794776e-01,9.9999729191272957e-01,3.6457167056451162e-01,9.8195090334877821e-01,9.9958580208054659e-01,9.4619200564944994e-01,2.6003532570117728e-19,True,True,True,False,True,True,False,False,False,False,False,"The tested source/active cross-Gram, Hadamard, and shifted-commutator weak-row structures do not reproduce the local correction.",derive a revised analytical weak-row formula or nonlinear recurrent history source law for the coefficient-gradient closure,"This capacity audit tests target-free algebraic weak-row structure features built from source Jacobian rows and active non-final velocity rows. The target Jacobian is used only to evaluate capacity, so this is not an accepted full-TFE stage replacement."
cylindrical_smooth,0.04,universal_weak_row_structure_capacity_value_component_nonfinal,paper_tfe_lower_pair_velocity_compression_weak_row_structure_capacity_gap_not_full_tfe,,universal_weak_row_structure_capacity_nonfinal_component_diagonal_value_fit,all_case_h_weak_row_structure_capacity_oracle_fit,weak_source_active_hadamard_rows_perp,pairwise source-row and non-final velocity-row Hadamard products residualized against source rows,"0,1",6,24,8,16,24,16,256,56,3.4482174569027862e+04,256,3.2670137715705483e-01,True,True,False,True,False,False,8,132,24,28,4,8.6132143302209738e+02,3.7127280938507345e-01,3.6499396871481160e-01,2.5798048478813795e-01,2.5819888974716138e-01,7.0740590770941025e-01,9.9214876647798067e-01,2.5819888974716138e-01,6.9544249732375352e-01,9.9030198830521510e-01,6.9447257891143257e-15,2.6003532570117728e-19,True,True,True,False,True,True,False,False,False,False,False,"The tested source/active cross-Gram, Hadamard, and shifted-commutator weak-row structures do not reproduce the local correction.",derive a revised analytical weak-row formula or nonlinear recurrent history source law for the coefficient-gradient closure,"This capacity audit tests target-free algebraic weak-row structure features built from source Jacobian rows and active non-final velocity rows. The target Jacobian is used only to evaluate capacity, so this is not an accepted full-TFE stage replacement."
cylindrical_smooth,0.04,universal_weak_row_structure_capacity_value_component_nonfinal,paper_tfe_lower_pair_velocity_compression_weak_row_structure_capacity_gap_not_full_tfe,,universal_weak_row_structure_capacity_nonfinal_component_diagonal_value_fit,all_case_h_weak_row_structure_capacity_oracle_fit,active_plus_weak_source_active_hadamard_rows_perp,active non-final velocity plus source/active Hadamard weak-row structure rows,"0,1",6,24,8,16,24,16,272,64,1.8984704541502515e+05,272,4.0133195474365504e+00,True,True,False,True,False,False,8,132,24,28,4,8.6132143302265979e+02,3.7127280938507345e-01,3.6499396871481160e-01,2.5798048478814462e-01,2.5819888974716110e-01,7.0740590770940948e-01,9.9214876647798067e-01,2.5819888974716110e-01,6.9544249732375274e-01,9.9030198830521510e-01,1.4209363557790104e-14,2.6003532570117728e-19,True,True,True,False,True,True,False,False,False,False,False,"The tested source/active cross-Gram, Hadamard, and shifted-commutator weak-row structures do not reproduce the local correction.",derive a revised analytical weak-row formula or nonlinear recurrent history source law for the coefficient-gradient closure,"This capacity audit tests target-free algebraic weak-row structure features built from source Jacobian rows and active non-final velocity rows. The target Jacobian is used only to evaluate capacity, so this is not an accepted full-TFE stage replacement."
cylindrical_smooth,0.04,universal_weak_row_structure_capacity_value_component_nonfinal,paper_tfe_lower_pair_velocity_compression_weak_row_structure_capacity_gap_not_full_tfe,,universal_weak_row_structure_capacity_nonfinal_component_diagonal_value_fit,all_case_h_weak_row_structure_capacity_oracle_fit,weak_source_active_cross_hadamard_rows_perp,cross-Gram weighted source/active Hadamard weak-row structure rows,"0,1",6,24,8,16,24,16,256,0,inf,256,7.9346215281701848e-17,True,True,True,True,False,False,8,132,24,28,4,8.6132143302211489e+02,3.7127280938507345e-01,3.6499396871481160e-01,2.5798048478817970e-01,2.5819888974716138e-01,7.0740590770941025e-01,9.9214876647798067e-01,2.5819888974716138e-01,6.9544249732375352e-01,9.9030198830521510e-01,2.0823794208322781e-14,2.6003532570117728e-19,True,True,True,False,True,True,False,False,False,False,False,"The tested source/active cross-Gram, Hadamard, and shifted-commutator weak-row structures do not reproduce the local correction.",derive a revised analytical weak-row formula or nonlinear recurrent history source law for the coefficient-gradient closure,"This capacity audit tests target-free algebraic weak-row structure features built from source Jacobian rows and active non-final velocity rows. The target Jacobian is used only to evaluate capacity, so this is not an accepted full-TFE stage replacement."
cylindrical_smooth,0.04,universal_weak_row_structure_capacity_value_component_nonfinal,paper_tfe_lower_pair_velocity_compression_weak_row_structure_capacity_gap_not_full_tfe,,universal_weak_row_structure_capacity_nonfinal_component_diagonal_value_fit,all_case_h_weak_row_structure_capacity_oracle_fit,weak_source_active_shifted_commutator_rows_perp,shifted source/active commutator-like weak-row structure products,"0,1",6,24,8,16,24,16,256,54,5.5710722573541956e+04,256,6.5023212115593743e-01,True,True,False,False,True,False,8,132,24,29,5,2.2905111801085504e+03,3.7127280938507345e-01,3.6499396871481160e-01,2.3891343179975513e-01,2.7593653129633328e-01,7.5600298894784357e-01,9.9214876647798067e-01,2.7593653129633322e-01,7.4321772109667150e-01,9.9030198830521510e-01,2.6876327132174029e-15,2.6003532570117728e-19,True,True,True,False,True,True,False,False,False,False,False,"The tested source/active cross-Gram, Hadamard, and shifted-commutator weak-row structures do not reproduce the local correction.",derive a revised analytical weak-row formula or nonlinear recurrent history source law for the coefficient-gradient closure,"This capacity audit tests target-free algebraic weak-row structure features built from source Jacobian rows and active non-final velocity rows. The target Jacobian is used only to evaluate capacity, so this is not an accepted full-TFE stage replacement."
cylindrical_smooth,0.04,universal_weak_row_structure_capacity_value_component_nonfinal,paper_tfe_lower_pair_velocity_compression_weak_row_structure_capacity_gap_not_full_tfe,,universal_weak_row_structure_capacity_nonfinal_component_diagonal_value_fit,all_case_h_weak_row_structure_capacity_oracle_fit,active_plus_weak_source_active_shifted_commutator_rows_perp,active non-final velocity plus shifted source/active commutator-like weak-row structure products,"0,1",6,24,8,16,24,16,272,62,2.9924450692732215e+04,272,4.0525056213881987e+00,True,True,False,False,True,False,8,132,24,29,5,2.2905111801079365e+03,3.7127280938507345e-01,3.6499396871481160e-01,2.3891343179975835e-01,2.7593653129633305e-01,7.5600298894784301e-01,9.9214876647798067e-01,2.7593653129633305e-01,7.4321772109667106e-01,9.9030198830521510e-01,7.7358591374438157e-15,2.6003532570117728e-19,True,True,True,False,True,True,False,False,False,False,False,"The tested source/active cross-Gram, Hadamard, and shifted-commutator weak-row structures do not reproduce the local correction.",derive a revised analytical weak-row formula or nonlinear recurrent history source law for the coefficient-gradient closure,"This capacity audit tests target-free algebraic weak-row structure features built from source Jacobian rows and active non-final velocity rows. The target Jacobian is used only to evaluate capacity, so this is not an accepted full-TFE stage replacement."
cylindrical_smooth,0.04,case_local_weak_row_structure_capacity_value_full_nonfinal,paper_tfe_lower_pair_velocity_compression_weak_row_structure_capacity_gap_not_full_tfe,,case_local_weak_row_structure_capacity_nonfinal_full_component_value_fit,case_local_weak_row_structure_capacity_oracle_fit,weak_active_cross_gram_rows_perp,source/active cross-Gram weighted non-final velocity rows residualized against source rows,"0,1",1,24,8,16,24,16,16,0,inf,16,1.7653290626082737e-15,True,True,True,False,False,False,8,132,24,32,8,4.3910180001351690e+09,3.7127280938507345e-01,3.6464473007330461e-01,7.2990541876618463e-03,3.6457167056451162e-01,9.9979964194524817e-01,9.9999729191293241e-01,3.6457167056451156e-01,9.8195090334877810e-01,9.9958580208054670e-01,9.4619200564944972e-01,1.8913227921974338e-33,True,True,True,False,True,True,False,False,False,False,False,"The tested source/active cross-Gram, Hadamard, and shifted-commutator weak-row structures do not reproduce the local correction.",derive a revised analytical weak-row formula or nonlinear recurrent history source law for the coefficient-gradient closure,"This capacity audit tests target-free algebraic weak-row structure features built from source Jacobian rows and active non-final velocity rows. The target Jacobian is used only to evaluate capacity, so this is not an accepted full-TFE stage replacement."
cylindrical_smooth,0.04,case_local_weak_row_structure_capacity_value_full_nonfinal,paper_tfe_lower_pair_velocity_compression_weak_row_structure_capacity_gap_not_full_tfe,,case_local_weak_row_structure_capacity_nonfinal_full_component_value_fit,case_local_weak_row_structure_capacity_oracle_fit,weak_source_active_hadamard_rows_perp,pairwise source-row and non-final velocity-row Hadamard products residualized against source rows,"0,1",1,24,8,16,24,16,256,56,3.4482174569027862e+04,256,3.2670137715705483e-01,True,True,False,True,False,False,8,132,24,28,4,8.6132133764578657e+02,3.7127280938507345e-01,3.6464473007330461e-01,2.5748614041063600e-01,2.5819888974716110e-01,7.0808342601099794e-01,9.9214876647920236e-01,2.5819888974716110e-01,6.9544249732375274e-01,9.9030198830521510e-01,6.4582167909721291e-13,1.8913227921974338e-33,True,True,True,False,True,True,False,False,False,False,False,"The tested source/active cross-Gram, Hadamard, and shifted-commutator weak-row structures do not reproduce the local correction.",derive a revised analytical weak-row formula or nonlinear recurrent history source law for the coefficient-gradient closure,"This capacity audit tests target-free algebraic weak-row structure features built from source Jacobian rows and active non-final velocity rows. The target Jacobian is used only to evaluate capacity, so this is not an accepted full-TFE stage replacement."
cylindrical_smooth,0.04,case_local_weak_row_structure_capacity_value_full_nonfinal,paper_tfe_lower_pair_velocity_compression_weak_row_structure_capacity_gap_not_full_tfe,,case_local_weak_row_structure_capacity_nonfinal_full_component_value_fit,case_local_weak_row_structure_capacity_oracle_fit,active_plus_weak_source_active_hadamard_rows_perp,active non-final velocity plus source/active Hadamard weak-row structure rows,"0,1",1,24,8,16,24,16,272,64,1.8984704541502515e+05,272,4.0133195474365504e+00,True,True,False,True,False,False,8,132,24,28,4,8.6132133764588536e+02,3.7127280938507345e-01,3.6464473007330461e-01,2.5748614041064860e-01,2.5819888974716110e-01,7.0808342601099794e-01,9.9214876647920236e-01,2.5819888974716110e-01,6.9544249732375274e-01,9.9030198830521510e-01,1.2069709390395957e-14,1.8913227921974338e-33,True,True,True,False,True,True,False,False,False,False,False,"The tested source/active cross-Gram, Hadamard, and shifted-commutator weak-row structures do not reproduce the local correction.",derive a revised analytical weak-row formula or nonlinear recurrent history source law for the coefficient-gradient closure,"This capacity audit tests target-free algebraic weak-row structure features built from source Jacobian rows and active non-final velocity rows. The target Jacobian is used only to evaluate capacity, so this is not an accepted full-TFE stage replacement."
cylindrical_smooth,0.04,case_local_weak_row_structure_capacity_value_full_nonfinal,paper_tfe_lower_pair_velocity_compression_weak_row_structure_capacity_gap_not_full_tfe,,case_local_weak_row_structure_capacity_nonfinal_full_component_value_fit,case_local_weak_row_structure_capacity_oracle_fit,weak_source_active_cross_hadamard_rows_perp,cross-Gram weighted source/active Hadamard weak-row structure rows,"0,1",1,24,8,16,24,16,256,0,inf,256,7.9346215281701848e-17,True,True,True,True,False,False,8,132,24,28,4,8.6132133764571006e+02,3.7127280938507345e-01,3.6464473007330461e-01,2.5748614041066936e-01,2.5819888974716110e-01,7.0808342601099794e-01,9.9214876647920236e-01,2.5819888974716110e-01,6.9544249732375274e-01,9.9030198830521510e-01,6.4610030277758355e-13,1.8913227921974338e-33,True,True,True,False,True,True,False,False,False,False,False,"The tested source/active cross-Gram, Hadamard, and shifted-commutator weak-row structures do not reproduce the local correction.",derive a revised analytical weak-row formula or nonlinear recurrent history source law for the coefficient-gradient closure,"This capacity audit tests target-free algebraic weak-row structure features built from source Jacobian rows and active non-final velocity rows. The target Jacobian is used only to evaluate capacity, so this is not an accepted full-TFE stage replacement."
cylindrical_smooth,0.04,case_local_weak_row_structure_capacity_value_full_nonfinal,paper_tfe_lower_pair_velocity_compression_weak_row_structure_capacity_gap_not_full_tfe,,case_local_weak_row_structure_capacity_nonfinal_full_component_value_fit,case_local_weak_row_structure_capacity_oracle_fit,weak_source_active_shifted_commutator_rows_perp,shifted source/active commutator-like weak-row structure products,"0,1",1,24,8,16,24,16,256,54,5.5710722573541956e+04,256,6.5023212115593743e-01,True,True,False,False,True,False,8,132,24,29,5,2.2905110094198758e+03,3.7127280938507345e-01,3.6464473007330461e-01,2.3837955001715352e-01,2.7593653129633305e-01,7.5672705112414884e-01,9.9214876647920236e-01,2.7593653129633305e-01,7.4321772109667106e-01,9.9030198830521510e-01,6.4582507992116158e-13,1.8913227921974338e-33,True,True,True,False,True,True,False,False,False,False,False,"The tested source/active cross-Gram, Hadamard, and shifted-commutator weak-row structures do not reproduce the local correction.",derive a revised analytical weak-row formula or nonlinear recurrent history source law for the coefficient-gradient closure,"This capacity audit tests target-free algebraic weak-row structure features built from source Jacobian rows and active non-final velocity rows. The target Jacobian is used only to evaluate capacity, so this is not an accepted full-TFE stage replacement."
cylindrical_smooth,0.04,case_local_weak_row_structure_capacity_value_full_nonfinal,paper_tfe_lower_pair_velocity_compression_weak_row_structure_capacity_gap_not_full_tfe,,case_local_weak_row_structure_capacity_nonfinal_full_component_value_fit,case_local_weak_row_structure_capacity_oracle_fit,active_plus_weak_source_active_shifted_commutator_rows_perp,active non-final velocity plus shifted source/active commutator-like weak-row structure products,"0,1",1,24,8,16,24,16,272,62,2.9924450692732215e+04,272,4.0525056213881987e+00,True,True,False,False,True,False,8,132,24,29,5,2.2905110094204315e+03,3.7127280938507345e-01,3.6464473007330461e-01,2.3837955001715630e-01,2.7593653129633300e-01,7.5672705112414873e-01,9.9214876647920236e-01,2.7593653129633305e-01,7.4321772109667106e-01,9.9030198830521510e-01,8.8697503338919290e-15,1.8913227921974338e-33,True,True,True,False,True,True,False,False,False,False,False,"The tested source/active cross-Gram, Hadamard, and shifted-commutator weak-row structures do not reproduce the local correction.",derive a revised analytical weak-row formula or nonlinear recurrent history source law for the coefficient-gradient closure,"This capacity audit tests target-free algebraic weak-row structure features built from source Jacobian rows and active non-final velocity rows. The target Jacobian is used only to evaluate capacity, so this is not an accepted full-TFE stage replacement."
cylindrical_smooth,0.04,universal_weak_row_structure_capacity_value_full_nonfinal,paper_tfe_lower_pair_velocity_compression_weak_row_structure_capacity_gap_not_full_tfe,,universal_weak_row_structure_capacity_nonfinal_full_component_value_fit,all_case_h_weak_row_structure_capacity_oracle_fit,weak_active_cross_gram_rows_perp,source/active cross-Gram weighted non-final velocity rows residualized against source rows,"0,1",6,24,8,16,24,16,16,0,inf,16,1.7653290626082737e-15,True,True,True,False,False,False,8,132,24,32,8,4.3910179828348408e+09,3.7127280938507345e-01,3.6464472482720589e-01,7.2987920993790190e-03,3.6457167056451162e-01,9.9979965632924239e-01,9.9999729958566408e-01,3.6457167056451162e-01,9.8195090334877821e-01,9.9958580208054659e-01,9.4619200564944972e-01,3.0619550613943693e-28,True,True,True,False,True,True,False,False,False,False,False,"The tested source/active cross-Gram, Hadamard, and shifted-commutator weak-row structures do not reproduce the local correction.",derive a revised analytical weak-row formula or nonlinear recurrent history source law for the coefficient-gradient closure,"This capacity audit tests target-free algebraic weak-row structure features built from source Jacobian rows and active non-final velocity rows. The target Jacobian is used only to evaluate capacity, so this is not an accepted full-TFE stage replacement."
cylindrical_smooth,0.04,universal_weak_row_structure_capacity_value_full_nonfinal,paper_tfe_lower_pair_velocity_compression_weak_row_structure_capacity_gap_not_full_tfe,,universal_weak_row_structure_capacity_nonfinal_full_component_value_fit,all_case_h_weak_row_structure_capacity_oracle_fit,weak_source_active_hadamard_rows_perp,pairwise source-row and non-final velocity-row Hadamard products residualized against source rows,"0,1",6,24,8,16,24,16,256,56,3.4482174569027862e+04,256,3.2670137715705483e-01,True,True,False,True,False,False,8,132,24,31,7,8.6132117349174746e+02,3.7127280938507345e-01,3.6464472482720589e-01,2.5748613133072668e-01,2.5819889139313540e-01,7.0808344071201923e-01,9.9214869370241221e-01,2.5819889139311375e-01,6.9544250175702282e-01,9.9030200126209422e-01,1.5438571163007348e-06,3.0619550613943693e-28,True,True,True,False,True,True,False,False,False,False,False,"The tested source/active cross-Gram, Hadamard, and shifted-commutator weak-row structures do not reproduce the local correction.",derive a revised analytical weak-row formula or nonlinear recurrent history source law for the coefficient-gradient closure,"This capacity audit tests target-free algebraic weak-row structure features built from source Jacobian rows and active non-final velocity rows. The target Jacobian is used only to evaluate capacity, so this is not an accepted full-TFE stage replacement."
cylindrical_smooth,0.04,universal_weak_row_structure_capacity_value_full_nonfinal,paper_tfe_lower_pair_velocity_compression_weak_row_structure_capacity_gap_not_full_tfe,,universal_weak_row_structure_capacity_nonfinal_full_component_value_fit,all_case_h_weak_row_structure_capacity_oracle_fit,active_plus_weak_source_active_hadamard_rows_perp,active non-final velocity plus source/active Hadamard weak-row structure rows,"0,1",6,24,8,16,24,16,272,64,1.8984704541502515e+05,272,4.0133195474365504e+00,True,True,False,True,False,False,8,132,24,28,4,8.6132133764685886e+02,3.7127280938507345e-01,3.6464472482720589e-01,2.5748613298125927e-01,2.5819888974716110e-01,7.0808343619810687e-01,9.9214868072120055e-01,2.5819888974716110e-01,6.9544249732375274e-01,9.9030198830521510e-01,1.8847798961165449e-14,3.0619550613943693e-28,True,True,True,False,True,True,False,False,False,False,False,"The tested source/active cross-Gram, Hadamard, and shifted-commutator weak-row structures do not reproduce the local correction.",derive a revised analytical weak-row formula or nonlinear recurrent history source law for the coefficient-gradient closure,"This capacity audit tests target-free algebraic weak-row structure features built from source Jacobian rows and active non-final velocity rows. The target Jacobian is used only to evaluate capacity, so this is not an accepted full-TFE stage replacement."
cylindrical_smooth,0.04,universal_weak_row_structure_capacity_value_full_nonfinal,paper_tfe_lower_pair_velocity_compression_weak_row_structure_capacity_gap_not_full_tfe,,universal_weak_row_structure_capacity_nonfinal_full_component_value_fit,all_case_h_weak_row_structure_capacity_oracle_fit,weak_source_active_cross_hadamard_rows_perp,cross-Gram weighted source/active Hadamard weak-row structure rows,"0,1",6,24,8,16,24,16,256,0,inf,256,7.9346215281701848e-17,True,True,True,True,False,False,8,132,24,31,7,8.6132117349169630e+02,3.7127280938507345e-01,3.6464472482720589e-01,2.5748613133079135e-01,2.5819889139313540e-01,7.0808344071201923e-01,9.9214869370241221e-01,2.5819889139311375e-01,6.9544250175702282e-01,9.9030200126209422e-01,1.5438571163019921e-06,3.0619550613943693e-28,True,True,True,False,True,True,False,False,False,False,False,"The tested source/active cross-Gram, Hadamard, and shifted-commutator weak-row structures do not reproduce the local correction.",derive a revised analytical weak-row formula or nonlinear recurrent history source law for the coefficient-gradient closure,"This capacity audit tests target-free algebraic weak-row structure features built from source Jacobian rows and active non-final velocity rows. The target Jacobian is used only to evaluate capacity, so this is not an accepted full-TFE stage replacement."
cylindrical_smooth,0.04,universal_weak_row_structure_capacity_value_full_nonfinal,paper_tfe_lower_pair_velocity_compression_weak_row_structure_capacity_gap_not_full_tfe,,universal_weak_row_structure_capacity_nonfinal_full_component_value_fit,all_case_h_weak_row_structure_capacity_oracle_fit,weak_source_active_shifted_commutator_rows_perp,shifted source/active commutator-like weak-row structure products,"0,1",6,24,8,16,24,16,256,54,5.5710722573541956e+04,256,6.5023212115593743e-01,True,True,False,False,True,False,8,132,24,32,8,2.2905086811108099e+03,3.7127280938507345e-01,3.6464472482720589e-01,2.3837954020946964e-01,2.7593653283650144e-01,7.5672706623483832e-01,9.9214869370241221e-01,2.7593653283647940e-01,7.4321772524495855e-01,9.9030200126207923e-01,1.5438571162699346e-06,3.0619550613943693e-28,True,True,True,False,True,True,False,False,False,False,False,"The tested source/active cross-Gram, Hadamard, and shifted-commutator weak-row structures do not reproduce the local correction.",derive a revised analytical weak-row formula or nonlinear recurrent history source law for the coefficient-gradient closure,"This capacity audit tests target-free algebraic weak-row structure features built from source Jacobian rows and active non-final velocity rows. The target Jacobian is used only to evaluate capacity, so this is not an accepted full-TFE stage replacement."
cylindrical_smooth,0.04,universal_weak_row_structure_capacity_value_full_nonfinal,paper_tfe_lower_pair_velocity_compression_weak_row_structure_capacity_gap_not_full_tfe,,universal_weak_row_structure_capacity_nonfinal_full_component_value_fit,all_case_h_weak_row_structure_capacity_oracle_fit,active_plus_weak_source_active_shifted_commutator_rows_perp,active non-final velocity plus shifted source/active commutator-like weak-row structure products,"0,1",6,24,8,16,24,16,272,62,2.9924450692732215e+04,272,4.0525056213881987e+00,True,True,False,False,True,False,8,132,24,29,5,2.2905110094213987e+03,3.7127280938507345e-01,3.6464472482720589e-01,2.3837954199229791e-01,2.7593653129633300e-01,7.5672706201108753e-01,9.9214868072120055e-01,2.7593653129633300e-01,7.4321772109667095e-01,9.9030198830521510e-01,1.1935544023032107e-14,3.0619550613943693e-28,True,True,True,False,True,True,False,False,False,False,False,"The tested source/active cross-Gram, Hadamard, and shifted-commutator weak-row structures do not reproduce the local correction.",derive a revised analytical weak-row formula or nonlinear recurrent history source law for the coefficient-gradient closure,"This capacity audit tests target-free algebraic weak-row structure features built from source Jacobian rows and active non-final velocity rows. The target Jacobian is used only to evaluate capacity, so this is not an accepted full-TFE stage replacement."
cylindrical_smooth,0.02,case_local_weak_row_structure_capacity_value_scalar_nonfinal,paper_tfe_lower_pair_velocity_compression_weak_row_structure_capacity_gap_not_full_tfe,,case_local_weak_row_structure_capacity_nonfinal_stage_scalar_value_fit,case_local_weak_row_structure_capacity_oracle_fit,weak_active_cross_gram_rows_perp,source/active cross-Gram weighted non-final velocity rows residualized against source rows,"0,1",1,24,8,16,24,16,16,0,inf,16,7.4081648852660260e-16,True,True,True,False,False,False,8,132,23,31,8,2.2904633336327359e+11,2.6042001459760067e-01,2.5971476305788754e-01,6.8234402908144069e-04,2.5971386670110747e-01,9.9999654868760823e-01,9.9999995071269399e-01,2.5971386670110752e-01,9.9728842693759812e-01,9.9993878320768492e-01,9.9171268757357633e-01,5.2364152976339945e-18,True,True,True,False,True,True,False,False,False,False,False,"The tested source/active cross-Gram, Hadamard, and shifted-commutator weak-row structures do not reproduce the local correction.",derive a revised analytical weak-row formula or nonlinear recurrent history source law for the coefficient-gradient closure,"This capacity audit tests target-free algebraic weak-row structure features built from source Jacobian rows and active non-final velocity rows. The target Jacobian is used only to evaluate capacity, so this is not an accepted full-TFE stage replacement."
cylindrical_smooth,0.02,case_local_weak_row_structure_capacity_value_scalar_nonfinal,paper_tfe_lower_pair_velocity_compression_weak_row_structure_capacity_gap_not_full_tfe,,case_local_weak_row_structure_capacity_nonfinal_stage_scalar_value_fit,case_local_weak_row_structure_capacity_oracle_fit,weak_source_active_hadamard_rows_perp,pairwise source-row and non-final velocity-row Hadamard products residualized against source rows,"0,1",1,24,8,16,24,16,256,56,8.7923144914063902e+04,256,1.1488445840647994e-01,True,True,False,True,False,False,8,132,24,28,4,2.0637615854248111e+03,2.6042001459760067e-01,2.5971476305788754e-01,1.8471173437787516e-01,1.8257418583505580e-01,7.0297962151024140e-01,9.9256681659545776e-01,1.8257418583505580e-01,7.0107586053694171e-01,9.9229799549029063e-01,3.5567614341203479e-15,5.2364152976339945e-18,True,True,True,False,True,True,False,False,False,False,False,"The tested source/active cross-Gram, Hadamard, and shifted-commutator weak-row structures do not reproduce the local correction.",derive a revised analytical weak-row formula or nonlinear recurrent history source law for the coefficient-gradient closure,"This capacity audit tests target-free algebraic weak-row structure features built from source Jacobian rows and active non-final velocity rows. The target Jacobian is used only to evaluate capacity, so this is not an accepted full-TFE stage replacement."
cylindrical_smooth,0.02,case_local_weak_row_structure_capacity_value_scalar_nonfinal,paper_tfe_lower_pair_velocity_compression_weak_row_structure_capacity_gap_not_full_tfe,,case_local_weak_row_structure_capacity_nonfinal_stage_scalar_value_fit,case_local_weak_row_structure_capacity_oracle_fit,active_plus_weak_source_active_hadamard_rows_perp,active non-final velocity plus source/active Hadamard weak-row structure rows,"0,1",1,24,8,16,24,16,272,64,1.5093470297253446e+06,272,4.0016494647561709e+00,True,True,False,True,False,False,8,132,24,28,4,2.0637615854628193e+03,2.6042001459760067e-01,2.5971476305788754e-01,1.8471173437787886e-01,1.8257418583505539e-01,7.0297962151023974e-01,9.9256681659545543e-01,1.8257418583505539e-01,7.0107586053694004e-01,9.9229799549028819e-01,6.8126482232938078e-14,5.2364152976339945e-18,True,True,True,False,True,True,False,False,False,False,False,"The tested source/active cross-Gram, Hadamard, and shifted-commutator weak-row structures do not reproduce the local correction.",derive a revised analytical weak-row formula or nonlinear recurrent history source law for the coefficient-gradient closure,"This capacity audit tests target-free algebraic weak-row structure features built from source Jacobian rows and active non-final velocity rows. The target Jacobian is used only to evaluate capacity, so this is not an accepted full-TFE stage replacement."
cylindrical_smooth,0.02,case_local_weak_row_structure_capacity_value_scalar_nonfinal,paper_tfe_lower_pair_velocity_compression_weak_row_structure_capacity_gap_not_full_tfe,,case_local_weak_row_structure_capacity_nonfinal_stage_scalar_value_fit,case_local_weak_row_structure_capacity_oracle_fit,weak_source_active_cross_hadamard_rows_perp,cross-Gram weighted source/active Hadamard weak-row structure rows,"0,1",1,24,8,16,24,16,256,0,inf,256,5.9306348952922662e-18,True,True,True,True,False,False,8,132,24,28,4,2.0637615854293549e+03,2.6042001459760067e-01,2.5971476305788754e-01,1.8471173437787583e-01,1.8257418583505580e-01,7.0297962151024140e-01,9.9256681659545776e-01,1.8257418583505580e-01,7.0107586053694171e-01,9.9229799549029063e-01,3.1482482224034842e-15,5.2364152976339945e-18,True,True,True,False,True,True,False,False,False,False,False,"The tested source/active cross-Gram, Hadamard, and shifted-commutator weak-row structures do not reproduce the local correction.",derive a revised analytical weak-row formula or nonlinear recurrent history source law for the coefficient-gradient closure,"This capacity audit tests target-free algebraic weak-row structure features built from source Jacobian rows and active non-final velocity rows. The target Jacobian is used only to evaluate capacity, so this is not an accepted full-TFE stage replacement."
cylindrical_smooth,0.02,case_local_weak_row_structure_capacity_value_scalar_nonfinal,paper_tfe_lower_pair_velocity_compression_weak_row_structure_capacity_gap_not_full_tfe,,case_local_weak_row_structure_capacity_nonfinal_stage_scalar_value_fit,case_local_weak_row_structure_capacity_oracle_fit,weak_source_active_shifted_commutator_rows_perp,shifted source/active commutator-like weak-row structure products,"0,1",1,24,8,16,24,16,256,54,1.0461089154302349e+06,256,5.8489091362397105e-01,True,True,False,False,True,False,8,132,24,29,5,7.1270417591322885e+03,2.6042001459760067e-01,2.5971476305788754e-01,1.7039817394421014e-01,1.9600056241422806e-01,7.5467624599584937e-01,9.9256681659545776e-01,1.9600056241422806e-01,7.5263248378619008e-01,9.9229799549029063e-01,7.5836559298387779e-15,5.2364152976339945e-18,True,True,True,False,True,True,False,False,False,False,False,"The tested source/active cross-Gram, Hadamard, and shifted-commutator weak-row structures do not reproduce the local correction.",derive a revised analytical weak-row formula or nonlinear recurrent history source law for the coefficient-gradient closure,"This capacity audit tests target-free algebraic weak-row structure features built from source Jacobian rows and active non-final velocity rows. The target Jacobian is used only to evaluate capacity, so this is not an accepted full-TFE stage replacement."
cylindrical_smooth,0.02,case_local_weak_row_structure_capacity_value_scalar_nonfinal,paper_tfe_lower_pair_velocity_compression_weak_row_structure_capacity_gap_not_full_tfe,,case_local_weak_row_structure_capacity_nonfinal_stage_scalar_value_fit,case_local_weak_row_structure_capacity_oracle_fit,active_plus_weak_source_active_shifted_commutator_rows_perp,active non-final velocity plus shifted source/active commutator-like weak-row structure products,"0,1",1,24,8,16,24,16,272,62,2.1722770134203849e+05,272,4.0425360086015170e+00,True,True,False,False,True,False,8,132,24,29,5,7.1270417607485233e+03,2.6042001459760067e-01,2.5971476305788754e-01,1.7039817394421269e-01,1.9600056241422772e-01,7.5467624599584804e-01,9.9256681659545543e-01,1.9600056241422775e-01,7.5263248378618886e-01,9.9229799549028819e-01,4.0642701696538958e-14,5.2364152976339945e-18,True,True,True,False,True,True,False,False,False,False,False,"The tested source/active cross-Gram, Hadamard, and shifted-commutator weak-row structures do not reproduce the local correction.",derive a revised analytical weak-row formula or nonlinear recurrent history source law for the coefficient-gradient closure,"This capacity audit tests target-free algebraic weak-row structure features built from source Jacobian rows and active non-final velocity rows. The target Jacobian is used only to evaluate capacity, so this is not an accepted full-TFE stage replacement."
cylindrical_smooth,0.02,universal_weak_row_structure_capacity_value_scalar_nonfinal,paper_tfe_lower_pair_velocity_compression_weak_row_structure_capacity_gap_not_full_tfe,,universal_weak_row_structure_capacity_nonfinal_stage_scalar_value_fit,all_case_h_weak_row_structure_capacity_oracle_fit,weak_active_cross_gram_rows_perp,source/active cross-Gram weighted non-final velocity rows residualized against source rows,"0,1",6,24,8,16,24,16,16,0,inf,16,7.4081648852660260e-16,True,True,True,False,False,False,8,132,23,31,8,2.2904633313297778e+11,2.6042001459760067e-01,2.5971476306639779e-01,6.8234726825780456e-04,2.5971386670110747e-01,9.9999654865484067e-01,9.9999995071195058e-01,2.5971386670110747e-01,9.9728842693759789e-01,9.9993878320768492e-01,9.9171268757357633e-01,5.6547069701932444e-18,True,True,True,False,True,True,False,False,False,False,False,"The tested source/active cross-Gram, Hadamard, and shifted-commutator weak-row structures do not reproduce the local correction.",derive a revised analytical weak-row formula or nonlinear recurrent history source law for the coefficient-gradient closure,"This capacity audit tests target-free algebraic weak-row structure features built from source Jacobian rows and active non-final velocity rows. The target Jacobian is used only to evaluate capacity, so this is not an accepted full-TFE stage replacement."
cylindrical_smooth,0.02,universal_weak_row_structure_capacity_value_scalar_nonfinal,paper_tfe_lower_pair_velocity_compression_weak_row_structure_capacity_gap_not_full_tfe,,universal_weak_row_structure_capacity_nonfinal_stage_scalar_value_fit,all_case_h_weak_row_structure_capacity_oracle_fit,weak_source_active_hadamard_rows_perp,pairwise source-row and non-final velocity-row Hadamard products residualized against source rows,"0,1",6,24,8,16,24,16,256,56,8.7923144914063902e+04,256,1.1488445840647994e-01,True,True,False,True,False,False,8,132,24,28,4,2.0637615854618562e+03,2.6042001459760067e-01,2.5971476306639779e-01,1.8471173438983893e-01,1.8257418583505539e-01,7.0297962148720472e-01,9.9256681659216806e-01,1.8257418583505539e-01,7.0107586053694004e-01,9.9229799549028819e-01,3.7249801221672423e-15,5.6547069701932444e-18,True,True,True,False,True,True,False,False,False,False,False,"The tested source/active cross-Gram, Hadamard, and shifted-commutator weak-row structures do not reproduce the local correction.",derive a revised analytical weak-row formula or nonlinear recurrent history source law for the coefficient-gradient closure,"This capacity audit tests target-free algebraic weak-row structure features built from source Jacobian rows and active non-final velocity rows. The target Jacobian is used only to evaluate capacity, so this is not an accepted full-TFE stage replacement."
cylindrical_smooth,0.02,universal_weak_row_structure_capacity_value_scalar_nonfinal,paper_tfe_lower_pair_velocity_compression_weak_row_structure_capacity_gap_not_full_tfe,,universal_weak_row_structure_capacity_nonfinal_stage_scalar_value_fit,all_case_h_weak_row_structure_capacity_oracle_fit,active_plus_weak_source_active_hadamard_rows_perp,active non-final velocity plus source/active Hadamard weak-row structure rows,"0,1",6,24,8,16,24,16,272,64,1.5093470297253446e+06,272,4.0016494647561709e+00,True,True,False,True,False,False,8,132,24,28,4,2.0637615854628079e+03,2.6042001459760067e-01,2.5971476306639779e-01,1.8471173438984087e-01,1.8257418583505539e-01,7.0297962148720472e-01,9.9256681659216806e-01,1.8257418583505539e-01,7.0107586053694004e-01,9.9229799549028819e-01,8.1735300646603347e-14,5.6547069701932444e-18,True,True,True,False,True,True,False,False,False,False,False,"The tested source/active cross-Gram, Hadamard, and shifted-commutator weak-row structures do not reproduce the local correction.",derive a revised analytical weak-row formula or nonlinear recurrent history source law for the coefficient-gradient closure,"This capacity audit tests target-free algebraic weak-row structure features built from source Jacobian rows and active non-final velocity rows. The target Jacobian is used only to evaluate capacity, so this is not an accepted full-TFE stage replacement."
cylindrical_smooth,0.02,universal_weak_row_structure_capacity_value_scalar_nonfinal,paper_tfe_lower_pair_velocity_compression_weak_row_structure_capacity_gap_not_full_tfe,,universal_weak_row_structure_capacity_nonfinal_stage_scalar_value_fit,all_case_h_weak_row_structure_capacity_oracle_fit,weak_source_active_cross_hadamard_rows_perp,cross-Gram weighted source/active Hadamard weak-row structure rows,"0,1",6,24,8,16,24,16,256,0,inf,256,5.9306348952922662e-18,True,True,True,True,False,False,8,132,24,28,4,2.0637615854611836e+03,2.6042001459760067e-01,2.5971476306639779e-01,1.8471173438984290e-01,1.8257418583505539e-01,7.0297962148720472e-01,9.9256681659216806e-01,1.8257418583505539e-01,7.0107586053694004e-01,9.9229799549028819e-01,3.0868436273512907e-15,5.6547069701932444e-18,True,True,True,False,True,True,False,False,False,False,False,"The tested source/active cross-Gram, Hadamard, and shifted-commutator weak-row structures do not reproduce the local correction.",derive a revised analytical weak-row formula or nonlinear recurrent history source law for the coefficient-gradient closure,"This capacity audit tests target-free algebraic weak-row structure features built from source Jacobian rows and active non-final velocity rows. The target Jacobian is used only to evaluate capacity, so this is not an accepted full-TFE stage replacement."
cylindrical_smooth,0.02,universal_weak_row_structure_capacity_value_scalar_nonfinal,paper_tfe_lower_pair_velocity_compression_weak_row_structure_capacity_gap_not_full_tfe,,universal_weak_row_structure_capacity_nonfinal_stage_scalar_value_fit,all_case_h_weak_row_structure_capacity_oracle_fit,weak_source_active_shifted_commutator_rows_perp,shifted source/active commutator-like weak-row structure products,"0,1",6,24,8,16,24,16,256,54,1.0461089154302349e+06,256,5.8489091362397105e-01,True,True,False,False,True,False,8,132,24,29,5,7.1270417607452046e+03,2.6042001459760067e-01,2.5971476306639779e-01,1.7039817395718040e-01,1.9600056241422770e-01,7.5467624597111893e-01,9.9256681659216806e-01,1.9600056241422770e-01,7.5263248378618863e-01,9.9229799549028819e-01,1.0321047768325166e-14,5.6547069701932444e-18,True,True,True,False,True,True,False,False,False,False,False,"The tested source/active cross-Gram, Hadamard, and shifted-commutator weak-row structures do not reproduce the local correction.",derive a revised analytical weak-row formula or nonlinear recurrent history source law for the coefficient-gradient closure,"This capacity audit tests target-free algebraic weak-row structure features built from source Jacobian rows and active non-final velocity rows. The target Jacobian is used only to evaluate capacity, so this is not an accepted full-TFE stage replacement."
cylindrical_smooth,0.02,universal_weak_row_structure_capacity_value_scalar_nonfinal,paper_tfe_lower_pair_velocity_compression_weak_row_structure_capacity_gap_not_full_tfe,,universal_weak_row_structure_capacity_nonfinal_stage_scalar_value_fit,all_case_h_weak_row_structure_capacity_oracle_fit,active_plus_weak_source_active_shifted_commutator_rows_perp,active non-final velocity plus shifted source/active commutator-like weak-row structure products,"0,1",6,24,8,16,24,16,272,62,2.1722770134203849e+05,272,4.0425360086015170e+00,True,True,False,False,True,False,8,132,24,29,5,7.1270417607637028e+03,2.6042001459760067e-01,2.5971476306639779e-01,1.7039817395718368e-01,1.9600056241422772e-01,7.5467624597111904e-01,9.9256681659216806e-01,1.9600056241422772e-01,7.5263248378618874e-01,9.9229799549028819e-01,5.0697396242215282e-14,5.6547069701932444e-18,True,True,True,False,True,True,False,False,False,False,False,"The tested source/active cross-Gram, Hadamard, and shifted-commutator weak-row structures do not reproduce the local correction.",derive a revised analytical weak-row formula or nonlinear recurrent history source law for the coefficient-gradient closure,"This capacity audit tests target-free algebraic weak-row structure features built from source Jacobian rows and active non-final velocity rows. The target Jacobian is used only to evaluate capacity, so this is not an accepted full-TFE stage replacement."
cylindrical_smooth,0.02,case_local_weak_row_structure_capacity_value_component_nonfinal,paper_tfe_lower_pair_velocity_compression_weak_row_structure_capacity_gap_not_full_tfe,,case_local_weak_row_structure_capacity_nonfinal_component_diagonal_value_fit,case_local_weak_row_structure_capacity_oracle_fit,weak_active_cross_gram_rows_perp,source/active cross-Gram weighted non-final velocity rows residualized against source rows,"0,1",1,24,8,16,24,16,16,0,inf,16,7.4081648852660260e-16,True,True,True,False,False,False,8,132,23,31,8,2.2904634075538605e+11,2.6042001459760067e-01,2.5976201820512657e-01,5.0013543325643792e-03,2.5971386670110747e-01,9.9981463223780054e-01,9.9999995071257608e-01,2.5971386670110747e-01,9.9728842693759789e-01,9.9993878320768492e-01,9.9171268757357633e-01,8.6140718810505691e-34,True,True,True,False,True,True,False,False,False,False,False,"The tested source/active cross-Gram, Hadamard, and shifted-commutator weak-row structures do not reproduce the local correction.",derive a revised analytical weak-row formula or nonlinear recurrent history source law for the coefficient-gradient closure,"This capacity audit tests target-free algebraic weak-row structure features built from source Jacobian rows and active non-final velocity rows. The target Jacobian is used only to evaluate capacity, so this is not an accepted full-TFE stage replacement."
cylindrical_smooth,0.02,case_local_weak_row_structure_capacity_value_component_nonfinal,paper_tfe_lower_pair_velocity_compression_weak_row_structure_capacity_gap_not_full_tfe,,case_local_weak_row_structure_capacity_nonfinal_component_diagonal_value_fit,case_local_weak_row_structure_capacity_oracle_fit,weak_source_active_hadamard_rows_perp,pairwise source-row and non-final velocity-row Hadamard products residualized against source rows,"0,1",1,24,8,16,24,16,256,56,8.7923144914063902e+04,256,1.1488445840647994e-01,True,True,False,True,False,False,8,132,24,28,4,2.0637615973432053e+03,2.6042001459760067e-01,2.5976201820512657e-01,1.8477817178624883e-01,1.8257418583505544e-01,7.0285173751184005e-01,9.9256681660017532e-01,1.8257418583505544e-01,7.0107586053694027e-01,9.9229799549028952e-01,3.5863634276600685e-15,8.6140718810505691e-34,True,True,True,False,True,True,False,False,False,False,False,"The tested source/active cross-Gram, Hadamard, and shifted-commutator weak-row structures do not reproduce the local correction.",derive a revised analytical weak-row formula or nonlinear recurrent history source law for the coefficient-gradient closure,"This capacity audit tests target-free algebraic weak-row structure features built from source Jacobian rows and active non-final velocity rows. The target Jacobian is used only to evaluate capacity, so this is not an accepted full-TFE stage replacement."
cylindrical_smooth,0.02,case_local_weak_row_structure_capacity_value_component_nonfinal,paper_tfe_lower_pair_velocity_compression_weak_row_structure_capacity_gap_not_full_tfe,,case_local_weak_row_structure_capacity_nonfinal_component_diagonal_value_fit,case_local_weak_row_structure_capacity_oracle_fit,active_plus_weak_source_active_hadamard_rows_perp,active non-final velocity plus source/active Hadamard weak-row structure rows,"0,1",1,24,8,16,24,16,272,64,1.5093470297253446e+06,272,4.0016494647561709e+00,True,True,False,True,False,False,8,132,24,28,4,2.0637615973430047e+03,2.6042001459760067e-01,2.5976201820512657e-01,1.8477817178625400e-01,1.8257418583505539e-01,7.0285173751183982e-01,9.9256681660017398e-01,1.8257418583505539e-01,7.0107586053694004e-01,9.9229799549028819e-01,8.1597800329598436e-14,8.6140718810505691e-34,True,True,True,False,True,True,False,False,False,False,False,"The tested source/active cross-Gram, Hadamard, and shifted-commutator weak-row structures do not reproduce the local correction.",derive a revised analytical weak-row formula or nonlinear recurrent history source law for the coefficient-gradient closure,"This capacity audit tests target-free algebraic weak-row structure features built from source Jacobian rows and active non-final velocity rows. The target Jacobian is used only to evaluate capacity, so this is not an accepted full-TFE stage replacement."
cylindrical_smooth,0.02,case_local_weak_row_structure_capacity_value_component_nonfinal,paper_tfe_lower_pair_velocity_compression_weak_row_structure_capacity_gap_not_full_tfe,,case_local_weak_row_structure_capacity_nonfinal_component_diagonal_value_fit,case_local_weak_row_structure_capacity_oracle_fit,weak_source_active_cross_hadamard_rows_perp,cross-Gram weighted source/active Hadamard weak-row structure rows,"0,1",1,24,8,16,24,16,256,0,inf,256,5.9306348952922662e-18,True,True,True,True,False,False,8,132,24,28,4,2.0637615973359657e+03,2.6042001459760067e-01,2.5976201820512657e-01,1.8477817178624689e-01,1.8257418583505544e-01,7.0285173751184005e-01,9.9256681660017532e-01,1.8257418583505544e-01,7.0107586053694027e-01,9.9229799549028952e-01,3.1633764629753447e-15,8.6140718810505691e-34,True,True,True,False,True,True,False,False,False,False,False,"The tested source/active cross-Gram, Hadamard, and shifted-commutator weak-row structures do not reproduce the local correction.",derive a revised analytical weak-row formula or nonlinear recurrent history source law for the coefficient-gradient closure,"This capacity audit tests target-free algebraic weak-row structure features built from source Jacobian rows and active non-final velocity rows. The target Jacobian is used only to evaluate capacity, so this is not an accepted full-TFE stage replacement."
cylindrical_smooth,0.02,case_local_weak_row_structure_capacity_value_component_nonfinal,paper_tfe_lower_pair_velocity_compression_weak_row_structure_capacity_gap_not_full_tfe,,case_local_weak_row_structure_capacity_nonfinal_component_diagonal_value_fit,case_local_weak_row_structure_capacity_oracle_fit,weak_source_active_shifted_commutator_rows_perp,shifted source/active commutator-like weak-row structure products,"0,1",1,24,8,16,24,16,256,54,1.0461089154302349e+06,256,5.8489091362397105e-01,True,True,False,False,True,False,8,132,24,29,5,7.1270418382405587e+03,2.6042001459760067e-01,2.5976201820512657e-01,1.7047018987291276e-01,1.9600056241422775e-01,7.5453895749859690e-01,9.9256681660017532e-01,1.9600056241422775e-01,7.5263248378618886e-01,9.9229799549028952e-01,6.5283349855567804e-15,8.6140718810505691e-34,True,True,True,False,True,True,False,False,False,False,False,"The tested source/active cross-Gram, Hadamard, and shifted-commutator weak-row structures do not reproduce the local correction.",derive a revised analytical weak-row formula or nonlinear recurrent history source law for the coefficient-gradient closure,"This capacity audit tests target-free algebraic weak-row structure features built from source Jacobian rows and active non-final velocity rows. The target Jacobian is used only to evaluate capacity, so this is not an accepted full-TFE stage replacement."
cylindrical_smooth,0.02,case_local_weak_row_structure_capacity_value_component_nonfinal,paper_tfe_lower_pair_velocity_compression_weak_row_structure_capacity_gap_not_full_tfe,,case_local_weak_row_structure_capacity_nonfinal_component_diagonal_value_fit,case_local_weak_row_structure_capacity_oracle_fit,active_plus_weak_source_active_shifted_commutator_rows_perp,active non-final velocity plus shifted source/active commutator-like weak-row structure products,"0,1",1,24,8,16,24,16,272,62,2.1722770134203849e+05,272,4.0425360086015170e+00,True,True,False,False,True,False,8,132,24,29,5,7.1270418382852886e+03,2.6042001459760067e-01,2.5976201820512657e-01,1.7047018987291590e-01,1.9600056241422772e-01,7.5453895749859679e-01,9.9256681660017398e-01,1.9600056241422772e-01,7.5263248378618874e-01,9.9229799549028819e-01,3.6670050889316870e-14,8.6140718810505691e-34,True,True,True,False,True,True,False,False,False,False,False,"The tested source/active cross-Gram, Hadamard, and shifted-commutator weak-row structures do not reproduce the local correction.",derive a revised analytical weak-row formula or nonlinear recurrent history source law for the coefficient-gradient closure,"This capacity audit tests target-free algebraic weak-row structure features built from source Jacobian rows and active non-final velocity rows. The target Jacobian is used only to evaluate capacity, so this is not an accepted full-TFE stage replacement."
cylindrical_smooth,0.02,universal_weak_row_structure_capacity_value_component_nonfinal,paper_tfe_lower_pair_velocity_compression_weak_row_structure_capacity_gap_not_full_tfe,,universal_weak_row_structure_capacity_nonfinal_component_diagonal_value_fit,all_case_h_weak_row_structure_capacity_oracle_fit,weak_active_cross_gram_rows_perp,source/active cross-Gram weighted non-final velocity rows residualized against source rows,"0,1",6,24,8,16,24,16,16,0,inf,16,7.4081648852660260e-16,True,True,True,False,False,False,8,132,23,31,8,2.2904633095843607e+11,2.6042001459760067e-01,2.6003035716321488e-01,1.2825524924479753e-02,2.5971386670110747e-01,9.9878287110182007e-01,9.9999995071194381e-01,2.5971386670110752e-01,9.9728842693759812e-01,9.9993878320768492e-01,9.9171268757357645e-01,5.6396941262862447e-18,True,True,True,False,True,True,False,False,False,False,False,"The tested source/active cross-Gram, Hadamard, and shifted-commutator weak-row structures do not reproduce the local correction.",derive a revised analytical weak-row formula or nonlinear recurrent history source law for the coefficient-gradient closure,"This capacity audit tests target-free algebraic weak-row structure features built from source Jacobian rows and active non-final velocity rows. The target Jacobian is used only to evaluate capacity, so this is not an accepted full-TFE stage replacement."
cylindrical_smooth,0.02,universal_weak_row_structure_capacity_value_component_nonfinal,paper_tfe_lower_pair_velocity_compression_weak_row_structure_capacity_gap_not_full_tfe,,universal_weak_row_structure_capacity_nonfinal_component_diagonal_value_fit,all_case_h_weak_row_structure_capacity_oracle_fit,weak_source_active_hadamard_rows_perp,pairwise source-row and non-final velocity-row Hadamard products residualized against source rows,"0,1",6,24,8,16,24,16,256,56,8.7923144914063902e+04,256,1.1488445840647994e-01,True,True,False,True,False,False,8,132,24,28,4,2.0637616185779489e+03,2.6042001459760067e-01,2.6003035716321488e-01,1.8515521411263730e-01,1.8257418583505555e-01,7.0212642795571012e-01,9.9256681659208112e-01,1.8257418583505555e-01,7.0107586053694071e-01,9.9229799549028819e-01,4.0747146062021588e-15,5.6396941262862447e-18,True,True,True,False,True,True,False,False,False,False,False,"The tested source/active cross-Gram, Hadamard, and shifted-commutator weak-row structures do not reproduce the local correction.",derive a revised analytical weak-row formula or nonlinear recurrent history source law for the coefficient-gradient closure,"This capacity audit tests target-free algebraic weak-row structure features built from source Jacobian rows and active non-final velocity rows. The target Jacobian is used only to evaluate capacity, so this is not an accepted full-TFE stage replacement."
cylindrical_smooth,0.02,universal_weak_row_structure_capacity_value_component_nonfinal,paper_tfe_lower_pair_velocity_compression_weak_row_structure_capacity_gap_not_full_tfe,,universal_weak_row_structure_capacity_nonfinal_component_diagonal_value_fit,all_case_h_weak_row_structure_capacity_oracle_fit,active_plus_weak_source_active_hadamard_rows_perp,active non-final velocity plus source/active Hadamard weak-row structure rows,"0,1",6,24,8,16,24,16,272,64,1.5093470297253446e+06,272,4.0016494647561709e+00,True,True,False,True,False,False,8,132,24,28,4,2.0637616185933402e+03,2.6042001459760067e-01,2.6003035716321488e-01,1.8515521411263394e-01,1.8257418583505539e-01,7.0212642795570945e-01,9.9256681659208112e-01,1.8257418583505539e-01,7.0107586053694004e-01,9.9229799549028819e-01,8.0418223511484989e-14,5.6396941262862447e-18,True,True,True,False,True,True,False,False,False,False,False,"The tested source/active cross-Gram, Hadamard, and shifted-commutator weak-row structures do not reproduce the local correction.",derive a revised analytical weak-row formula or nonlinear recurrent history source law for the coefficient-gradient closure,"This capacity audit tests target-free algebraic weak-row structure features built from source Jacobian rows and active non-final velocity rows. The target Jacobian is used only to evaluate capacity, so this is not an accepted full-TFE stage replacement."
cylindrical_smooth,0.02,universal_weak_row_structure_capacity_value_component_nonfinal,paper_tfe_lower_pair_velocity_compression_weak_row_structure_capacity_gap_not_full_tfe,,universal_weak_row_structure_capacity_nonfinal_component_diagonal_value_fit,all_case_h_weak_row_structure_capacity_oracle_fit,weak_source_active_cross_hadamard_rows_perp,cross-Gram weighted source/active Hadamard weak-row structure rows,"0,1",6,24,8,16,24,16,256,0,inf,256,5.9306348952922662e-18,True,True,True,True,False,False,8,132,24,28,4,2.0637616185765351e+03,2.6042001459760067e-01,2.6003035716321488e-01,1.8515521411263672e-01,1.8257418583505555e-01,7.0212642795571012e-01,9.9256681659208112e-01,1.8257418583505555e-01,7.0107586053694071e-01,9.9229799549028819e-01,3.0198383330287152e-15,5.6396941262862447e-18,True,True,True,False,True,True,False,False,False,False,False,"The tested source/active cross-Gram, Hadamard, and shifted-commutator weak-row structures do not reproduce the local correction.",derive a revised analytical weak-row formula or nonlinear recurrent history source law for the coefficient-gradient closure,"This capacity audit tests target-free algebraic weak-row structure features built from source Jacobian rows and active non-final velocity rows. The target Jacobian is used only to evaluate capacity, so this is not an accepted full-TFE stage replacement."
cylindrical_smooth,0.02,universal_weak_row_structure_capacity_value_component_nonfinal,paper_tfe_lower_pair_velocity_compression_weak_row_structure_capacity_gap_not_full_tfe,,universal_weak_row_structure_capacity_nonfinal_component_diagonal_value_fit,all_case_h_weak_row_structure_capacity_oracle_fit,weak_source_active_shifted_commutator_rows_perp,shifted source/active commutator-like weak-row structure products,"0,1",6,24,8,16,24,16,256,54,1.0461089154302349e+06,256,5.8489091362397105e-01,True,True,False,False,True,False,8,132,24,29,5,7.1270419320996707e+03,2.6042001459760067e-01,2.6003035716321488e-01,1.7087880553109933e-01,1.9600056241422786e-01,7.5376030919037262e-01,9.9256681659208112e-01,1.9600056241422784e-01,7.5263248378618919e-01,9.9229799549028819e-01,4.8658582452973565e-15,5.6396941262862447e-18,True,True,True,False,True,True,False,False,False,False,False,"The tested source/active cross-Gram, Hadamard, and shifted-commutator weak-row structures do not reproduce the local correction.",derive a revised analytical weak-row formula or nonlinear recurrent history source law for the coefficient-gradient closure,"This capacity audit tests target-free algebraic weak-row structure features built from source Jacobian rows and active non-final velocity rows. The target Jacobian is used only to evaluate capacity, so this is not an accepted full-TFE stage replacement."
cylindrical_smooth,0.02,universal_weak_row_structure_capacity_value_component_nonfinal,paper_tfe_lower_pair_velocity_compression_weak_row_structure_capacity_gap_not_full_tfe,,universal_weak_row_structure_capacity_nonfinal_component_diagonal_value_fit,all_case_h_weak_row_structure_capacity_oracle_fit,active_plus_weak_source_active_shifted_commutator_rows_perp,active non-final velocity plus shifted source/active commutator-like weak-row structure products,"0,1",6,24,8,16,24,16,272,62,2.1722770134203849e+05,272,4.0425360086015170e+00,True,True,False,False,True,False,8,132,24,29,5,7.1270419321246973e+03,2.6042001459760067e-01,2.6003035716321488e-01,1.7087880553110285e-01,1.9600056241422772e-01,7.5376030919037207e-01,9.9256681659208112e-01,1.9600056241422772e-01,7.5263248378618874e-01,9.9229799549028819e-01,4.1534117707821847e-14,5.6396941262862447e-18,True,True,True,False,True,True,False,False,False,False,False,"The tested source/active cross-Gram, Hadamard, and shifted-commutator weak-row structures do not reproduce the local correction.",derive a revised analytical weak-row formula or nonlinear recurrent history source law for the coefficient-gradient closure,"This capacity audit tests target-free algebraic weak-row structure features built from source Jacobian rows and active non-final velocity rows. The target Jacobian is used only to evaluate capacity, so this is not an accepted full-TFE stage replacement."
cylindrical_smooth,0.02,case_local_weak_row_structure_capacity_value_full_nonfinal,paper_tfe_lower_pair_velocity_compression_weak_row_structure_capacity_gap_not_full_tfe,,case_local_weak_row_structure_capacity_nonfinal_full_component_value_fit,case_local_weak_row_structure_capacity_oracle_fit,weak_active_cross_gram_rows_perp,source/active cross-Gram weighted non-final velocity rows residualized against source rows,"0,1",1,24,8,16,24,16,16,0,inf,16,7.4081648852660260e-16,True,True,True,False,False,False,8,132,23,31,8,2.2904633460103967e+11,2.6042001459760067e-01,2.5971476306666380e-01,6.8234736949555452e-04,2.5971386670110747e-01,9.9999654865381638e-01,9.9999995071148085e-01,2.5971386670110752e-01,9.9728842693759812e-01,9.9993878320768492e-01,9.9171268757357645e-01,3.8518598887744717e-34,True,True,True,False,True,True,False,False,False,False,False,"The tested source/active cross-Gram, Hadamard, and shifted-commutator weak-row structures do not reproduce the local correction.",derive a revised analytical weak-row formula or nonlinear recurrent history source law for the coefficient-gradient closure,"This capacity audit tests target-free algebraic weak-row structure features built from source Jacobian rows and active non-final velocity rows. The target Jacobian is used only to evaluate capacity, so this is not an accepted full-TFE stage replacement."
cylindrical_smooth,0.02,case_local_weak_row_structure_capacity_value_full_nonfinal,paper_tfe_lower_pair_velocity_compression_weak_row_structure_capacity_gap_not_full_tfe,,case_local_weak_row_structure_capacity_nonfinal_full_component_value_fit,case_local_weak_row_structure_capacity_oracle_fit,weak_source_active_hadamard_rows_perp,pairwise source-row and non-final velocity-row Hadamard products residualized against source rows,"0,1",1,24,8,16,24,16,256,56,8.7923144914063902e+04,256,1.1488445840647994e-01,True,True,False,True,False,False,8,132,24,29,5,2.0637615854626183e+03,2.6042001459760067e-01,2.5971476306666380e-01,1.8471173439021105e-01,1.8257418583505539e-01,7.0297962148648474e-01,9.9256681659154733e-01,1.8257418583505539e-01,7.0107586053694004e-01,9.9229799549028819e-01,9.4469589998731422e-11,3.8518598887744717e-34,True,True,True,False,True,True,False,False,False,False,False,"The tested source/active cross-Gram, Hadamard, and shifted-commutator weak-row structures do not reproduce the local correction.",derive a revised analytical weak-row formula or nonlinear recurrent history source law for the coefficient-gradient closure,"This capacity audit tests target-free algebraic weak-row structure features built from source Jacobian rows and active non-final velocity rows. The target Jacobian is used only to evaluate capacity, so this is not an accepted full-TFE stage replacement."
cylindrical_smooth,0.02,case_local_weak_row_structure_capacity_value_full_nonfinal,paper_tfe_lower_pair_velocity_compression_weak_row_structure_capacity_gap_not_full_tfe,,case_local_weak_row_structure_capacity_nonfinal_full_component_value_fit,case_local_weak_row_structure_capacity_oracle_fit,active_plus_weak_source_active_hadamard_rows_perp,active non-final velocity plus source/active Hadamard weak-row structure rows,"0,1",1,24,8,16,24,16,272,64,1.5093470297253446e+06,272,4.0016494647561709e+00,True,True,False,True,False,False,8,132,24,28,4,2.0637615854639175e+03,2.6042001459760067e-01,2.5971476306666380e-01,1.8471173439021429e-01,1.8257418583505539e-01,7.0297962148648474e-01,9.9256681659154733e-01,1.8257418583505539e-01,7.0107586053694004e-01,9.9229799549028819e-01,8.0901167396807145e-14,3.8518598887744717e-34,True,True,True,False,True,True,False,False,False,False,False,"The tested source/active cross-Gram, Hadamard, and shifted-commutator weak-row structures do not reproduce the local correction.",derive a revised analytical weak-row formula or nonlinear recurrent history source law for the coefficient-gradient closure,"This capacity audit tests target-free algebraic weak-row structure features built from source Jacobian rows and active non-final velocity rows. The target Jacobian is used only to evaluate capacity, so this is not an accepted full-TFE stage replacement."
cylindrical_smooth,0.02,case_local_weak_row_structure_capacity_value_full_nonfinal,paper_tfe_lower_pair_velocity_compression_weak_row_structure_capacity_gap_not_full_tfe,,case_local_weak_row_structure_capacity_nonfinal_full_component_value_fit,case_local_weak_row_structure_capacity_oracle_fit,weak_source_active_cross_hadamard_rows_perp,cross-Gram weighted source/active Hadamard weak-row structure rows,"0,1",1,24,8,16,24,16,256,0,inf,256,5.9306348952922662e-18,True,True,True,True,False,False,8,132,24,29,5,2.0637615854614228e+03,2.6042001459760067e-01,2.5971476306666380e-01,1.8471173439021626e-01,1.8257418583505539e-01,7.0297962148648474e-01,9.9256681659154733e-01,1.8257418583505539e-01,7.0107586053694004e-01,9.9229799549028819e-01,9.4469590016469173e-11,3.8518598887744717e-34,True,True,True,False,True,True,False,False,False,False,False,"The tested source/active cross-Gram, Hadamard, and shifted-commutator weak-row structures do not reproduce the local correction.",derive a revised analytical weak-row formula or nonlinear recurrent history source law for the coefficient-gradient closure,"This capacity audit tests target-free algebraic weak-row structure features built from source Jacobian rows and active non-final velocity rows. The target Jacobian is used only to evaluate capacity, so this is not an accepted full-TFE stage replacement."
cylindrical_smooth,0.02,case_local_weak_row_structure_capacity_value_full_nonfinal,paper_tfe_lower_pair_velocity_compression_weak_row_structure_capacity_gap_not_full_tfe,,case_local_weak_row_structure_capacity_nonfinal_full_component_value_fit,case_local_weak_row_structure_capacity_oracle_fit,weak_source_active_shifted_commutator_rows_perp,shifted source/active commutator-like weak-row structure products,"0,1",1,24,8,16,24,16,256,54,1.0461089154302349e+06,256,5.8489091362397105e-01,True,True,False,False,True,False,8,132,24,29,5,7.1270417607563204e+03,2.6042001459760067e-01,2.5971476306666380e-01,1.7039817395758561e-01,1.9600056241422772e-01,7.5467624597034610e-01,9.9256681659154733e-01,1.9600056241422772e-01,7.5263248378618874e-01,9.9229799549028819e-01,9.4469590348507187e-11,3.8518598887744717e-34,True,True,True,False,True,True,False,False,False,False,False,"The tested source/active cross-Gram, Hadamard, and shifted-commutator weak-row structures do not reproduce the local correction.",derive a revised analytical weak-row formula or nonlinear recurrent history source law for the coefficient-gradient closure,"This capacity audit tests target-free algebraic weak-row structure features built from source Jacobian rows and active non-final velocity rows. The target Jacobian is used only to evaluate capacity, so this is not an accepted full-TFE stage replacement."
cylindrical_smooth,0.02,case_local_weak_row_structure_capacity_value_full_nonfinal,paper_tfe_lower_pair_velocity_compression_weak_row_structure_capacity_gap_not_full_tfe,,case_local_weak_row_structure_capacity_nonfinal_full_component_value_fit,case_local_weak_row_structure_capacity_oracle_fit,active_plus_weak_source_active_shifted_commutator_rows_perp,active non-final velocity plus shifted source/active commutator-like weak-row structure products,"0,1",1,24,8,16,24,16,272,62,2.1722770134203849e+05,272,4.0425360086015170e+00,True,True,False,False,True,False,8,132,24,29,5,7.1270417607496292e+03,2.6042001459760067e-01,2.5971476306666380e-01,1.7039817395758916e-01,1.9600056241422772e-01,7.5467624597034610e-01,9.9256681659154733e-01,1.9600056241422772e-01,7.5263248378618874e-01,9.9229799549028819e-01,5.0600719740032911e-14,3.8518598887744717e-34,True,True,True,False,True,True,False,False,False,False,False,"The tested source/active cross-Gram, Hadamard, and shifted-commutator weak-row structures do not reproduce the local correction.",derive a revised analytical weak-row formula or nonlinear recurrent history source law for the coefficient-gradient closure,"This capacity audit tests target-free algebraic weak-row structure features built from source Jacobian rows and active non-final velocity rows. The target Jacobian is used only to evaluate capacity, so this is not an accepted full-TFE stage replacement."
cylindrical_smooth,0.02,universal_weak_row_structure_capacity_value_full_nonfinal,paper_tfe_lower_pair_velocity_compression_weak_row_structure_capacity_gap_not_full_tfe,,universal_weak_row_structure_capacity_nonfinal_full_component_value_fit,all_case_h_weak_row_structure_capacity_oracle_fit,weak_active_cross_gram_rows_perp,source/active cross-Gram weighted non-final velocity rows residualized against source rows,"0,1",6,24,8,16,24,16,16,0,inf,16,7.4081648852660260e-16,True,True,True,False,False,False,8,132,23,31,8,2.2904633725837720e+11,2.6042001459760067e-01,2.5971476539207483e-01,6.8323189315115901e-04,2.5971386670110747e-01,9.9999653970013602e-01,9.9999994998415942e-01,2.5971386670110752e-01,9.9728842693759812e-01,9.9993878320768492e-01,9.9171268757357633e-01,1.8174507740069540e-29,True,True,True,False,True,True,False,False,False,False,False,"The tested source/active cross-Gram, Hadamard, and shifted-commutator weak-row structures do not reproduce the local correction.",derive a revised analytical weak-row formula or nonlinear recurrent history source law for the coefficient-gradient closure,"This capacity audit tests target-free algebraic weak-row structure features built from source Jacobian rows and active non-final velocity rows. The target Jacobian is used only to evaluate capacity, so this is not an accepted full-TFE stage replacement."
cylindrical_smooth,0.02,universal_weak_row_structure_capacity_value_full_nonfinal,paper_tfe_lower_pair_velocity_compression_weak_row_structure_capacity_gap_not_full_tfe,,universal_weak_row_structure_capacity_nonfinal_full_component_value_fit,all_case_h_weak_row_structure_capacity_oracle_fit,weak_source_active_hadamard_rows_perp,pairwise source-row and non-final velocity-row Hadamard products residualized against source rows,"0,1",6,24,8,16,24,16,256,56,8.7923144914063902e+04,256,1.1488445840647994e-01,True,True,False,True,False,False,8,132,24,31,7,2.0637505374109910e+03,2.6042001459760067e-01,2.5971476539207483e-01,1.8471173650945721e-01,1.8257418699893493e-01,7.0297961967358424e-01,9.9256679242029022e-01,1.8257418699884304e-01,7.0107586500582719e-01,9.9229800847242300e-01,1.5438302573998090e-06,1.8174507740069540e-29,True,True,True,False,True,True,False,False,False,False,False,"The tested source/active cross-Gram, Hadamard, and shifted-commutator weak-row structures do not reproduce the local correction.",derive a revised analytical weak-row formula or nonlinear recurrent history source law for the coefficient-gradient closure,"This capacity audit tests target-free algebraic weak-row structure features built from source Jacobian rows and active non-final velocity rows. The target Jacobian is used only to evaluate capacity, so this is not an accepted full-TFE stage replacement."
cylindrical_smooth,0.02,universal_weak_row_structure_capacity_value_full_nonfinal,paper_tfe_lower_pair_velocity_compression_weak_row_structure_capacity_gap_not_full_tfe,,universal_weak_row_structure_capacity_nonfinal_full_component_value_fit,all_case_h_weak_row_structure_capacity_oracle_fit,active_plus_weak_source_active_hadamard_rows_perp,active non-final velocity plus source/active Hadamard weak-row structure rows,"0,1",6,24,8,16,24,16,272,64,1.5093470297253446e+06,272,4.0016494647561709e+00,True,True,False,True,False,False,8,132,24,28,4,2.0637615854621054e+03,2.6042001459760067e-01,2.5971476539207483e-01,1.8471173765986559e-01,1.8257418583505539e-01,7.0297961519220820e-01,9.9256677943360805e-01,1.8257418583505539e-01,7.0107586053694004e-01,9.9229799549028819e-01,6.2786881510098669e-14,1.8174507740069540e-29,True,True,True,False,True,True,False,False,False,False,False,"The tested source/active cross-Gram, Hadamard, and shifted-commutator weak-row structures do not reproduce the local correction.",derive a revised analytical weak-row formula or nonlinear recurrent history source law for the coefficient-gradient closure,"This capacity audit tests target-free algebraic weak-row structure features built from source Jacobian rows and active non-final velocity rows. The target Jacobian is used only to evaluate capacity, so this is not an accepted full-TFE stage replacement."
cylindrical_smooth,0.02,universal_weak_row_structure_capacity_value_full_nonfinal,paper_tfe_lower_pair_velocity_compression_weak_row_structure_capacity_gap_not_full_tfe,,universal_weak_row_structure_capacity_nonfinal_full_component_value_fit,all_case_h_weak_row_structure_capacity_oracle_fit,weak_source_active_cross_hadamard_rows_perp,cross-Gram weighted source/active Hadamard weak-row structure rows,"0,1",6,24,8,16,24,16,256,0,inf,256,5.9306348952922662e-18,True,True,True,True,False,False,8,132,24,31,7,2.0637505374055731e+03,2.6042001459760067e-01,2.5971476539207483e-01,1.8471173650946404e-01,1.8257418699893493e-01,7.0297961967358424e-01,9.9256679242029022e-01,1.8257418699884304e-01,7.0107586500582719e-01,9.9229800847242300e-01,1.5438302573990630e-06,1.8174507740069540e-29,True,True,True,False,True,True,False,False,False,False,False,"The tested source/active cross-Gram, Hadamard, and shifted-commutator weak-row structures do not reproduce the local correction.",derive a revised analytical weak-row formula or nonlinear recurrent history source law for the coefficient-gradient closure,"This capacity audit tests target-free algebraic weak-row structure features built from source Jacobian rows and active non-final velocity rows. The target Jacobian is used only to evaluate capacity, so this is not an accepted full-TFE stage replacement."
cylindrical_smooth,0.02,universal_weak_row_structure_capacity_value_full_nonfinal,paper_tfe_lower_pair_velocity_compression_weak_row_structure_capacity_gap_not_full_tfe,,universal_weak_row_structure_capacity_nonfinal_full_component_value_fit,all_case_h_weak_row_structure_capacity_oracle_fit,weak_source_active_shifted_commutator_rows_perp,shifted source/active commutator-like weak-row structure products,"0,1",6,24,8,16,24,16,256,54,1.0461089154302349e+06,256,5.8489091362397105e-01,True,True,False,False,True,False,8,132,24,32,8,7.1269973894339646e+03,2.6042001459760067e-01,2.5971476539207483e-01,1.7039817625484785e-01,1.9600056349837952e-01,7.5467624338758699e-01,9.9256679242029022e-01,1.9600056349829303e-01,7.5263248794894599e-01,9.9229800847241489e-01,1.5438275147726499e-06,1.8174507740069540e-29,True,True,True,False,True,True,False,False,False,False,False,"The tested source/active cross-Gram, Hadamard, and shifted-commutator weak-row structures do not reproduce the local correction.",derive a revised analytical weak-row formula or nonlinear recurrent history source law for the coefficient-gradient closure,"This capacity audit tests target-free algebraic weak-row structure features built from source Jacobian rows and active non-final velocity rows. The target Jacobian is used only to evaluate capacity, so this is not an accepted full-TFE stage replacement."
cylindrical_smooth,0.02,universal_weak_row_structure_capacity_value_full_nonfinal,paper_tfe_lower_pair_velocity_compression_weak_row_structure_capacity_gap_not_full_tfe,,universal_weak_row_structure_capacity_nonfinal_full_component_value_fit,all_case_h_weak_row_structure_capacity_oracle_fit,active_plus_weak_source_active_shifted_commutator_rows_perp,active non-final velocity plus shifted source/active commutator-like weak-row structure products,"0,1",6,24,8,16,24,16,272,62,2.1722770134203849e+05,272,4.0425360086015170e+00,True,True,False,False,True,False,8,132,24,29,5,7.1270417607615882e+03,2.6042001459760067e-01,2.5971476539207483e-01,1.7039817750189654e-01,1.9600056241422767e-01,7.5467623921319260e-01,9.9256677943360805e-01,1.9600056241422767e-01,7.5263248378618852e-01,9.9229799549028819e-01,4.6606111798091565e-14,1.8174507740069540e-29,True,True,True,False,True,True,False,False,False,False,False,"The tested source/active cross-Gram, Hadamard, and shifted-commutator weak-row structures do not reproduce the local correction.",derive a revised analytical weak-row formula or nonlinear recurrent history source law for the coefficient-gradient closure,"This capacity audit tests target-free algebraic weak-row structure features built from source Jacobian rows and active non-final velocity rows. The target Jacobian is used only to evaluate capacity, so this is not an accepted full-TFE stage replacement."
cylindrical_smooth,0.01,case_local_weak_row_structure_capacity_value_scalar_nonfinal,paper_tfe_lower_pair_velocity_compression_weak_row_structure_capacity_gap_not_full_tfe,,case_local_weak_row_structure_capacity_nonfinal_stage_scalar_value_fit,case_local_weak_row_structure_capacity_oracle_fit,weak_active_cross_gram_rows_perp,source/active cross-Gram weighted non-final velocity rows residualized against source rows,"0,1",1,24,8,16,24,16,16,0,inf,16,5.1341425967577039e-16,True,True,True,False,False,False,8,132,23,31,8,1.4736423825977550e+14,1.8390267947137043e-01,1.8388667796229685e-01,6.1874859091415449e-05,1.8388666755235761e-01,9.9999994338937781e-01,9.9999999915894489e-01,1.8388666755235761e-01,9.9991293264970993e-01,9.9999802408096350e-01,9.9973398001944780e-01,1.4501435478675553e-18,True,True,True,False,True,True,False,False,False,False,False,"The tested source/active cross-Gram, Hadamard, and shifted-commutator weak-row structures do not reproduce the local correction.",derive a revised analytical weak-row formula or nonlinear recurrent history source law for the coefficient-gradient closure,"This capacity audit tests target-free algebraic weak-row structure features built from source Jacobian rows and active non-final velocity rows. The target Jacobian is used only to evaluate capacity, so this is not an accepted full-TFE stage replacement."
cylindrical_smooth,0.01,case_local_weak_row_structure_capacity_value_scalar_nonfinal,paper_tfe_lower_pair_velocity_compression_weak_row_structure_capacity_gap_not_full_tfe,,case_local_weak_row_structure_capacity_nonfinal_stage_scalar_value_fit,case_local_weak_row_structure_capacity_oracle_fit,weak_source_active_hadamard_rows_perp,pairwise source-row and non-final velocity-row Hadamard products residualized against source rows,"0,1",1,24,8,16,24,16,256,56,1.1127402436637506e+06,256,1.1039190193691459e-01,True,True,False,True,False,False,8,132,24,28,4,1.1525155891384025e+04,1.8390267947137043e-01,1.8388667796229685e-01,1.3094901169776227e-01,1.2909944487639252e-01,7.0205980284695979e-01,9.9263212788147992e-01,1.2909944487639249e-01,7.0199871610076470e-01,9.9262348048964033e-01,3.2386010463843573e-14,1.4501435478675553e-18,True,True,True,False,True,True,False,False,False,False,False,"The tested source/active cross-Gram, Hadamard, and shifted-commutator weak-row structures do not reproduce the local correction.",derive a revised analytical weak-row formula or nonlinear recurrent history source law for the coefficient-gradient closure,"This capacity audit tests target-free algebraic weak-row structure features built from source Jacobian rows and active non-final velocity rows. The target Jacobian is used only to evaluate capacity, so this is not an accepted full-TFE stage replacement."
cylindrical_smooth,0.01,case_local_weak_row_structure_capacity_value_scalar_nonfinal,paper_tfe_lower_pair_velocity_compression_weak_row_structure_capacity_gap_not_full_tfe,,case_local_weak_row_structure_capacity_nonfinal_stage_scalar_value_fit,case_local_weak_row_structure_capacity_oracle_fit,active_plus_weak_source_active_hadamard_rows_perp,active non-final velocity plus source/active Hadamard weak-row structure rows,"0,1",1,24,8,16,24,16,272,64,1.8161404364209965e+07,272,4.0015230065580347e+00,True,True,False,True,False,False,8,132,24,28,4,1.1525215929050866e+04,1.8390267947137043e-01,1.8388667796229685e-01,1.3094901170042245e-01,1.2909944487358055e-01,7.0205980283166791e-01,9.9263212785985910e-01,1.2909944487358055e-01,7.0199871608547426e-01,9.9262348046801974e-01,8.1179263631725433e-13,1.4501435478675553e-18,True,True,True,False,True,True,False,False,False,False,False,"The tested source/active cross-Gram, Hadamard, and shifted-commutator weak-row structures do not reproduce the local correction.",derive a revised analytical weak-row formula or nonlinear recurrent history source law for the coefficient-gradient closure,"This capacity audit tests target-free algebraic weak-row structure features built from source Jacobian rows and active non-final velocity rows. The target Jacobian is used only to evaluate capacity, so this is not an accepted full-TFE stage replacement."
cylindrical_smooth,0.01,case_local_weak_row_structure_capacity_value_scalar_nonfinal,paper_tfe_lower_pair_velocity_compression_weak_row_structure_capacity_gap_not_full_tfe,,case_local_weak_row_structure_capacity_nonfinal_stage_scalar_value_fit,case_local_weak_row_structure_capacity_oracle_fit,weak_source_active_cross_hadamard_rows_perp,cross-Gram weighted source/active Hadamard weak-row structure rows,"0,1",1,24,8,16,24,16,256,0,inf,256,7.6922053669704699e-18,True,True,True,True,False,False,8,132,24,28,4,1.1525155897784209e+04,1.8390267947137043e-01,1.8388667796229685e-01,1.3094901169770023e-01,1.2909944487639252e-01,7.0205980284695979e-01,9.9263212788147992e-01,1.2909944487639249e-01,7.0199871610076470e-01,9.9262348048964033e-01,1.0905368007150630e-13,1.4501435478675553e-18,True,True,True,False,True,True,False,False,False,False,False,"The tested source/active cross-Gram, Hadamard, and shifted-commutator weak-row structures do not reproduce the local correction.",derive a revised analytical weak-row formula or nonlinear recurrent history source law for the coefficient-gradient closure,"This capacity audit tests target-free algebraic weak-row structure features built from source Jacobian rows and active non-final velocity rows. The target Jacobian is used only to evaluate capacity, so this is not an accepted full-TFE stage replacement."
cylindrical_smooth,0.01,case_local_weak_row_structure_capacity_value_scalar_nonfinal,paper_tfe_lower_pair_velocity_compression_weak_row_structure_capacity_gap_not_full_tfe,,case_local_weak_row_structure_capacity_nonfinal_stage_scalar_value_fit,case_local_weak_row_structure_capacity_oracle_fit,weak_source_active_shifted_commutator_rows_perp,shifted source/active commutator-like weak-row structure products,"0,1",1,24,8,16,24,16,256,54,6.5611804426712152e+06,256,5.8298242596872518e-01,True,True,False,False,True,False,8,132,24,29,5,3.2412719630398111e+04,1.8390267947137043e-01,1.8388667796229685e-01,1.1969625780751791e-01,1.3959626140726858e-01,7.5914287513471013e-01,9.9263212788147992e-01,1.3959626140726852e-01,7.5907682154789136e-01,9.9262348048964022e-01,1.7306335956709265e-13,1.4501435478675553e-18,True,True,True,False,True,True,False,False,False,False,False,"The tested source/active cross-Gram, Hadamard, and shifted-commutator weak-row structures do not reproduce the local correction.",derive a revised analytical weak-row formula or nonlinear recurrent history source law for the coefficient-gradient closure,"This capacity audit tests target-free algebraic weak-row structure features built from source Jacobian rows and active non-final velocity rows. The target Jacobian is used only to evaluate capacity, so this is not an accepted full-TFE stage replacement."
cylindrical_smooth,0.01,case_local_weak_row_structure_capacity_value_scalar_nonfinal,paper_tfe_lower_pair_velocity_compression_weak_row_structure_capacity_gap_not_full_tfe,,case_local_weak_row_structure_capacity_nonfinal_stage_scalar_value_fit,case_local_weak_row_structure_capacity_oracle_fit,active_plus_weak_source_active_shifted_commutator_rows_perp,active non-final velocity plus shifted source/active commutator-like weak-row structure products,"0,1",1,24,8,16,24,16,272,62,1.2801040258846601e+07,272,4.0422603217739930e+00,True,True,False,False,True,False,8,132,24,29,5,3.2413675879079845e+04,1.8390267947137043e-01,1.8388667796229685e-01,1.1969625781055446e-01,1.3959626140466794e-01,7.5914287512056755e-01,9.9263212785985910e-01,1.3959626140466794e-01,7.5907682153375033e-01,9.9262348046801974e-01,1.2985450712432305e-12,1.4501435478675553e-18,True,True,True,False,True,True,False,False,False,False,False,"The tested source/active cross-Gram, Hadamard, and shifted-commutator weak-row structures do not reproduce the local correction.",derive a revised analytical weak-row formula or nonlinear recurrent history source law for the coefficient-gradient closure,"This capacity audit tests target-free algebraic weak-row structure features built from source Jacobian rows and active non-final velocity rows. The target Jacobian is used only to evaluate capacity, so this is not an accepted full-TFE stage replacement."
cylindrical_smooth,0.01,universal_weak_row_structure_capacity_value_scalar_nonfinal,paper_tfe_lower_pair_velocity_compression_weak_row_structure_capacity_gap_not_full_tfe,,universal_weak_row_structure_capacity_nonfinal_stage_scalar_value_fit,all_case_h_weak_row_structure_capacity_oracle_fit,weak_active_cross_gram_rows_perp,source/active cross-Gram weighted non-final velocity rows residualized against source rows,"0,1",6,24,8,16,24,16,16,0,inf,16,5.1341425967577039e-16,True,True,True,False,False,False,8,132,23,31,8,1.4736519155214097e+14,1.8390267947137043e-01,1.8388667815555412e-01,6.2446561672190384e-05,1.8388666755235761e-01,9.9999994233841938e-01,9.9999999915640703e-01,1.8388666755235761e-01,9.9991293264970993e-01,9.9999802408096350e-01,9.9973398001944780e-01,1.6433765094034822e-18,True,True,True,False,True,True,False,False,False,False,False,"The tested source/active cross-Gram, Hadamard, and shifted-commutator weak-row structures do not reproduce the local correction.",derive a revised analytical weak-row formula or nonlinear recurrent history source law for the coefficient-gradient closure,"This capacity audit tests target-free algebraic weak-row structure features built from source Jacobian rows and active non-final velocity rows. The target Jacobian is used only to evaluate capacity, so this is not an accepted full-TFE stage replacement."
cylindrical_smooth,0.01,universal_weak_row_structure_capacity_value_scalar_nonfinal,paper_tfe_lower_pair_velocity_compression_weak_row_structure_capacity_gap_not_full_tfe,,universal_weak_row_structure_capacity_nonfinal_stage_scalar_value_fit,all_case_h_weak_row_structure_capacity_oracle_fit,weak_source_active_hadamard_rows_perp,pairwise source-row and non-final velocity-row Hadamard products residualized against source rows,"0,1",6,24,8,16,24,16,256,56,1.1127402436637506e+06,256,1.1039190193691459e-01,True,True,False,True,False,False,8,132,24,28,4,1.1525215930463375e+04,1.8390267947137043e-01,1.8388667815555412e-01,1.3094901197191250e-01,1.2909944487358055e-01,7.0205980209383223e-01,9.9263212777494936e-01,1.2909944487358055e-01,7.0199871608547426e-01,9.9262348046801974e-01,1.1161088230457347e-13,1.6433765094034822e-18,True,True,True,False,True,True,False,False,False,False,False,"The tested source/active cross-Gram, Hadamard, and shifted-commutator weak-row structures do not reproduce the local correction.",derive a revised analytical weak-row formula or nonlinear recurrent history source law for the coefficient-gradient closure,"This capacity audit tests target-free algebraic weak-row structure features built from source Jacobian rows and active non-final velocity rows. The target Jacobian is used only to evaluate capacity, so this is not an accepted full-TFE stage replacement."
cylindrical_smooth,0.01,universal_weak_row_structure_capacity_value_scalar_nonfinal,paper_tfe_lower_pair_velocity_compression_weak_row_structure_capacity_gap_not_full_tfe,,universal_weak_row_structure_capacity_nonfinal_stage_scalar_value_fit,all_case_h_weak_row_structure_capacity_oracle_fit,active_plus_weak_source_active_hadamard_rows_perp,active non-final velocity plus source/active Hadamard weak-row structure rows,"0,1",6,24,8,16,24,16,272,64,1.8161404364209965e+07,272,4.0015230065580347e+00,True,True,False,True,False,False,8,132,24,28,4,1.1525215930150673e+04,1.8390267947137043e-01,1.8388667815555412e-01,1.3094901197180750e-01,1.2909944487358055e-01,7.0205980209383223e-01,9.9263212777494936e-01,1.2909944487358055e-01,7.0199871608547426e-01,9.9262348046801974e-01,9.7733439312160259e-13,1.6433765094034822e-18,True,True,True,False,True,True,False,False,False,False,False,"The tested source/active cross-Gram, Hadamard, and shifted-commutator weak-row structures do not reproduce the local correction.",derive a revised analytical weak-row formula or nonlinear recurrent history source law for the coefficient-gradient closure,"This capacity audit tests target-free algebraic weak-row structure features built from source Jacobian rows and active non-final velocity rows. The target Jacobian is used only to evaluate capacity, so this is not an accepted full-TFE stage replacement."
cylindrical_smooth,0.01,universal_weak_row_structure_capacity_value_scalar_nonfinal,paper_tfe_lower_pair_velocity_compression_weak_row_structure_capacity_gap_not_full_tfe,,universal_weak_row_structure_capacity_nonfinal_stage_scalar_value_fit,all_case_h_weak_row_structure_capacity_oracle_fit,weak_source_active_cross_hadamard_rows_perp,cross-Gram weighted source/active Hadamard weak-row structure rows,"0,1",6,24,8,16,24,16,256,0,inf,256,7.6922053669704699e-18,True,True,True,True,False,False,8,132,24,28,4,1.1525215938875275e+04,1.8390267947137043e-01,1.8388667815555412e-01,1.3094901197185335e-01,1.2909944487358055e-01,7.0205980209383223e-01,9.9263212777494936e-01,1.2909944487358055e-01,7.0199871608547426e-01,9.9262348046801974e-01,2.1125997986352353e-13,1.6433765094034822e-18,True,True,True,False,True,True,False,False,False,False,False,"The tested source/active cross-Gram, Hadamard, and shifted-commutator weak-row structures do not reproduce the local correction.",derive a revised analytical weak-row formula or nonlinear recurrent history source law for the coefficient-gradient closure,"This capacity audit tests target-free algebraic weak-row structure features built from source Jacobian rows and active non-final velocity rows. The target Jacobian is used only to evaluate capacity, so this is not an accepted full-TFE stage replacement."
cylindrical_smooth,0.01,universal_weak_row_structure_capacity_value_scalar_nonfinal,paper_tfe_lower_pair_velocity_compression_weak_row_structure_capacity_gap_not_full_tfe,,universal_weak_row_structure_capacity_nonfinal_stage_scalar_value_fit,all_case_h_weak_row_structure_capacity_oracle_fit,weak_source_active_shifted_commutator_rows_perp,shifted source/active commutator-like weak-row structure products,"0,1",6,24,8,16,24,16,256,54,6.5611804426712152e+06,256,5.8298242596872518e-01,True,True,False,False,True,False,8,132,24,29,5,3.2413675861926196e+04,1.8390267947137043e-01,1.8388667815555412e-01,1.1969625810744264e-01,1.3959626140466808e-01,7.5914287432274064e-01,9.9263212777494936e-01,1.3959626140466808e-01,7.5907682153375111e-01,9.9262348046801974e-01,1.1310435291913118e-13,1.6433765094034822e-18,True,True,True,False,True,True,False,False,False,False,False,"The tested source/active cross-Gram, Hadamard, and shifted-commutator weak-row structures do not reproduce the local correction.",derive a revised analytical weak-row formula or nonlinear recurrent history source law for the coefficient-gradient closure,"This capacity audit tests target-free algebraic weak-row structure features built from source Jacobian rows and active non-final velocity rows. The target Jacobian is used only to evaluate capacity, so this is not an accepted full-TFE stage replacement."
cylindrical_smooth,0.01,universal_weak_row_structure_capacity_value_scalar_nonfinal,paper_tfe_lower_pair_velocity_compression_weak_row_structure_capacity_gap_not_full_tfe,,universal_weak_row_structure_capacity_nonfinal_stage_scalar_value_fit,all_case_h_weak_row_structure_capacity_oracle_fit,active_plus_weak_source_active_shifted_commutator_rows_perp,active non-final velocity plus shifted source/active commutator-like weak-row structure products,"0,1",6,24,8,16,24,16,272,62,1.2801040258846601e+07,272,4.0422603217739930e+00,True,True,False,False,True,False,8,132,24,29,5,3.2413675873898159e+04,1.8390267947137043e-01,1.8388667815555412e-01,1.1969625810744733e-01,1.3959626140466788e-01,7.5914287432273952e-01,9.9263212777494936e-01,1.3959626140466788e-01,7.5907682153375000e-01,9.9262348046801974e-01,1.5056399476977063e-12,1.6433765094034822e-18,True,True,True,False,True,True,False,False,False,False,False,"The tested source/active cross-Gram, Hadamard, and shifted-commutator weak-row structures do not reproduce the local correction.",derive a revised analytical weak-row formula or nonlinear recurrent history source law for the coefficient-gradient closure,"This capacity audit tests target-free algebraic weak-row structure features built from source Jacobian rows and active non-final velocity rows. The target Jacobian is used only to evaluate capacity, so this is not an accepted full-TFE stage replacement."
cylindrical_smooth,0.01,case_local_weak_row_structure_capacity_value_component_nonfinal,paper_tfe_lower_pair_velocity_compression_weak_row_structure_capacity_gap_not_full_tfe,,case_local_weak_row_structure_capacity_nonfinal_component_diagonal_value_fit,case_local_weak_row_structure_capacity_oracle_fit,weak_active_cross_gram_rows_perp,source/active cross-Gram weighted non-final velocity rows residualized against source rows,"0,1",1,24,8,16,24,16,16,0,inf,16,5.1341425967577039e-16,True,True,True,False,False,False,8,132,23,31,8,1.4737239773931316e+14,1.8390267947137043e-01,1.8401235660084056e-01,6.8000645793721646e-03,1.8388666755235761e-01,9.9931695321550829e-01,9.9999999915632842e-01,1.8388666755235761e-01,9.9991293264970993e-01,9.9999802408096350e-01,9.9973398001944780e-01,9.7232345226756130e-35,True,True,True,False,True,True,False,False,False,False,False,"The tested source/active cross-Gram, Hadamard, and shifted-commutator weak-row structures do not reproduce the local correction.",derive a revised analytical weak-row formula or nonlinear recurrent history source law for the coefficient-gradient closure,"This capacity audit tests target-free algebraic weak-row structure features built from source Jacobian rows and active non-final velocity rows. The target Jacobian is used only to evaluate capacity, so this is not an accepted full-TFE stage replacement."
cylindrical_smooth,0.01,case_local_weak_row_structure_capacity_value_component_nonfinal,paper_tfe_lower_pair_velocity_compression_weak_row_structure_capacity_gap_not_full_tfe,,case_local_weak_row_structure_capacity_nonfinal_component_diagonal_value_fit,case_local_weak_row_structure_capacity_oracle_fit,weak_source_active_hadamard_rows_perp,pairwise source-row and non-final velocity-row Hadamard products residualized against source rows,"0,1",1,24,8,16,24,16,256,56,1.1127402436637506e+06,256,1.1039190193691459e-01,True,True,False,True,False,False,8,132,24,28,4,1.1525215350598863e+04,1.8390267947137043e-01,1.8401235660084056e-01,1.3112543885578304e-01,1.2909944487362404e-01,7.0158030285795669e-01,9.9263212778446475e-01,1.2909944487362404e-01,7.0199871608571074e-01,9.9262348046859727e-01,9.9280365427617009e-14,9.7232345226756130e-35,True,True,True,False,True,True,False,False,False,False,False,"The tested source/active cross-Gram, Hadamard, and shifted-commutator weak-row structures do not reproduce the local correction.",derive a revised analytical weak-row formula or nonlinear recurrent history source law for the coefficient-gradient closure,"This capacity audit tests target-free algebraic weak-row structure features built from source Jacobian rows and active non-final velocity rows. The target Jacobian is used only to evaluate capacity, so this is not an accepted full-TFE stage replacement."
cylindrical_smooth,0.01,case_local_weak_row_structure_capacity_value_component_nonfinal,paper_tfe_lower_pair_velocity_compression_weak_row_structure_capacity_gap_not_full_tfe,,case_local_weak_row_structure_capacity_nonfinal_component_diagonal_value_fit,case_local_weak_row_structure_capacity_oracle_fit,active_plus_weak_source_active_hadamard_rows_perp,active non-final velocity plus source/active Hadamard weak-row structure rows,"0,1",1,24,8,16,24,16,272,64,1.8161404364209965e+07,272,4.0015230065580347e+00,True,True,False,True,False,False,8,132,24,28,4,1.1525215963008461e+04,1.8390267947137043e-01,1.8401235660084056e-01,1.3112543885571265e-01,1.2909944487358055e-01,7.0158030285772033e-01,9.9263212778388721e-01,1.2909944487358055e-01,7.0199871608547426e-01,9.9262348046801974e-01,1.2886308272893027e-12,9.7232345226756130e-35,True,True,True,False,True,True,False,False,False,False,False,"The tested source/active cross-Gram, Hadamard, and shifted-commutator weak-row structures do not reproduce the local correction.",derive a revised analytical weak-row formula or nonlinear recurrent history source law for the coefficient-gradient closure,"This capacity audit tests target-free algebraic weak-row structure features built from source Jacobian rows and active non-final velocity rows. The target Jacobian is used only to evaluate capacity, so this is not an accepted full-TFE stage replacement."
cylindrical_smooth,0.01,case_local_weak_row_structure_capacity_value_component_nonfinal,paper_tfe_lower_pair_velocity_compression_weak_row_structure_capacity_gap_not_full_tfe,,case_local_weak_row_structure_capacity_nonfinal_component_diagonal_value_fit,case_local_weak_row_structure_capacity_oracle_fit,weak_source_active_cross_hadamard_rows_perp,cross-Gram weighted source/active Hadamard weak-row structure rows,"0,1",1,24,8,16,24,16,256,0,inf,256,7.6922053669704699e-18,True,True,True,True,False,False,8,132,24,28,4,1.1525215357716244e+04,1.8390267947137043e-01,1.8401235660084056e-01,1.3112543885571856e-01,1.2909944487362404e-01,7.0158030285795669e-01,9.9263212778446475e-01,1.2909944487362404e-01,7.0199871608571074e-01,9.9262348046859727e-01,1.0159050825391770e-13,9.7232345226756130e-35,True,True,True,False,True,True,False,False,False,False,False,"The tested source/active cross-Gram, Hadamard, and shifted-commutator weak-row structures do not reproduce the local correction.",derive a revised analytical weak-row formula or nonlinear recurrent history source law for the coefficient-gradient closure,"This capacity audit tests target-free algebraic weak-row structure features built from source Jacobian rows and active non-final velocity rows. The target Jacobian is used only to evaluate capacity, so this is not an accepted full-TFE stage replacement."
cylindrical_smooth,0.01,case_local_weak_row_structure_capacity_value_component_nonfinal,paper_tfe_lower_pair_velocity_compression_weak_row_structure_capacity_gap_not_full_tfe,,case_local_weak_row_structure_capacity_nonfinal_component_diagonal_value_fit,case_local_weak_row_structure_capacity_oracle_fit,weak_source_active_shifted_commutator_rows_perp,shifted source/active commutator-like weak-row structure products,"0,1",1,24,8,16,24,16,256,54,6.5611804426712152e+06,256,5.8298242596872518e-01,True,True,False,False,True,False,8,132,24,29,5,3.2413674436853635e+04,1.8390267947137043e-01,1.8401235660084056e-01,1.1988924548775896e-01,1.3959626140470816e-01,7.5862438796716380e-01,9.9263212778446475e-01,1.3959626140470816e-01,7.5907682153396905e-01,9.9262348046859727e-01,1.8681237545676859e-13,9.7232345226756130e-35,True,True,True,False,True,True,False,False,False,False,False,"The tested source/active cross-Gram, Hadamard, and shifted-commutator weak-row structures do not reproduce the local correction.",derive a revised analytical weak-row formula or nonlinear recurrent history source law for the coefficient-gradient closure,"This capacity audit tests target-free algebraic weak-row structure features built from source Jacobian rows and active non-final velocity rows. The target Jacobian is used only to evaluate capacity, so this is not an accepted full-TFE stage replacement."
cylindrical_smooth,0.01,case_local_weak_row_structure_capacity_value_component_nonfinal,paper_tfe_lower_pair_velocity_compression_weak_row_structure_capacity_gap_not_full_tfe,,case_local_weak_row_structure_capacity_nonfinal_component_diagonal_value_fit,case_local_weak_row_structure_capacity_oracle_fit,active_plus_weak_source_active_shifted_commutator_rows_perp,active non-final velocity plus shifted source/active commutator-like weak-row structure products,"0,1",1,24,8,16,24,16,272,62,1.2801040258846601e+07,272,4.0422603217739930e+00,True,True,False,False,True,False,8,132,24,29,5,3.2413677407925185e+04,1.8390267947137043e-01,1.8401235660084056e-01,1.1988924548780397e-01,1.3959626140466797e-01,7.5862438796694531e-01,9.9263212778388721e-01,1.3959626140466799e-01,7.5907682153375056e-01,9.9262348046801974e-01,1.1509703152581928e-12,9.7232345226756130e-35,True,True,True,False,True,True,False,False,False,False,False,"The tested source/active cross-Gram, Hadamard, and shifted-commutator weak-row structures do not reproduce the local correction.",derive a revised analytical weak-row formula or nonlinear recurrent history source law for the coefficient-gradient closure,"This capacity audit tests target-free algebraic weak-row structure features built from source Jacobian rows and active non-final velocity rows. The target Jacobian is used only to evaluate capacity, so this is not an accepted full-TFE stage replacement."
cylindrical_smooth,0.01,universal_weak_row_structure_capacity_value_component_nonfinal,paper_tfe_lower_pair_velocity_compression_weak_row_structure_capacity_gap_not_full_tfe,,universal_weak_row_structure_capacity_nonfinal_component_diagonal_value_fit,all_case_h_weak_row_structure_capacity_oracle_fit,weak_active_cross_gram_rows_perp,source/active cross-Gram weighted non-final velocity rows residualized against source rows,"0,1",6,24,8,16,24,16,16,0,inf,16,5.1341425967577039e-16,True,True,True,False,False,False,8,132,23,31,8,1.4742208484841753e+14,1.8390267947137043e-01,1.8411674096983208e-01,9.2015108455604667e-03,1.8388666755235761e-01,9.9875039381936392e-01,9.9999999915640936e-01,1.8388666755235761e-01,9.9991293264970993e-01,9.9999802408096350e-01,9.9973398001944780e-01,1.6450722467175256e-18,True,True,True,False,True,True,False,False,False,False,False,"The tested source/active cross-Gram, Hadamard, and shifted-commutator weak-row structures do not reproduce the local correction.",derive a revised analytical weak-row formula or nonlinear recurrent history source law for the coefficient-gradient closure,"This capacity audit tests target-free algebraic weak-row structure features built from source Jacobian rows and active non-final velocity rows. The target Jacobian is used only to evaluate capacity, so this is not an accepted full-TFE stage replacement."
cylindrical_smooth,0.01,universal_weak_row_structure_capacity_value_component_nonfinal,paper_tfe_lower_pair_velocity_compression_weak_row_structure_capacity_gap_not_full_tfe,,universal_weak_row_structure_capacity_nonfinal_component_diagonal_value_fit,all_case_h_weak_row_structure_capacity_oracle_fit,weak_source_active_hadamard_rows_perp,pairwise source-row and non-final velocity-row Hadamard products residualized against source rows,"0,1",6,24,8,16,24,16,256,56,1.1127402436637506e+06,256,1.1039190193691459e-01,True,True,False,True,False,False,8,132,24,28,4,1.1525216149268932e+04,1.8390267947137043e-01,1.8411674096983208e-01,1.3127188441814600e-01,1.2909944487358069e-01,7.0118254425725424e-01,9.9263212777495424e-01,1.2909944487358069e-01,7.0199871608547504e-01,9.9262348046801974e-01,3.5130127476925159e-14,1.6450722467175256e-18,True,True,True,False,True,True,False,False,False,False,False,"The tested source/active cross-Gram, Hadamard, and shifted-commutator weak-row structures do not reproduce the local correction.",derive a revised analytical weak-row formula or nonlinear recurrent history source law for the coefficient-gradient closure,"This capacity audit tests target-free algebraic weak-row structure features built from source Jacobian rows and active non-final velocity rows. The target Jacobian is used only to evaluate capacity, so this is not an accepted full-TFE stage replacement."
cylindrical_smooth,0.01,universal_weak_row_structure_capacity_value_component_nonfinal,paper_tfe_lower_pair_velocity_compression_weak_row_structure_capacity_gap_not_full_tfe,,universal_weak_row_structure_capacity_nonfinal_component_diagonal_value_fit,all_case_h_weak_row_structure_capacity_oracle_fit,active_plus_weak_source_active_hadamard_rows_perp,active non-final velocity plus source/active Hadamard weak-row structure rows,"0,1",6,24,8,16,24,16,272,64,1.8161404364209965e+07,272,4.0015230065580347e+00,True,True,False,True,False,False,8,132,24,28,4,1.1525216154489184e+04,1.8390267947137043e-01,1.8411674096983208e-01,1.3127188441803050e-01,1.2909944487358055e-01,7.0118254425725346e-01,9.9263212777495424e-01,1.2909944487358055e-01,7.0199871608547426e-01,9.9262348046801974e-01,7.6419214738727342e-13,1.6450722467175256e-18,True,True,True,False,True,True,False,False,False,False,False,"The tested source/active cross-Gram, Hadamard, and shifted-commutator weak-row structures do not reproduce the local correction.",derive a revised analytical weak-row formula or nonlinear recurrent history source law for the coefficient-gradient closure,"This capacity audit tests target-free algebraic weak-row structure features built from source Jacobian rows and active non-final velocity rows. The target Jacobian is used only to evaluate capacity, so this is not an accepted full-TFE stage replacement."
cylindrical_smooth,0.01,universal_weak_row_structure_capacity_value_component_nonfinal,paper_tfe_lower_pair_velocity_compression_weak_row_structure_capacity_gap_not_full_tfe,,universal_weak_row_structure_capacity_nonfinal_component_diagonal_value_fit,all_case_h_weak_row_structure_capacity_oracle_fit,weak_source_active_cross_hadamard_rows_perp,cross-Gram weighted source/active Hadamard weak-row structure rows,"0,1",6,24,8,16,24,16,256,0,inf,256,7.6922053669704699e-18,True,True,True,True,False,False,8,132,24,28,4,1.1525216159042624e+04,1.8390267947137043e-01,1.8411674096983208e-01,1.3127188441807372e-01,1.2909944487358069e-01,7.0118254425725424e-01,9.9263212777495424e-01,1.2909944487358069e-01,7.0199871608547504e-01,9.9262348046801974e-01,1.3559074433703682e-13,1.6450722467175256e-18,True,True,True,False,True,True,False,False,False,False,False,"The tested source/active cross-Gram, Hadamard, and shifted-commutator weak-row structures do not reproduce the local correction.",derive a revised analytical weak-row formula or nonlinear recurrent history source law for the coefficient-gradient closure,"This capacity audit tests target-free algebraic weak-row structure features built from source Jacobian rows and active non-final velocity rows. The target Jacobian is used only to evaluate capacity, so this is not an accepted full-TFE stage replacement."
cylindrical_smooth,0.01,universal_weak_row_structure_capacity_value_component_nonfinal,paper_tfe_lower_pair_velocity_compression_weak_row_structure_capacity_gap_not_full_tfe,,universal_weak_row_structure_capacity_nonfinal_component_diagonal_value_fit,all_case_h_weak_row_structure_capacity_oracle_fit,weak_source_active_shifted_commutator_rows_perp,shifted source/active commutator-like weak-row structure products,"0,1",6,24,8,16,24,16,256,54,6.5611804426712152e+06,256,5.8298242596872518e-01,True,True,False,False,True,False,8,132,24,29,5,3.2413678463681612e+04,1.8390267947137043e-01,1.8411674096983208e-01,1.2004939861237197e-01,1.3959626140466805e-01,7.5819428841368208e-01,9.9263212777495424e-01,1.3959626140466805e-01,7.5907682153375089e-01,9.9262348046801974e-01,1.9885520082071039e-13,1.6450722467175256e-18,True,True,True,False,True,True,False,False,False,False,False,"The tested source/active cross-Gram, Hadamard, and shifted-commutator weak-row structures do not reproduce the local correction.",derive a revised analytical weak-row formula or nonlinear recurrent history source law for the coefficient-gradient closure,"This capacity audit tests target-free algebraic weak-row structure features built from source Jacobian rows and active non-final velocity rows. The target Jacobian is used only to evaluate capacity, so this is not an accepted full-TFE stage replacement."
cylindrical_smooth,0.01,universal_weak_row_structure_capacity_value_component_nonfinal,paper_tfe_lower_pair_velocity_compression_weak_row_structure_capacity_gap_not_full_tfe,,universal_weak_row_structure_capacity_nonfinal_component_diagonal_value_fit,all_case_h_weak_row_structure_capacity_oracle_fit,active_plus_weak_source_active_shifted_commutator_rows_perp,active non-final velocity plus shifted source/active commutator-like weak-row structure products,"0,1",6,24,8,16,24,16,272,62,1.2801040258846601e+07,272,4.0422603217739930e+00,True,True,False,False,True,False,8,132,24,29,5,3.2413678441071526e+04,1.8390267947137043e-01,1.8411674096983208e-01,1.2004939861237655e-01,1.3959626140466799e-01,7.5819428841368175e-01,9.9263212777495424e-01,1.3959626140466799e-01,7.5907682153375056e-01,9.9262348046801974e-01,1.6192952707384564e-12,1.6450722467175256e-18,True,True,True,False,True,True,False,False,False,False,False,"The tested source/active cross-Gram, Hadamard, and shifted-commutator weak-row structures do not reproduce the local correction.",derive a revised analytical weak-row formula or nonlinear recurrent history source law for the coefficient-gradient closure,"This capacity audit tests target-free algebraic weak-row structure features built from source Jacobian rows and active non-final velocity rows. The target Jacobian is used only to evaluate capacity, so this is not an accepted full-TFE stage replacement."
cylindrical_smooth,0.01,case_local_weak_row_structure_capacity_value_full_nonfinal,paper_tfe_lower_pair_velocity_compression_weak_row_structure_capacity_gap_not_full_tfe,,case_local_weak_row_structure_capacity_nonfinal_full_component_value_fit,case_local_weak_row_structure_capacity_oracle_fit,weak_active_cross_gram_rows_perp,source/active cross-Gram weighted non-final velocity rows residualized against source rows,"0,1",1,24,8,16,24,16,16,0,inf,16,5.1341425967577039e-16,True,True,True,False,False,False,8,132,23,31,8,1.4736521394546291e+14,1.8390267947137043e-01,1.8388667815553009e-01,6.2446490889223725e-05,1.8388666755235761e-01,9.9999994233855005e-01,9.9999999915644522e-01,1.8388666755235761e-01,9.9991293264970993e-01,9.9999802408096350e-01,9.9973398001944780e-01,1.6692610498525925e-34,True,True,True,False,True,True,False,False,False,False,False,"The tested source/active cross-Gram, Hadamard, and shifted-commutator weak-row structures do not reproduce the local correction.",derive a revised analytical weak-row formula or nonlinear recurrent history source law for the coefficient-gradient closure,"This capacity audit tests target-free algebraic weak-row structure features built from source Jacobian rows and active non-final velocity rows. The target Jacobian is used only to evaluate capacity, so this is not an accepted full-TFE stage replacement."
cylindrical_smooth,0.01,case_local_weak_row_structure_capacity_value_full_nonfinal,paper_tfe_lower_pair_velocity_compression_weak_row_structure_capacity_gap_not_full_tfe,,case_local_weak_row_structure_capacity_nonfinal_full_component_value_fit,case_local_weak_row_structure_capacity_oracle_fit,weak_source_active_hadamard_rows_perp,pairwise source-row and non-final velocity-row Hadamard products residualized against source rows,"0,1",1,24,8,16,24,16,256,56,1.1127402436637506e+06,256,1.1039190193691459e-01,True,True,False,True,False,False,8,132,24,29,5,1.1525215930576285e+04,1.8390267947137043e-01,1.8388667815553009e-01,1.3094901197188202e-01,1.2909944487358124e-01,7.0205980209392782e-01,9.9263212777407961e-01,1.2909944487358124e-01,7.0199871608547804e-01,9.9262348046802729e-01,2.6948263613111456e-09,1.6692610498525925e-34,True,True,True,False,True,True,False,False,False,False,False,"The tested source/active cross-Gram, Hadamard, and shifted-commutator weak-row structures do not reproduce the local correction.",derive a revised analytical weak-row formula or nonlinear recurrent history source law for the coefficient-gradient closure,"This capacity audit tests target-free algebraic weak-row structure features built from source Jacobian rows and active non-final velocity rows. The target Jacobian is used only to evaluate capacity, so this is not an accepted full-TFE stage replacement."
cylindrical_smooth,0.01,case_local_weak_row_structure_capacity_value_full_nonfinal,paper_tfe_lower_pair_velocity_compression_weak_row_structure_capacity_gap_not_full_tfe,,case_local_weak_row_structure_capacity_nonfinal_full_component_value_fit,case_local_weak_row_structure_capacity_oracle_fit,active_plus_weak_source_active_hadamard_rows_perp,active non-final velocity plus source/active Hadamard weak-row structure rows,"0,1",1,24,8,16,24,16,272,64,1.8161404364209965e+07,272,4.0015230065580347e+00,True,True,False,True,False,False,8,132,24,28,4,1.1525215930222244e+04,1.8390267947137043e-01,1.8388667815553009e-01,1.3094901197177899e-01,1.2909944487358055e-01,7.0205980209392405e-01,9.9263212777407217e-01,1.2909944487358055e-01,7.0199871608547426e-01,9.9262348046801974e-01,1.1699347771934489e-12,1.6692610498525925e-34,True,True,True,False,True,True,False,False,False,False,False,"The tested source/active cross-Gram, Hadamard, and shifted-commutator weak-row structures do not reproduce the local correction.",derive a revised analytical weak-row formula or nonlinear recurrent history source law for the coefficient-gradient closure,"This capacity audit tests target-free algebraic weak-row structure features built from source Jacobian rows and active non-final velocity rows. The target Jacobian is used only to evaluate capacity, so this is not an accepted full-TFE stage replacement."
cylindrical_smooth,0.01,case_local_weak_row_structure_capacity_value_full_nonfinal,paper_tfe_lower_pair_velocity_compression_weak_row_structure_capacity_gap_not_full_tfe,,case_local_weak_row_structure_capacity_nonfinal_full_component_value_fit,case_local_weak_row_structure_capacity_oracle_fit,weak_source_active_cross_hadamard_rows_perp,cross-Gram weighted source/active Hadamard weak-row structure rows,"0,1",1,24,8,16,24,16,256,0,inf,256,7.6922053669704699e-18,True,True,True,True,False,False,8,132,24,29,5,1.1525215929988362e+04,1.8390267947137043e-01,1.8388667815553009e-01,1.3094901197182496e-01,1.2909944487358124e-01,7.0205980209392782e-01,9.9263212777407961e-01,1.2909944487358124e-01,7.0199871608547804e-01,9.9262348046802729e-01,2.6948264234116370e-09,1.6692610498525925e-34,True,True,True,False,True,True,False,False,False,False,False,"The tested source/active cross-Gram, Hadamard, and shifted-commutator weak-row structures do not reproduce the local correction.",derive a revised analytical weak-row formula or nonlinear recurrent history source law for the coefficient-gradient closure,"This capacity audit tests target-free algebraic weak-row structure features built from source Jacobian rows and active non-final velocity rows. The target Jacobian is used only to evaluate capacity, so this is not an accepted full-TFE stage replacement."
cylindrical_smooth,0.01,case_local_weak_row_structure_capacity_value_full_nonfinal,paper_tfe_lower_pair_velocity_compression_weak_row_structure_capacity_gap_not_full_tfe,,case_local_weak_row_structure_capacity_nonfinal_full_component_value_fit,case_local_weak_row_structure_capacity_oracle_fit,weak_source_active_shifted_commutator_rows_perp,shifted source/active commutator-like weak-row structure products,"0,1",1,24,8,16,24,16,256,54,6.5611804426712152e+06,256,5.8298242596872518e-01,True,True,False,False,True,False,8,132,24,30,6,3.2413675881598374e+04,1.8390267947137043e-01,1.8388667815553009e-01,1.1969625810740751e-01,1.3959626140466852e-01,7.5914287432284222e-01,9.9263212777407961e-01,1.3959626140466852e-01,7.5907682153375344e-01,9.9262348046802729e-01,2.6948263620548844e-09,1.6692610498525925e-34,True,True,True,False,True,True,False,False,False,False,False,"The tested source/active cross-Gram, Hadamard, and shifted-commutator weak-row structures do not reproduce the local correction.",derive a revised analytical weak-row formula or nonlinear recurrent history source law for the coefficient-gradient closure,"This capacity audit tests target-free algebraic weak-row structure features built from source Jacobian rows and active non-final velocity rows. The target Jacobian is used only to evaluate capacity, so this is not an accepted full-TFE stage replacement."
cylindrical_smooth,0.01,case_local_weak_row_structure_capacity_value_full_nonfinal,paper_tfe_lower_pair_velocity_compression_weak_row_structure_capacity_gap_not_full_tfe,,case_local_weak_row_structure_capacity_nonfinal_full_component_value_fit,case_local_weak_row_structure_capacity_oracle_fit,active_plus_weak_source_active_shifted_commutator_rows_perp,active non-final velocity plus shifted source/active commutator-like weak-row structure products,"0,1",1,24,8,16,24,16,272,62,1.2801040258846601e+07,272,4.0422603217739930e+00,True,True,False,False,True,False,8,132,24,29,5,3.2413675874859055e+04,1.8390267947137043e-01,1.8388667815553009e-01,1.1969625810740966e-01,1.3959626140466805e-01,7.5914287432283967e-01,9.9263212777407217e-01,1.3959626140466805e-01,7.5907682153375089e-01,9.9262348046801974e-01,1.2731029142730036e-12,1.6692610498525925e-34,True,True,True,False,True,True,False,False,False,False,False,"The tested source/active cross-Gram, Hadamard, and shifted-commutator weak-row structures do not reproduce the local correction.",derive a revised analytical weak-row formula or nonlinear recurrent history source law for the coefficient-gradient closure,"This capacity audit tests target-free algebraic weak-row structure features built from source Jacobian rows and active non-final velocity rows. The target Jacobian is used only to evaluate capacity, so this is not an accepted full-TFE stage replacement."
cylindrical_smooth,0.01,universal_weak_row_structure_capacity_value_full_nonfinal,paper_tfe_lower_pair_velocity_compression_weak_row_structure_capacity_gap_not_full_tfe,,universal_weak_row_structure_capacity_nonfinal_full_component_value_fit,all_case_h_weak_row_structure_capacity_oracle_fit,weak_active_cross_gram_rows_perp,source/active cross-Gram weighted non-final velocity rows residualized against source rows,"0,1",6,24,8,16,24,16,16,0,inf,16,5.1341425967577039e-16,True,True,True,False,False,False,8,132,23,31,8,1.4736704109377612e+14,1.8390267947137043e-01,1.8388667986011836e-01,6.7279018782836754e-05,1.8388666755235761e-01,9.9999993306877499e-01,9.9999999514977622e-01,1.8388666755235761e-01,9.9991293264970993e-01,9.9999802408096350e-01,9.9973398001944758e-01,6.4630228833806393e-32,True,True,True,False,True,True,False,False,False,False,False,"The tested source/active cross-Gram, Hadamard, and shifted-commutator weak-row structures do not reproduce the local correction.",derive a revised analytical weak-row formula or nonlinear recurrent history source law for the coefficient-gradient closure,"This capacity audit tests target-free algebraic weak-row structure features built from source Jacobian rows and active non-final velocity rows. The target Jacobian is used only to evaluate capacity, so this is not an accepted full-TFE stage replacement."
cylindrical_smooth,0.01,universal_weak_row_structure_capacity_value_full_nonfinal,paper_tfe_lower_pair_velocity_compression_weak_row_structure_capacity_gap_not_full_tfe,,universal_weak_row_structure_capacity_nonfinal_full_component_value_fit,all_case_h_weak_row_structure_capacity_oracle_fit,weak_source_active_hadamard_rows_perp,pairwise source-row and non-final velocity-row Hadamard products residualized against source rows,"0,1",6,24,8,16,24,16,256,56,1.1127402436637506e+06,256,1.1039190193691459e-01,True,True,False,True,False,False,8,132,24,31,7,1.1522612594856288e+04,1.8390267947137043e-01,1.8388667986011836e-01,1.3094901355421004e-01,1.2909944569656770e-01,7.0205980006149971e-01,9.9263210709966343e-01,1.2909944569457399e-01,7.0199872054975643e-01,9.9262349342380640e-01,1.5428709233603259e-06,6.4630228833806393e-32,True,True,True,False,True,True,False,False,False,False,False,"The tested source/active cross-Gram, Hadamard, and shifted-commutator weak-row structures do not reproduce the local correction.",derive a revised analytical weak-row formula or nonlinear recurrent history source law for the coefficient-gradient closure,"This capacity audit tests target-free algebraic weak-row structure features built from source Jacobian rows and active non-final velocity rows. The target Jacobian is used only to evaluate capacity, so this is not an accepted full-TFE stage replacement."
cylindrical_smooth,0.01,universal_weak_row_structure_capacity_value_full_nonfinal,paper_tfe_lower_pair_velocity_compression_weak_row_structure_capacity_gap_not_full_tfe,,universal_weak_row_structure_capacity_nonfinal_full_component_value_fit,all_case_h_weak_row_structure_capacity_oracle_fit,active_plus_weak_source_active_hadamard_rows_perp,active non-final velocity plus source/active Hadamard weak-row structure rows,"0,1",6,24,8,16,24,16,272,64,1.8161404364209965e+07,272,4.0015230065580347e+00,True,True,False,True,False,False,8,132,24,29,5,1.1525215929542002e+04,1.8390267947137043e-01,1.8388667986011836e-01,1.3094901436545178e-01,1.2909944487358055e-01,7.0205979558598708e-01,9.9263209411212672e-01,1.2909944487358055e-01,7.0199871608547426e-01,9.9262348046801974e-01,1.3149723869877989e-12,6.4630228833806393e-32,True,True,True,False,True,True,False,False,False,False,False,"The tested source/active cross-Gram, Hadamard, and shifted-commutator weak-row structures do not reproduce the local correction.",derive a revised analytical weak-row formula or nonlinear recurrent history source law for the coefficient-gradient closure,"This capacity audit tests target-free algebraic weak-row structure features built from source Jacobian rows and active non-final velocity rows. The target Jacobian is used only to evaluate capacity, so this is not an accepted full-TFE stage replacement."
cylindrical_smooth,0.01,universal_weak_row_structure_capacity_value_full_nonfinal,paper_tfe_lower_pair_velocity_compression_weak_row_structure_capacity_gap_not_full_tfe,,universal_weak_row_structure_capacity_nonfinal_full_component_value_fit,all_case_h_weak_row_structure_capacity_oracle_fit,weak_source_active_cross_hadamard_rows_perp,cross-Gram weighted source/active Hadamard weak-row structure rows,"0,1",6,24,8,16,24,16,256,0,inf,256,7.6922053669704699e-18,True,True,True,True,False,False,8,132,24,31,7,1.1522612590238687e+04,1.8390267947137043e-01,1.8388667986011836e-01,1.3094901355417632e-01,1.2909944569656770e-01,7.0205980006149971e-01,9.9263210709966343e-01,1.2909944569457396e-01,7.0199872054975621e-01,9.9262349342380640e-01,1.5428709231273588e-06,6.4630228833806393e-32,True,True,True,False,True,True,False,False,False,False,False,"The tested source/active cross-Gram, Hadamard, and shifted-commutator weak-row structures do not reproduce the local correction.",derive a revised analytical weak-row formula or nonlinear recurrent history source law for the coefficient-gradient closure,"This capacity audit tests target-free algebraic weak-row structure features built from source Jacobian rows and active non-final velocity rows. The target Jacobian is used only to evaluate capacity, so this is not an accepted full-TFE stage replacement."
cylindrical_smooth,0.01,universal_weak_row_structure_capacity_value_full_nonfinal,paper_tfe_lower_pair_velocity_compression_weak_row_structure_capacity_gap_not_full_tfe,,universal_weak_row_structure_capacity_nonfinal_full_component_value_fit,all_case_h_weak_row_structure_capacity_oracle_fit,weak_source_active_shifted_commutator_rows_perp,shifted source/active commutator-like weak-row structure products,"0,1",6,24,8,16,24,16,256,54,6.5611804426712152e+06,256,5.8298242596872518e-01,True,True,False,False,True,False,8,132,24,32,8,3.2303690984967419e+04,1.8390267947137043e-01,1.8388667986011836e-01,1.1969625983848663e-01,1.3959626216577134e-01,7.5914287142473558e-01,9.9263210709966343e-01,1.3959626215955301e-01,7.5907682563855772e-01,9.9262349334819788e-01,1.5398329268143314e-06,6.4630228833806393e-32,True,True,True,False,True,True,False,False,False,False,False,"The tested source/active cross-Gram, Hadamard, and shifted-commutator weak-row structures do not reproduce the local correction.",derive a revised analytical weak-row formula or nonlinear recurrent history source law for the coefficient-gradient closure,"This capacity audit tests target-free algebraic weak-row structure features built from source Jacobian rows and active non-final velocity rows. The target Jacobian is used only to evaluate capacity, so this is not an accepted full-TFE stage replacement."
cylindrical_smooth,0.01,universal_weak_row_structure_capacity_value_full_nonfinal,paper_tfe_lower_pair_velocity_compression_weak_row_structure_capacity_gap_not_full_tfe,,universal_weak_row_structure_capacity_nonfinal_full_component_value_fit,all_case_h_weak_row_structure_capacity_oracle_fit,active_plus_weak_source_active_shifted_commutator_rows_perp,active non-final velocity plus shifted source/active commutator-like weak-row structure products,"0,1",6,24,8,16,24,16,272,62,1.2801040258846601e+07,272,4.0422603217739930e+00,True,True,False,False,True,False,8,132,24,29,5,3.2413675871353786e+04,1.8390267947137043e-01,1.8388667986011836e-01,1.1969626072613111e-01,1.3959626140466774e-01,7.5914286728575386e-01,9.9263209411212672e-01,1.3959626140466774e-01,7.5907682153374922e-01,9.9262348046801974e-01,1.3226942869816558e-12,6.4630228833806393e-32,True,True,True,False,True,True,False,False,False,False,False,"The tested source/active cross-Gram, Hadamard, and shifted-commutator weak-row structures do not reproduce the local correction.",derive a revised analytical weak-row formula or nonlinear recurrent history source law for the coefficient-gradient closure,"This capacity audit tests target-free algebraic weak-row structure features built from source Jacobian rows and active non-final velocity rows. The target Jacobian is used only to evaluate capacity, so this is not an accepted full-TFE stage replacement."
cylindrical_sharp,0.04,case_local_weak_row_structure_capacity_value_scalar_nonfinal,paper_tfe_lower_pair_velocity_compression_weak_row_structure_capacity_gap_not_full_tfe,,case_local_weak_row_structure_capacity_nonfinal_stage_scalar_value_fit,case_local_weak_row_structure_capacity_oracle_fit,weak_active_cross_gram_rows_perp,source/active cross-Gram weighted non-final velocity rows residualized against source rows,"0,1",1,24,8,16,24,16,16,0,inf,16,1.3587508383164378e-15,True,True,True,False,False,False,8,132,24,32,8,3.1711411713395419e+09,3.7137778489504708e-01,3.6458407253839792e-01,7.5156074786486638e-03,3.6450660020486692e-01,9.9978750488744172e-01,9.9999711519620427e-01,3.6450660020486692e-01,9.8149812678719595e-01,9.9957237011648437e-01,9.4505348303260128e-01,1.1640035118717464e-17,True,True,True,False,True,True,False,False,False,False,False,"The tested source/active cross-Gram, Hadamard, and shifted-commutator weak-row structures do not reproduce the local correction.",derive a revised analytical weak-row formula or nonlinear recurrent history source law for the coefficient-gradient closure,"This capacity audit tests target-free algebraic weak-row structure features built from source Jacobian rows and active non-final velocity rows. The target Jacobian is used only to evaluate capacity, so this is not an accepted full-TFE stage replacement."
cylindrical_sharp,0.04,case_local_weak_row_structure_capacity_value_scalar_nonfinal,paper_tfe_lower_pair_velocity_compression_weak_row_structure_capacity_gap_not_full_tfe,,case_local_weak_row_structure_capacity_nonfinal_stage_scalar_value_fit,case_local_weak_row_structure_capacity_oracle_fit,weak_source_active_hadamard_rows_perp,pairwise source-row and non-final velocity-row Hadamard products residualized against source rows,"0,1",1,24,8,16,24,16,256,56,3.4694786618654543e+04,256,3.3222044115654137e-01,True,True,False,True,False,False,8,132,24,28,4,8.6529322206016116e+02,3.7137778489504708e-01,3.6458407253839792e-01,2.5740023170544363e-01,2.5819888974716110e-01,7.0820123311878258e-01,9.9213015521046355e-01,2.5819888974716110e-01,6.9524592005450514e-01,9.9023103246073607e-01,4.8653412524758282e-15,1.1640035118717464e-17,True,True,True,False,True,True,False,False,False,False,False,"The tested source/active cross-Gram, Hadamard, and shifted-commutator weak-row structures do not reproduce the local correction.",derive a revised analytical weak-row formula or nonlinear recurrent history source law for the coefficient-gradient closure,"This capacity audit tests target-free algebraic weak-row structure features built from source Jacobian rows and active non-final velocity rows. The target Jacobian is used only to evaluate capacity, so this is not an accepted full-TFE stage replacement."
cylindrical_sharp,0.04,case_local_weak_row_structure_capacity_value_scalar_nonfinal,paper_tfe_lower_pair_velocity_compression_weak_row_structure_capacity_gap_not_full_tfe,,case_local_weak_row_structure_capacity_nonfinal_stage_scalar_value_fit,case_local_weak_row_structure_capacity_oracle_fit,active_plus_weak_source_active_hadamard_rows_perp,active non-final velocity plus source/active Hadamard weak-row structure rows,"0,1",1,24,8,16,24,16,272,64,1.8925283256391648e+05,272,4.0137725921534528e+00,True,True,False,True,False,False,8,132,24,28,4,8.6529322206018071e+02,3.7137778489504708e-01,3.6458407253839792e-01,2.5740023170541076e-01,2.5819888974716110e-01,7.0820123311878258e-01,9.9213015521046355e-01,2.5819888974716110e-01,6.9524592005450514e-01,9.9023103246073607e-01,1.7979074719545776e-14,1.1640035118717464e-17,True,True,True,False,True,True,False,False,False,False,False,"The tested source/active cross-Gram, Hadamard, and shifted-commutator weak-row structures do not reproduce the local correction.",derive a revised analytical weak-row formula or nonlinear recurrent history source law for the coefficient-gradient closure,"This capacity audit tests target-free algebraic weak-row structure features built from source Jacobian rows and active non-final velocity rows. The target Jacobian is used only to evaluate capacity, so this is not an accepted full-TFE stage replacement."
cylindrical_sharp,0.04,case_local_weak_row_structure_capacity_value_scalar_nonfinal,paper_tfe_lower_pair_velocity_compression_weak_row_structure_capacity_gap_not_full_tfe,,case_local_weak_row_structure_capacity_nonfinal_stage_scalar_value_fit,case_local_weak_row_structure_capacity_oracle_fit,weak_source_active_cross_hadamard_rows_perp,cross-Gram weighted source/active Hadamard weak-row structure rows,"0,1",1,24,8,16,24,16,256,0,inf,256,2.6012842444317282e-17,True,True,True,True,False,False,8,132,24,28,4,8.6529322205997642e+02,3.7137778489504708e-01,3.6458407253839792e-01,2.5740023170544207e-01,2.5819888974716110e-01,7.0820123311878258e-01,9.9213015521046355e-01,2.5819888974716110e-01,6.9524592005450514e-01,9.9023103246073607e-01,6.9518767628129623e-15,1.1640035118717464e-17,True,True,True,False,True,True,False,False,False,False,False,"The tested source/active cross-Gram, Hadamard, and shifted-commutator weak-row structures do not reproduce the local correction.",derive a revised analytical weak-row formula or nonlinear recurrent history source law for the coefficient-gradient closure,"This capacity audit tests target-free algebraic weak-row structure features built from source Jacobian rows and active non-final velocity rows. The target Jacobian is used only to evaluate capacity, so this is not an accepted full-TFE stage replacement."
cylindrical_sharp,0.04,case_local_weak_row_structure_capacity_value_scalar_nonfinal,paper_tfe_lower_pair_velocity_compression_weak_row_structure_capacity_gap_not_full_tfe,,case_local_weak_row_structure_capacity_nonfinal_stage_scalar_value_fit,case_local_weak_row_structure_capacity_oracle_fit,weak_source_active_shifted_commutator_rows_perp,shifted source/active commutator-like weak-row structure products,"0,1",1,24,8,16,24,16,256,54,5.0789907726909034e+04,256,6.4854269490012539e-01,True,True,False,False,True,False,8,132,24,29,5,2.3030871141965249e+03,3.7137778489504708e-01,3.6458407253839792e-01,2.3733770456074063e-01,2.7675324739291113e-01,7.5909308233360506e-01,9.9213015521046355e-01,2.7675324739291113e-01,7.4520679116852062e-01,9.9023103246073607e-01,4.6769570183645185e-15,1.1640035118717464e-17,True,True,True,False,True,True,False,False,False,False,False,"The tested source/active cross-Gram, Hadamard, and shifted-commutator weak-row structures do not reproduce the local correction.",derive a revised analytical weak-row formula or nonlinear recurrent history source law for the coefficient-gradient closure,"This capacity audit tests target-free algebraic weak-row structure features built from source Jacobian rows and active non-final velocity rows. The target Jacobian is used only to evaluate capacity, so this is not an accepted full-TFE stage replacement."
cylindrical_sharp,0.04,case_local_weak_row_structure_capacity_value_scalar_nonfinal,paper_tfe_lower_pair_velocity_compression_weak_row_structure_capacity_gap_not_full_tfe,,case_local_weak_row_structure_capacity_nonfinal_stage_scalar_value_fit,case_local_weak_row_structure_capacity_oracle_fit,active_plus_weak_source_active_shifted_commutator_rows_perp,active non-final velocity plus shifted source/active commutator-like weak-row structure products,"0,1",1,24,8,16,24,16,272,62,3.3839305453186382e+04,272,4.0522348928842113e+00,True,True,False,False,True,False,8,132,24,29,5,2.3030871141971270e+03,3.7137778489504708e-01,3.6458407253839792e-01,2.3733770456073994e-01,2.7675324739291113e-01,7.5909308233360506e-01,9.9213015521046355e-01,2.7675324739291113e-01,7.4520679116852062e-01,9.9023103246073607e-01,1.1197964385138956e-14,1.1640035118717464e-17,True,True,True,False,True,True,False,False,False,False,False,"The tested source/active cross-Gram, Hadamard, and shifted-commutator weak-row structures do not reproduce the local correction.",derive a revised analytical weak-row formula or nonlinear recurrent history source law for the coefficient-gradient closure,"This capacity audit tests target-free algebraic weak-row structure features built from source Jacobian rows and active non-final velocity rows. The target Jacobian is used only to evaluate capacity, so this is not an accepted full-TFE stage replacement."
cylindrical_sharp,0.04,universal_weak_row_structure_capacity_value_scalar_nonfinal,paper_tfe_lower_pair_velocity_compression_weak_row_structure_capacity_gap_not_full_tfe,,universal_weak_row_structure_capacity_nonfinal_stage_scalar_value_fit,all_case_h_weak_row_structure_capacity_oracle_fit,weak_active_cross_gram_rows_perp,source/active cross-Gram weighted non-final velocity rows residualized against source rows,"0,1",6,24,8,16,24,16,16,0,inf,16,1.3587508383164378e-15,True,True,True,False,False,False,8,132,24,32,8,3.1711411704475360e+09,3.7137778489504708e-01,3.6458407253007830e-01,7.5156070750585363e-03,3.6450660020486692e-01,9.9978750491025636e-01,9.9999711519671741e-01,3.6450660020486692e-01,9.8149812678719595e-01,9.9957237011648425e-01,9.4505348303260117e-01,1.1858915487241241e-17,True,True,True,False,True,True,False,False,False,False,False,"The tested source/active cross-Gram, Hadamard, and shifted-commutator weak-row structures do not reproduce the local correction.",derive a revised analytical weak-row formula or nonlinear recurrent history source law for the coefficient-gradient closure,"This capacity audit tests target-free algebraic weak-row structure features built from source Jacobian rows and active non-final velocity rows. The target Jacobian is used only to evaluate capacity, so this is not an accepted full-TFE stage replacement."
cylindrical_sharp,0.04,universal_weak_row_structure_capacity_value_scalar_nonfinal,paper_tfe_lower_pair_velocity_compression_weak_row_structure_capacity_gap_not_full_tfe,,universal_weak_row_structure_capacity_nonfinal_stage_scalar_value_fit,all_case_h_weak_row_structure_capacity_oracle_fit,weak_source_active_hadamard_rows_perp,pairwise source-row and non-final velocity-row Hadamard products residualized against source rows,"0,1",6,24,8,16,24,16,256,56,3.4694786618654543e+04,256,3.3222044115654137e-01,True,True,False,True,False,False,8,132,24,28,4,8.6529322206001257e+02,3.7137778489504708e-01,3.6458407253007830e-01,2.5740023169366172e-01,2.5819888974716110e-01,7.0820123313494343e-01,9.9213015521280012e-01,2.5819888974716110e-01,6.9524592005450514e-01,9.9023103246073607e-01,5.2165974855378296e-15,1.1858915487241241e-17,True,True,True,False,True,True,False,False,False,False,False,"The tested source/active cross-Gram, Hadamard, and shifted-commutator weak-row structures do not reproduce the local correction.",derive a revised analytical weak-row formula or nonlinear recurrent history source law for the coefficient-gradient closure,"This capacity audit tests target-free algebraic weak-row structure features built from source Jacobian rows and active non-final velocity rows. The target Jacobian is used only to evaluate capacity, so this is not an accepted full-TFE stage replacement."
cylindrical_sharp,0.04,universal_weak_row_structure_capacity_value_scalar_nonfinal,paper_tfe_lower_pair_velocity_compression_weak_row_structure_capacity_gap_not_full_tfe,,universal_weak_row_structure_capacity_nonfinal_stage_scalar_value_fit,all_case_h_weak_row_structure_capacity_oracle_fit,active_plus_weak_source_active_hadamard_rows_perp,active non-final velocity plus source/active Hadamard weak-row structure rows,"0,1",6,24,8,16,24,16,272,64,1.8925283256391648e+05,272,4.0137725921534528e+00,True,True,False,True,False,False,8,132,24,28,4,8.6529322206038307e+02,3.7137778489504708e-01,3.6458407253007830e-01,2.5740023169363146e-01,2.5819888974716110e-01,7.0820123313494343e-01,9.9213015521280012e-01,2.5819888974716110e-01,6.9524592005450514e-01,9.9023103246073607e-01,1.9185652429561671e-14,1.1858915487241241e-17,True,True,True,False,True,True,False,False,False,False,False,"The tested source/active cross-Gram, Hadamard, and shifted-commutator weak-row structures do not reproduce the local correction.",derive a revised analytical weak-row formula or nonlinear recurrent history source law for the coefficient-gradient closure,"This capacity audit tests target-free algebraic weak-row structure features built from source Jacobian rows and active non-final velocity rows. The target Jacobian is used only to evaluate capacity, so this is not an accepted full-TFE stage replacement."
cylindrical_sharp,0.04,universal_weak_row_structure_capacity_value_scalar_nonfinal,paper_tfe_lower_pair_velocity_compression_weak_row_structure_capacity_gap_not_full_tfe,,universal_weak_row_structure_capacity_nonfinal_stage_scalar_value_fit,all_case_h_weak_row_structure_capacity_oracle_fit,weak_source_active_cross_hadamard_rows_perp,cross-Gram weighted source/active Hadamard weak-row structure rows,"0,1",6,24,8,16,24,16,256,0,inf,256,2.6012842444317282e-17,True,True,True,True,False,False,8,132,24,28,4,8.6529322205984010e+02,3.7137778489504708e-01,3.6458407253007830e-01,2.5740023169367693e-01,2.5819888974716110e-01,7.0820123313494343e-01,9.9213015521280012e-01,2.5819888974716110e-01,6.9524592005450514e-01,9.9023103246073607e-01,6.2708103811611494e-15,1.1858915487241241e-17,True,True,True,False,True,True,False,False,False,False,False,"The tested source/active cross-Gram, Hadamard, and shifted-commutator weak-row structures do not reproduce the local correction.",derive a revised analytical weak-row formula or nonlinear recurrent history source law for the coefficient-gradient closure,"This capacity audit tests target-free algebraic weak-row structure features built from source Jacobian rows and active non-final velocity rows. The target Jacobian is used only to evaluate capacity, so this is not an accepted full-TFE stage replacement."
cylindrical_sharp,0.04,universal_weak_row_structure_capacity_value_scalar_nonfinal,paper_tfe_lower_pair_velocity_compression_weak_row_structure_capacity_gap_not_full_tfe,,universal_weak_row_structure_capacity_nonfinal_stage_scalar_value_fit,all_case_h_weak_row_structure_capacity_oracle_fit,weak_source_active_shifted_commutator_rows_perp,shifted source/active commutator-like weak-row structure products,"0,1",6,24,8,16,24,16,256,54,5.0789907726909034e+04,256,6.4854269490012539e-01,True,True,False,False,True,False,8,132,24,29,5,2.3030871141965631e+03,3.7137778489504708e-01,3.6458407253007830e-01,2.3733770454796008e-01,2.7675324739291113e-01,7.5909308235092721e-01,9.9213015521280012e-01,2.7675324739291113e-01,7.4520679116852062e-01,9.9023103246073607e-01,4.3474780930018774e-15,1.1858915487241241e-17,True,True,True,False,True,True,False,False,False,False,False,"The tested source/active cross-Gram, Hadamard, and shifted-commutator weak-row structures do not reproduce the local correction.",derive a revised analytical weak-row formula or nonlinear recurrent history source law for the coefficient-gradient closure,"This capacity audit tests target-free algebraic weak-row structure features built from source Jacobian rows and active non-final velocity rows. The target Jacobian is used only to evaluate capacity, so this is not an accepted full-TFE stage replacement."
cylindrical_sharp,0.04,universal_weak_row_structure_capacity_value_scalar_nonfinal,paper_tfe_lower_pair_velocity_compression_weak_row_structure_capacity_gap_not_full_tfe,,universal_weak_row_structure_capacity_nonfinal_stage_scalar_value_fit,all_case_h_weak_row_structure_capacity_oracle_fit,active_plus_weak_source_active_shifted_commutator_rows_perp,active non-final velocity plus shifted source/active commutator-like weak-row structure products,"0,1",6,24,8,16,24,16,272,62,3.3839305453186382e+04,272,4.0522348928842113e+00,True,True,False,False,True,False,8,132,24,29,5,2.3030871141968801e+03,3.7137778489504708e-01,3.6458407253007830e-01,2.3733770454796096e-01,2.7675324739291113e-01,7.5909308235092721e-01,9.9213015521280012e-01,2.7675324739291113e-01,7.4520679116852062e-01,9.9023103246073607e-01,1.0027856860045118e-14,1.1858915487241241e-17,True,True,True,False,True,True,False,False,False,False,False,"The tested source/active cross-Gram, Hadamard, and shifted-commutator weak-row structures do not reproduce the local correction.",derive a revised analytical weak-row formula or nonlinear recurrent history source law for the coefficient-gradient closure,"This capacity audit tests target-free algebraic weak-row structure features built from source Jacobian rows and active non-final velocity rows. The target Jacobian is used only to evaluate capacity, so this is not an accepted full-TFE stage replacement."
cylindrical_sharp,0.04,case_local_weak_row_structure_capacity_value_component_nonfinal,paper_tfe_lower_pair_velocity_compression_weak_row_structure_capacity_gap_not_full_tfe,,case_local_weak_row_structure_capacity_nonfinal_component_diagonal_value_fit,case_local_weak_row_structure_capacity_oracle_fit,weak_active_cross_gram_rows_perp,source/active cross-Gram weighted non-final velocity rows residualized against source rows,"0,1",1,24,8,16,24,16,16,0,inf,16,1.3587508383164378e-15,True,True,True,False,False,False,8,132,24,32,8,3.1711498119636879e+09,3.7137778489504708e-01,3.6654316047024932e-01,3.8585319677413993e-02,3.6450660020486692e-01,9.9444387323236472e-01,9.9999711519683743e-01,3.6450660020486692e-01,9.8149812678719595e-01,9.9957237011648425e-01,9.4505348303260117e-01,4.6444969609303800e-33,True,True,True,False,True,True,False,False,False,False,False,"The tested source/active cross-Gram, Hadamard, and shifted-commutator weak-row structures do not reproduce the local correction.",derive a revised analytical weak-row formula or nonlinear recurrent history source law for the coefficient-gradient closure,"This capacity audit tests target-free algebraic weak-row structure features built from source Jacobian rows and active non-final velocity rows. The target Jacobian is used only to evaluate capacity, so this is not an accepted full-TFE stage replacement."
cylindrical_sharp,0.04,case_local_weak_row_structure_capacity_value_component_nonfinal,paper_tfe_lower_pair_velocity_compression_weak_row_structure_capacity_gap_not_full_tfe,,case_local_weak_row_structure_capacity_nonfinal_component_diagonal_value_fit,case_local_weak_row_structure_capacity_oracle_fit,weak_source_active_hadamard_rows_perp,pairwise source-row and non-final velocity-row Hadamard products residualized against source rows,"0,1",1,24,8,16,24,16,256,56,3.4694786618654543e+04,256,3.3222044115654137e-01,True,True,False,True,False,False,8,132,24,28,4,8.6529372712112593e+02,3.7137778489504708e-01,3.6654316047024932e-01,2.6016768020038544e-01,2.5819888974716110e-01,7.0441606226101705e-01,9.9213015521287706e-01,2.5819888974716110e-01,6.9524592005450514e-01,9.9023103246073607e-01,4.3986508329194342e-15,4.6444969609303800e-33,True,True,True,False,True,True,False,False,False,False,False,"The tested source/active cross-Gram, Hadamard, and shifted-commutator weak-row structures do not reproduce the local correction.",derive a revised analytical weak-row formula or nonlinear recurrent history source law for the coefficient-gradient closure,"This capacity audit tests target-free algebraic weak-row structure features built from source Jacobian rows and active non-final velocity rows. The target Jacobian is used only to evaluate capacity, so this is not an accepted full-TFE stage replacement."
cylindrical_sharp,0.04,case_local_weak_row_structure_capacity_value_component_nonfinal,paper_tfe_lower_pair_velocity_compression_weak_row_structure_capacity_gap_not_full_tfe,,case_local_weak_row_structure_capacity_nonfinal_component_diagonal_value_fit,case_local_weak_row_structure_capacity_oracle_fit,active_plus_weak_source_active_hadamard_rows_perp,active non-final velocity plus source/active Hadamard weak-row structure rows,"0,1",1,24,8,16,24,16,272,64,1.8925283256391648e+05,272,4.0137725921534528e+00,True,True,False,True,False,False,8,132,24,28,4,8.6529372712137899e+02,3.7137778489504708e-01,3.6654316047024932e-01,2.6016768020035336e-01,2.5819888974716110e-01,7.0441606226101705e-01,9.9213015521287706e-01,2.5819888974716110e-01,6.9524592005450514e-01,9.9023103246073607e-01,1.6608092348367392e-14,4.6444969609303800e-33,True,True,True,False,True,True,False,False,False,False,False,"The tested source/active cross-Gram, Hadamard, and shifted-commutator weak-row structures do not reproduce the local correction.",derive a revised analytical weak-row formula or nonlinear recurrent history source law for the coefficient-gradient closure,"This capacity audit tests target-free algebraic weak-row structure features built from source Jacobian rows and active non-final velocity rows. The target Jacobian is used only to evaluate capacity, so this is not an accepted full-TFE stage replacement."
cylindrical_sharp,0.04,case_local_weak_row_structure_capacity_value_component_nonfinal,paper_tfe_lower_pair_velocity_compression_weak_row_structure_capacity_gap_not_full_tfe,,case_local_weak_row_structure_capacity_nonfinal_component_diagonal_value_fit,case_local_weak_row_structure_capacity_oracle_fit,weak_source_active_cross_hadamard_rows_perp,cross-Gram weighted source/active Hadamard weak-row structure rows,"0,1",1,24,8,16,24,16,256,0,inf,256,2.6012842444317282e-17,True,True,True,True,False,False,8,132,24,28,4,8.6529372712129782e+02,3.7137778489504708e-01,3.6654316047024932e-01,2.6016768020039366e-01,2.5819888974716110e-01,7.0441606226101705e-01,9.9213015521287706e-01,2.5819888974716110e-01,6.9524592005450514e-01,9.9023103246073607e-01,4.5887311601213313e-15,4.6444969609303800e-33,True,True,True,False,True,True,False,False,False,False,False,"The tested source/active cross-Gram, Hadamard, and shifted-commutator weak-row structures do not reproduce the local correction.",derive a revised analytical weak-row formula or nonlinear recurrent history source law for the coefficient-gradient closure,"This capacity audit tests target-free algebraic weak-row structure features built from source Jacobian rows and active non-final velocity rows. The target Jacobian is used only to evaluate capacity, so this is not an accepted full-TFE stage replacement."
cylindrical_sharp,0.04,case_local_weak_row_structure_capacity_value_component_nonfinal,paper_tfe_lower_pair_velocity_compression_weak_row_structure_capacity_gap_not_full_tfe,,case_local_weak_row_structure_capacity_nonfinal_component_diagonal_value_fit,case_local_weak_row_structure_capacity_oracle_fit,weak_source_active_shifted_commutator_rows_perp,shifted source/active commutator-like weak-row structure products,"0,1",1,24,8,16,24,16,256,54,5.0789907726909034e+04,256,6.4854269490012539e-01,True,True,False,False,True,False,8,132,24,29,5,2.3030918761623798e+03,3.7137778489504708e-01,3.6654316047024932e-01,2.4033628220681816e-01,2.7675324739291113e-01,7.5503590637963613e-01,9.9213015521287706e-01,2.7675324739291113e-01,7.4520679116852062e-01,9.9023103246073607e-01,4.3269815711968705e-15,4.6444969609303800e-33,True,True,True,False,True,True,False,False,False,False,False,"The tested source/active cross-Gram, Hadamard, and shifted-commutator weak-row structures do not reproduce the local correction.",derive a revised analytical weak-row formula or nonlinear recurrent history source law for the coefficient-gradient closure,"This capacity audit tests target-free algebraic weak-row structure features built from source Jacobian rows and active non-final velocity rows. The target Jacobian is used only to evaluate capacity, so this is not an accepted full-TFE stage replacement."
cylindrical_sharp,0.04,case_local_weak_row_structure_capacity_value_component_nonfinal,paper_tfe_lower_pair_velocity_compression_weak_row_structure_capacity_gap_not_full_tfe,,case_local_weak_row_structure_capacity_nonfinal_component_diagonal_value_fit,case_local_weak_row_structure_capacity_oracle_fit,active_plus_weak_source_active_shifted_commutator_rows_perp,active non-final velocity plus shifted source/active commutator-like weak-row structure products,"0,1",1,24,8,16,24,16,272,62,3.3839305453186382e+04,272,4.0522348928842113e+00,True,True,False,False,True,False,8,132,24,29,5,2.3030918761620801e+03,3.7137778489504708e-01,3.6654316047024932e-01,2.4033628220682365e-01,2.7675324739291113e-01,7.5503590637963613e-01,9.9213015521287706e-01,2.7675324739291113e-01,7.4520679116852062e-01,9.9023103246073607e-01,8.7404532272821609e-15,4.6444969609303800e-33,True,True,True,False,True,True,False,False,False,False,False,"The tested source/active cross-Gram, Hadamard, and shifted-commutator weak-row structures do not reproduce the local correction.",derive a revised analytical weak-row formula or nonlinear recurrent history source law for the coefficient-gradient closure,"This capacity audit tests target-free algebraic weak-row structure features built from source Jacobian rows and active non-final velocity rows. The target Jacobian is used only to evaluate capacity, so this is not an accepted full-TFE stage replacement."
cylindrical_sharp,0.04,universal_weak_row_structure_capacity_value_component_nonfinal,paper_tfe_lower_pair_velocity_compression_weak_row_structure_capacity_gap_not_full_tfe,,universal_weak_row_structure_capacity_nonfinal_component_diagonal_value_fit,all_case_h_weak_row_structure_capacity_oracle_fit,weak_active_cross_gram_rows_perp,source/active cross-Gram weighted non-final velocity rows residualized against source rows,"0,1",6,24,8,16,24,16,16,0,inf,16,1.3587508383164378e-15,True,True,True,False,False,False,8,132,24,32,8,3.1711420931115990e+09,3.7137778489504708e-01,3.6492988180991714e-01,1.7571483855651153e-02,3.6450660020486692e-01,9.9884010154786196e-01,9.9999711519659584e-01,3.6450660020486692e-01,9.8149812678719595e-01,9.9957237011648425e-01,9.4505348303260117e-01,4.0313416495214741e-19,True,True,True,False,True,True,False,False,False,False,False,"The tested source/active cross-Gram, Hadamard, and shifted-commutator weak-row structures do not reproduce the local correction.",derive a revised analytical weak-row formula or nonlinear recurrent history source law for the coefficient-gradient closure,"This capacity audit tests target-free algebraic weak-row structure features built from source Jacobian rows and active non-final velocity rows. The target Jacobian is used only to evaluate capacity, so this is not an accepted full-TFE stage replacement."
cylindrical_sharp,0.04,universal_weak_row_structure_capacity_value_component_nonfinal,paper_tfe_lower_pair_velocity_compression_weak_row_structure_capacity_gap_not_full_tfe,,universal_weak_row_structure_capacity_nonfinal_component_diagonal_value_fit,all_case_h_weak_row_structure_capacity_oracle_fit,weak_source_active_hadamard_rows_perp,pairwise source-row and non-final velocity-row Hadamard products residualized against source rows,"0,1",6,24,8,16,24,16,256,56,3.4694786618654543e+04,256,3.3222044115654137e-01,True,True,False,True,False,False,8,132,24,28,4,8.6529331986059185e+02,3.7137778489504708e-01,3.6492988180991714e-01,2.5788980586896548e-01,2.5819888974716138e-01,7.0753013830106337e-01,9.9213015521196113e-01,2.5819888974716138e-01,6.9524592005450581e-01,9.9023103246073607e-01,4.5141363299054103e-15,4.0313416495214741e-19,True,True,True,False,True,True,False,False,False,False,False,"The tested source/active cross-Gram, Hadamard, and shifted-commutator weak-row structures do not reproduce the local correction.",derive a revised analytical weak-row formula or nonlinear recurrent history source law for the coefficient-gradient closure,"This capacity audit tests target-free algebraic weak-row structure features built from source Jacobian rows and active non-final velocity rows. The target Jacobian is used only to evaluate capacity, so this is not an accepted full-TFE stage replacement."
cylindrical_sharp,0.04,universal_weak_row_structure_capacity_value_component_nonfinal,paper_tfe_lower_pair_velocity_compression_weak_row_structure_capacity_gap_not_full_tfe,,universal_weak_row_structure_capacity_nonfinal_component_diagonal_value_fit,all_case_h_weak_row_structure_capacity_oracle_fit,active_plus_weak_source_active_hadamard_rows_perp,active non-final velocity plus source/active Hadamard weak-row structure rows,"0,1",6,24,8,16,24,16,272,64,1.8925283256391648e+05,272,4.0137725921534528e+00,True,True,False,True,False,False,8,132,24,28,4,8.6529331986121394e+02,3.7137778489504708e-01,3.6492988180991714e-01,2.5788980586892252e-01,2.5819888974716110e-01,7.0753013830106259e-01,9.9213015521196113e-01,2.5819888974716110e-01,6.9524592005450514e-01,9.9023103246073607e-01,1.5588281427725179e-14,4.0313416495214741e-19,True,True,True,False,True,True,False,False,False,False,False,"The tested source/active cross-Gram, Hadamard, and shifted-commutator weak-row structures do not reproduce the local correction.",derive a revised analytical weak-row formula or nonlinear recurrent history source law for the coefficient-gradient closure,"This capacity audit tests target-free algebraic weak-row structure features built from source Jacobian rows and active non-final velocity rows. The target Jacobian is used only to evaluate capacity, so this is not an accepted full-TFE stage replacement."
cylindrical_sharp,0.04,universal_weak_row_structure_capacity_value_component_nonfinal,paper_tfe_lower_pair_velocity_compression_weak_row_structure_capacity_gap_not_full_tfe,,universal_weak_row_structure_capacity_nonfinal_component_diagonal_value_fit,all_case_h_weak_row_structure_capacity_oracle_fit,weak_source_active_cross_hadamard_rows_perp,cross-Gram weighted source/active Hadamard weak-row structure rows,"0,1",6,24,8,16,24,16,256,0,inf,256,2.6012842444317282e-17,True,True,True,True,False,False,8,132,24,28,4,8.6529331986065358e+02,3.7137778489504708e-01,3.6492988180991714e-01,2.5788980586897897e-01,2.5819888974716138e-01,7.0753013830106337e-01,9.9213015521196113e-01,2.5819888974716138e-01,6.9524592005450581e-01,9.9023103246073607e-01,6.4464475804316293e-15,4.0313416495214741e-19,True,True,True,False,True,True,False,False,False,False,False,"The tested source/active cross-Gram, Hadamard, and shifted-commutator weak-row structures do not reproduce the local correction.",derive a revised analytical weak-row formula or nonlinear recurrent history source law for the coefficient-gradient closure,"This capacity audit tests target-free algebraic weak-row structure features built from source Jacobian rows and active non-final velocity rows. The target Jacobian is used only to evaluate capacity, so this is not an accepted full-TFE stage replacement."
cylindrical_sharp,0.04,universal_weak_row_structure_capacity_value_component_nonfinal,paper_tfe_lower_pair_velocity_compression_weak_row_structure_capacity_gap_not_full_tfe,,universal_weak_row_structure_capacity_nonfinal_component_diagonal_value_fit,all_case_h_weak_row_structure_capacity_oracle_fit,weak_source_active_shifted_commutator_rows_perp,shifted source/active commutator-like weak-row structure products,"0,1",6,24,8,16,24,16,256,54,5.0789907726909034e+04,256,6.4854269490012539e-01,True,True,False,False,True,False,8,132,24,29,5,2.3030873099472315e+03,3.7137778489504708e-01,3.6492988180991714e-01,2.3786857441721465e-01,2.7675324739291135e-01,7.5837376216032970e-01,9.9213015521196113e-01,2.7675324739291135e-01,7.4520679116852129e-01,9.9023103246073607e-01,4.0598785148529385e-15,4.0313416495214741e-19,True,True,True,False,True,True,False,False,False,False,False,"The tested source/active cross-Gram, Hadamard, and shifted-commutator weak-row structures do not reproduce the local correction.",derive a revised analytical weak-row formula or nonlinear recurrent history source law for the coefficient-gradient closure,"This capacity audit tests target-free algebraic weak-row structure features built from source Jacobian rows and active non-final velocity rows. The target Jacobian is used only to evaluate capacity, so this is not an accepted full-TFE stage replacement."
cylindrical_sharp,0.04,universal_weak_row_structure_capacity_value_component_nonfinal,paper_tfe_lower_pair_velocity_compression_weak_row_structure_capacity_gap_not_full_tfe,,universal_weak_row_structure_capacity_nonfinal_component_diagonal_value_fit,all_case_h_weak_row_structure_capacity_oracle_fit,active_plus_weak_source_active_shifted_commutator_rows_perp,active non-final velocity plus shifted source/active commutator-like weak-row structure products,"0,1",6,24,8,16,24,16,272,62,3.3839305453186382e+04,272,4.0522348928842113e+00,True,True,False,False,True,False,8,132,24,29,5,2.3030873099474429e+03,3.7137778489504708e-01,3.6492988180991714e-01,2.3786857441721559e-01,2.7675324739291113e-01,7.5837376216032915e-01,9.9213015521196113e-01,2.7675324739291113e-01,7.4520679116852062e-01,9.9023103246073607e-01,7.2911269250566319e-15,4.0313416495214741e-19,True,True,True,False,True,True,False,False,False,False,False,"The tested source/active cross-Gram, Hadamard, and shifted-commutator weak-row structures do not reproduce the local correction.",derive a revised analytical weak-row formula or nonlinear recurrent history source law for the coefficient-gradient closure,"This capacity audit tests target-free algebraic weak-row structure features built from source Jacobian rows and active non-final velocity rows. The target Jacobian is used only to evaluate capacity, so this is not an accepted full-TFE stage replacement."
cylindrical_sharp,0.04,case_local_weak_row_structure_capacity_value_full_nonfinal,paper_tfe_lower_pair_velocity_compression_weak_row_structure_capacity_gap_not_full_tfe,,case_local_weak_row_structure_capacity_nonfinal_full_component_value_fit,case_local_weak_row_structure_capacity_oracle_fit,weak_active_cross_gram_rows_perp,source/active cross-Gram weighted non-final velocity rows residualized against source rows,"0,1",1,24,8,16,24,16,16,0,inf,16,1.3587508383164378e-15,True,True,True,False,False,False,8,132,24,32,8,3.1711411714255524e+09,3.7137778489504708e-01,3.6458407252842701e-01,7.5156069949575896e-03,3.6450660020486697e-01,9.9978750491478474e-01,9.9999711519682755e-01,3.6450660020486697e-01,9.8149812678719617e-01,9.9957237011648425e-01,9.4505348303260117e-01,1.5997975634355494e-33,True,True,True,False,True,True,False,False,False,False,False,"The tested source/active cross-Gram, Hadamard, and shifted-commutator weak-row structures do not reproduce the local correction.",derive a revised analytical weak-row formula or nonlinear recurrent history source law for the coefficient-gradient closure,"This capacity audit tests target-free algebraic weak-row structure features built from source Jacobian rows and active non-final velocity rows. The target Jacobian is used only to evaluate capacity, so this is not an accepted full-TFE stage replacement."
cylindrical_sharp,0.04,case_local_weak_row_structure_capacity_value_full_nonfinal,paper_tfe_lower_pair_velocity_compression_weak_row_structure_capacity_gap_not_full_tfe,,case_local_weak_row_structure_capacity_nonfinal_full_component_value_fit,case_local_weak_row_structure_capacity_oracle_fit,weak_source_active_hadamard_rows_perp,pairwise source-row and non-final velocity-row Hadamard products residualized against source rows,"0,1",1,24,8,16,24,16,256,56,3.4694786618654543e+04,256,3.3222044115654137e-01,True,True,False,True,False,False,8,132,24,28,4,8.6529322206001120e+02,3.7137778489504708e-01,3.6458407252842701e-01,2.5740023169131954e-01,2.5819888974716110e-01,7.0820123313815098e-01,9.9213015521316472e-01,2.5819888974716110e-01,6.9524592005450514e-01,9.9023103246073607e-01,1.0935226389053545e-12,1.5997975634355494e-33,True,True,True,False,True,True,False,False,False,False,False,"The tested source/active cross-Gram, Hadamard, and shifted-commutator weak-row structures do not reproduce the local correction.",derive a revised analytical weak-row formula or nonlinear recurrent history source law for the coefficient-gradient closure,"This capacity audit tests target-free algebraic weak-row structure features built from source Jacobian rows and active non-final velocity rows. The target Jacobian is used only to evaluate capacity, so this is not an accepted full-TFE stage replacement."
cylindrical_sharp,0.04,case_local_weak_row_structure_capacity_value_full_nonfinal,paper_tfe_lower_pair_velocity_compression_weak_row_structure_capacity_gap_not_full_tfe,,case_local_weak_row_structure_capacity_nonfinal_full_component_value_fit,case_local_weak_row_structure_capacity_oracle_fit,active_plus_weak_source_active_hadamard_rows_perp,active non-final velocity plus source/active Hadamard weak-row structure rows,"0,1",1,24,8,16,24,16,272,64,1.8925283256391648e+05,272,4.0137725921534528e+00,True,True,False,True,False,False,8,132,24,28,4,8.6529322206074357e+02,3.7137778489504708e-01,3.6458407252842701e-01,2.5740023169128617e-01,2.5819888974716110e-01,7.0820123313815098e-01,9.9213015521316472e-01,2.5819888974716110e-01,6.9524592005450514e-01,9.9023103246073607e-01,1.4590756443689096e-14,1.5997975634355494e-33,True,True,True,False,True,True,False,False,False,False,False,"The tested source/active cross-Gram, Hadamard, and shifted-commutator weak-row structures do not reproduce the local correction.",derive a revised analytical weak-row formula or nonlinear recurrent history source law for the coefficient-gradient closure,"This capacity audit tests target-free algebraic weak-row structure features built from source Jacobian rows and active non-final velocity rows. The target Jacobian is used only to evaluate capacity, so this is not an accepted full-TFE stage replacement."
cylindrical_sharp,0.04,case_local_weak_row_structure_capacity_value_full_nonfinal,paper_tfe_lower_pair_velocity_compression_weak_row_structure_capacity_gap_not_full_tfe,,case_local_weak_row_structure_capacity_nonfinal_full_component_value_fit,case_local_weak_row_structure_capacity_oracle_fit,weak_source_active_cross_hadamard_rows_perp,cross-Gram weighted source/active Hadamard weak-row structure rows,"0,1",1,24,8,16,24,16,256,0,inf,256,2.6012842444317282e-17,True,True,True,True,False,False,8,132,24,28,4,8.6529322206015900e+02,3.7137778489504708e-01,3.6458407252842701e-01,2.5740023169134535e-01,2.5819888974716110e-01,7.0820123313815098e-01,9.9213015521316472e-01,2.5819888974716110e-01,6.9524592005450514e-01,9.9023103246073607e-01,1.0949863073871010e-12,1.5997975634355494e-33,True,True,True,False,True,True,False,False,False,False,False,"The tested source/active cross-Gram, Hadamard, and shifted-commutator weak-row structures do not reproduce the local correction.",derive a revised analytical weak-row formula or nonlinear recurrent history source law for the coefficient-gradient closure,"This capacity audit tests target-free algebraic weak-row structure features built from source Jacobian rows and active non-final velocity rows. The target Jacobian is used only to evaluate capacity, so this is not an accepted full-TFE stage replacement."
cylindrical_sharp,0.04,case_local_weak_row_structure_capacity_value_full_nonfinal,paper_tfe_lower_pair_velocity_compression_weak_row_structure_capacity_gap_not_full_tfe,,case_local_weak_row_structure_capacity_nonfinal_full_component_value_fit,case_local_weak_row_structure_capacity_oracle_fit,weak_source_active_shifted_commutator_rows_perp,shifted source/active commutator-like weak-row structure products,"0,1",1,24,8,16,24,16,256,54,5.0789907726909034e+04,256,6.4854269490012539e-01,True,True,False,False,True,False,8,132,24,29,5,2.3030871141963949e+03,3.7137778489504708e-01,3.6458407252842701e-01,2.3733770454542433e-01,2.7675324739291118e-01,7.5909308235436546e-01,9.9213015521316472e-01,2.7675324739291118e-01,7.4520679116852073e-01,9.9023103246073607e-01,4.1439743457182642e-12,1.5997975634355494e-33,True,True,True,False,True,True,False,False,False,False,False,"The tested source/active cross-Gram, Hadamard, and shifted-commutator weak-row structures do not reproduce the local correction.",derive a revised analytical weak-row formula or nonlinear recurrent history source law for the coefficient-gradient closure,"This capacity audit tests target-free algebraic weak-row structure features built from source Jacobian rows and active non-final velocity rows. The target Jacobian is used only to evaluate capacity, so this is not an accepted full-TFE stage replacement."
cylindrical_sharp,0.04,case_local_weak_row_structure_capacity_value_full_nonfinal,paper_tfe_lower_pair_velocity_compression_weak_row_structure_capacity_gap_not_full_tfe,,case_local_weak_row_structure_capacity_nonfinal_full_component_value_fit,case_local_weak_row_structure_capacity_oracle_fit,active_plus_weak_source_active_shifted_commutator_rows_perp,active non-final velocity plus shifted source/active commutator-like weak-row structure products,"0,1",1,24,8,16,24,16,272,62,3.3839305453186382e+04,272,4.0522348928842113e+00,True,True,False,False,True,False,8,132,24,29,5,2.3030871141966036e+03,3.7137778489504708e-01,3.6458407252842701e-01,2.3733770454542491e-01,2.7675324739291113e-01,7.5909308235436523e-01,9.9213015521316472e-01,2.7675324739291113e-01,7.4520679116852062e-01,9.9023103246073607e-01,8.7258644359008383e-15,1.5997975634355494e-33,True,True,True,False,True,True,False,False,False,False,False,"The tested source/active cross-Gram, Hadamard, and shifted-commutator weak-row structures do not reproduce the local correction.",derive a revised analytical weak-row formula or nonlinear recurrent history source law for the coefficient-gradient closure,"This capacity audit tests target-free algebraic weak-row structure features built from source Jacobian rows and active non-final velocity rows. The target Jacobian is used only to evaluate capacity, so this is not an accepted full-TFE stage replacement."
cylindrical_sharp,0.04,universal_weak_row_structure_capacity_value_full_nonfinal,paper_tfe_lower_pair_velocity_compression_weak_row_structure_capacity_gap_not_full_tfe,,universal_weak_row_structure_capacity_nonfinal_full_component_value_fit,all_case_h_weak_row_structure_capacity_oracle_fit,weak_active_cross_gram_rows_perp,source/active cross-Gram weighted non-final velocity rows residualized against source rows,"0,1",6,24,8,16,24,16,16,0,inf,16,1.3587508383164378e-15,True,True,True,False,False,False,8,132,24,32,8,3.1711411712331381e+09,3.7137778489504708e-01,3.6458406683330119e-01,7.5153307178298144e-03,3.6450660020486692e-01,9.9978752053235043e-01,9.9999712310221078e-01,3.6450660020486692e-01,9.8149812678719595e-01,9.9957237011648425e-01,9.4505348303260117e-01,2.1732456171071242e-28,True,True,True,False,True,True,False,False,False,False,False,"The tested source/active cross-Gram, Hadamard, and shifted-commutator weak-row structures do not reproduce the local correction.",derive a revised analytical weak-row formula or nonlinear recurrent history source law for the coefficient-gradient closure,"This capacity audit tests target-free algebraic weak-row structure features built from source Jacobian rows and active non-final velocity rows. The target Jacobian is used only to evaluate capacity, so this is not an accepted full-TFE stage replacement."
cylindrical_sharp,0.04,universal_weak_row_structure_capacity_value_full_nonfinal,paper_tfe_lower_pair_velocity_compression_weak_row_structure_capacity_gap_not_full_tfe,,universal_weak_row_structure_capacity_nonfinal_full_component_value_fit,all_case_h_weak_row_structure_capacity_oracle_fit,weak_source_active_hadamard_rows_perp,pairwise source-row and non-final velocity-row Hadamard products residualized against source rows,"0,1",6,24,8,16,24,16,256,56,3.4694786618654543e+04,256,3.3222044115654137e-01,True,True,False,True,False,False,8,132,24,31,7,8.6529305624079177e+02,3.7137778489504708e-01,3.6458406683330119e-01,2.5740022197361023e-01,2.5819889139313540e-01,7.0820124871554435e-01,9.9213008045911988e-01,2.5819889139311425e-01,6.9524592448652345e-01,9.9023104541669038e-01,1.5438572292395370e-06,2.1732456171071242e-28,True,True,True,False,True,True,False,False,False,False,False,"The tested source/active cross-Gram, Hadamard, and shifted-commutator weak-row structures do not reproduce the local correction.",derive a revised analytical weak-row formula or nonlinear recurrent history source law for the coefficient-gradient closure,"This capacity audit tests target-free algebraic weak-row structure features built from source Jacobian rows and active non-final velocity rows. The target Jacobian is used only to evaluate capacity, so this is not an accepted full-TFE stage replacement."
cylindrical_sharp,0.04,universal_weak_row_structure_capacity_value_full_nonfinal,paper_tfe_lower_pair_velocity_compression_weak_row_structure_capacity_gap_not_full_tfe,,universal_weak_row_structure_capacity_nonfinal_full_component_value_fit,all_case_h_weak_row_structure_capacity_oracle_fit,active_plus_weak_source_active_hadamard_rows_perp,active non-final velocity plus source/active Hadamard weak-row structure rows,"0,1",6,24,8,16,24,16,272,64,1.8925283256391648e+05,272,4.0137725921534528e+00,True,True,False,True,False,False,8,132,24,28,4,8.6529322206136055e+02,3.7137778489504708e-01,3.6458406683330119e-01,2.5740022362465209e-01,2.5819888974716110e-01,7.0820124420088115e-01,9.9213006747815169e-01,2.5819888974716110e-01,6.9524592005450514e-01,9.9023103246073607e-01,1.7006635625144561e-14,2.1732456171071242e-28,True,True,True,False,True,True,False,False,False,False,False,"The tested source/active cross-Gram, Hadamard, and shifted-commutator weak-row structures do not reproduce the local correction.",derive a revised analytical weak-row formula or nonlinear recurrent history source law for the coefficient-gradient closure,"This capacity audit tests target-free algebraic weak-row structure features built from source Jacobian rows and active non-final velocity rows. The target Jacobian is used only to evaluate capacity, so this is not an accepted full-TFE stage replacement."
cylindrical_sharp,0.04,universal_weak_row_structure_capacity_value_full_nonfinal,paper_tfe_lower_pair_velocity_compression_weak_row_structure_capacity_gap_not_full_tfe,,universal_weak_row_structure_capacity_nonfinal_full_component_value_fit,all_case_h_weak_row_structure_capacity_oracle_fit,weak_source_active_cross_hadamard_rows_perp,cross-Gram weighted source/active Hadamard weak-row structure rows,"0,1",6,24,8,16,24,16,256,0,inf,256,2.6012842444317282e-17,True,True,True,True,False,False,8,132,24,31,7,8.6529305624099891e+02,3.7137778489504708e-01,3.6458406683330119e-01,2.5740022197360218e-01,2.5819889139313540e-01,7.0820124871554435e-01,9.9213008045911988e-01,2.5819889139311425e-01,6.9524592448652345e-01,9.9023104541669038e-01,1.5438572292398688e-06,2.1732456171071242e-28,True,True,True,False,True,True,False,False,False,False,False,"The tested source/active cross-Gram, Hadamard, and shifted-commutator weak-row structures do not reproduce the local correction.",derive a revised analytical weak-row formula or nonlinear recurrent history source law for the coefficient-gradient closure,"This capacity audit tests target-free algebraic weak-row structure features built from source Jacobian rows and active non-final velocity rows. The target Jacobian is used only to evaluate capacity, so this is not an accepted full-TFE stage replacement."
cylindrical_sharp,0.04,universal_weak_row_structure_capacity_value_full_nonfinal,paper_tfe_lower_pair_velocity_compression_weak_row_structure_capacity_gap_not_full_tfe,,universal_weak_row_structure_capacity_nonfinal_full_component_value_fit,all_case_h_weak_row_structure_capacity_oracle_fit,weak_source_active_shifted_commutator_rows_perp,shifted source/active commutator-like weak-row structure products,"0,1",6,24,8,16,24,16,256,54,5.0789907726909034e+04,256,6.4854269490012539e-01,True,True,False,False,True,False,8,132,24,32,8,2.3030855671874974e+03,3.7137778489504708e-01,3.6458406683330119e-01,2.3733769400626037e-01,2.7675324892853437e-01,7.5909309842405781e-01,9.9213008045911988e-01,2.7675324892851422e-01,7.4520679530340206e-01,9.9023104541668716e-01,1.5438571115034973e-06,2.1732456171071242e-28,True,True,True,False,True,True,False,False,False,False,False,"The tested source/active cross-Gram, Hadamard, and shifted-commutator weak-row structures do not reproduce the local correction.",derive a revised analytical weak-row formula or nonlinear recurrent history source law for the coefficient-gradient closure,"This capacity audit tests target-free algebraic weak-row structure features built from source Jacobian rows and active non-final velocity rows. The target Jacobian is used only to evaluate capacity, so this is not an accepted full-TFE stage replacement."
cylindrical_sharp,0.04,universal_weak_row_structure_capacity_value_full_nonfinal,paper_tfe_lower_pair_velocity_compression_weak_row_structure_capacity_gap_not_full_tfe,,universal_weak_row_structure_capacity_nonfinal_full_component_value_fit,all_case_h_weak_row_structure_capacity_oracle_fit,active_plus_weak_source_active_shifted_commutator_rows_perp,active non-final velocity plus shifted source/active commutator-like weak-row structure products,"0,1",6,24,8,16,24,16,272,62,3.3839305453186382e+04,272,4.0522348928842113e+00,True,True,False,False,True,False,8,132,24,29,5,2.3030871141986477e+03,3.7137778489504708e-01,3.6458406683330119e-01,2.3733769579691116e-01,2.7675324739291113e-01,7.5909309421207105e-01,9.9213006747815169e-01,2.7675324739291113e-01,7.4520679116852062e-01,9.9023103246073607e-01,8.7576740600088173e-15,2.1732456171071242e-28,True,True,True,False,True,True,False,False,False,False,False,"The tested source/active cross-Gram, Hadamard, and shifted-commutator weak-row structures do not reproduce the local correction.",derive a revised analytical weak-row formula or nonlinear recurrent history source law for the coefficient-gradient closure,"This capacity audit tests target-free algebraic weak-row structure features built from source Jacobian rows and active non-final velocity rows. The target Jacobian is used only to evaluate capacity, so this is not an accepted full-TFE stage replacement."
cylindrical_sharp,0.02,case_local_weak_row_structure_capacity_value_scalar_nonfinal,paper_tfe_lower_pair_velocity_compression_weak_row_structure_capacity_gap_not_full_tfe,,case_local_weak_row_structure_capacity_nonfinal_stage_scalar_value_fit,case_local_weak_row_structure_capacity_oracle_fit,weak_active_cross_gram_rows_perp,source/active cross-Gram weighted non-final velocity rows residualized against source rows,"0,1",1,24,8,16,24,16,16,0,inf,16,6.8279451217055016e-16,True,True,True,False,False,False,8,132,23,31,8,1.7116240231580923e+11,2.6043562229773637e-01,2.5970145206752637e-01,7.1061801926697603e-04,2.5970047983785555e-01,9.9999625635643130e-01,9.9999994601399489e-01,2.5970047983785555e-01,9.9717725842035387e-01,9.9993570959666334e-01,9.9139525160949371e-01,3.1541822023455162e-18,True,True,True,False,True,True,False,False,False,False,False,"The tested source/active cross-Gram, Hadamard, and shifted-commutator weak-row structures do not reproduce the local correction.",derive a revised analytical weak-row formula or nonlinear recurrent history source law for the coefficient-gradient closure,"This capacity audit tests target-free algebraic weak-row structure features built from source Jacobian rows and active non-final velocity rows. The target Jacobian is used only to evaluate capacity, so this is not an accepted full-TFE stage replacement."
cylindrical_sharp,0.02,case_local_weak_row_structure_capacity_value_scalar_nonfinal,paper_tfe_lower_pair_velocity_compression_weak_row_structure_capacity_gap_not_full_tfe,,case_local_weak_row_structure_capacity_nonfinal_stage_scalar_value_fit,case_local_weak_row_structure_capacity_oracle_fit,weak_source_active_hadamard_rows_perp,pairwise source-row and non-final velocity-row Hadamard products residualized against source rows,"0,1",1,24,8,16,24,16,256,56,8.9260966037015867e+04,256,1.1689814306625988e-01,True,True,False,True,False,False,8,132,24,28,4,2.0617121907516939e+03,2.6043562229773637e-01,2.5970145206752637e-01,1.8469301793148005e-01,1.8257418583508347e-01,7.0301565271037214e-01,9.9256381751308731e-01,1.8257418583508347e-01,7.0103384561717219e-01,9.9228287537058335e-01,4.2202120471937666e-15,3.1541822023455162e-18,True,True,True,False,True,True,False,False,False,False,False,"The tested source/active cross-Gram, Hadamard, and shifted-commutator weak-row structures do not reproduce the local correction.",derive a revised analytical weak-row formula or nonlinear recurrent history source law for the coefficient-gradient closure,"This capacity audit tests target-free algebraic weak-row structure features built from source Jacobian rows and active non-final velocity rows. The target Jacobian is used only to evaluate capacity, so this is not an accepted full-TFE stage replacement."
cylindrical_sharp,0.02,case_local_weak_row_structure_capacity_value_scalar_nonfinal,paper_tfe_lower_pair_velocity_compression_weak_row_structure_capacity_gap_not_full_tfe,,case_local_weak_row_structure_capacity_nonfinal_stage_scalar_value_fit,case_local_weak_row_structure_capacity_oracle_fit,active_plus_weak_source_active_hadamard_rows_perp,active non-final velocity plus source/active Hadamard weak-row structure rows,"0,1",1,24,8,16,24,16,272,64,1.4965844109127487e+06,272,4.0017077824164451e+00,True,True,False,True,False,False,8,132,24,28,4,2.0617121930910425e+03,2.6043562229773637e-01,2.5970145206752637e-01,1.8469301793150272e-01,1.8257418583505539e-01,7.0301565271026401e-01,9.9256381751293465e-01,1.8257418583505539e-01,7.0103384561706428e-01,9.9228287537043081e-01,6.9300826666801803e-14,3.1541822023455162e-18,True,True,True,False,True,True,False,False,False,False,False,"The tested source/active cross-Gram, Hadamard, and shifted-commutator weak-row structures do not reproduce the local correction.",derive a revised analytical weak-row formula or nonlinear recurrent history source law for the coefficient-gradient closure,"This capacity audit tests target-free algebraic weak-row structure features built from source Jacobian rows and active non-final velocity rows. The target Jacobian is used only to evaluate capacity, so this is not an accepted full-TFE stage replacement."
cylindrical_sharp,0.02,case_local_weak_row_structure_capacity_value_scalar_nonfinal,paper_tfe_lower_pair_velocity_compression_weak_row_structure_capacity_gap_not_full_tfe,,case_local_weak_row_structure_capacity_nonfinal_stage_scalar_value_fit,case_local_weak_row_structure_capacity_oracle_fit,weak_source_active_cross_hadamard_rows_perp,cross-Gram weighted source/active Hadamard weak-row structure rows,"0,1",1,24,8,16,24,16,256,0,inf,256,4.1893267920976009e-18,True,True,True,True,False,False,8,132,24,28,4,2.0617121907520409e+03,2.6043562229773637e-01,2.5970145206752637e-01,1.8469301793148021e-01,1.8257418583508347e-01,7.0301565271037214e-01,9.9256381751308731e-01,1.8257418583508347e-01,7.0103384561717219e-01,9.9228287537058335e-01,5.0156881760041485e-15,3.1541822023455162e-18,True,True,True,False,True,True,False,False,False,False,False,"The tested source/active cross-Gram, Hadamard, and shifted-commutator weak-row structures do not reproduce the local correction.",derive a revised analytical weak-row formula or nonlinear recurrent history source law for the coefficient-gradient closure,"This capacity audit tests target-free algebraic weak-row structure features built from source Jacobian rows and active non-final velocity rows. The target Jacobian is used only to evaluate capacity, so this is not an accepted full-TFE stage replacement."
cylindrical_sharp,0.02,case_local_weak_row_structure_capacity_value_scalar_nonfinal,paper_tfe_lower_pair_velocity_compression_weak_row_structure_capacity_gap_not_full_tfe,,case_local_weak_row_structure_capacity_nonfinal_stage_scalar_value_fit,case_local_weak_row_structure_capacity_oracle_fit,weak_source_active_shifted_commutator_rows_perp,shifted source/active commutator-like weak-row structure products,"0,1",1,24,8,16,24,16,256,54,9.8201482328579016e+05,256,5.8008425933053420e-01,True,True,False,False,True,False,8,132,24,29,5,7.0882249692853457e+03,2.6043562229773637e-01,2.5970145206752637e-01,1.6973802679914793e-01,1.9655494515354663e-01,7.5684961939465523e-01,9.9256381751308731e-01,1.9655494515354663e-01,7.5471605389235197e-01,9.9228287537058335e-01,8.6649390801070769e-15,3.1541822023455162e-18,True,True,True,False,True,True,False,False,False,False,False,"The tested source/active cross-Gram, Hadamard, and shifted-commutator weak-row structures do not reproduce the local correction.",derive a revised analytical weak-row formula or nonlinear recurrent history source law for the coefficient-gradient closure,"This capacity audit tests target-free algebraic weak-row structure features built from source Jacobian rows and active non-final velocity rows. The target Jacobian is used only to evaluate capacity, so this is not an accepted full-TFE stage replacement."
cylindrical_sharp,0.02,case_local_weak_row_structure_capacity_value_scalar_nonfinal,paper_tfe_lower_pair_velocity_compression_weak_row_structure_capacity_gap_not_full_tfe,,case_local_weak_row_structure_capacity_nonfinal_stage_scalar_value_fit,case_local_weak_row_structure_capacity_oracle_fit,active_plus_weak_source_active_shifted_commutator_rows_perp,active non-final velocity plus shifted source/active commutator-like weak-row structure products,"0,1",1,24,8,16,24,16,272,62,2.5796819846201775e+05,272,4.0418433601418871e+00,True,True,False,False,True,False,8,132,24,29,5,7.0882250646161156e+03,2.6043562229773637e-01,2.5970145206752637e-01,1.6973802679917324e-01,1.9655494515352054e-01,7.5684961939455475e-01,9.9256381751293465e-01,1.9655494515352054e-01,7.5471605389225183e-01,9.9228287537043081e-01,7.4994130193366524e-14,3.1541822023455162e-18,True,True,True,False,True,True,False,False,False,False,False,"The tested source/active cross-Gram, Hadamard, and shifted-commutator weak-row structures do not reproduce the local correction.",derive a revised analytical weak-row formula or nonlinear recurrent history source law for the coefficient-gradient closure,"This capacity audit tests target-free algebraic weak-row structure features built from source Jacobian rows and active non-final velocity rows. The target Jacobian is used only to evaluate capacity, so this is not an accepted full-TFE stage replacement."
cylindrical_sharp,0.02,universal_weak_row_structure_capacity_value_scalar_nonfinal,paper_tfe_lower_pair_velocity_compression_weak_row_structure_capacity_gap_not_full_tfe,,universal_weak_row_structure_capacity_nonfinal_stage_scalar_value_fit,all_case_h_weak_row_structure_capacity_oracle_fit,weak_active_cross_gram_rows_perp,source/active cross-Gram weighted non-final velocity rows residualized against source rows,"0,1",6,24,8,16,24,16,16,0,inf,16,6.8279451217055016e-16,True,True,True,False,False,False,8,132,23,31,8,1.7116240228755545e+11,2.6043562229773637e-01,2.5970145217160140e-01,7.1065605334654988e-04,2.5970047983785555e-01,9.9999625595568398e-01,9.9999994600497710e-01,2.5970047983785555e-01,9.9717725842035387e-01,9.9993570959666334e-01,9.9139525160949371e-01,3.3521064770341994e-18,True,True,True,False,True,True,False,False,False,False,False,"The tested source/active cross-Gram, Hadamard, and shifted-commutator weak-row structures do not reproduce the local correction.",derive a revised analytical weak-row formula or nonlinear recurrent history source law for the coefficient-gradient closure,"This capacity audit tests target-free algebraic weak-row structure features built from source Jacobian rows and active non-final velocity rows. The target Jacobian is used only to evaluate capacity, so this is not an accepted full-TFE stage replacement."
cylindrical_sharp,0.02,universal_weak_row_structure_capacity_value_scalar_nonfinal,paper_tfe_lower_pair_velocity_compression_weak_row_structure_capacity_gap_not_full_tfe,,universal_weak_row_structure_capacity_nonfinal_stage_scalar_value_fit,all_case_h_weak_row_structure_capacity_oracle_fit,weak_source_active_hadamard_rows_perp,pairwise source-row and non-final velocity-row Hadamard products residualized against source rows,"0,1",6,24,8,16,24,16,256,56,8.9260966037015867e+04,256,1.1689814306625988e-01,True,True,False,True,False,False,8,132,24,28,4,2.0617121930964518e+03,2.6043562229773637e-01,2.5970145217160140e-01,1.8469301807784799e-01,1.8257418583505539e-01,7.0301565242853137e-01,9.9256381747283129e-01,1.8257418583505539e-01,7.0103384561706428e-01,9.9228287537043081e-01,4.8995349009552720e-15,3.3521064770341994e-18,True,True,True,False,True,True,False,False,False,False,False,"The tested source/active cross-Gram, Hadamard, and shifted-commutator weak-row structures do not reproduce the local correction.",derive a revised analytical weak-row formula or nonlinear recurrent history source law for the coefficient-gradient closure,"This capacity audit tests target-free algebraic weak-row structure features built from source Jacobian rows and active non-final velocity rows. The target Jacobian is used only to evaluate capacity, so this is not an accepted full-TFE stage replacement."
cylindrical_sharp,0.02,universal_weak_row_structure_capacity_value_scalar_nonfinal,paper_tfe_lower_pair_velocity_compression_weak_row_structure_capacity_gap_not_full_tfe,,universal_weak_row_structure_capacity_nonfinal_stage_scalar_value_fit,all_case_h_weak_row_structure_capacity_oracle_fit,active_plus_weak_source_active_hadamard_rows_perp,active non-final velocity plus source/active Hadamard weak-row structure rows,"0,1",6,24,8,16,24,16,272,64,1.4965844109127487e+06,272,4.0017077824164451e+00,True,True,False,True,False,False,8,132,24,28,4,2.0617121930921289e+03,2.6043562229773637e-01,2.5970145217160140e-01,1.8469301807784441e-01,1.8257418583505539e-01,7.0301565242853137e-01,9.9256381747283129e-01,1.8257418583505539e-01,7.0103384561706428e-01,9.9228287537043081e-01,7.7547003679144879e-14,3.3521064770341994e-18,True,True,True,False,True,True,False,False,False,False,False,"The tested source/active cross-Gram, Hadamard, and shifted-commutator weak-row structures do not reproduce the local correction.",derive a revised analytical weak-row formula or nonlinear recurrent history source law for the coefficient-gradient closure,"This capacity audit tests target-free algebraic weak-row structure features built from source Jacobian rows and active non-final velocity rows. The target Jacobian is used only to evaluate capacity, so this is not an accepted full-TFE stage replacement."
cylindrical_sharp,0.02,universal_weak_row_structure_capacity_value_scalar_nonfinal,paper_tfe_lower_pair_velocity_compression_weak_row_structure_capacity_gap_not_full_tfe,,universal_weak_row_structure_capacity_nonfinal_stage_scalar_value_fit,all_case_h_weak_row_structure_capacity_oracle_fit,weak_source_active_cross_hadamard_rows_perp,cross-Gram weighted source/active Hadamard weak-row structure rows,"0,1",6,24,8,16,24,16,256,0,inf,256,4.1893267920976009e-18,True,True,True,True,False,False,8,132,24,28,4,2.0617121930982639e+03,2.6043562229773637e-01,2.5970145217160140e-01,1.8469301807784957e-01,1.8257418583505539e-01,7.0301565242853137e-01,9.9256381747283129e-01,1.8257418583505539e-01,7.0103384561706428e-01,9.9228287537043081e-01,4.4774595353239237e-15,3.3521064770341994e-18,True,True,True,False,True,True,False,False,False,False,False,"The tested source/active cross-Gram, Hadamard, and shifted-commutator weak-row structures do not reproduce the local correction.",derive a revised analytical weak-row formula or nonlinear recurrent history source law for the coefficient-gradient closure,"This capacity audit tests target-free algebraic weak-row structure features built from source Jacobian rows and active non-final velocity rows. The target Jacobian is used only to evaluate capacity, so this is not an accepted full-TFE stage replacement."
cylindrical_sharp,0.02,universal_weak_row_structure_capacity_value_scalar_nonfinal,paper_tfe_lower_pair_velocity_compression_weak_row_structure_capacity_gap_not_full_tfe,,universal_weak_row_structure_capacity_nonfinal_stage_scalar_value_fit,all_case_h_weak_row_structure_capacity_oracle_fit,weak_source_active_shifted_commutator_rows_perp,shifted source/active commutator-like weak-row structure products,"0,1",6,24,8,16,24,16,256,54,9.8201482328579016e+05,256,5.8008425933053420e-01,True,True,False,False,True,False,8,132,24,29,5,7.0882250646409475e+03,2.6043562229773637e-01,2.5970145217160140e-01,1.6973802695841431e-01,1.9655494515352054e-01,7.5684961909124826e-01,9.9256381747283129e-01,1.9655494515352054e-01,7.5471605389225183e-01,9.9228287537043081e-01,6.9442310270540591e-15,3.3521064770341994e-18,True,True,True,False,True,True,False,False,False,False,False,"The tested source/active cross-Gram, Hadamard, and shifted-commutator weak-row structures do not reproduce the local correction.",derive a revised analytical weak-row formula or nonlinear recurrent history source law for the coefficient-gradient closure,"This capacity audit tests target-free algebraic weak-row structure features built from source Jacobian rows and active non-final velocity rows. The target Jacobian is used only to evaluate capacity, so this is not an accepted full-TFE stage replacement."
cylindrical_sharp,0.02,universal_weak_row_structure_capacity_value_scalar_nonfinal,paper_tfe_lower_pair_velocity_compression_weak_row_structure_capacity_gap_not_full_tfe,,universal_weak_row_structure_capacity_nonfinal_stage_scalar_value_fit,all_case_h_weak_row_structure_capacity_oracle_fit,active_plus_weak_source_active_shifted_commutator_rows_perp,active non-final velocity plus shifted source/active commutator-like weak-row structure products,"0,1",6,24,8,16,24,16,272,62,2.5796819846201775e+05,272,4.0418433601418871e+00,True,True,False,False,True,False,8,132,24,29,5,7.0882250646204338e+03,2.6043562229773637e-01,2.5970145217160140e-01,1.6973802695841025e-01,1.9655494515352057e-01,7.5684961909124837e-01,9.9256381747283129e-01,1.9655494515352054e-01,7.5471605389225183e-01,9.9228287537043081e-01,5.2790372915213328e-14,3.3521064770341994e-18,True,True,True,False,True,True,False,False,False,False,False,"The tested source/active cross-Gram, Hadamard, and shifted-commutator weak-row structures do not reproduce the local correction.",derive a revised analytical weak-row formula or nonlinear recurrent history source law for the coefficient-gradient closure,"This capacity audit tests target-free algebraic weak-row structure features built from source Jacobian rows and active non-final velocity rows. The target Jacobian is used only to evaluate capacity, so this is not an accepted full-TFE stage replacement."
cylindrical_sharp,0.02,case_local_weak_row_structure_capacity_value_component_nonfinal,paper_tfe_lower_pair_velocity_compression_weak_row_structure_capacity_gap_not_full_tfe,,case_local_weak_row_structure_capacity_nonfinal_component_diagonal_value_fit,case_local_weak_row_structure_capacity_oracle_fit,weak_active_cross_gram_rows_perp,source/active cross-Gram weighted non-final velocity rows residualized against source rows,"0,1",1,24,8,16,24,16,16,0,inf,16,6.8279451217055016e-16,True,True,True,False,False,False,8,132,23,31,8,1.7116243276415759e+11,2.6043562229773637e-01,2.5992975651812394e-01,1.0915085687195352e-02,2.5970047983785555e-01,9.9911792830747947e-01,9.9999994600503828e-01,2.5970047983785555e-01,9.9717725842035387e-01,9.9993570959666334e-01,9.9139525160949382e-01,5.7878120260073902e-34,True,True,True,False,True,True,False,False,False,False,False,"The tested source/active cross-Gram, Hadamard, and shifted-commutator weak-row structures do not reproduce the local correction.",derive a revised analytical weak-row formula or nonlinear recurrent history source law for the coefficient-gradient closure,"This capacity audit tests target-free algebraic weak-row structure features built from source Jacobian rows and active non-final velocity rows. The target Jacobian is used only to evaluate capacity, so this is not an accepted full-TFE stage replacement."
cylindrical_sharp,0.02,case_local_weak_row_structure_capacity_value_component_nonfinal,paper_tfe_lower_pair_velocity_compression_weak_row_structure_capacity_gap_not_full_tfe,,case_local_weak_row_structure_capacity_nonfinal_component_diagonal_value_fit,case_local_weak_row_structure_capacity_oracle_fit,weak_source_active_hadamard_rows_perp,pairwise source-row and non-final velocity-row Hadamard products residualized against source rows,"0,1",1,24,8,16,24,16,256,56,8.9260966037015867e+04,256,1.1689814306625988e-01,True,True,False,True,False,False,8,132,24,28,4,2.0617122375486006e+03,2.6043562229773637e-01,2.5992975651812394e-01,1.8501390485646513e-01,1.8257418583505597e-01,7.0239817203201105e-01,9.9256381747481692e-01,1.8257418583505597e-01,7.0103384561706650e-01,9.9228287537043081e-01,3.1322923469839566e-15,5.7878120260073902e-34,True,True,True,False,True,True,False,False,False,False,False,"The tested source/active cross-Gram, Hadamard, and shifted-commutator weak-row structures do not reproduce the local correction.",derive a revised analytical weak-row formula or nonlinear recurrent history source law for the coefficient-gradient closure,"This capacity audit tests target-free algebraic weak-row structure features built from source Jacobian rows and active non-final velocity rows. The target Jacobian is used only to evaluate capacity, so this is not an accepted full-TFE stage replacement."
cylindrical_sharp,0.02,case_local_weak_row_structure_capacity_value_component_nonfinal,paper_tfe_lower_pair_velocity_compression_weak_row_structure_capacity_gap_not_full_tfe,,case_local_weak_row_structure_capacity_nonfinal_component_diagonal_value_fit,case_local_weak_row_structure_capacity_oracle_fit,active_plus_weak_source_active_hadamard_rows_perp,active non-final velocity plus source/active Hadamard weak-row structure rows,"0,1",1,24,8,16,24,16,272,64,1.4965844109127487e+06,272,4.0017077824164451e+00,True,True,False,True,False,False,8,132,24,28,4,2.0617122375858517e+03,2.6043562229773637e-01,2.5992975651812394e-01,1.8501390485646274e-01,1.8257418583505539e-01,7.0239817203200883e-01,9.9256381747481692e-01,1.8257418583505539e-01,7.0103384561706428e-01,9.9228287537043081e-01,4.9914538628569319e-14,5.7878120260073902e-34,True,True,True,False,True,True,False,False,False,False,False,"The tested source/active cross-Gram, Hadamard, and shifted-commutator weak-row structures do not reproduce the local correction.",derive a revised analytical weak-row formula or nonlinear recurrent history source law for the coefficient-gradient closure,"This capacity audit tests target-free algebraic weak-row structure features built from source Jacobian rows and active non-final velocity rows. The target Jacobian is used only to evaluate capacity, so this is not an accepted full-TFE stage replacement."
cylindrical_sharp,0.02,case_local_weak_row_structure_capacity_value_component_nonfinal,paper_tfe_lower_pair_velocity_compression_weak_row_structure_capacity_gap_not_full_tfe,,case_local_weak_row_structure_capacity_nonfinal_component_diagonal_value_fit,case_local_weak_row_structure_capacity_oracle_fit,weak_source_active_cross_hadamard_rows_perp,cross-Gram weighted source/active Hadamard weak-row structure rows,"0,1",1,24,8,16,24,16,256,0,inf,256,4.1893267920976009e-18,True,True,True,True,False,False,8,132,24,28,4,2.0617122375493659e+03,2.6043562229773637e-01,2.5992975651812394e-01,1.8501390485646263e-01,1.8257418583505597e-01,7.0239817203201105e-01,9.9256381747481692e-01,1.8257418583505597e-01,7.0103384561706650e-01,9.9228287537043081e-01,4.8875923229110630e-15,5.7878120260073902e-34,True,True,True,False,True,True,False,False,False,False,False,"The tested source/active cross-Gram, Hadamard, and shifted-commutator weak-row structures do not reproduce the local correction.",derive a revised analytical weak-row formula or nonlinear recurrent history source law for the coefficient-gradient closure,"This capacity audit tests target-free algebraic weak-row structure features built from source Jacobian rows and active non-final velocity rows. The target Jacobian is used only to evaluate capacity, so this is not an accepted full-TFE stage replacement."
cylindrical_sharp,0.02,case_local_weak_row_structure_capacity_value_component_nonfinal,paper_tfe_lower_pair_velocity_compression_weak_row_structure_capacity_gap_not_full_tfe,,case_local_weak_row_structure_capacity_nonfinal_component_diagonal_value_fit,case_local_weak_row_structure_capacity_oracle_fit,weak_source_active_shifted_commutator_rows_perp,shifted source/active commutator-like weak-row structure products,"0,1",1,24,8,16,24,16,256,54,9.8201482328579016e+05,256,5.8008425933053420e-01,True,True,False,False,True,False,8,132,24,29,5,7.0882254089620728e+03,2.6043562229773637e-01,2.5992975651812394e-01,1.7008713019881214e-01,1.9655494515352107e-01,7.5618485465636176e-01,9.9256381747481692e-01,1.9655494515352107e-01,7.5471605389225382e-01,9.9228287537043081e-01,1.1447881255882488e-14,5.7878120260073902e-34,True,True,True,False,True,True,False,False,False,False,False,"The tested source/active cross-Gram, Hadamard, and shifted-commutator weak-row structures do not reproduce the local correction.",derive a revised analytical weak-row formula or nonlinear recurrent history source law for the coefficient-gradient closure,"This capacity audit tests target-free algebraic weak-row structure features built from source Jacobian rows and active non-final velocity rows. The target Jacobian is used only to evaluate capacity, so this is not an accepted full-TFE stage replacement."
cylindrical_sharp,0.02,case_local_weak_row_structure_capacity_value_component_nonfinal,paper_tfe_lower_pair_velocity_compression_weak_row_structure_capacity_gap_not_full_tfe,,case_local_weak_row_structure_capacity_nonfinal_component_diagonal_value_fit,case_local_weak_row_structure_capacity_oracle_fit,active_plus_weak_source_active_shifted_commutator_rows_perp,active non-final velocity plus shifted source/active commutator-like weak-row structure products,"0,1",1,24,8,16,24,16,272,62,2.5796819846201775e+05,272,4.0418433601418871e+00,True,True,False,False,True,False,8,132,24,29,5,7.0882254089878852e+03,2.6043562229773637e-01,2.5992975651812394e-01,1.7008713019880944e-01,1.9655494515352057e-01,7.5618485465635987e-01,9.9256381747481692e-01,1.9655494515352059e-01,7.5471605389225205e-01,9.9228287537043081e-01,5.8514908834058818e-14,5.7878120260073902e-34,True,True,True,False,True,True,False,False,False,False,False,"The tested source/active cross-Gram, Hadamard, and shifted-commutator weak-row structures do not reproduce the local correction.",derive a revised analytical weak-row formula or nonlinear recurrent history source law for the coefficient-gradient closure,"This capacity audit tests target-free algebraic weak-row structure features built from source Jacobian rows and active non-final velocity rows. The target Jacobian is used only to evaluate capacity, so this is not an accepted full-TFE stage replacement."
cylindrical_sharp,0.02,universal_weak_row_structure_capacity_value_component_nonfinal,paper_tfe_lower_pair_velocity_compression_weak_row_structure_capacity_gap_not_full_tfe,,universal_weak_row_structure_capacity_nonfinal_component_diagonal_value_fit,all_case_h_weak_row_structure_capacity_oracle_fit,weak_active_cross_gram_rows_perp,source/active cross-Gram weighted non-final velocity rows residualized against source rows,"0,1",6,24,8,16,24,16,16,0,inf,16,6.8279451217055016e-16,True,True,True,False,False,False,8,132,23,31,8,1.7116238853844400e+11,2.6043562229773637e-01,2.6001651966512862e-01,1.2816055194708005e-02,2.5970047983785555e-01,9.9878453942972512e-01,9.9999994600496966e-01,2.5970047983785555e-01,9.9717725842035387e-01,9.9993570959666334e-01,9.9139525160949371e-01,3.3868279671505633e-18,True,True,True,False,True,True,False,False,False,False,False,"The tested source/active cross-Gram, Hadamard, and shifted-commutator weak-row structures do not reproduce the local correction.",derive a revised analytical weak-row formula or nonlinear recurrent history source law for the coefficient-gradient closure,"This capacity audit tests target-free algebraic weak-row structure features built from source Jacobian rows and active non-final velocity rows. The target Jacobian is used only to evaluate capacity, so this is not an accepted full-TFE stage replacement."
cylindrical_sharp,0.02,universal_weak_row_structure_capacity_value_component_nonfinal,paper_tfe_lower_pair_velocity_compression_weak_row_structure_capacity_gap_not_full_tfe,,universal_weak_row_structure_capacity_nonfinal_component_diagonal_value_fit,all_case_h_weak_row_structure_capacity_oracle_fit,weak_source_active_hadamard_rows_perp,pairwise source-row and non-final velocity-row Hadamard products residualized against source rows,"0,1",6,24,8,16,24,16,256,56,8.9260966037015867e+04,256,1.1689814306625988e-01,True,True,False,True,False,False,8,132,24,28,4,2.0617122268108587e+03,2.6043562229773637e-01,2.6001651966512862e-01,1.8513578034899680e-01,1.8257418583505555e-01,7.0216379355507919e-01,9.9256381747273914e-01,1.8257418583505555e-01,7.0103384561706494e-01,9.9228287537043081e-01,5.5974367096496790e-15,3.3868279671505633e-18,True,True,True,False,True,True,False,False,False,False,False,"The tested source/active cross-Gram, Hadamard, and shifted-commutator weak-row structures do not reproduce the local correction.",derive a revised analytical weak-row formula or nonlinear recurrent history source law for the coefficient-gradient closure,"This capacity audit tests target-free algebraic weak-row structure features built from source Jacobian rows and active non-final velocity rows. The target Jacobian is used only to evaluate capacity, so this is not an accepted full-TFE stage replacement."
cylindrical_sharp,0.02,universal_weak_row_structure_capacity_value_component_nonfinal,paper_tfe_lower_pair_velocity_compression_weak_row_structure_capacity_gap_not_full_tfe,,universal_weak_row_structure_capacity_nonfinal_component_diagonal_value_fit,all_case_h_weak_row_structure_capacity_oracle_fit,active_plus_weak_source_active_hadamard_rows_perp,active non-final velocity plus source/active Hadamard weak-row structure rows,"0,1",6,24,8,16,24,16,272,64,1.4965844109127487e+06,272,4.0017077824164451e+00,True,True,False,True,False,False,8,132,24,28,4,2.0617122268212634e+03,2.6043562229773637e-01,2.6001651966512862e-01,1.8513578034899200e-01,1.8257418583505539e-01,7.0216379355507852e-01,9.9256381747273914e-01,1.8257418583505539e-01,7.0103384561706428e-01,9.9228287537043081e-01,6.2472279655430849e-14,3.3868279671505633e-18,True,True,True,False,True,True,False,False,False,False,False,"The tested source/active cross-Gram, Hadamard, and shifted-commutator weak-row structures do not reproduce the local correction.",derive a revised analytical weak-row formula or nonlinear recurrent history source law for the coefficient-gradient closure,"This capacity audit tests target-free algebraic weak-row structure features built from source Jacobian rows and active non-final velocity rows. The target Jacobian is used only to evaluate capacity, so this is not an accepted full-TFE stage replacement."
cylindrical_sharp,0.02,universal_weak_row_structure_capacity_value_component_nonfinal,paper_tfe_lower_pair_velocity_compression_weak_row_structure_capacity_gap_not_full_tfe,,universal_weak_row_structure_capacity_nonfinal_component_diagonal_value_fit,all_case_h_weak_row_structure_capacity_oracle_fit,weak_source_active_cross_hadamard_rows_perp,cross-Gram weighted source/active Hadamard weak-row structure rows,"0,1",6,24,8,16,24,16,256,0,inf,256,4.1893267920976009e-18,True,True,True,True,False,False,8,132,24,28,4,2.0617122268089047e+03,2.6043562229773637e-01,2.6001651966512862e-01,1.8513578034899794e-01,1.8257418583505555e-01,7.0216379355507919e-01,9.9256381747273914e-01,1.8257418583505555e-01,7.0103384561706494e-01,9.9228287537043081e-01,6.8356064073498886e-15,3.3868279671505633e-18,True,True,True,False,True,True,False,False,False,False,False,"The tested source/active cross-Gram, Hadamard, and shifted-commutator weak-row structures do not reproduce the local correction.",derive a revised analytical weak-row formula or nonlinear recurrent history source law for the coefficient-gradient closure,"This capacity audit tests target-free algebraic weak-row structure features built from source Jacobian rows and active non-final velocity rows. The target Jacobian is used only to evaluate capacity, so this is not an accepted full-TFE stage replacement."
cylindrical_sharp,0.02,universal_weak_row_structure_capacity_value_component_nonfinal,paper_tfe_lower_pair_velocity_compression_weak_row_structure_capacity_gap_not_full_tfe,,universal_weak_row_structure_capacity_nonfinal_component_diagonal_value_fit,all_case_h_weak_row_structure_capacity_oracle_fit,weak_source_active_shifted_commutator_rows_perp,shifted source/active commutator-like weak-row structure products,"0,1",6,24,8,16,24,16,256,54,9.8201482328579016e+05,256,5.8008425933053420e-01,True,True,False,False,True,False,8,132,24,29,5,7.0882253024390793e+03,2.6043562229773637e-01,2.6001651966512862e-01,1.7021969343898849e-01,1.9655494515352068e-01,7.5593252846650227e-01,9.9256381747273914e-01,1.9655494515352068e-01,7.5471605389225238e-01,9.9228287537043081e-01,7.5951687434133563e-15,3.3868279671505633e-18,True,True,True,False,True,True,False,False,False,False,False,"The tested source/active cross-Gram, Hadamard, and shifted-commutator weak-row structures do not reproduce the local correction.",derive a revised analytical weak-row formula or nonlinear recurrent history source law for the coefficient-gradient closure,"This capacity audit tests target-free algebraic weak-row structure features built from source Jacobian rows and active non-final velocity rows. The target Jacobian is used only to evaluate capacity, so this is not an accepted full-TFE stage replacement."
cylindrical_sharp,0.02,universal_weak_row_structure_capacity_value_component_nonfinal,paper_tfe_lower_pair_velocity_compression_weak_row_structure_capacity_gap_not_full_tfe,,universal_weak_row_structure_capacity_nonfinal_component_diagonal_value_fit,all_case_h_weak_row_structure_capacity_oracle_fit,active_plus_weak_source_active_shifted_commutator_rows_perp,active non-final velocity plus shifted source/active commutator-like weak-row structure products,"0,1",6,24,8,16,24,16,272,62,2.5796819846201775e+05,272,4.0418433601418871e+00,True,True,False,False,True,False,8,132,24,29,5,7.0882253024055472e+03,2.6043562229773637e-01,2.6001651966512862e-01,1.7021969343898483e-01,1.9655494515352059e-01,7.5593252846650194e-01,9.9256381747273914e-01,1.9655494515352059e-01,7.5471605389225205e-01,9.9228287537043081e-01,5.3226450724526496e-14,3.3868279671505633e-18,True,True,True,False,True,True,False,False,False,False,False,"The tested source/active cross-Gram, Hadamard, and shifted-commutator weak-row structures do not reproduce the local correction.",derive a revised analytical weak-row formula or nonlinear recurrent history source law for the coefficient-gradient closure,"This capacity audit tests target-free algebraic weak-row structure features built from source Jacobian rows and active non-final velocity rows. The target Jacobian is used only to evaluate capacity, so this is not an accepted full-TFE stage replacement."
cylindrical_sharp,0.02,case_local_weak_row_structure_capacity_value_full_nonfinal,paper_tfe_lower_pair_velocity_compression_weak_row_structure_capacity_gap_not_full_tfe,,case_local_weak_row_structure_capacity_nonfinal_full_component_value_fit,case_local_weak_row_structure_capacity_oracle_fit,weak_active_cross_gram_rows_perp,source/active cross-Gram weighted non-final velocity rows residualized against source rows,"0,1",1,24,8,16,24,16,16,0,inf,16,6.8279451217055016e-16,True,True,True,False,False,False,8,132,23,31,8,1.7116240227162631e+11,2.6043562229773637e-01,2.5970145217120505e-01,7.1065590851431958e-04,2.5970047983785555e-01,9.9999625595721020e-01,9.9999994600503084e-01,2.5970047983785555e-01,9.9717725842035387e-01,9.9993570959666334e-01,9.9139525160949382e-01,4.9278503444992840e-34,True,True,True,False,True,True,False,False,False,False,False,"The tested source/active cross-Gram, Hadamard, and shifted-commutator weak-row structures do not reproduce the local correction.",derive a revised analytical weak-row formula or nonlinear recurrent history source law for the coefficient-gradient closure,"This capacity audit tests target-free algebraic weak-row structure features built from source Jacobian rows and active non-final velocity rows. The target Jacobian is used only to evaluate capacity, so this is not an accepted full-TFE stage replacement."
cylindrical_sharp,0.02,case_local_weak_row_structure_capacity_value_full_nonfinal,paper_tfe_lower_pair_velocity_compression_weak_row_structure_capacity_gap_not_full_tfe,,case_local_weak_row_structure_capacity_nonfinal_full_component_value_fit,case_local_weak_row_structure_capacity_oracle_fit,weak_source_active_hadamard_rows_perp,pairwise source-row and non-final velocity-row Hadamard products residualized against source rows,"0,1",1,24,8,16,24,16,256,56,8.9260966037015867e+04,256,1.1689814306625988e-01,True,True,False,True,False,False,8,132,24,28,4,2.0617121930947037e+03,2.6043562229773637e-01,2.5970145217120505e-01,1.8469301807729391e-01,1.8257418583505539e-01,7.0301565242960429e-01,9.9256381747323963e-01,1.8257418583505539e-01,7.0103384561706428e-01,9.9228287537043081e-01,8.4189549360458945e-11,4.9278503444992840e-34,True,True,True,False,True,True,False,False,False,False,False,"The tested source/active cross-Gram, Hadamard, and shifted-commutator weak-row structures do not reproduce the local correction.",derive a revised analytical weak-row formula or nonlinear recurrent history source law for the coefficient-gradient closure,"This capacity audit tests target-free algebraic weak-row structure features built from source Jacobian rows and active non-final velocity rows. The target Jacobian is used only to evaluate capacity, so this is not an accepted full-TFE stage replacement."
cylindrical_sharp,0.02,case_local_weak_row_structure_capacity_value_full_nonfinal,paper_tfe_lower_pair_velocity_compression_weak_row_structure_capacity_gap_not_full_tfe,,case_local_weak_row_structure_capacity_nonfinal_full_component_value_fit,case_local_weak_row_structure_capacity_oracle_fit,active_plus_weak_source_active_hadamard_rows_perp,active non-final velocity plus source/active Hadamard weak-row structure rows,"0,1",1,24,8,16,24,16,272,64,1.4965844109127487e+06,272,4.0017077824164451e+00,True,True,False,True,False,False,8,132,24,28,4,2.0617121930921812e+03,2.6043562229773637e-01,2.5970145217120505e-01,1.8469301807729024e-01,1.8257418583505539e-01,7.0301565242960429e-01,9.9256381747323963e-01,1.8257418583505539e-01,7.0103384561706428e-01,9.9228287537043081e-01,6.6443720615467932e-14,4.9278503444992840e-34,True,True,True,False,True,True,False,False,False,False,False,"The tested source/active cross-Gram, Hadamard, and shifted-commutator weak-row structures do not reproduce the local correction.",derive a revised analytical weak-row formula or nonlinear recurrent history source law for the coefficient-gradient closure,"This capacity audit tests target-free algebraic weak-row structure features built from source Jacobian rows and active non-final velocity rows. The target Jacobian is used only to evaluate capacity, so this is not an accepted full-TFE stage replacement."
cylindrical_sharp,0.02,case_local_weak_row_structure_capacity_value_full_nonfinal,paper_tfe_lower_pair_velocity_compression_weak_row_structure_capacity_gap_not_full_tfe,,case_local_weak_row_structure_capacity_nonfinal_full_component_value_fit,case_local_weak_row_structure_capacity_oracle_fit,weak_source_active_cross_hadamard_rows_perp,cross-Gram weighted source/active Hadamard weak-row structure rows,"0,1",1,24,8,16,24,16,256,0,inf,256,4.1893267920976009e-18,True,True,True,True,False,False,8,132,24,28,4,2.0617121930946523e+03,2.6043562229773637e-01,2.5970145217120505e-01,1.8469301807729485e-01,1.8257418583505539e-01,7.0301565242960429e-01,9.9256381747323963e-01,1.8257418583505539e-01,7.0103384561706428e-01,9.9228287537043081e-01,8.4189549452298314e-11,4.9278503444992840e-34,True,True,True,False,True,True,False,False,False,False,False,"The tested source/active cross-Gram, Hadamard, and shifted-commutator weak-row structures do not reproduce the local correction.",derive a revised analytical weak-row formula or nonlinear recurrent history source law for the coefficient-gradient closure,"This capacity audit tests target-free algebraic weak-row structure features built from source Jacobian rows and active non-final velocity rows. The target Jacobian is used only to evaluate capacity, so this is not an accepted full-TFE stage replacement."
cylindrical_sharp,0.02,case_local_weak_row_structure_capacity_value_full_nonfinal,paper_tfe_lower_pair_velocity_compression_weak_row_structure_capacity_gap_not_full_tfe,,case_local_weak_row_structure_capacity_nonfinal_full_component_value_fit,case_local_weak_row_structure_capacity_oracle_fit,weak_source_active_shifted_commutator_rows_perp,shifted source/active commutator-like weak-row structure products,"0,1",1,24,8,16,24,16,256,54,9.8201482328579016e+05,256,5.8008425933053420e-01,True,True,False,False,True,False,8,132,24,29,5,7.0882250646120019e+03,2.6043562229773637e-01,2.5970145217120505e-01,1.6973802695780951e-01,1.9655494515352054e-01,7.5684961909240334e-01,9.9256381747323963e-01,1.9655494515352054e-01,7.5471605389225183e-01,9.9228287537043081e-01,8.4189550335095462e-11,4.9278503444992840e-34,True,True,True,False,True,True,False,False,False,False,False,"The tested source/active cross-Gram, Hadamard, and shifted-commutator weak-row structures do not reproduce the local correction.",derive a revised analytical weak-row formula or nonlinear recurrent history source law for the coefficient-gradient closure,"This capacity audit tests target-free algebraic weak-row structure features built from source Jacobian rows and active non-final velocity rows. The target Jacobian is used only to evaluate capacity, so this is not an accepted full-TFE stage replacement."
cylindrical_sharp,0.02,case_local_weak_row_structure_capacity_value_full_nonfinal,paper_tfe_lower_pair_velocity_compression_weak_row_structure_capacity_gap_not_full_tfe,,case_local_weak_row_structure_capacity_nonfinal_full_component_value_fit,case_local_weak_row_structure_capacity_oracle_fit,active_plus_weak_source_active_shifted_commutator_rows_perp,active non-final velocity plus shifted source/active commutator-like weak-row structure products,"0,1",1,24,8,16,24,16,272,62,2.5796819846201775e+05,272,4.0418433601418871e+00,True,True,False,False,True,False,8,132,24,29,5,7.0882250646226603e+03,2.6043562229773637e-01,2.5970145217120505e-01,1.6973802695780354e-01,1.9655494515352057e-01,7.5684961909240345e-01,9.9256381747323963e-01,1.9655494515352054e-01,7.5471605389225183e-01,9.9228287537043081e-01,6.0863794224114238e-14,4.9278503444992840e-34,True,True,True,False,True,True,False,False,False,False,False,"The tested source/active cross-Gram, Hadamard, and shifted-commutator weak-row structures do not reproduce the local correction.",derive a revised analytical weak-row formula or nonlinear recurrent history source law for the coefficient-gradient closure,"This capacity audit tests target-free algebraic weak-row structure features built from source Jacobian rows and active non-final velocity rows. The target Jacobian is used only to evaluate capacity, so this is not an accepted full-TFE stage replacement."
cylindrical_sharp,0.02,universal_weak_row_structure_capacity_value_full_nonfinal,paper_tfe_lower_pair_velocity_compression_weak_row_structure_capacity_gap_not_full_tfe,,universal_weak_row_structure_capacity_nonfinal_full_component_value_fit,all_case_h_weak_row_structure_capacity_oracle_fit,weak_active_cross_gram_rows_perp,source/active cross-Gram weighted non-final velocity rows residualized against source rows,"0,1",6,24,8,16,24,16,16,0,inf,16,6.8279451217055016e-16,True,True,True,False,False,False,8,132,23,31,8,1.7116240032010052e+11,2.6043562229773637e-01,2.5970145446109977e-01,7.1149223345817324e-04,2.5970047983785555e-01,9.9999624713983126e-01,9.9999994537359271e-01,2.5970047983785555e-01,9.9717725842035387e-01,9.9993570959666334e-01,9.9139525160949371e-01,5.4817986714822987e-30,True,True,True,False,True,True,False,False,False,False,False,"The tested source/active cross-Gram, Hadamard, and shifted-commutator weak-row structures do not reproduce the local correction.",derive a revised analytical weak-row formula or nonlinear recurrent history source law for the coefficient-gradient closure,"This capacity audit tests target-free algebraic weak-row structure features built from source Jacobian rows and active non-final velocity rows. The target Jacobian is used only to evaluate capacity, so this is not an accepted full-TFE stage replacement."
cylindrical_sharp,0.02,universal_weak_row_structure_capacity_value_full_nonfinal,paper_tfe_lower_pair_velocity_compression_weak_row_structure_capacity_gap_not_full_tfe,,universal_weak_row_structure_capacity_nonfinal_full_component_value_fit,all_case_h_weak_row_structure_capacity_oracle_fit,weak_source_active_hadamard_rows_perp,pairwise source-row and non-final velocity-row Hadamard products residualized against source rows,"0,1",6,24,8,16,24,16,256,56,8.9260966037015867e+04,256,1.1689814306625988e-01,True,True,False,True,False,False,8,132,24,31,7,2.0617010675360389e+03,2.6043562229773637e-01,2.5970145446109977e-01,1.8469302014664785e-01,1.8257418699893493e-01,7.0301565071243144e-01,9.9256379317188625e-01,1.8257418699884612e-01,7.0103385008569541e-01,9.9228288835240197e-01,1.5438312991345587e-06,5.4817986714822987e-30,True,True,True,False,True,True,False,False,False,False,False,"The tested source/active cross-Gram, Hadamard, and shifted-commutator weak-row structures do not reproduce the local correction.",derive a revised analytical weak-row formula or nonlinear recurrent history source law for the coefficient-gradient closure,"This capacity audit tests target-free algebraic weak-row structure features built from source Jacobian rows and active non-final velocity rows. The target Jacobian is used only to evaluate capacity, so this is not an accepted full-TFE stage replacement."
cylindrical_sharp,0.02,universal_weak_row_structure_capacity_value_full_nonfinal,paper_tfe_lower_pair_velocity_compression_weak_row_structure_capacity_gap_not_full_tfe,,universal_weak_row_structure_capacity_nonfinal_full_component_value_fit,all_case_h_weak_row_structure_capacity_oracle_fit,active_plus_weak_source_active_hadamard_rows_perp,active non-final velocity plus source/active Hadamard weak-row structure rows,"0,1",6,24,8,16,24,16,272,64,1.4965844109127487e+06,272,4.0017077824164451e+00,True,True,False,True,False,False,8,132,24,28,4,2.0617121930918356e+03,2.6043562229773637e-01,2.5970145446109977e-01,1.8469302129716444e-01,1.8257418583505539e-01,7.0301564623082557e-01,9.9256378018524327e-01,1.8257418583505539e-01,7.0103384561706428e-01,9.9228287537043081e-01,6.8745328942669299e-14,5.4817986714822987e-30,True,True,True,False,True,True,False,False,False,False,False,"The tested source/active cross-Gram, Hadamard, and shifted-commutator weak-row structures do not reproduce the local correction.",derive a revised analytical weak-row formula or nonlinear recurrent history source law for the coefficient-gradient closure,"This capacity audit tests target-free algebraic weak-row structure features built from source Jacobian rows and active non-final velocity rows. The target Jacobian is used only to evaluate capacity, so this is not an accepted full-TFE stage replacement."
cylindrical_sharp,0.02,universal_weak_row_structure_capacity_value_full_nonfinal,paper_tfe_lower_pair_velocity_compression_weak_row_structure_capacity_gap_not_full_tfe,,universal_weak_row_structure_capacity_nonfinal_full_component_value_fit,all_case_h_weak_row_structure_capacity_oracle_fit,weak_source_active_cross_hadamard_rows_perp,cross-Gram weighted source/active Hadamard weak-row structure rows,"0,1",6,24,8,16,24,16,256,0,inf,256,4.1893267920976009e-18,True,True,True,True,False,False,8,132,24,31,7,2.0617010675395682e+03,2.6043562229773637e-01,2.5970145446109977e-01,1.8469302014664432e-01,1.8257418699893493e-01,7.0301565071243144e-01,9.9256379317188625e-01,1.8257418699884612e-01,7.0103385008569541e-01,9.9228288835240197e-01,1.5438312991343357e-06,5.4817986714822987e-30,True,True,True,False,True,True,False,False,False,False,False,"The tested source/active cross-Gram, Hadamard, and shifted-commutator weak-row structures do not reproduce the local correction.",derive a revised analytical weak-row formula or nonlinear recurrent history source law for the coefficient-gradient closure,"This capacity audit tests target-free algebraic weak-row structure features built from source Jacobian rows and active non-final velocity rows. The target Jacobian is used only to evaluate capacity, so this is not an accepted full-TFE stage replacement."
cylindrical_sharp,0.02,universal_weak_row_structure_capacity_value_full_nonfinal,paper_tfe_lower_pair_velocity_compression_weak_row_structure_capacity_gap_not_full_tfe,,universal_weak_row_structure_capacity_nonfinal_full_component_value_fit,all_case_h_weak_row_structure_capacity_oracle_fit,weak_source_active_shifted_commutator_rows_perp,shifted source/active commutator-like weak-row structure products,"0,1",6,24,8,16,24,16,256,54,9.8201482328579016e+05,256,5.8008425933053420e-01,True,True,False,False,True,False,8,132,24,32,8,7.0881555562146186e+03,2.6043562229773637e-01,2.5970145446109977e-01,1.6973802920948197e-01,1.9655494623461447e-01,7.5684961658178196e-01,9.9256379317188625e-01,1.9655494623452738e-01,7.5471605804301589e-01,9.9228288835234191e-01,1.5438198546360283e-06,5.4817986714822987e-30,True,True,True,False,True,True,False,False,False,False,False,"The tested source/active cross-Gram, Hadamard, and shifted-commutator weak-row structures do not reproduce the local correction.",derive a revised analytical weak-row formula or nonlinear recurrent history source law for the coefficient-gradient closure,"This capacity audit tests target-free algebraic weak-row structure features built from source Jacobian rows and active non-final velocity rows. The target Jacobian is used only to evaluate capacity, so this is not an accepted full-TFE stage replacement."
cylindrical_sharp,0.02,universal_weak_row_structure_capacity_value_full_nonfinal,paper_tfe_lower_pair_velocity_compression_weak_row_structure_capacity_gap_not_full_tfe,,universal_weak_row_structure_capacity_nonfinal_full_component_value_fit,all_case_h_weak_row_structure_capacity_oracle_fit,active_plus_weak_source_active_shifted_commutator_rows_perp,active non-final velocity plus shifted source/active commutator-like weak-row structure products,"0,1",6,24,8,16,24,16,272,62,2.5796819846201775e+05,272,4.0418433601418871e+00,True,True,False,False,True,False,8,132,24,29,5,7.0882250646164348e+03,2.6043562229773637e-01,2.5970145446109977e-01,1.6973803046137290e-01,1.9655494515352054e-01,7.5684961241894844e-01,9.9256378018524327e-01,1.9655494515352054e-01,7.5471605389225183e-01,9.9228287537043081e-01,4.7753409082038395e-14,5.4817986714822987e-30,True,True,True,False,True,True,False,False,False,False,False,"The tested source/active cross-Gram, Hadamard, and shifted-commutator weak-row structures do not reproduce the local correction.",derive a revised analytical weak-row formula or nonlinear recurrent history source law for the coefficient-gradient closure,"This capacity audit tests target-free algebraic weak-row structure features built from source Jacobian rows and active non-final velocity rows. The target Jacobian is used only to evaluate capacity, so this is not an accepted full-TFE stage replacement."
cylindrical_sharp,0.01,case_local_weak_row_structure_capacity_value_scalar_nonfinal,paper_tfe_lower_pair_velocity_compression_weak_row_structure_capacity_gap_not_full_tfe,,case_local_weak_row_structure_capacity_nonfinal_stage_scalar_value_fit,case_local_weak_row_structure_capacity_oracle_fit,weak_active_cross_gram_rows_perp,source/active cross-Gram weighted non-final velocity rows residualized against source rows,"0,1",1,24,8,16,24,16,16,0,inf,16,6.6806983054456691e-16,True,True,True,False,False,False,8,132,23,31,8,2.0078923888212556e+14,1.8390370753258983e-01,1.8388557844972300e-01,5.9905406130087917e-05,1.8388556869186756e-01,9.9999994693517824e-01,9.9999999644767479e-01,1.8388556869186756e-01,9.9990136772680860e-01,9.9999775363521459e-01,9.9969767915771479e-01,1.0044055051631692e-18,True,True,True,False,True,True,False,False,False,False,False,"The tested source/active cross-Gram, Hadamard, and shifted-commutator weak-row structures do not reproduce the local correction.",derive a revised analytical weak-row formula or nonlinear recurrent history source law for the coefficient-gradient closure,"This capacity audit tests target-free algebraic weak-row structure features built from source Jacobian rows and active non-final velocity rows. The target Jacobian is used only to evaluate capacity, so this is not an accepted full-TFE stage replacement."
cylindrical_sharp,0.01,case_local_weak_row_structure_capacity_value_scalar_nonfinal,paper_tfe_lower_pair_velocity_compression_weak_row_structure_capacity_gap_not_full_tfe,,case_local_weak_row_structure_capacity_nonfinal_stage_scalar_value_fit,case_local_weak_row_structure_capacity_oracle_fit,weak_source_active_hadamard_rows_perp,pairwise source-row and non-final velocity-row Hadamard products residualized against source rows,"0,1",1,24,8,16,24,16,256,56,9.9617541643330222e+05,256,1.0948542844711789e-01,True,True,False,True,False,False,8,132,24,28,4,1.1009283837929459e+04,1.8390370753258983e-01,1.8388557844972300e-01,1.3094746732330287e-01,1.2909944524823022e-01,7.0206400271638425e-01,9.9263177791184720e-01,1.2909944524799966e-01,7.0199479379784535e-01,9.9262199854950017e-01,1.1444213981330013e-13,1.0044055051631692e-18,True,True,True,False,True,True,False,False,False,False,False,"The tested source/active cross-Gram, Hadamard, and shifted-commutator weak-row structures do not reproduce the local correction.",derive a revised analytical weak-row formula or nonlinear recurrent history source law for the coefficient-gradient closure,"This capacity audit tests target-free algebraic weak-row structure features built from source Jacobian rows and active non-final velocity rows. The target Jacobian is used only to evaluate capacity, so this is not an accepted full-TFE stage replacement."
cylindrical_sharp,0.01,case_local_weak_row_structure_capacity_value_scalar_nonfinal,paper_tfe_lower_pair_velocity_compression_weak_row_structure_capacity_gap_not_full_tfe,,case_local_weak_row_structure_capacity_nonfinal_stage_scalar_value_fit,case_local_weak_row_structure_capacity_oracle_fit,active_plus_weak_source_active_hadamard_rows_perp,active non-final velocity plus source/active Hadamard weak-row structure rows,"0,1",1,24,8,16,24,16,272,64,1.6422790661896551e+07,272,4.0014981018416398e+00,True,True,False,True,False,False,8,132,24,28,4,1.1016080700527311e+04,1.8390370753258983e-01,1.8388557844972300e-01,1.3094746769266027e-01,1.2909944487358055e-01,7.0206400067897778e-01,9.9263177503120603e-01,1.2909944487358055e-01,7.0199479176189339e-01,9.9262199567089682e-01,1.5446250839522747e-12,1.0044055051631692e-18,True,True,True,False,True,True,False,False,False,False,False,"The tested source/active cross-Gram, Hadamard, and shifted-commutator weak-row structures do not reproduce the local correction.",derive a revised analytical weak-row formula or nonlinear recurrent history source law for the coefficient-gradient closure,"This capacity audit tests target-free algebraic weak-row structure features built from source Jacobian rows and active non-final velocity rows. The target Jacobian is used only to evaluate capacity, so this is not an accepted full-TFE stage replacement."
cylindrical_sharp,0.01,case_local_weak_row_structure_capacity_value_scalar_nonfinal,paper_tfe_lower_pair_velocity_compression_weak_row_structure_capacity_gap_not_full_tfe,,case_local_weak_row_structure_capacity_nonfinal_stage_scalar_value_fit,case_local_weak_row_structure_capacity_oracle_fit,weak_source_active_cross_hadamard_rows_perp,cross-Gram weighted source/active Hadamard weak-row structure rows,"0,1",1,24,8,16,24,16,256,0,inf,256,6.8085654189835737e-18,True,True,True,True,False,False,8,132,24,28,4,1.1009283835165999e+04,1.8390370753258983e-01,1.8388557844972300e-01,1.3094746732327653e-01,1.2909944524823022e-01,7.0206400271638425e-01,9.9263177791184720e-01,1.2909944524799966e-01,7.0199479379784535e-01,9.9262199854950017e-01,6.3483928709425008e-14,1.0044055051631692e-18,True,True,True,False,True,True,False,False,False,False,False,"The tested source/active cross-Gram, Hadamard, and shifted-commutator weak-row structures do not reproduce the local correction.",derive a revised analytical weak-row formula or nonlinear recurrent history source law for the coefficient-gradient closure,"This capacity audit tests target-free algebraic weak-row structure features built from source Jacobian rows and active non-final velocity rows. The target Jacobian is used only to evaluate capacity, so this is not an accepted full-TFE stage replacement."
cylindrical_sharp,0.01,case_local_weak_row_structure_capacity_value_scalar_nonfinal,paper_tfe_lower_pair_velocity_compression_weak_row_structure_capacity_gap_not_full_tfe,,case_local_weak_row_structure_capacity_nonfinal_stage_scalar_value_fit,case_local_weak_row_structure_capacity_oracle_fit,weak_source_active_shifted_commutator_rows_perp,shifted source/active commutator-like weak-row structure products,"0,1",1,24,8,16,24,16,256,54,6.1020548536696406e+06,256,5.7760540525256532e-01,True,True,False,False,True,False,8,132,24,29,5,2.5057037467765957e+04,1.8390370753258983e-01,1.8388557844972300e-01,1.1985841782519391e-01,1.3945560454219885e-01,7.5838249914920897e-01,9.9263177791184720e-01,1.3945560454192507e-01,7.5830773839734555e-01,9.9262199854784061e-01,1.0170201033242316e-13,1.0044055051631692e-18,True,True,True,False,True,True,False,False,False,False,False,"The tested source/active cross-Gram, Hadamard, and shifted-commutator weak-row structures do not reproduce the local correction.",derive a revised analytical weak-row formula or nonlinear recurrent history source law for the coefficient-gradient closure,"This capacity audit tests target-free algebraic weak-row structure features built from source Jacobian rows and active non-final velocity rows. The target Jacobian is used only to evaluate capacity, so this is not an accepted full-TFE stage replacement."
cylindrical_sharp,0.01,case_local_weak_row_structure_capacity_value_scalar_nonfinal,paper_tfe_lower_pair_velocity_compression_weak_row_structure_capacity_gap_not_full_tfe,,case_local_weak_row_structure_capacity_nonfinal_stage_scalar_value_fit,case_local_weak_row_structure_capacity_oracle_fit,active_plus_weak_source_active_shifted_commutator_rows_perp,active non-final velocity plus shifted source/active commutator-like weak-row structure products,"0,1",1,24,8,16,24,16,272,62,5.4386008676754478e+06,272,4.0414883402252917e+00,True,True,False,False,True,False,8,132,24,29,5,2.5080122343130413e+04,1.8390370753258983e-01,1.8388557844972300e-01,1.1985841822873078e-01,1.3945560419537070e-01,7.5838249726310047e-01,9.9263177503120603e-01,1.3945560419537070e-01,7.5830773651291172e-01,9.9262199567089682e-01,1.2000264386025767e-12,1.0044055051631692e-18,True,True,True,False,True,True,False,False,False,False,False,"The tested source/active cross-Gram, Hadamard, and shifted-commutator weak-row structures do not reproduce the local correction.",derive a revised analytical weak-row formula or nonlinear recurrent history source law for the coefficient-gradient closure,"This capacity audit tests target-free algebraic weak-row structure features built from source Jacobian rows and active non-final velocity rows. The target Jacobian is used only to evaluate capacity, so this is not an accepted full-TFE stage replacement."
cylindrical_sharp,0.01,universal_weak_row_structure_capacity_value_scalar_nonfinal,paper_tfe_lower_pair_velocity_compression_weak_row_structure_capacity_gap_not_full_tfe,,universal_weak_row_structure_capacity_nonfinal_stage_scalar_value_fit,all_case_h_weak_row_structure_capacity_oracle_fit,weak_active_cross_gram_rows_perp,source/active cross-Gram weighted non-final velocity rows residualized against source rows,"0,1",6,24,8,16,24,16,16,0,inf,16,6.6806983054456691e-16,True,True,True,False,False,False,8,132,23,31,8,2.0082912196095066e+14,1.8390370753258983e-01,1.8388558020327053e-01,6.5065827332193383e-05,1.8388556869186756e-01,9.9999993739909920e-01,9.9999999906297543e-01,1.8388556869186756e-01,9.9990136772680860e-01,9.9999775363521459e-01,9.9969767915771479e-01,1.1683695253089600e-18,True,True,True,False,True,True,False,False,False,False,False,"The tested source/active cross-Gram, Hadamard, and shifted-commutator weak-row structures do not reproduce the local correction.",derive a revised analytical weak-row formula or nonlinear recurrent history source law for the coefficient-gradient closure,"This capacity audit tests target-free algebraic weak-row structure features built from source Jacobian rows and active non-final velocity rows. The target Jacobian is used only to evaluate capacity, so this is not an accepted full-TFE stage replacement."
cylindrical_sharp,0.01,universal_weak_row_structure_capacity_value_scalar_nonfinal,paper_tfe_lower_pair_velocity_compression_weak_row_structure_capacity_gap_not_full_tfe,,universal_weak_row_structure_capacity_nonfinal_stage_scalar_value_fit,all_case_h_weak_row_structure_capacity_oracle_fit,weak_source_active_hadamard_rows_perp,pairwise source-row and non-final velocity-row Hadamard products residualized against source rows,"0,1",6,24,8,16,24,16,256,56,9.9617541643330222e+05,256,1.0948542844711789e-01,True,True,False,True,False,False,8,132,24,28,4,1.1016080698845733e+04,1.8390370753258983e-01,1.8388558020327053e-01,1.3094747015512201e-01,1.2909944487358055e-01,7.0206399398403962e-01,9.9263177666221658e-01,1.2909944487358055e-01,7.0199479176189339e-01,9.9262199567089682e-01,3.9872157155921906e-14,1.1683695253089600e-18,True,True,True,False,True,True,False,False,False,False,False,"The tested source/active cross-Gram, Hadamard, and shifted-commutator weak-row structures do not reproduce the local correction.",derive a revised analytical weak-row formula or nonlinear recurrent history source law for the coefficient-gradient closure,"This capacity audit tests target-free algebraic weak-row structure features built from source Jacobian rows and active non-final velocity rows. The target Jacobian is used only to evaluate capacity, so this is not an accepted full-TFE stage replacement."
cylindrical_sharp,0.01,universal_weak_row_structure_capacity_value_scalar_nonfinal,paper_tfe_lower_pair_velocity_compression_weak_row_structure_capacity_gap_not_full_tfe,,universal_weak_row_structure_capacity_nonfinal_stage_scalar_value_fit,all_case_h_weak_row_structure_capacity_oracle_fit,active_plus_weak_source_active_hadamard_rows_perp,active non-final velocity plus source/active Hadamard weak-row structure rows,"0,1",6,24,8,16,24,16,272,64,1.6422790661896551e+07,272,4.0014981018416398e+00,True,True,False,True,False,False,8,132,24,29,5,1.1016080699797943e+04,1.8390370753258983e-01,1.8388558020327053e-01,1.3094747015511715e-01,1.2909944487358055e-01,7.0206399398403962e-01,9.9263177666221658e-01,1.2909944487358055e-01,7.0199479176189339e-01,9.9262199567089682e-01,1.6403393565180537e-12,1.1683695253089600e-18,True,True,True,False,True,True,False,False,False,False,False,"The tested source/active cross-Gram, Hadamard, and shifted-commutator weak-row structures do not reproduce the local correction.",derive a revised analytical weak-row formula or nonlinear recurrent history source law for the coefficient-gradient closure,"This capacity audit tests target-free algebraic weak-row structure features built from source Jacobian rows and active non-final velocity rows. The target Jacobian is used only to evaluate capacity, so this is not an accepted full-TFE stage replacement."
cylindrical_sharp,0.01,universal_weak_row_structure_capacity_value_scalar_nonfinal,paper_tfe_lower_pair_velocity_compression_weak_row_structure_capacity_gap_not_full_tfe,,universal_weak_row_structure_capacity_nonfinal_stage_scalar_value_fit,all_case_h_weak_row_structure_capacity_oracle_fit,weak_source_active_cross_hadamard_rows_perp,cross-Gram weighted source/active Hadamard weak-row structure rows,"0,1",6,24,8,16,24,16,256,0,inf,256,6.8085654189835737e-18,True,True,True,True,False,False,8,132,24,28,4,1.1016080693159349e+04,1.8390370753258983e-01,1.8388558020327053e-01,1.3094747015510941e-01,1.2909944487358055e-01,7.0206399398403962e-01,9.9263177666221658e-01,1.2909944487358055e-01,7.0199479176189339e-01,9.9262199567089682e-01,7.0392846120296349e-14,1.1683695253089600e-18,True,True,True,False,True,True,False,False,False,False,False,"The tested source/active cross-Gram, Hadamard, and shifted-commutator weak-row structures do not reproduce the local correction.",derive a revised analytical weak-row formula or nonlinear recurrent history source law for the coefficient-gradient closure,"This capacity audit tests target-free algebraic weak-row structure features built from source Jacobian rows and active non-final velocity rows. The target Jacobian is used only to evaluate capacity, so this is not an accepted full-TFE stage replacement."
cylindrical_sharp,0.01,universal_weak_row_structure_capacity_value_scalar_nonfinal,paper_tfe_lower_pair_velocity_compression_weak_row_structure_capacity_gap_not_full_tfe,,universal_weak_row_structure_capacity_nonfinal_stage_scalar_value_fit,all_case_h_weak_row_structure_capacity_oracle_fit,weak_source_active_shifted_commutator_rows_perp,shifted source/active commutator-like weak-row structure products,"0,1",6,24,8,16,24,16,256,54,6.1020548536696406e+06,256,5.7760540525256532e-01,True,True,False,False,True,False,8,132,24,29,5,2.5080122366812586e+04,1.8390370753258983e-01,1.8388558020327053e-01,1.1985842091900320e-01,1.3945560419537048e-01,7.5838249003110336e-01,9.9263177666221658e-01,1.3945560419537048e-01,7.5830773651291050e-01,9.9262199567089682e-01,1.2950557107498815e-13,1.1683695253089600e-18,True,True,True,False,True,True,False,False,False,False,False,"The tested source/active cross-Gram, Hadamard, and shifted-commutator weak-row structures do not reproduce the local correction.",derive a revised analytical weak-row formula or nonlinear recurrent history source law for the coefficient-gradient closure,"This capacity audit tests target-free algebraic weak-row structure features built from source Jacobian rows and active non-final velocity rows. The target Jacobian is used only to evaluate capacity, so this is not an accepted full-TFE stage replacement."
cylindrical_sharp,0.01,universal_weak_row_structure_capacity_value_scalar_nonfinal,paper_tfe_lower_pair_velocity_compression_weak_row_structure_capacity_gap_not_full_tfe,,universal_weak_row_structure_capacity_nonfinal_stage_scalar_value_fit,all_case_h_weak_row_structure_capacity_oracle_fit,active_plus_weak_source_active_shifted_commutator_rows_perp,active non-final velocity plus shifted source/active commutator-like weak-row structure products,"0,1",6,24,8,16,24,16,272,62,5.4386008676754478e+06,272,4.0414883402252917e+00,True,True,False,False,True,False,8,132,24,29,5,2.5080122372938149e+04,1.8390370753258983e-01,1.8388558020327053e-01,1.1985842091900711e-01,1.3945560419537056e-01,7.5838249003110381e-01,9.9263177666221658e-01,1.3945560419537056e-01,7.5830773651291095e-01,9.9262199567089682e-01,1.1853487553619777e-12,1.1683695253089600e-18,True,True,True,False,True,True,False,False,False,False,False,"The tested source/active cross-Gram, Hadamard, and shifted-commutator weak-row structures do not reproduce the local correction.",derive a revised analytical weak-row formula or nonlinear recurrent history source law for the coefficient-gradient closure,"This capacity audit tests target-free algebraic weak-row structure features built from source Jacobian rows and active non-final velocity rows. The target Jacobian is used only to evaluate capacity, so this is not an accepted full-TFE stage replacement."
cylindrical_sharp,0.01,case_local_weak_row_structure_capacity_value_component_nonfinal,paper_tfe_lower_pair_velocity_compression_weak_row_structure_capacity_gap_not_full_tfe,,case_local_weak_row_structure_capacity_nonfinal_component_diagonal_value_fit,case_local_weak_row_structure_capacity_oracle_fit,weak_active_cross_gram_rows_perp,source/active cross-Gram weighted non-final velocity rows residualized against source rows,"0,1",1,24,8,16,24,16,16,0,inf,16,6.6806983054456691e-16,True,True,True,False,False,False,8,132,23,31,8,2.0083440014319028e+14,1.8390370753258983e-01,1.8393788717788728e-01,4.3867945397104832e-03,1.8388556869186756e-01,9.9971556438522580e-01,9.9999999906363901e-01,1.8388556869186756e-01,9.9990136772680860e-01,9.9999775363521459e-01,9.9969767915771457e-01,3.1716002775823931e-34,True,True,True,False,True,True,False,False,False,False,False,"The tested source/active cross-Gram, Hadamard, and shifted-commutator weak-row structures do not reproduce the local correction.",derive a revised analytical weak-row formula or nonlinear recurrent history source law for the coefficient-gradient closure,"This capacity audit tests target-free algebraic weak-row structure features built from source Jacobian rows and active non-final velocity rows. The target Jacobian is used only to evaluate capacity, so this is not an accepted full-TFE stage replacement."
cylindrical_sharp,0.01,case_local_weak_row_structure_capacity_value_component_nonfinal,paper_tfe_lower_pair_velocity_compression_weak_row_structure_capacity_gap_not_full_tfe,,case_local_weak_row_structure_capacity_nonfinal_component_diagonal_value_fit,case_local_weak_row_structure_capacity_oracle_fit,weak_source_active_hadamard_rows_perp,pairwise source-row and non-final velocity-row Hadamard products residualized against source rows,"0,1",1,24,8,16,24,16,256,56,9.9617541643330222e+05,256,1.0948542844711789e-01,True,True,False,True,False,False,8,132,24,28,4,1.1016078960782530e+04,1.8390370753258983e-01,1.8393788717788728e-01,1.3102091311225553e-01,1.2909944487369393e-01,7.0186434591825653e-01,9.9263177666587088e-01,1.2909944487369393e-01,7.0199479176250990e-01,9.9262199567097065e-01,4.6081573468230692e-14,3.1716002775823931e-34,True,True,True,False,True,True,False,False,False,False,False,"The tested source/active cross-Gram, Hadamard, and shifted-commutator weak-row structures do not reproduce the local correction.",derive a revised analytical weak-row formula or nonlinear recurrent history source law for the coefficient-gradient closure,"This capacity audit tests target-free algebraic weak-row structure features built from source Jacobian rows and active non-final velocity rows. The target Jacobian is used only to evaluate capacity, so this is not an accepted full-TFE stage replacement."
cylindrical_sharp,0.01,case_local_weak_row_structure_capacity_value_component_nonfinal,paper_tfe_lower_pair_velocity_compression_weak_row_structure_capacity_gap_not_full_tfe,,case_local_weak_row_structure_capacity_nonfinal_component_diagonal_value_fit,case_local_weak_row_structure_capacity_oracle_fit,active_plus_weak_source_active_hadamard_rows_perp,active non-final velocity plus source/active Hadamard weak-row structure rows,"0,1",1,24,8,16,24,16,272,64,1.6422790661896551e+07,272,4.0014981018416398e+00,True,True,False,True,False,False,8,132,24,28,4,1.1016080732899607e+04,1.8390370753258983e-01,1.8393788717788728e-01,1.3102091311236366e-01,1.2909944487358055e-01,7.0186434591764013e-01,9.9263177666579705e-01,1.2909944487358055e-01,7.0199479176189339e-01,9.9262199567089682e-01,1.3957304648325611e-12,3.1716002775823931e-34,True,True,True,False,True,True,False,False,False,False,False,"The tested source/active cross-Gram, Hadamard, and shifted-commutator weak-row structures do not reproduce the local correction.",derive a revised analytical weak-row formula or nonlinear recurrent history source law for the coefficient-gradient closure,"This capacity audit tests target-free algebraic weak-row structure features built from source Jacobian rows and active non-final velocity rows. The target Jacobian is used only to evaluate capacity, so this is not an accepted full-TFE stage replacement."
cylindrical_sharp,0.01,case_local_weak_row_structure_capacity_value_component_nonfinal,paper_tfe_lower_pair_velocity_compression_weak_row_structure_capacity_gap_not_full_tfe,,case_local_weak_row_structure_capacity_nonfinal_component_diagonal_value_fit,case_local_weak_row_structure_capacity_oracle_fit,weak_source_active_cross_hadamard_rows_perp,cross-Gram weighted source/active Hadamard weak-row structure rows,"0,1",1,24,8,16,24,16,256,0,inf,256,6.8085654189835737e-18,True,True,True,True,False,False,8,132,24,28,4,1.1016078958724489e+04,1.8390370753258983e-01,1.8393788717788728e-01,1.3102091311224043e-01,1.2909944487369393e-01,7.0186434591825653e-01,9.9263177666587088e-01,1.2909944487369393e-01,7.0199479176250990e-01,9.9262199567097065e-01,7.6706353970674969e-14,3.1716002775823931e-34,True,True,True,False,True,True,False,False,False,False,False,"The tested source/active cross-Gram, Hadamard, and shifted-commutator weak-row structures do not reproduce the local correction.",derive a revised analytical weak-row formula or nonlinear recurrent history source law for the coefficient-gradient closure,"This capacity audit tests target-free algebraic weak-row structure features built from source Jacobian rows and active non-final velocity rows. The target Jacobian is used only to evaluate capacity, so this is not an accepted full-TFE stage replacement."
cylindrical_sharp,0.01,case_local_weak_row_structure_capacity_value_component_nonfinal,paper_tfe_lower_pair_velocity_compression_weak_row_structure_capacity_gap_not_full_tfe,,case_local_weak_row_structure_capacity_nonfinal_component_diagonal_value_fit,case_local_weak_row_structure_capacity_oracle_fit,weak_source_active_shifted_commutator_rows_perp,shifted source/active commutator-like weak-row structure products,"0,1",1,24,8,16,24,16,256,54,6.1020548536696406e+06,256,5.7760540525256532e-01,True,True,False,False,True,False,8,132,24,29,5,2.5080121548444880e+04,1.8390370753258983e-01,1.8393788717788728e-01,1.1993865431102502e-01,1.3945560419547628e-01,7.5816682650381895e-01,9.9263177666587088e-01,1.3945560419547628e-01,7.5830773651348582e-01,9.9262199567097065e-01,1.7793969062761465e-13,3.1716002775823931e-34,True,True,True,False,True,True,False,False,False,False,False,"The tested source/active cross-Gram, Hadamard, and shifted-commutator weak-row structures do not reproduce the local correction.",derive a revised analytical weak-row formula or nonlinear recurrent history source law for the coefficient-gradient closure,"This capacity audit tests target-free algebraic weak-row structure features built from source Jacobian rows and active non-final velocity rows. The target Jacobian is used only to evaluate capacity, so this is not an accepted full-TFE stage replacement."
cylindrical_sharp,0.01,case_local_weak_row_structure_capacity_value_component_nonfinal,paper_tfe_lower_pair_velocity_compression_weak_row_structure_capacity_gap_not_full_tfe,,case_local_weak_row_structure_capacity_nonfinal_component_diagonal_value_fit,case_local_weak_row_structure_capacity_oracle_fit,active_plus_weak_source_active_shifted_commutator_rows_perp,active non-final velocity plus shifted source/active commutator-like weak-row structure products,"0,1",1,24,8,16,24,16,272,62,5.4386008676754478e+06,272,4.0414883402252917e+00,True,True,False,False,True,False,8,132,24,29,5,2.5080122971159635e+04,1.8390370753258983e-01,1.8393788717788728e-01,1.1993865431115205e-01,1.3945560419537073e-01,7.5816682650324507e-01,9.9263177666579705e-01,1.3945560419537073e-01,7.5830773651291183e-01,9.9262199567089682e-01,1.2704948964440275e-12,3.1716002775823931e-34,True,True,True,False,True,True,False,False,False,False,False,"The tested source/active cross-Gram, Hadamard, and shifted-commutator weak-row structures do not reproduce the local correction.",derive a revised analytical weak-row formula or nonlinear recurrent history source law for the coefficient-gradient closure,"This capacity audit tests target-free algebraic weak-row structure features built from source Jacobian rows and active non-final velocity rows. The target Jacobian is used only to evaluate capacity, so this is not an accepted full-TFE stage replacement."
cylindrical_sharp,0.01,universal_weak_row_structure_capacity_value_component_nonfinal,paper_tfe_lower_pair_velocity_compression_weak_row_structure_capacity_gap_not_full_tfe,,universal_weak_row_structure_capacity_nonfinal_component_diagonal_value_fit,all_case_h_weak_row_structure_capacity_oracle_fit,weak_active_cross_gram_rows_perp,source/active cross-Gram weighted non-final velocity rows residualized against source rows,"0,1",6,24,8,16,24,16,16,0,inf,16,6.6806983054456691e-16,True,True,True,False,False,False,8,132,23,31,8,2.0082959831257569e+14,1.8390370753258983e-01,1.8411563974505604e-01,9.2014360618170882e-03,1.8388556869186756e-01,9.9875039918658159e-01,9.9999999906297798e-01,1.8388556869186756e-01,9.9990136772680860e-01,9.9999775363521459e-01,9.9969767915771457e-01,1.1691914586183223e-18,True,True,True,False,True,True,False,False,False,False,False,"The tested source/active cross-Gram, Hadamard, and shifted-commutator weak-row structures do not reproduce the local correction.",derive a revised analytical weak-row formula or nonlinear recurrent history source law for the coefficient-gradient closure,"This capacity audit tests target-free algebraic weak-row structure features built from source Jacobian rows and active non-final velocity rows. The target Jacobian is used only to evaluate capacity, so this is not an accepted full-TFE stage replacement."
cylindrical_sharp,0.01,universal_weak_row_structure_capacity_value_component_nonfinal,paper_tfe_lower_pair_velocity_compression_weak_row_structure_capacity_gap_not_full_tfe,,universal_weak_row_structure_capacity_nonfinal_component_diagonal_value_fit,all_case_h_weak_row_structure_capacity_oracle_fit,weak_source_active_hadamard_rows_perp,pairwise source-row and non-final velocity-row Hadamard products residualized against source rows,"0,1",6,24,8,16,24,16,256,56,9.9617541643330222e+05,256,1.0948542844711789e-01,True,True,False,True,False,False,8,132,24,28,4,1.1016080910562712e+04,1.8390370753258983e-01,1.8411563974505604e-01,1.3127033987944373e-01,1.2909944487358069e-01,7.0118673814100752e-01,9.9263177666222158e-01,1.2909944487358069e-01,7.0199479176189417e-01,9.9262199567089682e-01,5.6742109676402061e-14,1.1691914586183223e-18,True,True,True,False,True,True,False,False,False,False,False,"The tested source/active cross-Gram, Hadamard, and shifted-commutator weak-row structures do not reproduce the local correction.",derive a revised analytical weak-row formula or nonlinear recurrent history source law for the coefficient-gradient closure,"This capacity audit tests target-free algebraic weak-row structure features built from source Jacobian rows and active non-final velocity rows. The target Jacobian is used only to evaluate capacity, so this is not an accepted full-TFE stage replacement."
cylindrical_sharp,0.01,universal_weak_row_structure_capacity_value_component_nonfinal,paper_tfe_lower_pair_velocity_compression_weak_row_structure_capacity_gap_not_full_tfe,,universal_weak_row_structure_capacity_nonfinal_component_diagonal_value_fit,all_case_h_weak_row_structure_capacity_oracle_fit,active_plus_weak_source_active_hadamard_rows_perp,active non-final velocity plus source/active Hadamard weak-row structure rows,"0,1",6,24,8,16,24,16,272,64,1.6422790661896551e+07,272,4.0014981018416398e+00,True,True,False,True,False,False,8,132,24,29,5,1.1016080911101837e+04,1.8390370753258983e-01,1.8411563974505604e-01,1.3127033987944170e-01,1.2909944487358055e-01,7.0118673814100674e-01,9.9263177666222158e-01,1.2909944487358055e-01,7.0199479176189339e-01,9.9262199567089682e-01,1.3541257316363812e-12,1.1691914586183223e-18,True,True,True,False,True,True,False,False,False,False,False,"The tested source/active cross-Gram, Hadamard, and shifted-commutator weak-row structures do not reproduce the local correction.",derive a revised analytical weak-row formula or nonlinear recurrent history source law for the coefficient-gradient closure,"This capacity audit tests target-free algebraic weak-row structure features built from source Jacobian rows and active non-final velocity rows. The target Jacobian is used only to evaluate capacity, so this is not an accepted full-TFE stage replacement."
cylindrical_sharp,0.01,universal_weak_row_structure_capacity_value_component_nonfinal,paper_tfe_lower_pair_velocity_compression_weak_row_structure_capacity_gap_not_full_tfe,,universal_weak_row_structure_capacity_nonfinal_component_diagonal_value_fit,all_case_h_weak_row_structure_capacity_oracle_fit,weak_source_active_cross_hadamard_rows_perp,cross-Gram weighted source/active Hadamard weak-row structure rows,"0,1",6,24,8,16,24,16,256,0,inf,256,6.8085654189835737e-18,True,True,True,True,False,False,8,132,24,28,4,1.1016080902719008e+04,1.8390370753258983e-01,1.8411563974505604e-01,1.3127033987941253e-01,1.2909944487358069e-01,7.0118673814100752e-01,9.9263177666222158e-01,1.2909944487358069e-01,7.0199479176189417e-01,9.9262199567089682e-01,6.3606826972322395e-14,1.1691914586183223e-18,True,True,True,False,True,True,False,False,False,False,False,"The tested source/active cross-Gram, Hadamard, and shifted-commutator weak-row structures do not reproduce the local correction.",derive a revised analytical weak-row formula or nonlinear recurrent history source law for the coefficient-gradient closure,"This capacity audit tests target-free algebraic weak-row structure features built from source Jacobian rows and active non-final velocity rows. The target Jacobian is used only to evaluate capacity, so this is not an accepted full-TFE stage replacement."
cylindrical_sharp,0.01,universal_weak_row_structure_capacity_value_component_nonfinal,paper_tfe_lower_pair_velocity_compression_weak_row_structure_capacity_gap_not_full_tfe,,universal_weak_row_structure_capacity_nonfinal_component_diagonal_value_fit,all_case_h_weak_row_structure_capacity_oracle_fit,weak_source_active_shifted_commutator_rows_perp,shifted source/active commutator-like weak-row structure products,"0,1",6,24,8,16,24,16,256,54,6.1020548536696406e+06,256,5.7760540525256532e-01,True,True,False,False,True,False,8,132,24,29,5,2.5080125856661671e+04,1.8390370753258983e-01,1.8411563974505604e-01,1.2021107793059278e-01,1.3945560419537145e-01,7.5743486207078814e-01,9.9263177666222158e-01,1.3945560419537145e-01,7.5830773651291572e-01,9.9262199567089682e-01,7.9573808468355849e-14,1.1691914586183223e-18,True,True,True,False,True,True,False,False,False,False,False,"The tested source/active cross-Gram, Hadamard, and shifted-commutator weak-row structures do not reproduce the local correction.",derive a revised analytical weak-row formula or nonlinear recurrent history source law for the coefficient-gradient closure,"This capacity audit tests target-free algebraic weak-row structure features built from source Jacobian rows and active non-final velocity rows. The target Jacobian is used only to evaluate capacity, so this is not an accepted full-TFE stage replacement."
cylindrical_sharp,0.01,universal_weak_row_structure_capacity_value_component_nonfinal,paper_tfe_lower_pair_velocity_compression_weak_row_structure_capacity_gap_not_full_tfe,,universal_weak_row_structure_capacity_nonfinal_component_diagonal_value_fit,all_case_h_weak_row_structure_capacity_oracle_fit,active_plus_weak_source_active_shifted_commutator_rows_perp,active non-final velocity plus shifted source/active commutator-like weak-row structure products,"0,1",6,24,8,16,24,16,272,62,5.4386008676754478e+06,272,4.0414883402252917e+00,True,True,False,False,True,False,8,132,24,29,5,2.5080125823757382e+04,1.8390370753258983e-01,1.8411563974505604e-01,1.2021107793059874e-01,1.3945560419537056e-01,7.5743486207078337e-01,9.9263177666222158e-01,1.3945560419537056e-01,7.5830773651291095e-01,9.9262199567089682e-01,1.5313978977517935e-12,1.1691914586183223e-18,True,True,True,False,True,True,False,False,False,False,False,"The tested source/active cross-Gram, Hadamard, and shifted-commutator weak-row structures do not reproduce the local correction.",derive a revised analytical weak-row formula or nonlinear recurrent history source law for the coefficient-gradient closure,"This capacity audit tests target-free algebraic weak-row structure features built from source Jacobian rows and active non-final velocity rows. The target Jacobian is used only to evaluate capacity, so this is not an accepted full-TFE stage replacement."
cylindrical_sharp,0.01,case_local_weak_row_structure_capacity_value_full_nonfinal,paper_tfe_lower_pair_velocity_compression_weak_row_structure_capacity_gap_not_full_tfe,,case_local_weak_row_structure_capacity_nonfinal_full_component_value_fit,case_local_weak_row_structure_capacity_oracle_fit,weak_active_cross_gram_rows_perp,source/active cross-Gram weighted non-final velocity rows residualized against source rows,"0,1",1,24,8,16,24,16,16,0,inf,16,6.6806983054456691e-16,True,True,True,False,False,False,8,132,23,31,8,2.0082941241838700e+14,1.8390370753258983e-01,1.8388558020348772e-01,6.5066441190904086e-05,1.8388556869186756e-01,9.9999993739791804e-01,9.9999999906361858e-01,1.8388556869186756e-01,9.9990136772680860e-01,9.9999775363521459e-01,9.9969767915771479e-01,1.5237703619020713e-34,True,True,True,False,True,True,False,False,False,False,False,"The tested source/active cross-Gram, Hadamard, and shifted-commutator weak-row structures do not reproduce the local correction.",derive a revised analytical weak-row formula or nonlinear recurrent history source law for the coefficient-gradient closure,"This capacity audit tests target-free algebraic weak-row structure features built from source Jacobian rows and active non-final velocity rows. The target Jacobian is used only to evaluate capacity, so this is not an accepted full-TFE stage replacement."
cylindrical_sharp,0.01,case_local_weak_row_structure_capacity_value_full_nonfinal,paper_tfe_lower_pair_velocity_compression_weak_row_structure_capacity_gap_not_full_tfe,,case_local_weak_row_structure_capacity_nonfinal_full_component_value_fit,case_local_weak_row_structure_capacity_oracle_fit,weak_source_active_hadamard_rows_perp,pairwise source-row and non-final velocity-row Hadamard products residualized against source rows,"0,1",1,24,8,16,24,16,256,56,9.9617541643330222e+05,256,1.0948542844711789e-01,True,True,False,True,False,False,8,132,24,29,5,1.1016080698415317e+04,1.8390370753258983e-01,1.8388558020348772e-01,1.3094747015542982e-01,1.2909944487358058e-01,7.0206399398321051e-01,9.9263177666290525e-01,1.2909944487358058e-01,7.0199479176189361e-01,9.9262199567089726e-01,1.5519422286226505e-09,1.5237703619020713e-34,True,True,True,False,True,True,False,False,False,False,False,"The tested source/active cross-Gram, Hadamard, and shifted-commutator weak-row structures do not reproduce the local correction.",derive a revised analytical weak-row formula or nonlinear recurrent history source law for the coefficient-gradient closure,"This capacity audit tests target-free algebraic weak-row structure features built from source Jacobian rows and active non-final velocity rows. The target Jacobian is used only to evaluate capacity, so this is not an accepted full-TFE stage replacement."
cylindrical_sharp,0.01,case_local_weak_row_structure_capacity_value_full_nonfinal,paper_tfe_lower_pair_velocity_compression_weak_row_structure_capacity_gap_not_full_tfe,,case_local_weak_row_structure_capacity_nonfinal_full_component_value_fit,case_local_weak_row_structure_capacity_oracle_fit,active_plus_weak_source_active_hadamard_rows_perp,active non-final velocity plus source/active Hadamard weak-row structure rows,"0,1",1,24,8,16,24,16,272,64,1.6422790661896551e+07,272,4.0014981018416398e+00,True,True,False,True,False,False,8,132,24,29,5,1.1016080699637178e+04,1.8390370753258983e-01,1.8388558020348772e-01,1.3094747015542130e-01,1.2909944487358055e-01,7.0206399398321040e-01,9.9263177666290492e-01,1.2909944487358055e-01,7.0199479176189339e-01,9.9262199567089682e-01,1.6659922352430237e-12,1.5237703619020713e-34,True,True,True,False,True,True,False,False,False,False,False,"The tested source/active cross-Gram, Hadamard, and shifted-commutator weak-row structures do not reproduce the local correction.",derive a revised analytical weak-row formula or nonlinear recurrent history source law for the coefficient-gradient closure,"This capacity audit tests target-free algebraic weak-row structure features built from source Jacobian rows and active non-final velocity rows. The target Jacobian is used only to evaluate capacity, so this is not an accepted full-TFE stage replacement."
cylindrical_sharp,0.01,case_local_weak_row_structure_capacity_value_full_nonfinal,paper_tfe_lower_pair_velocity_compression_weak_row_structure_capacity_gap_not_full_tfe,,case_local_weak_row_structure_capacity_nonfinal_full_component_value_fit,case_local_weak_row_structure_capacity_oracle_fit,weak_source_active_cross_hadamard_rows_perp,cross-Gram weighted source/active Hadamard weak-row structure rows,"0,1",1,24,8,16,24,16,256,0,inf,256,6.8085654189835737e-18,True,True,True,True,False,False,8,132,24,29,5,1.1016080695949087e+04,1.8390370753258983e-01,1.8388558020348772e-01,1.3094747015539848e-01,1.2909944487358058e-01,7.0206399398321051e-01,9.9263177666290525e-01,1.2909944487358058e-01,7.0199479176189361e-01,9.9262199567089726e-01,1.5519422254114771e-09,1.5237703619020713e-34,True,True,True,False,True,True,False,False,False,False,False,"The tested source/active cross-Gram, Hadamard, and shifted-commutator weak-row structures do not reproduce the local correction.",derive a revised analytical weak-row formula or nonlinear recurrent history source law for the coefficient-gradient closure,"This capacity audit tests target-free algebraic weak-row structure features built from source Jacobian rows and active non-final velocity rows. The target Jacobian is used only to evaluate capacity, so this is not an accepted full-TFE stage replacement."
cylindrical_sharp,0.01,case_local_weak_row_structure_capacity_value_full_nonfinal,paper_tfe_lower_pair_velocity_compression_weak_row_structure_capacity_gap_not_full_tfe,,case_local_weak_row_structure_capacity_nonfinal_full_component_value_fit,case_local_weak_row_structure_capacity_oracle_fit,weak_source_active_shifted_commutator_rows_perp,shifted source/active commutator-like weak-row structure products,"0,1",1,24,8,16,24,16,256,54,6.1020548536696406e+06,256,5.7760540525256532e-01,True,True,False,False,True,False,8,132,24,30,6,2.5080122365844592e+04,1.8390370753258983e-01,1.8388558020348772e-01,1.1985842091933847e-01,1.3945560419537142e-01,7.5838249003021285e-01,9.9263177666290525e-01,1.3945560419537142e-01,7.5830773651291561e-01,9.9262199567089726e-01,1.5519422432097811e-09,1.5237703619020713e-34,True,True,True,False,True,True,False,False,False,False,False,"The tested source/active cross-Gram, Hadamard, and shifted-commutator weak-row structures do not reproduce the local correction.",derive a revised analytical weak-row formula or nonlinear recurrent history source law for the coefficient-gradient closure,"This capacity audit tests target-free algebraic weak-row structure features built from source Jacobian rows and active non-final velocity rows. The target Jacobian is used only to evaluate capacity, so this is not an accepted full-TFE stage replacement."
cylindrical_sharp,0.01,case_local_weak_row_structure_capacity_value_full_nonfinal,paper_tfe_lower_pair_velocity_compression_weak_row_structure_capacity_gap_not_full_tfe,,case_local_weak_row_structure_capacity_nonfinal_full_component_value_fit,case_local_weak_row_structure_capacity_oracle_fit,active_plus_weak_source_active_shifted_commutator_rows_perp,active non-final velocity plus shifted source/active commutator-like weak-row structure products,"0,1",1,24,8,16,24,16,272,62,5.4386008676754478e+06,272,4.0414883402252917e+00,True,True,False,False,True,False,8,132,24,29,5,2.5080122366975927e+04,1.8390370753258983e-01,1.8388558020348772e-01,1.1985842091934035e-01,1.3945560419537070e-01,7.5838249003020886e-01,9.9263177666290492e-01,1.3945560419537067e-01,7.5830773651291150e-01,9.9262199567089682e-01,1.4164549966252973e-12,1.5237703619020713e-34,True,True,True,False,True,True,False,False,False,False,False,"The tested source/active cross-Gram, Hadamard, and shifted-commutator weak-row structures do not reproduce the local correction.",derive a revised analytical weak-row formula or nonlinear recurrent history source law for the coefficient-gradient closure,"This capacity audit tests target-free algebraic weak-row structure features built from source Jacobian rows and active non-final velocity rows. The target Jacobian is used only to evaluate capacity, so this is not an accepted full-TFE stage replacement."
cylindrical_sharp,0.01,universal_weak_row_structure_capacity_value_full_nonfinal,paper_tfe_lower_pair_velocity_compression_weak_row_structure_capacity_gap_not_full_tfe,,universal_weak_row_structure_capacity_nonfinal_full_component_value_fit,all_case_h_weak_row_structure_capacity_oracle_fit,weak_active_cross_gram_rows_perp,source/active cross-Gram weighted non-final velocity rows residualized against source rows,"0,1",6,24,8,16,24,16,16,0,inf,16,6.6806983054456691e-16,True,True,True,False,False,False,8,132,23,31,8,2.0084108830106850e+14,1.8390370753258983e-01,1.8388558191675508e-01,6.9740462434790608e-05,1.8388556869186756e-01,9.9999992808088933e-01,9.9999999509560333e-01,1.8388556869186756e-01,9.9990136772680860e-01,9.9999775363521459e-01,9.9969767915771457e-01,4.5145606179748471e-32,True,True,True,False,True,True,False,False,False,False,False,"The tested source/active cross-Gram, Hadamard, and shifted-commutator weak-row structures do not reproduce the local correction.",derive a revised analytical weak-row formula or nonlinear recurrent history source law for the coefficient-gradient closure,"This capacity audit tests target-free algebraic weak-row structure features built from source Jacobian rows and active non-final velocity rows. The target Jacobian is used only to evaluate capacity, so this is not an accepted full-TFE stage replacement."
cylindrical_sharp,0.01,universal_weak_row_structure_capacity_value_full_nonfinal,paper_tfe_lower_pair_velocity_compression_weak_row_structure_capacity_gap_not_full_tfe,,universal_weak_row_structure_capacity_nonfinal_full_component_value_fit,all_case_h_weak_row_structure_capacity_oracle_fit,weak_source_active_hadamard_rows_perp,pairwise source-row and non-final velocity-row Hadamard products residualized against source rows,"0,1",6,24,8,16,24,16,256,56,9.9617541643330222e+05,256,1.0948542844711789e-01,True,True,False,True,False,False,8,132,24,31,7,1.1013857022727309e+04,1.8390370753258983e-01,1.8388558191675508e-01,1.3094747174994423e-01,1.2909944569656770e-01,7.0206399191759883e-01,9.9263175603638465e-01,1.2909944569479523e-01,7.0199479622735361e-01,9.9262200863017502e-01,1.5429808855946253e-06,4.5145606179748471e-32,True,True,True,False,True,True,False,False,False,False,False,"The tested source/active cross-Gram, Hadamard, and shifted-commutator weak-row structures do not reproduce the local correction.",derive a revised analytical weak-row formula or nonlinear recurrent history source law for the coefficient-gradient closure,"This capacity audit tests target-free algebraic weak-row structure features built from source Jacobian rows and active non-final velocity rows. The target Jacobian is used only to evaluate capacity, so this is not an accepted full-TFE stage replacement."
cylindrical_sharp,0.01,universal_weak_row_structure_capacity_value_full_nonfinal,paper_tfe_lower_pair_velocity_compression_weak_row_structure_capacity_gap_not_full_tfe,,universal_weak_row_structure_capacity_nonfinal_full_component_value_fit,all_case_h_weak_row_structure_capacity_oracle_fit,active_plus_weak_source_active_hadamard_rows_perp,active non-final velocity plus source/active Hadamard weak-row structure rows,"0,1",6,24,8,16,24,16,272,64,1.6422790661896551e+07,272,4.0014981018416398e+00,True,True,False,True,False,False,8,132,24,28,4,1.1016080698493719e+04,1.8390370753258983e-01,1.8388558191675508e-01,1.3094747256131831e-01,1.2909944487358055e-01,7.0206398744205956e-01,9.9263174304885249e-01,1.2909944487358055e-01,7.0199479176189339e-01,9.9262199567089682e-01,1.7615532941067057e-12,4.5145606179748471e-32,True,True,True,False,True,True,False,False,False,False,False,"The tested source/active cross-Gram, Hadamard, and shifted-commutator weak-row structures do not reproduce the local correction.",derive a revised analytical weak-row formula or nonlinear recurrent history source law for the coefficient-gradient closure,"This capacity audit tests target-free algebraic weak-row structure features built from source Jacobian rows and active non-final velocity rows. The target Jacobian is used only to evaluate capacity, so this is not an accepted full-TFE stage replacement."
cylindrical_sharp,0.01,universal_weak_row_structure_capacity_value_full_nonfinal,paper_tfe_lower_pair_velocity_compression_weak_row_structure_capacity_gap_not_full_tfe,,universal_weak_row_structure_capacity_nonfinal_full_component_value_fit,all_case_h_weak_row_structure_capacity_oracle_fit,weak_source_active_cross_hadamard_rows_perp,cross-Gram weighted source/active Hadamard weak-row structure rows,"0,1",6,24,8,16,24,16,256,0,inf,256,6.8085654189835737e-18,True,True,True,True,False,False,8,132,24,31,7,1.1013857016442806e+04,1.8390370753258983e-01,1.8388558191675508e-01,1.3094747174991625e-01,1.2909944569656770e-01,7.0206399191759883e-01,9.9263175603638465e-01,1.2909944569479523e-01,7.0199479622735361e-01,9.9262200863017502e-01,1.5429808856072118e-06,4.5145606179748471e-32,True,True,True,False,True,True,False,False,False,False,False,"The tested source/active cross-Gram, Hadamard, and shifted-commutator weak-row structures do not reproduce the local correction.",derive a revised analytical weak-row formula or nonlinear recurrent history source law for the coefficient-gradient closure,"This capacity audit tests target-free algebraic weak-row structure features built from source Jacobian rows and active non-final velocity rows. The target Jacobian is used only to evaluate capacity, so this is not an accepted full-TFE stage replacement."
cylindrical_sharp,0.01,universal_weak_row_structure_capacity_value_full_nonfinal,paper_tfe_lower_pair_velocity_compression_weak_row_structure_capacity_gap_not_full_tfe,,universal_weak_row_structure_capacity_nonfinal_full_component_value_fit,all_case_h_weak_row_structure_capacity_oracle_fit,weak_source_active_shifted_commutator_rows_perp,shifted source/active commutator-like weak-row structure products,"0,1",6,24,8,16,24,16,256,54,6.1020548536696406e+06,256,5.7760540525256532e-01,True,True,False,False,True,False,8,132,24,32,8,2.4845660068392845e+04,1.8390370753258983e-01,1.8388558191675508e-01,1.1985842266137661e-01,1.3945560495724216e-01,7.5838248710751910e-01,9.9263175603638465e-01,1.3945560494282033e-01,7.5830774057726491e-01,9.9262200841117287e-01,1.5361573738484236e-06,4.5145606179748471e-32,True,True,True,False,True,True,False,False,False,False,False,"The tested source/active cross-Gram, Hadamard, and shifted-commutator weak-row structures do not reproduce the local correction.",derive a revised analytical weak-row formula or nonlinear recurrent history source law for the coefficient-gradient closure,"This capacity audit tests target-free algebraic weak-row structure features built from source Jacobian rows and active non-final velocity rows. The target Jacobian is used only to evaluate capacity, so this is not an accepted full-TFE stage replacement."
cylindrical_sharp,0.01,universal_weak_row_structure_capacity_value_full_nonfinal,paper_tfe_lower_pair_velocity_compression_weak_row_structure_capacity_gap_not_full_tfe,,universal_weak_row_structure_capacity_nonfinal_full_component_value_fit,all_case_h_weak_row_structure_capacity_oracle_fit,active_plus_weak_source_active_shifted_commutator_rows_perp,active non-final velocity plus shifted source/active commutator-like weak-row structure products,"0,1",6,24,8,16,24,16,272,62,5.4386008676754478e+06,272,4.0414883402252917e+00,True,True,False,False,True,False,8,132,24,29,5,2.5080122353556319e+04,1.8390370753258983e-01,1.8388558191675508e-01,1.1985842354781762e-01,1.3945560419537051e-01,7.5838248296433597e-01,9.9263174304885249e-01,1.3945560419537051e-01,7.5830773651291061e-01,9.9262199567089682e-01,1.3986795442768989e-12,4.5145606179748471e-32,True,True,True,False,True,True,False,False,False,False,False,"The tested source/active cross-Gram, Hadamard, and shifted-commutator weak-row structures do not reproduce the local correction.",derive a revised analytical weak-row formula or nonlinear recurrent history source law for the coefficient-gradient closure,"This capacity audit tests target-free algebraic weak-row structure features built from source Jacobian rows and active non-final velocity rows. The target Jacobian is used only to evaluate capacity, so this is not an accepted full-TFE stage replacement."
