case,h,candidate_basis,status,error_message,eta,stage_weight_vector,candidate_kind,basis_row_count,compression_row_count,source_consistency_rows,velocity_stage_rows,target_row_count,stage_unknown_count,basis_rank,augmented_rank,independent_target_rank,basis_condition,target_jacobian_norm,projection_residual_norm,projection_relative_residual,max_row_relative_residual,min_row_relative_residual,fit_residual_norm,fit_relative_residual,coefficient_rank,coefficient_condition,coefficient_norm,max_abs_coefficient,final_stage_selector_distance_norm,final_stage_selector_relative_distance,nonfinal_stage_energy_fraction,stage0_energy_fraction,stage1_energy_fraction,stage2_energy_fraction,degenerates_to_final_stage_selector,meaningful_nonfinal_energy,basis_value_norm,compressed_value_norm,velocity_basis_value_norm,target_bridge_value_norm,terminal_velocity_norm,residual_norm,min_jacobian_rank,row_span_reproduces_terminal_bridge,velocity_compression_spans_target,endpoint_boundary_source_removed,target_terminal_boundary_row_used,terminal_row_replacement_used,projection_used,accepted_h_sweep_present,full_tfe_stage_replacement,blocking_gap,next_repair_target,notes
cylindrical_smooth,0.04,stage0_eta_final1,paper_tfe_lower_pair_velocity_compression_nondegenerate_near_selector_spans_not_full_tfe,,0.0000000000000000e+00,"0.0000000000000000e+00,0.0000000000000000e+00,1.0000000000000000e+00",fixed_stage0_nonfinal_injection,24,8,16,24,8,132,24,24,0,4.6789234052042623e+01,3.7127280938507345e-01,4.9965289875435216e-16,1.3457837097790983e-15,1.5009774978259447e-15,9.0622351537383617e-16,0.0000000000000000e+00,0.0000000000000000e+00,8,1.0000000000000000e+00,2.8284271247461903e+00,1.0000000000000000e+00,0.0000000000000000e+00,0.0000000000000000e+00,0.0000000000000000e+00,0.0000000000000000e+00,0.0000000000000000e+00,1.0000000000000000e+00,True,False,4.9799322526131485e-16,7.7090710015628417e-18,2.7386093150082900e-08,7.7090710015628417e-18,7.8453137228429296e-17,1.1410763597929276e-12,132,True,True,True,True,False,False,False,False,"This row is numerically the final-stage selector, so it is not an independent full TFE replacement.",derive a nonlinear full component-mixing or value-level source-free velocity compression,The probe fixes the final-stage coefficient at one and injects stage-0/stage-1 velocity rows; it tests whether non-final energy can be added without losing the local terminal-bridge span.
cylindrical_smooth,0.04,stage0_eta_final1,paper_tfe_lower_pair_velocity_compression_nondegenerate_tradeoff_not_full_tfe,,1.0000000000000000e-08,"1.0000000000000000e-08,0.0000000000000000e+00,1.0000000000000000e+00",fixed_stage0_nonfinal_injection,24,8,16,24,8,132,24,32,8,4.6789234049093658e+01,3.7127280938507345e-01,3.6775386020775072e-09,9.9052193134436359e-09,9.9967886040951699e-09,9.5137152941666035e-09,3.6775563606721626e-09,1.0085313340284356e-08,8,1.0000000000000000e+00,2.8284271247461903e+00,1.0000000000000000e+00,2.8284271247461904e-08,1.0000000000000000e-08,1.0000000000000000e-08,1.0000000000000000e-08,0.0000000000000000e+00,1.0000000000000000e+00,False,False,5.1952607767453774e-16,1.4822119535825608e-16,2.7386093150082900e-08,7.7090710015628417e-18,7.8453137228429296e-17,1.1410763597929276e-12,132,False,False,True,True,False,False,False,False,Injecting fixed non-final-stage velocity-row energy loses the terminal-bridge local span.,derive a nonlinear full component-mixing or value-level source-free velocity compression,The probe fixes the final-stage coefficient at one and injects stage-0/stage-1 velocity rows; it tests whether non-final energy can be added without losing the local terminal-bridge span.
cylindrical_smooth,0.04,stage0_eta_final1,paper_tfe_lower_pair_velocity_compression_nondegenerate_tradeoff_not_full_tfe,,9.9999999999999995e-07,"9.9999999999999995e-07,0.0000000000000000e+00,1.0000000000000000e+00",fixed_stage0_nonfinal_injection,24,8,16,24,8,132,24,32,8,4.6789233757121991e+01,3.7127280938507345e-01,3.6775385951867561e-07,9.9052192948838301e-07,9.9967885974395942e-07,9.5137152410647717e-07,3.6775563606504366e-07,1.0085313340224774e-06,8,1.0000000000000000e+00,2.8284271247476043e+00,1.0000000000000000e+00,2.8284271247461899e-06,9.9999999999999995e-07,9.9999999999949999e-07,9.9999999999949999e-07,0.0000000000000000e+00,9.9999999999950007e-01,False,False,1.4535787256535413e-14,1.4527256222171716e-14,2.7386093150082900e-08,7.7090710015628417e-18,7.8453137228429296e-17,1.1410763597929276e-12,132,False,False,True,True,False,False,False,False,Injecting fixed non-final-stage velocity-row energy loses the terminal-bridge local span.,derive a nonlinear full component-mixing or value-level source-free velocity compression,The probe fixes the final-stage coefficient at one and injects stage-0/stage-1 velocity rows; it tests whether non-final energy can be added without losing the local terminal-bridge span.
cylindrical_smooth,0.04,stage0_eta_final1,paper_tfe_lower_pair_velocity_compression_nondegenerate_tradeoff_not_full_tfe,,1.0000000000000000e-04,"1.0000000000000000e-04,0.0000000000000000e+00,1.0000000000000000e+00",fixed_stage0_nonfinal_injection,24,8,16,24,8,132,24,32,8,4.6789204333915819e+01,3.7127280938507345e-01,3.6775378858840837e-05,9.9052173844216190e-05,9.9967878811980056e-05,9.5137098586908718e-05,3.6775563606503359e-05,1.0085313340224498e-04,8,1.0000000000000000e+00,2.8284271388883258e+00,1.0000000000000000e+00,2.8284271247461902e-04,9.9999999999999991e-05,9.9999999500000007e-05,9.9999999500000007e-05,0.0000000000000000e+00,9.9999999500000003e-01,False,False,1.4524480732747475e-12,1.4524479879230457e-12,2.7386093150082900e-08,7.7090710015628417e-18,7.8453137228429296e-17,1.1410763597929276e-12,132,False,False,True,True,False,False,False,False,Injecting fixed non-final-stage velocity-row energy loses the terminal-bridge local span.,derive a nonlinear full component-mixing or value-level source-free velocity compression,The probe fixes the final-stage coefficient at one and injects stage-0/stage-1 velocity rows; it tests whether non-final energy can be added without losing the local terminal-bridge span.
cylindrical_smooth,0.04,stage0_eta_final1,paper_tfe_lower_pair_velocity_compression_nondegenerate_tradeoff_not_full_tfe,,1.0000000000000000e-03,"1.0000000000000000e-03,0.0000000000000000e+00,1.0000000000000000e+00",fixed_stage0_nonfinal_injection,24,8,16,24,8,132,24,32,8,4.6788916320018487e+01,3.7127280938507345e-01,3.6775297526895706e-04,9.9051954781728788e-04,9.9967768201881407e-04,9.5136565866386306e-04,3.6775563606503370e-04,1.0085313340224501e-03,8,1.0000000000000000e+00,2.8284285389593986e+00,1.0000000000000000e+00,2.8284271247461901e-03,1.0000000000000000e-03,9.9999950000037520e-04,9.9999950000037520e-04,0.0000000000000000e+00,9.9999950000037519e-01,False,False,1.4524454664244426e-11,1.4524454655709241e-11,2.7386093150082900e-08,7.7090710015628417e-18,7.8453137228429296e-17,1.1410763597929276e-12,132,False,False,True,True,False,False,False,False,Injecting fixed non-final-stage velocity-row energy loses the terminal-bridge local span.,derive a nonlinear full component-mixing or value-level source-free velocity compression,The probe fixes the final-stage coefficient at one and injects stage-0/stage-1 velocity rows; it tests whether non-final energy can be added without losing the local terminal-bridge span.
cylindrical_smooth,0.04,stage0_eta_final1,paper_tfe_lower_pair_velocity_compression_nondegenerate_tradeoff_not_full_tfe,,1.0000000000000000e-02,"1.0000000000000000e-02,0.0000000000000000e+00,1.0000000000000000e+00",fixed_stage0_nonfinal_injection,24,8,16,24,8,132,24,32,8,4.6784002202530303e+01,3.7127280938507345e-01,3.6772814638198854e-03,9.9045267276923459e-03,9.9962153846955611e-03,9.5126937456244953e-03,3.6775563606503375e-03,1.0085313340224503e-02,8,1.0000000000000000e+00,2.8285685425670701e+00,1.0000000000000000e+00,2.8284271247461901e-02,1.0000000000000000e-02,9.9995000374968751e-03,9.9995000374968751e-03,0.0000000000000000e+00,9.9995000374968768e-01,False,True,1.4524452133458290e-10,1.4524452133372938e-10,2.7386093150082900e-08,7.7090710015628417e-18,7.8453137228429296e-17,1.1410763597929276e-12,132,False,False,True,True,False,False,False,False,Injecting fixed non-final-stage velocity-row energy loses the terminal-bridge local span.,derive a nonlinear full component-mixing or value-level source-free velocity compression,The probe fixes the final-stage coefficient at one and injects stage-0/stage-1 velocity rows; it tests whether non-final energy can be added without losing the local terminal-bridge span.
cylindrical_smooth,0.04,stage0_eta_final1,paper_tfe_lower_pair_velocity_compression_nondegenerate_tradeoff_not_full_tfe,,1.0000000000000001e-01,"1.0000000000000001e-01,0.0000000000000000e+00,1.0000000000000000e+00",fixed_stage0_nonfinal_injection,24,8,16,24,8,132,24,32,8,4.6533547044952940e+01,3.7127280938507345e-01,3.6582533938380776e-02,9.8532758159616332e-02,9.9459053337121850e-02,9.4604872142344226e-02,3.6775563606503373e-02,1.0085313340224503e-01,8,1.0000000000000000e+00,2.8425340807103789e+00,1.0000000000000000e+00,2.8284271247461906e-01,1.0000000000000001e-01,9.9503719020998943e-02,9.9503719020998943e-02,0.0000000000000000e+00,9.9503719020998926e-01,False,True,1.4524451881140317e-09,1.4524451881139465e-09,2.7386093150082900e-08,7.7090710015628417e-18,7.8453137228429296e-17,1.1410763597929276e-12,132,False,False,True,True,False,False,False,False,Injecting fixed non-final-stage velocity-row energy loses the terminal-bridge local span.,derive a nonlinear full component-mixing or value-level source-free velocity compression,The probe fixes the final-stage coefficient at one and injects stage-0/stage-1 velocity rows; it tests whether non-final energy can be added without losing the local terminal-bridge span.
cylindrical_smooth,0.04,stage0_eta_final1,paper_tfe_lower_pair_velocity_compression_nondegenerate_tradeoff_not_full_tfe,,1.0000000000000000e+00,"1.0000000000000000e+00,0.0000000000000000e+00,1.0000000000000000e+00",fixed_stage0_nonfinal_injection,24,8,16,24,8,132,24,32,8,3.6811121934042184e+01,3.7127280938507345e-01,2.5863114205475085e-01,6.9660674177328752e-01,7.0677793735274697e-01,6.6875236330635068e-01,3.6775563606503370e-01,1.0085313340224502e+00,8,1.0000000000000000e+00,4.0000000000000000e+00,1.0000000000000000e+00,2.8284271247461903e+00,1.0000000000000000e+00,7.0710678118654757e-01,7.0710678118654757e-01,0.0000000000000000e+00,7.0710678118654757e-01,False,True,1.4524451855916129e-08,1.4524451855916121e-08,2.7386093150082900e-08,7.7090710015628417e-18,7.8453137228429296e-17,1.1410763597929276e-12,132,False,False,True,True,False,False,False,False,Injecting fixed non-final-stage velocity-row energy loses the terminal-bridge local span.,derive a nonlinear full component-mixing or value-level source-free velocity compression,The probe fixes the final-stage coefficient at one and injects stage-0/stage-1 velocity rows; it tests whether non-final energy can be added without losing the local terminal-bridge span.
cylindrical_smooth,0.04,stage1_eta_final1,paper_tfe_lower_pair_velocity_compression_nondegenerate_near_selector_spans_not_full_tfe,,0.0000000000000000e+00,"0.0000000000000000e+00,0.0000000000000000e+00,1.0000000000000000e+00",fixed_stage1_nonfinal_injection,24,8,16,24,8,132,24,24,0,4.6789234052042623e+01,3.7127280938507345e-01,4.9965289875435216e-16,1.3457837097790983e-15,1.5009774978259447e-15,9.0622351537383617e-16,0.0000000000000000e+00,0.0000000000000000e+00,8,1.0000000000000000e+00,2.8284271247461903e+00,1.0000000000000000e+00,0.0000000000000000e+00,0.0000000000000000e+00,0.0000000000000000e+00,0.0000000000000000e+00,0.0000000000000000e+00,1.0000000000000000e+00,True,False,4.9799322526131485e-16,7.7090710015628417e-18,2.7386093150082900e-08,7.7090710015628417e-18,7.8453137228429296e-17,1.1410763597929276e-12,132,True,True,True,True,False,False,False,False,"This row is numerically the final-stage selector, so it is not an independent full TFE replacement.",derive a nonlinear full component-mixing or value-level source-free velocity compression,The probe fixes the final-stage coefficient at one and injects stage-0/stage-1 velocity rows; it tests whether non-final energy can be added without losing the local terminal-bridge span.
cylindrical_smooth,0.04,stage1_eta_final1,paper_tfe_lower_pair_velocity_compression_nondegenerate_tradeoff_not_full_tfe,,1.0000000000000000e-08,"0.0000000000000000e+00,1.0000000000000000e-08,1.0000000000000000e+00",fixed_stage1_nonfinal_injection,24,8,16,24,8,132,24,32,8,4.6789234024441932e+01,3.7127280938507345e-01,4.6334628056253471e-09,1.2479941133582053e-08,1.2643431787389066e-08,1.1999417961719532e-08,4.6343720819371306e-09,1.2709280293194262e-08,8,1.0000000000000000e+00,2.8284271247461903e+00,1.0000000000000000e+00,2.8284271247461904e-08,1.0000000000000000e-08,1.0000000000000000e-08,0.0000000000000000e+00,1.0000000000000000e-08,1.0000000000000000e+00,False,False,5.4836647280143067e-16,2.2971278994044433e-16,2.7386093150082900e-08,7.7090710015628417e-18,7.8453137228429296e-17,1.1410763597929276e-12,132,False,False,True,True,False,False,False,False,Injecting fixed non-final-stage velocity-row energy loses the terminal-bridge local span.,derive a nonlinear full component-mixing or value-level source-free velocity compression,The probe fixes the final-stage coefficient at one and injects stage-0/stage-1 velocity rows; it tests whether non-final energy can be added without losing the local terminal-bridge span.
cylindrical_smooth,0.04,stage1_eta_final1,paper_tfe_lower_pair_velocity_compression_nondegenerate_tradeoff_not_full_tfe,,9.9999999999999995e-07,"0.0000000000000000e+00,9.9999999999999995e-07,1.0000000000000000e+00",fixed_stage1_nonfinal_injection,24,8,16,24,8,132,24,32,8,4.6789231291936424e+01,3.7127280938507345e-01,4.6334627368840714e-07,1.2479940948431744e-06,1.2643431783145042e-06,1.1999417412003530e-06,4.6343720819090154e-07,1.2709280293117161e-06,8,1.0000000000000000e+00,2.8284271247476043e+00,1.0000000000000000e+00,2.8284271247461899e-06,9.9999999999999995e-07,9.9999999999949999e-07,0.0000000000000000e+00,9.9999999999949999e-07,9.9999999999950007e-01,False,False,2.3219966909725479e-14,2.3214627403129168e-14,2.7386093150082900e-08,7.7090710015628417e-18,7.8453137228429296e-17,1.1410763597929276e-12,132,False,False,True,True,False,False,False,False,Injecting fixed non-final-stage velocity-row energy loses the terminal-bridge local span.,derive a nonlinear full component-mixing or value-level source-free velocity compression,The probe fixes the final-stage coefficient at one and injects stage-0/stage-1 velocity rows; it tests whether non-final energy can be added without losing the local terminal-bridge span.
cylindrical_smooth,0.04,stage1_eta_final1,paper_tfe_lower_pair_velocity_compression_nondegenerate_tradeoff_not_full_tfe,,1.0000000000000000e-04,"0.0000000000000000e+00,1.0000000000000000e-04,1.0000000000000000e+00",fixed_stage1_nonfinal_injection,24,8,16,24,8,132,24,32,8,4.6788957682038244e+01,3.7127280938507345e-01,4.6334558251847737e-05,1.2479922332203668e-04,1.2643431256093932e-04,1.1999362332393485e-04,4.6343720819077976e-05,1.2709280293113820e-04,8,1.0000000000000000e+00,2.8284271388883258e+00,1.0000000000000000e+00,2.8284271247461902e-04,9.9999999999999991e-05,9.9999999500000007e-05,0.0000000000000000e+00,9.9999999500000007e-05,9.9999999500000003e-01,False,False,2.3217175234894043e-12,2.3217174700940573e-12,2.7386093150082900e-08,7.7090710015628417e-18,7.8453137228429296e-17,1.1410763597929276e-12,132,False,False,True,True,False,False,False,False,Injecting fixed non-final-stage velocity-row energy loses the terminal-bridge local span.,derive a nonlinear full component-mixing or value-level source-free velocity compression,The probe fixes the final-stage coefficient at one and injects stage-0/stage-1 velocity rows; it tests whether non-final energy can be added without losing the local terminal-bridge span.
cylindrical_smooth,0.04,stage1_eta_final1,paper_tfe_lower_pair_velocity_compression_nondegenerate_tradeoff_not_full_tfe,,1.0000000000000000e-03,"0.0000000000000000e+00,1.0000000000000000e-03,1.0000000000000000e+00",fixed_stage1_nonfinal_injection,24,8,16,24,8,132,24,32,8,4.6786437685614565e+01,3.7127280938507345e-01,4.6333896297854412e-04,1.2479744039051949e-03,1.2643417371247421e-03,1.1998852956592553e-03,4.6343720819077877e-04,1.2709280293113792e-03,8,1.0000000000000000e+00,2.8284285389593986e+00,1.0000000000000000e+00,2.8284271247461901e-03,1.0000000000000000e-03,9.9999950000037520e-04,0.0000000000000000e+00,9.9999950000037520e-04,9.9999950000037519e-01,False,False,2.3217197873758289e-11,2.3217197868418758e-11,2.7386093150082900e-08,7.7090710015628417e-18,7.8453137228429296e-17,1.1410763597929276e-12,132,False,False,True,True,False,False,False,False,Injecting fixed non-final-stage velocity-row energy loses the terminal-bridge local span.,derive a nonlinear full component-mixing or value-level source-free velocity compression,The probe fixes the final-stage coefficient at one and injects stage-0/stage-1 velocity rows; it tests whether non-final energy can be added without losing the local terminal-bridge span.
cylindrical_smooth,0.04,stage1_eta_final1,paper_tfe_lower_pair_velocity_compression_nondegenerate_tradeoff_not_full_tfe,,1.0000000000000000e-02,"0.0000000000000000e+00,1.0000000000000000e-02,1.0000000000000000e+00",fixed_stage1_nonfinal_injection,24,8,16,24,8,132,24,32,8,4.6758008965257105e+01,3.7127280938507345e-01,4.6323947248136620e-03,1.2477064324980167e-02,1.2642377497482973e-02,1.1992903089927150e-02,4.6343720819077882e-03,1.2709280293113794e-02,8,1.0000000000000000e+00,2.8285685425670701e+00,1.0000000000000000e+00,2.8284271247461901e-02,1.0000000000000000e-02,9.9995000374968751e-03,0.0000000000000000e+00,9.9995000374968751e-03,9.9995000374968768e-01,False,True,2.3217200185230110e-10,2.3217200185176713e-10,2.7386093150082900e-08,7.7090710015628417e-18,7.8453137228429296e-17,1.1410763597929276e-12,132,False,False,True,True,False,False,False,False,Injecting fixed non-final-stage velocity-row energy loses the terminal-bridge local span.,derive a nonlinear full component-mixing or value-level source-free velocity compression,The probe fixes the final-stage coefficient at one and injects stage-0/stage-1 velocity rows; it tests whether non-final energy can be added without losing the local terminal-bridge span.
cylindrical_smooth,0.04,stage1_eta_final1,paper_tfe_lower_pair_velocity_compression_nondegenerate_tradeoff_not_full_tfe,,1.0000000000000001e-01,"0.0000000000000000e+00,1.0000000000000001e-01,1.0000000000000000e+00",fixed_stage1_nonfinal_injection,24,8,16,24,8,132,24,32,8,4.6159817097027798e+01,3.7127280938507345e-01,4.5897401906291782e-02,1.2362177015416262e-01,1.2543069719473002e-01,1.1850072605904335e-01,4.6343720819077887e-02,1.2709280293113795e-01,8,1.0000000000000000e+00,2.8425340807103789e+00,1.0000000000000000e+00,2.8284271247461906e-01,1.0000000000000001e-01,9.9503719020998943e-02,0.0000000000000000e+00,9.9503719020998943e-02,9.9503719020998926e-01,False,True,2.3217200416853142e-09,2.3217200416852609e-09,2.7386093150082900e-08,7.7090710015628417e-18,7.8453137228429296e-17,1.1410763597929276e-12,132,False,False,True,True,False,False,False,False,Injecting fixed non-final-stage velocity-row energy loses the terminal-bridge local span.,derive a nonlinear full component-mixing or value-level source-free velocity compression,The probe fixes the final-stage coefficient at one and injects stage-0/stage-1 velocity rows; it tests whether non-final energy can be added without losing the local terminal-bridge span.
cylindrical_smooth,0.04,stage1_eta_final1,paper_tfe_lower_pair_velocity_compression_nondegenerate_tradeoff_not_full_tfe,,1.0000000000000000e+00,"0.0000000000000000e+00,1.0000000000000000e+00,1.0000000000000000e+00",fixed_stage1_nonfinal_injection,24,8,16,24,8,132,24,32,8,3.6649052727731650e+01,3.7127280938507345e-01,2.8492121481111504e-01,7.6741740199887076e-01,7.8403031130796630e-01,7.2990264209311984e-01,4.6343720819077888e-01,1.2709280293113796e+00,8,1.0000000000000000e+00,4.0000000000000000e+00,1.0000000000000000e+00,2.8284271247461903e+00,1.0000000000000000e+00,7.0710678118654757e-01,0.0000000000000000e+00,7.0710678118654757e-01,7.0710678118654757e-01,False,True,2.3217200440020205e-08,2.3217200440020199e-08,2.7386093150082900e-08,7.7090710015628417e-18,7.8453137228429296e-17,1.1410763597929276e-12,132,False,False,True,True,False,False,False,False,Injecting fixed non-final-stage velocity-row energy loses the terminal-bridge local span.,derive a nonlinear full component-mixing or value-level source-free velocity compression,The probe fixes the final-stage coefficient at one and injects stage-0/stage-1 velocity rows; it tests whether non-final energy can be added without losing the local terminal-bridge span.
cylindrical_smooth,0.04,stage01_equal_eta_final1,paper_tfe_lower_pair_velocity_compression_nondegenerate_near_selector_spans_not_full_tfe,,0.0000000000000000e+00,"0.0000000000000000e+00,0.0000000000000000e+00,1.0000000000000000e+00",fixed_equal_nonfinal_injection,24,8,16,24,8,132,24,24,0,4.6789234052042623e+01,3.7127280938507345e-01,4.9965289875435216e-16,1.3457837097790983e-15,1.5009774978259447e-15,9.0622351537383617e-16,0.0000000000000000e+00,0.0000000000000000e+00,8,1.0000000000000000e+00,2.8284271247461903e+00,1.0000000000000000e+00,0.0000000000000000e+00,0.0000000000000000e+00,0.0000000000000000e+00,0.0000000000000000e+00,0.0000000000000000e+00,1.0000000000000000e+00,True,False,4.9799322526131485e-16,7.7090710015628417e-18,2.7386093150082900e-08,7.7090710015628417e-18,7.8453137228429296e-17,1.1410763597929276e-12,132,True,True,True,True,False,False,False,False,"This row is numerically the final-stage selector, so it is not an independent full TFE replacement.",derive a nonlinear full component-mixing or value-level source-free velocity compression,The probe fixes the final-stage coefficient at one and injects stage-0/stage-1 velocity rows; it tests whether non-final energy can be added without losing the local terminal-bridge span.
cylindrical_smooth,0.04,stage01_equal_eta_final1,paper_tfe_lower_pair_velocity_compression_nondegenerate_tradeoff_not_full_tfe,,1.0000000000000000e-08,"1.0000000000000000e-08,1.0000000000000000e-08,1.0000000000000000e+00",fixed_equal_nonfinal_injection,24,8,16,24,8,132,24,32,8,4.6789234021492952e+01,3.7127280938507345e-01,5.9189765320611035e-09,1.5942391638818108e-08,1.6117405507058613e-08,1.5340471774093096e-08,5.9198764956178822e-09,1.6234641576826444e-08,8,1.0000000000000000e+00,2.8284271247461903e+00,1.0000000000000000e+00,4.0000000000000001e-08,1.4142135623730950e-08,1.4142135623730952e-08,1.0000000000000000e-08,1.0000000000000000e-08,1.0000000000000000e+00,False,False,5.0540381523835865e-16,8.6574787478973672e-17,2.7386093150082900e-08,7.7090710015628417e-18,7.8453137228429296e-17,1.1410763597929276e-12,132,False,False,True,True,False,False,False,False,Injecting fixed non-final-stage velocity-row energy loses the terminal-bridge local span.,derive a nonlinear full component-mixing or value-level source-free velocity compression,The probe fixes the final-stage coefficient at one and injects stage-0/stage-1 velocity rows; it tests whether non-final energy can be added without losing the local terminal-bridge span.
cylindrical_smooth,0.04,stage01_equal_eta_final1,paper_tfe_lower_pair_velocity_compression_nondegenerate_tradeoff_not_full_tfe,,9.9999999999999995e-07,"9.9999999999999995e-07,9.9999999999999995e-07,1.0000000000000000e+00",fixed_equal_nonfinal_injection,24,8,16,24,8,132,24,32,8,4.6789230997015594e+01,3.7127280938507345e-01,5.9189764326128978e-07,1.5942391370960608e-06,1.6117405500870465e-06,1.5340470985649778e-06,5.9198764956819096e-07,1.6234641577002031e-06,8,1.0000000000000000e+00,2.8284271247490187e+00,1.0000000000000000e+00,3.9999999999999998e-06,1.4142135623730949e-06,1.4142135623716806e-06,9.9999999999899982e-07,9.9999999999899982e-07,9.9999999999900002e-01,False,False,8.8532099870291713e-15,8.8391961881045846e-15,2.7386093150082900e-08,7.7090710015628417e-18,7.8453137228429296e-17,1.1410763597929276e-12,132,False,False,True,True,False,False,False,False,Injecting fixed non-final-stage velocity-row energy loses the terminal-bridge local span.,derive a nonlinear full component-mixing or value-level source-free velocity compression,The probe fixes the final-stage coefficient at one and injects stage-0/stage-1 velocity rows; it tests whether non-final energy can be added without losing the local terminal-bridge span.
cylindrical_smooth,0.04,stage01_equal_eta_final1,paper_tfe_lower_pair_velocity_compression_nondegenerate_tradeoff_not_full_tfe,,1.0000000000000000e-04,"1.0000000000000000e-04,1.0000000000000000e-04,1.0000000000000000e+00",fixed_equal_nonfinal_injection,24,8,16,24,8,132,24,32,8,4.6788927962001551e+01,3.7127280938507345e-01,5.9189664154510771e-05,1.5942364390364219e-04,1.6117404673637899e-04,1.5340392013942804e-04,5.9198764956822140e-05,1.6234641577002866e-04,8,1.0000000000000000e+00,2.8284271530304612e+00,1.0000000000000000e+00,4.0000000000000002e-04,1.4142135623730951e-04,1.4142135482309598e-04,9.9999999000000022e-05,9.9999999000000022e-05,9.9999999000000017e-01,False,False,8.8413286057492628e-13,8.8413272035966383e-13,2.7386093150082900e-08,7.7090710015628417e-18,7.8453137228429296e-17,1.1410763597929276e-12,132,False,False,True,True,False,False,False,False,Injecting fixed non-final-stage velocity-row energy loses the terminal-bridge local span.,derive a nonlinear full component-mixing or value-level source-free velocity compression,The probe fixes the final-stage coefficient at one and injects stage-0/stage-1 velocity rows; it tests whether non-final energy can be added without losing the local terminal-bridge span.
cylindrical_smooth,0.04,stage01_equal_eta_final1,paper_tfe_lower_pair_velocity_compression_nondegenerate_tradeoff_not_full_tfe,,1.0000000000000000e-03,"1.0000000000000000e-03,1.0000000000000000e-03,1.0000000000000000e+00",fixed_equal_nonfinal_injection,24,8,16,24,8,132,24,32,8,4.6786119766311622e+01,3.7127280938507345e-01,5.9188683373690104e-04,1.5942100223208457e-03,1.6117378315645119e-03,1.5339655978452381e-03,5.9198764956822200e-04,1.6234641577002882e-03,8,1.0000000000000000e+00,2.8284299531719004e+00,1.0000000000000000e+00,4.0000000000000001e-03,1.4142135623730950e-03,1.4142121481616541e-03,9.9999900000150000e-04,9.9999900000150000e-04,9.9999900000150010e-01,False,True,8.8413466183481703e-12,8.8413466043266754e-12,2.7386093150082900e-08,7.7090710015628417e-18,7.8453137228429296e-17,1.1410763597929276e-12,132,False,False,True,True,False,False,False,False,Injecting fixed non-final-stage velocity-row energy loses the terminal-bridge local span.,derive a nonlinear full component-mixing or value-level source-free velocity compression,The probe fixes the final-stage coefficient at one and injects stage-0/stage-1 velocity rows; it tests whether non-final energy can be added without losing the local terminal-bridge span.
cylindrical_smooth,0.04,stage01_equal_eta_final1,paper_tfe_lower_pair_velocity_compression_nondegenerate_tradeoff_not_full_tfe,,1.0000000000000000e-02,"1.0000000000000000e-02,1.0000000000000000e-02,1.0000000000000000e+00",fixed_equal_nonfinal_injection,24,8,16,24,8,132,24,32,8,4.6752762596751246e+01,3.7127280938507345e-01,5.9171930910646691e-03,1.5937588052475794e-02,1.6115248363769676e-02,1.5330503996197167e-02,5.9198764956822202e-03,1.6234641577002884e-02,8,1.0000000000000000e+00,2.8287099533179432e+00,1.0000000000000000e+00,4.0000000000000001e-02,1.4142135623730949e-02,1.4140721622265262e-02,9.9990001499750038e-03,9.9990001499750038e-03,9.9990001499750047e-01,False,True,8.8413485445674972e-11,8.8413485444272823e-11,2.7386093150082900e-08,7.7090710015628417e-18,7.8453137228429296e-17,1.1410763597929276e-12,132,False,False,True,True,False,False,False,False,Injecting fixed non-final-stage velocity-row energy loses the terminal-bridge local span.,derive a nonlinear full component-mixing or value-level source-free velocity compression,The probe fixes the final-stage coefficient at one and injects stage-0/stage-1 velocity rows; it tests whether non-final energy can be added without losing the local terminal-bridge span.
cylindrical_smooth,0.04,stage01_equal_eta_final1,paper_tfe_lower_pair_velocity_compression_nondegenerate_tradeoff_not_full_tfe,,1.0000000000000001e-01,"1.0000000000000001e-01,1.0000000000000001e-01,1.0000000000000000e+00",fixed_equal_nonfinal_injection,24,8,16,24,8,132,24,32,8,4.5911507660863244e+01,3.7127280938507345e-01,5.8328343586736262e-02,1.5710373103633288e-01,1.5911287306258551e-01,1.5066318886371680e-01,5.9198764956822199e-02,1.6234641577002881e-01,8,1.0000000000000000e+00,2.8565713714171399e+00,1.0000000000000000e+00,4.0000000000000002e-01,1.4142135623730950e-01,1.4002800840280102e-01,9.9014754297667457e-02,9.9014754297667457e-02,9.9014754297667440e-01,False,True,8.8413487384390221e-10,8.8413487384376201e-10,2.7386093150082900e-08,7.7090710015628417e-18,7.8453137228429296e-17,1.1410763597929276e-12,132,False,False,True,True,False,False,False,False,Injecting fixed non-final-stage velocity-row energy loses the terminal-bridge local span.,derive a nonlinear full component-mixing or value-level source-free velocity compression,The probe fixes the final-stage coefficient at one and injects stage-0/stage-1 velocity rows; it tests whether non-final energy can be added without losing the local terminal-bridge span.
cylindrical_smooth,0.04,stage01_equal_eta_final1,paper_tfe_lower_pair_velocity_compression_nondegenerate_tradeoff_not_full_tfe,,1.0000000000000000e+00,"1.0000000000000000e+00,1.0000000000000000e+00,1.0000000000000000e+00",fixed_equal_nonfinal_injection,24,8,16,24,8,132,24,32,8,3.6643698932277509e+01,3.7127280938507345e-01,3.0900930460928960e-01,8.3229715938824400e-01,8.4939093845227442e-01,7.9377482288812973e-01,5.9198764956822192e-01,1.6234641577002880e+00,8,1.0000000000000000e+00,4.8989794855663558e+00,1.0000000000000000e+00,4.0000000000000000e+00,1.4142135623730949e+00,8.1649658092772615e-01,5.7735026918962584e-01,5.7735026918962584e-01,5.7735026918962584e-01,False,True,8.8413487578386703e-09,8.8413487578386554e-09,2.7386093150082900e-08,7.7090710015628417e-18,7.8453137228429296e-17,1.1410763597929276e-12,132,False,False,True,True,False,False,False,False,Injecting fixed non-final-stage velocity-row energy loses the terminal-bridge local span.,derive a nonlinear full component-mixing or value-level source-free velocity compression,The probe fixes the final-stage coefficient at one and injects stage-0/stage-1 velocity rows; it tests whether non-final energy can be added without losing the local terminal-bridge span.
cylindrical_smooth,0.04,stage01_difference_eta_final1,paper_tfe_lower_pair_velocity_compression_nondegenerate_near_selector_spans_not_full_tfe,,0.0000000000000000e+00,"0.0000000000000000e+00,-0.0000000000000000e+00,1.0000000000000000e+00",fixed_difference_nonfinal_injection,24,8,16,24,8,132,24,24,0,4.6789234052042623e+01,3.7127280938507345e-01,4.9965289875435216e-16,1.3457837097790983e-15,1.5009774978259447e-15,9.0622351537383617e-16,0.0000000000000000e+00,0.0000000000000000e+00,8,1.0000000000000000e+00,2.8284271247461903e+00,1.0000000000000000e+00,0.0000000000000000e+00,0.0000000000000000e+00,0.0000000000000000e+00,0.0000000000000000e+00,0.0000000000000000e+00,1.0000000000000000e+00,True,False,4.9799322526131485e-16,7.7090710015628417e-18,2.7386093150082900e-08,7.7090710015628417e-18,7.8453137228429296e-17,1.1410763597929276e-12,132,True,True,True,True,False,False,False,False,"This row is numerically the final-stage selector, so it is not an independent full TFE replacement.",derive a nonlinear full component-mixing or value-level source-free velocity compression,The probe fixes the final-stage coefficient at one and injects stage-0/stage-1 velocity rows; it tests whether non-final energy can be added without losing the local terminal-bridge span.
cylindrical_smooth,0.04,stage01_difference_eta_final1,paper_tfe_lower_pair_velocity_compression_nondegenerate_tradeoff_not_full_tfe,,1.0000000000000000e-08,"1.0000000000000000e-08,-1.0000000000000000e-08,1.0000000000000000e+00",fixed_difference_nonfinal_injection,24,8,16,24,8,132,24,32,8,4.6789234076694349e+01,3.7127280938507345e-01,5.9120429892246134e-09,1.5923716576542541e-08,1.6116971369847916e-08,1.5286057249742808e-08,5.9125893680212558e-09,1.6214657392233505e-08,8,1.0000000000000000e+00,2.8284271247461903e+00,1.0000000000000000e+00,4.0000000000000001e-08,1.4142135623730950e-08,1.4142135623730952e-08,1.0000000000000000e-08,1.0000000000000000e-08,1.0000000000000000e+00,False,False,6.2625023240603397e-16,3.7980459575701833e-16,2.7386093150082900e-08,7.7090710015628417e-18,7.8453137228429296e-17,1.1410763597929276e-12,132,False,False,True,True,False,False,False,False,Injecting fixed non-final-stage velocity-row energy loses the terminal-bridge local span.,derive a nonlinear full component-mixing or value-level source-free velocity compression,The probe fixes the final-stage coefficient at one and injects stage-0/stage-1 velocity rows; it tests whether non-final energy can be added without losing the local terminal-bridge span.
cylindrical_smooth,0.04,stage01_difference_eta_final1,paper_tfe_lower_pair_velocity_compression_nondegenerate_tradeoff_not_full_tfe,,9.9999999999999995e-07,"9.9999999999999995e-07,-9.9999999999999995e-07,1.0000000000000000e+00",fixed_difference_nonfinal_injection,24,8,16,24,8,132,24,32,8,4.6789236517155786e+01,3.7127280938507345e-01,5.9120430660894819e-07,1.5923716783573238e-06,1.6116971374594932e-06,1.5286057862802530e-06,5.9125893679942363e-07,1.6214657392159404e-06,8,1.0000000000000000e+00,2.8284271247490187e+00,1.0000000000000000e+00,3.9999999999999998e-06,1.4142135623730949e-06,1.4142135623716806e-06,9.9999999999899982e-07,9.9999999999899982e-07,9.9999999999900002e-01,False,False,3.7713070519957541e-14,3.7709783216304227e-14,2.7386093150082900e-08,7.7090710015628417e-18,7.8453137228429296e-17,1.1410763597929276e-12,132,False,False,True,True,False,False,False,False,Injecting fixed non-final-stage velocity-row energy loses the terminal-bridge local span.,derive a nonlinear full component-mixing or value-level source-free velocity compression,The probe fixes the final-stage coefficient at one and injects stage-0/stage-1 velocity rows; it tests whether non-final energy can be added without losing the local terminal-bridge span.
cylindrical_smooth,0.04,stage01_difference_eta_final1,paper_tfe_lower_pair_velocity_compression_nondegenerate_tradeoff_not_full_tfe,,1.0000000000000000e-04,"1.0000000000000000e-04,-1.0000000000000000e-04,1.0000000000000000e+00",fixed_difference_nonfinal_injection,24,8,16,24,8,132,24,32,8,4.6789479979792922e+01,3.7127280938507345e-01,5.9120506725679832e-05,1.5923737271145472e-04,1.6116971643005798e-04,1.5286118929600998e-04,5.9125893679944880e-05,1.6214657392160095e-04,8,1.0000000000000000e+00,2.8284271530304612e+00,1.0000000000000000e+00,4.0000000000000002e-04,1.4142135623730951e-04,1.4142135482309598e-04,9.9999999000000022e-05,9.9999999000000022e-05,9.9999999000000017e-01,False,False,3.7707144977845696e-12,3.7707144649078003e-12,2.7386093150082900e-08,7.7090710015628417e-18,7.8453137228429296e-17,1.1410763597929276e-12,132,False,False,True,True,False,False,False,False,Injecting fixed non-final-stage velocity-row energy loses the terminal-bridge local span.,derive a nonlinear full component-mixing or value-level source-free velocity compression,The probe fixes the final-stage coefficient at one and injects stage-0/stage-1 velocity rows; it tests whether non-final energy can be added without losing the local terminal-bridge span.
cylindrical_smooth,0.04,stage01_difference_eta_final1,paper_tfe_lower_pair_velocity_compression_nondegenerate_tradeoff_not_full_tfe,,1.0000000000000000e-03,"1.0000000000000000e-03,-1.0000000000000000e-03,1.0000000000000000e+00",fixed_difference_nonfinal_injection,24,8,16,24,8,132,24,32,8,4.6791640271505358e+01,3.7127280938507345e-01,5.9121128316077642e-04,1.5923904692616182e-03,1.6116955246863447e-03,1.5286656140070776e-03,5.9125893679944812e-04,1.6214657392160077e-03,8,1.0000000000000000e+00,2.8284299531719004e+00,1.0000000000000000e+00,4.0000000000000001e-03,1.4142135623730950e-03,1.4142121481616541e-03,9.9999900000150000e-04,9.9999900000150000e-04,9.9999900000150010e-01,False,True,3.7707120671629327e-11,3.7707120668341646e-11,2.7386093150082900e-08,7.7090710015628417e-18,7.8453137228429296e-17,1.1410763597929276e-12,132,False,False,True,True,False,False,False,False,Injecting fixed non-final-stage velocity-row energy loses the terminal-bridge local span.,derive a nonlinear full component-mixing or value-level source-free velocity compression,The probe fixes the final-stage coefficient at one and injects stage-0/stage-1 velocity rows; it tests whether non-final energy can be added without losing the local terminal-bridge span.
cylindrical_smooth,0.04,stage01_difference_eta_final1,paper_tfe_lower_pair_velocity_compression_nondegenerate_tradeoff_not_full_tfe,,1.0000000000000000e-02,"1.0000000000000000e-02,-1.0000000000000000e-02,1.0000000000000000e+00",fixed_difference_nonfinal_injection,24,8,16,24,8,132,24,32,8,4.6807984859831414e+01,3.7127280938507345e-01,5.9120415184054989e-03,1.5923712614983609e-02,1.6114925017094970e-02,1.5290248455560493e-02,5.9125893679944806e-03,1.6214657392160076e-02,8,1.0000000000000000e+00,2.8287099533179432e+00,1.0000000000000000e+00,4.0000000000000001e-02,1.4142135623730949e-02,1.4140721622265262e-02,9.9990001499750038e-03,9.9990001499750038e-03,9.9990001499750047e-01,False,True,3.7707118270307074e-10,3.7707118270274193e-10,2.7386093150082900e-08,7.7090710015628417e-18,7.8453137228429296e-17,1.1410763597929276e-12,132,False,False,True,True,False,False,False,False,Injecting fixed non-final-stage velocity-row energy loses the terminal-bridge local span.,derive a nonlinear full component-mixing or value-level source-free velocity compression,The probe fixes the final-stage coefficient at one and injects stage-0/stage-1 velocity rows; it tests whether non-final energy can be added without losing the local terminal-bridge span.
cylindrical_smooth,0.04,stage01_difference_eta_final1,paper_tfe_lower_pair_velocity_compression_nondegenerate_tradeoff_not_full_tfe,,1.0000000000000001e-01,"1.0000000000000001e-01,-1.0000000000000001e-01,1.0000000000000000e+00",fixed_difference_nonfinal_injection,24,8,16,24,8,132,24,32,8,4.6450404527107359e+01,3.7127280938507345e-01,5.8432553871893923e-02,1.5738441489608079e-01,1.5911932144947277e-01,1.5149926892096335e-01,5.9125893679944808e-02,1.6214657392160076e-01,8,1.0000000000000000e+00,2.8565713714171399e+00,1.0000000000000000e+00,4.0000000000000002e-01,1.4142135623730950e-01,1.4002800840280102e-01,9.9014754297667457e-02,9.9014754297667457e-02,9.9014754297667440e-01,False,True,3.7707118030467844e-09,3.7707118030467513e-09,2.7386093150082900e-08,7.7090710015628417e-18,7.8453137228429296e-17,1.1410763597929276e-12,132,False,False,True,True,False,False,False,False,Injecting fixed non-final-stage velocity-row energy loses the terminal-bridge local span.,derive a nonlinear full component-mixing or value-level source-free velocity compression,The probe fixes the final-stage coefficient at one and injects stage-0/stage-1 velocity rows; it tests whether non-final energy can be added without losing the local terminal-bridge span.
cylindrical_smooth,0.04,stage01_difference_eta_final1,paper_tfe_lower_pair_velocity_compression_nondegenerate_tradeoff_not_full_tfe,,1.0000000000000000e+00,"1.0000000000000000e+00,-1.0000000000000000e+00,1.0000000000000000e+00",fixed_difference_nonfinal_injection,24,8,16,24,8,132,24,32,8,3.6766519995142872e+01,3.7127280938507345e-01,3.1143003295748795e-01,8.3881723919750262e-01,8.4953852854072920e-01,8.1387710950374115e-01,5.9125893679944796e-01,1.6214657392160072e+00,8,1.0000000000000000e+00,4.8989794855663558e+00,1.0000000000000000e+00,4.0000000000000000e+00,1.4142135623730949e+00,8.1649658092772615e-01,5.7735026918962584e-01,5.7735026918962584e-01,5.7735026918962584e-01,False,True,3.7707118006486849e-08,3.7707118006486842e-08,2.7386093150082900e-08,7.7090710015628417e-18,7.8453137228429296e-17,1.1410763597929276e-12,132,False,False,True,True,False,False,False,False,Injecting fixed non-final-stage velocity-row energy loses the terminal-bridge local span.,derive a nonlinear full component-mixing or value-level source-free velocity compression,The probe fixes the final-stage coefficient at one and injects stage-0/stage-1 velocity rows; it tests whether non-final energy can be added without losing the local terminal-bridge span.
cylindrical_smooth,0.02,stage0_eta_final1,paper_tfe_lower_pair_velocity_compression_nondegenerate_near_selector_spans_not_full_tfe,,0.0000000000000000e+00,"0.0000000000000000e+00,0.0000000000000000e+00,1.0000000000000000e+00",fixed_stage0_nonfinal_injection,24,8,16,24,8,132,24,24,0,4.6748658116422654e+01,2.6042001459760067e-01,2.8964364950252725e-16,1.1122173153629638e-15,1.4951942200565996e-15,6.8652140029554566e-16,0.0000000000000000e+00,0.0000000000000000e+00,8,1.0000000000000000e+00,2.8284271247461903e+00,1.0000000000000000e+00,0.0000000000000000e+00,0.0000000000000000e+00,0.0000000000000000e+00,0.0000000000000000e+00,0.0000000000000000e+00,1.0000000000000000e+00,True,False,5.9056235535153786e-16,5.6547617986413359e-18,3.2156011462016375e-10,5.6547617986413359e-18,7.0466756796527945e-17,2.5293403096553380e-12,132,True,True,True,True,False,False,False,False,"This row is numerically the final-stage selector, so it is not an independent full TFE replacement.",derive a nonlinear full component-mixing or value-level source-free velocity compression,The probe fixes the final-stage coefficient at one and injects stage-0/stage-1 velocity rows; it tests whether non-final energy can be added without losing the local terminal-bridge span.
cylindrical_smooth,0.02,stage0_eta_final1,paper_tfe_lower_pair_velocity_compression_nondegenerate_tradeoff_not_full_tfe,,1.0000000000000000e-08,"1.0000000000000000e-08,0.0000000000000000e+00,1.0000000000000000e+00",fixed_stage0_nonfinal_injection,24,8,16,24,8,132,24,32,8,4.6748658117311528e+01,2.6042001459760067e-01,2.6005297073452731e-09,9.9859056968551162e-09,9.9993535628555780e-09,9.9254635072092116e-09,2.6005306903381261e-09,1.0013026058414812e-08,8,1.0000000000000000e+00,2.8284271247461903e+00,1.0000000000000000e+00,2.8284271247461904e-08,1.0000000000000000e-08,1.0000000000000000e-08,1.0000000000000000e-08,0.0000000000000000e+00,1.0000000000000000e+00,False,False,5.9057203851002395e-16,6.5888878066405503e-18,3.2156011462016375e-10,5.6547617986413359e-18,7.0466756796527945e-17,2.5293403096553380e-12,132,False,False,True,True,False,False,False,False,Injecting fixed non-final-stage velocity-row energy loses the terminal-bridge local span.,derive a nonlinear full component-mixing or value-level source-free velocity compression,The probe fixes the final-stage coefficient at one and injects stage-0/stage-1 velocity rows; it tests whether non-final energy can be added without losing the local terminal-bridge span.
cylindrical_smooth,0.02,stage0_eta_final1,paper_tfe_lower_pair_velocity_compression_nondegenerate_tradeoff_not_full_tfe,,9.9999999999999995e-07,"9.9999999999999995e-07,0.0000000000000000e+00,1.0000000000000000e+00",fixed_stage0_nonfinal_injection,24,8,16,24,8,132,24,32,8,4.6748658205284585e+01,2.6042001459760067e-01,2.6005297086816513e-07,9.9859057019867428e-07,9.9993535629651901e-07,9.9254635229908504e-07,2.6005306903397033e-07,1.0013026058420885e-06,8,1.0000000000000000e+00,2.8284271247476043e+00,1.0000000000000000e+00,2.8284271247461899e-06,9.9999999999999995e-07,9.9999999999949999e-07,9.9999999999949999e-07,0.0000000000000000e+00,9.9999999999950007e-01,False,False,6.2099259338140739e-16,1.9209341947919310e-16,3.2156011462016375e-10,5.6547617986413359e-18,7.0466756796527945e-17,2.5293403096553380e-12,132,False,False,True,True,False,False,False,False,Injecting fixed non-final-stage velocity-row energy loses the terminal-bridge local span.,derive a nonlinear full component-mixing or value-level source-free velocity compression,The probe fixes the final-stage coefficient at one and injects stage-0/stage-1 velocity rows; it tests whether non-final energy can be added without losing the local terminal-bridge span.
cylindrical_smooth,0.02,stage0_eta_final1,paper_tfe_lower_pair_velocity_compression_nondegenerate_tradeoff_not_full_tfe,,1.0000000000000000e-04,"1.0000000000000000e-04,0.0000000000000000e+00,1.0000000000000000e+00",fixed_stage0_nonfinal_injection,24,8,16,24,8,132,24,32,8,4.6748666772367606e+01,2.6042001459760067e-01,2.6005298291453108e-05,9.9859061645612477e-05,9.9993535244453119e-05,9.9254650455896524e-05,2.6005306903396898e-05,1.0013026058420832e-04,8,1.0000000000000000e+00,2.8284271388883258e+00,1.0000000000000000e+00,2.8284271247461902e-04,9.9999999999999991e-05,9.9999999500000007e-05,9.9999999500000007e-05,0.0000000000000000e+00,9.9999999500000003e-01,False,False,1.9007301167608064e-14,1.8998125322171331e-14,3.2156011462016375e-10,5.6547617986413359e-18,7.0466756796527945e-17,2.5293403096553380e-12,132,False,False,True,True,False,False,False,False,Injecting fixed non-final-stage velocity-row energy loses the terminal-bridge local span.,derive a nonlinear full component-mixing or value-level source-free velocity compression,The probe fixes the final-stage coefficient at one and injects stage-0/stage-1 velocity rows; it tests whether non-final energy can be added without losing the local terminal-bridge span.
cylindrical_smooth,0.02,stage0_eta_final1,paper_tfe_lower_pair_velocity_compression_nondegenerate_tradeoff_not_full_tfe,,1.0000000000000000e-03,"1.0000000000000000e-03,0.0000000000000000e+00,1.0000000000000000e+00",fixed_stage0_nonfinal_injection,24,8,16,24,8,132,24,32,8,4.6748723744058879e+01,2.6042001459760067e-01,2.6005297521034351e-04,9.9859058687242494e-04,9.9993486790845242e-04,9.9254744174679201e-04,2.6005306903396897e-04,1.0013026058420832e-03,8,1.0000000000000000e+00,2.8284285389593986e+00,1.0000000000000000e+00,2.8284271247461901e-03,1.0000000000000000e-03,9.9999950000037520e-04,9.9999950000037520e-04,0.0000000000000000e+00,9.9999950000037519e-01,False,False,1.8996361861053393e-13,1.8996270071698066e-13,3.2156011462016375e-10,5.6547617986413359e-18,7.0466756796527945e-17,2.5293403096553380e-12,132,False,False,True,True,False,False,False,False,Injecting fixed non-final-stage velocity-row energy loses the terminal-bridge local span.,derive a nonlinear full component-mixing or value-level source-free velocity compression,The probe fixes the final-stage coefficient at one and injects stage-0/stage-1 velocity rows; it tests whether non-final energy can be added without losing the local terminal-bridge span.
cylindrical_smooth,0.02,stage0_eta_final1,paper_tfe_lower_pair_velocity_compression_nondegenerate_tradeoff_not_full_tfe,,1.0000000000000000e-02,"1.0000000000000000e-02,0.0000000000000000e+00,1.0000000000000000e+00",fixed_stage0_nonfinal_injection,24,8,16,24,8,132,24,32,8,4.6747221275452915e+01,2.6042001459760067e-01,2.6004128289815170e-03,9.9854568897081823e-03,9.9988547941116598e-03,9.9251251863328380e-03,2.6005306903396901e-03,1.0013026058420834e-02,8,1.0000000000000000e+00,2.8285685425670701e+00,1.0000000000000000e+00,2.8284271247461901e-02,1.0000000000000000e-02,9.9995000374968751e-03,9.9995000374968751e-03,0.0000000000000000e+00,9.9995000374968768e-01,False,True,1.8996085529581382e-12,1.8996084611676670e-12,3.2156011462016375e-10,5.6547617986413359e-18,7.0466756796527945e-17,2.5293403096553380e-12,132,False,False,True,True,False,False,False,False,Injecting fixed non-final-stage velocity-row energy loses the terminal-bridge local span.,derive a nonlinear full component-mixing or value-level source-free velocity compression,The probe fixes the final-stage coefficient at one and injects stage-0/stage-1 velocity rows; it tests whether non-final energy can be added without losing the local terminal-bridge span.
cylindrical_smooth,0.02,stage0_eta_final1,paper_tfe_lower_pair_velocity_compression_nondegenerate_tradeoff_not_full_tfe,,1.0000000000000001e-01,"1.0000000000000001e-01,0.0000000000000000e+00,1.0000000000000000e+00",fixed_stage0_nonfinal_injection,24,8,16,24,8,132,24,32,8,4.6526582307930241e+01,2.6042001459760067e-01,2.5877226840755101e-02,9.9367273597386230e-02,9.9497403704917234e-02,9.8776833506233688e-02,2.6005306903396901e-02,1.0013026058420833e-01,8,1.0000000000000000e+00,2.8425340807103789e+00,1.0000000000000000e+00,2.8284271247461906e-01,1.0000000000000001e-01,9.9503719020998943e-02,9.9503719020998943e-02,0.0000000000000000e+00,9.9503719020998926e-01,False,True,1.8996066075503918e-11,1.8996066066324863e-11,3.2156011462016375e-10,5.6547617986413359e-18,7.0466756796527945e-17,2.5293403096553380e-12,132,False,False,True,True,False,False,False,False,Injecting fixed non-final-stage velocity-row energy loses the terminal-bridge local span.,derive a nonlinear full component-mixing or value-level source-free velocity compression,The probe fixes the final-stage coefficient at one and injects stage-0/stage-1 velocity rows; it tests whether non-final energy can be added without losing the local terminal-bridge span.
cylindrical_smooth,0.02,stage0_eta_final1,paper_tfe_lower_pair_velocity_compression_nondegenerate_tradeoff_not_full_tfe,,1.0000000000000000e+00,"1.0000000000000000e+00,0.0000000000000000e+00,1.0000000000000000e+00",fixed_stage0_nonfinal_injection,24,8,16,24,8,132,24,32,8,3.6277249964551665e+01,2.6042001459760067e-01,1.8381198144772806e-01,7.0582893458382279e-01,7.0706625827266312e-01,7.0209740609177229e-01,2.6005306903396896e-01,1.0013026058420833e+00,8,1.0000000000000000e+00,4.0000000000000000e+00,1.0000000000000000e+00,2.8284271247461903e+00,1.0000000000000000e+00,7.0710678118654757e-01,7.0710678118654757e-01,0.0000000000000000e+00,7.0710678118654757e-01,False,True,1.8996064211887971e-10,1.8996064211796180e-10,3.2156011462016375e-10,5.6547617986413359e-18,7.0466756796527945e-17,2.5293403096553380e-12,132,False,False,True,True,False,False,False,False,Injecting fixed non-final-stage velocity-row energy loses the terminal-bridge local span.,derive a nonlinear full component-mixing or value-level source-free velocity compression,The probe fixes the final-stage coefficient at one and injects stage-0/stage-1 velocity rows; it tests whether non-final energy can be added without losing the local terminal-bridge span.
cylindrical_smooth,0.02,stage1_eta_final1,paper_tfe_lower_pair_velocity_compression_nondegenerate_near_selector_spans_not_full_tfe,,0.0000000000000000e+00,"0.0000000000000000e+00,0.0000000000000000e+00,1.0000000000000000e+00",fixed_stage1_nonfinal_injection,24,8,16,24,8,132,24,24,0,4.6748658116422654e+01,2.6042001459760067e-01,2.8964364950252725e-16,1.1122173153629638e-15,1.4951942200565996e-15,6.8652140029554566e-16,0.0000000000000000e+00,0.0000000000000000e+00,8,1.0000000000000000e+00,2.8284271247461903e+00,1.0000000000000000e+00,0.0000000000000000e+00,0.0000000000000000e+00,0.0000000000000000e+00,0.0000000000000000e+00,0.0000000000000000e+00,1.0000000000000000e+00,True,False,5.9056235535153786e-16,5.6547617986413359e-18,3.2156011462016375e-10,5.6547617986413359e-18,7.0466756796527945e-17,2.5293403096553380e-12,132,True,True,True,True,False,False,False,False,"This row is numerically the final-stage selector, so it is not an independent full TFE replacement.",derive a nonlinear full component-mixing or value-level source-free velocity compression,The probe fixes the final-stage coefficient at one and injects stage-0/stage-1 velocity rows; it tests whether non-final energy can be added without losing the local terminal-bridge span.
cylindrical_smooth,0.02,stage1_eta_final1,paper_tfe_lower_pair_velocity_compression_nondegenerate_tradeoff_not_full_tfe,,1.0000000000000000e-08,"0.0000000000000000e+00,1.0000000000000000e-08,1.0000000000000000e+00",fixed_stage1_nonfinal_injection,24,8,16,24,8,132,24,32,8,4.6748658112935978e+01,2.6042001459760067e-01,3.2882665041716910e-09,1.2626781045430396e-08,1.2648303226655698e-08,1.2552117110326931e-08,3.2882766238377541e-09,1.2661107843908068e-08,8,1.0000000000000000e+00,2.8284271247461903e+00,1.0000000000000000e+00,2.8284271247461904e-08,1.0000000000000000e-08,1.0000000000000000e-08,0.0000000000000000e+00,1.0000000000000000e-08,1.0000000000000000e+00,False,False,5.9055918228924203e-16,5.3130555033430423e-18,3.2156011462016375e-10,5.6547617986413359e-18,7.0466756796527945e-17,2.5293403096553380e-12,132,False,False,True,True,False,False,False,False,Injecting fixed non-final-stage velocity-row energy loses the terminal-bridge local span.,derive a nonlinear full component-mixing or value-level source-free velocity compression,The probe fixes the final-stage coefficient at one and injects stage-0/stage-1 velocity rows; it tests whether non-final energy can be added without losing the local terminal-bridge span.
cylindrical_smooth,0.02,stage1_eta_final1,paper_tfe_lower_pair_velocity_compression_nondegenerate_tradeoff_not_full_tfe,,9.9999999999999995e-07,"0.0000000000000000e+00,9.9999999999999995e-07,1.0000000000000000e+00",fixed_stage1_nonfinal_injection,24,8,16,24,8,132,24,32,8,4.6748657767720459e+01,2.6042001459760067e-01,3.2882664980813887e-07,1.2626781022043935e-06,1.2648303226116417e-06,1.2552117039240465e-06,3.2882766238312359e-07,1.2661107843882970e-06,8,1.0000000000000000e+00,2.8284271247476043e+00,1.0000000000000000e+00,2.8284271247461899e-06,9.9999999999999995e-07,9.9999999999949999e-07,0.0000000000000000e+00,9.9999999999949999e-07,9.9999999999950007e-01,False,False,6.4422963472248700e-16,2.5748767548624991e-16,3.2156011462016375e-10,5.6547617986413359e-18,7.0466756796527945e-17,2.5293403096553380e-12,132,False,False,True,True,False,False,False,False,Injecting fixed non-final-stage velocity-row energy loses the terminal-bridge local span.,derive a nonlinear full component-mixing or value-level source-free velocity compression,The probe fixes the final-stage coefficient at one and injects stage-0/stage-1 velocity rows; it tests whether non-final energy can be added without losing the local terminal-bridge span.
cylindrical_smooth,0.02,stage1_eta_final1,paper_tfe_lower_pair_velocity_compression_nondegenerate_tradeoff_not_full_tfe,,1.0000000000000000e-04,"0.0000000000000000e+00,1.0000000000000000e-04,1.0000000000000000e+00",fixed_stage1_nonfinal_injection,24,8,16,24,8,132,24,32,8,4.6748622877666556e+01,2.6042001459760067e-01,3.2882658612686586e-05,1.2626778576714488e-04,1.2648303071894956e-04,1.2552109793323787e-04,3.2882766238313421e-05,1.2661107843883380e-04,8,1.0000000000000000e+00,2.8284271388883258e+00,1.0000000000000000e+00,2.8284271247461902e-04,9.9999999999999991e-05,9.9999999500000007e-05,0.0000000000000000e+00,9.9999999500000007e-05,9.9999999500000003e-01,False,False,2.5950001844818607e-14,2.5943281670345056e-14,3.2156011462016375e-10,5.6547617986413359e-18,7.0466756796527945e-17,2.5293403096553380e-12,132,False,False,True,True,False,False,False,False,Injecting fixed non-final-stage velocity-row energy loses the terminal-bridge local span.,derive a nonlinear full component-mixing or value-level source-free velocity compression,The probe fixes the final-stage coefficient at one and injects stage-0/stage-1 velocity rows; it tests whether non-final energy can be added without losing the local terminal-bridge span.
cylindrical_smooth,0.02,stage1_eta_final1,paper_tfe_lower_pair_velocity_compression_nondegenerate_tradeoff_not_full_tfe,,1.0000000000000000e-03,"0.0000000000000000e+00,1.0000000000000000e-03,1.0000000000000000e+00",fixed_stage1_nonfinal_injection,24,8,16,24,8,132,24,32,8,4.6748272226304543e+01,2.6042001459760067e-01,3.2882577024032024e-04,1.2626747247073912e-03,1.2648292572268601e-03,1.2552034881798903e-03,3.2882766238313420e-04,1.2661107843883379e-03,8,1.0000000000000000e+00,2.8284285389593986e+00,1.0000000000000000e+00,2.8284271247461901e-03,1.0000000000000000e-03,9.9999950000037520e-04,0.0000000000000000e+00,9.9999950000037520e-04,9.9999950000037519e-01,False,False,2.5945165902644280e-13,2.5945098696989823e-13,3.2156011462016375e-10,5.6547617986413359e-18,7.0466756796527945e-17,2.5293403096553380e-12,132,False,False,True,True,False,False,False,False,Injecting fixed non-final-stage velocity-row energy loses the terminal-bridge local span.,derive a nonlinear full component-mixing or value-level source-free velocity compression,The probe fixes the final-stage coefficient at one and injects stage-0/stage-1 velocity rows; it tests whether non-final energy can be added without losing the local terminal-bridge span.
cylindrical_smooth,0.02,stage1_eta_final1,paper_tfe_lower_pair_velocity_compression_nondegenerate_tradeoff_not_full_tfe,,1.0000000000000000e-02,"0.0000000000000000e+00,1.0000000000000000e-02,1.0000000000000000e+00",fixed_stage1_nonfinal_injection,24,8,16,24,8,132,24,32,8,4.6741450003965014e+01,2.6042001459760067e-01,3.2879413274125710e-03,1.2625532382728250e-02,1.2647286131959513e-02,1.2550390231533974e-02,3.2882766238313418e-03,1.2661107843883378e-02,8,1.0000000000000000e+00,2.8285685425670701e+00,1.0000000000000000e+00,2.8284271247461901e-02,1.0000000000000000e-02,9.9995000374968751e-03,0.0000000000000000e+00,9.9995000374968751e-03,9.9995000374968768e-01,False,True,2.5945281119613911e-12,2.5945280447561212e-12,3.2156011462016375e-10,5.6547617986413359e-18,7.0466756796527945e-17,2.5293403096553380e-12,132,False,False,True,True,False,False,False,False,Injecting fixed non-final-stage velocity-row energy loses the terminal-bridge local span.,derive a nonlinear full component-mixing or value-level source-free velocity compression,The probe fixes the final-stage coefficient at one and injects stage-0/stage-1 velocity rows; it tests whether non-final energy can be added without losing the local terminal-bridge span.
cylindrical_smooth,0.02,stage1_eta_final1,paper_tfe_lower_pair_velocity_compression_nondegenerate_tradeoff_not_full_tfe,,1.0000000000000001e-01,"0.0000000000000000e+00,1.0000000000000001e-01,1.0000000000000000e+00",fixed_stage1_nonfinal_injection,24,8,16,24,8,132,24,32,8,4.6346609463807532e+01,2.6042001459760067e-01,3.2616210730762214e-02,1.2524463905418551e-01,1.2548263248576749e-01,1.2445719579579988e-01,3.2882766238313418e-02,1.2661107843883379e-01,8,1.0000000000000000e+00,2.8425340807103789e+00,1.0000000000000000e+00,2.8284271247461906e-01,1.0000000000000001e-01,9.9503719020998943e-02,0.0000000000000000e+00,9.9503719020998943e-02,9.9503719020998926e-01,False,True,2.5945298629817911e-11,2.5945298623097389e-11,3.2156011462016375e-10,5.6547617986413359e-18,7.0466756796527945e-17,2.5293403096553380e-12,132,False,False,True,True,False,False,False,False,Injecting fixed non-final-stage velocity-row energy loses the terminal-bridge local span.,derive a nonlinear full component-mixing or value-level source-free velocity compression,The probe fixes the final-stage coefficient at one and injects stage-0/stage-1 velocity rows; it tests whether non-final energy can be added without losing the local terminal-bridge span.
cylindrical_smooth,0.02,stage1_eta_final1,paper_tfe_lower_pair_velocity_compression_nondegenerate_tradeoff_not_full_tfe,,1.0000000000000000e+00,"0.0000000000000000e+00,1.0000000000000000e+00,1.0000000000000000e+00",fixed_stage1_nonfinal_injection,24,8,16,24,8,132,24,32,8,3.6246989339602912e+01,2.6042001459760067e-01,2.0366419192553875e-01,7.8206044278217002e-01,7.8440300900793558e-01,7.7642814034528473e-01,3.2882766238313416e-01,1.2661107843883377e+00,8,1.0000000000000000e+00,4.0000000000000000e+00,1.0000000000000000e+00,2.8284271247461903e+00,1.0000000000000000e+00,7.0710678118654757e-01,0.0000000000000000e+00,7.0710678118654757e-01,7.0710678118654757e-01,False,True,2.5945300440722998e-10,2.5945300440655795e-10,3.2156011462016375e-10,5.6547617986413359e-18,7.0466756796527945e-17,2.5293403096553380e-12,132,False,False,True,True,False,False,False,False,Injecting fixed non-final-stage velocity-row energy loses the terminal-bridge local span.,derive a nonlinear full component-mixing or value-level source-free velocity compression,The probe fixes the final-stage coefficient at one and injects stage-0/stage-1 velocity rows; it tests whether non-final energy can be added without losing the local terminal-bridge span.
cylindrical_smooth,0.02,stage01_equal_eta_final1,paper_tfe_lower_pair_velocity_compression_nondegenerate_near_selector_spans_not_full_tfe,,0.0000000000000000e+00,"0.0000000000000000e+00,0.0000000000000000e+00,1.0000000000000000e+00",fixed_equal_nonfinal_injection,24,8,16,24,8,132,24,24,0,4.6748658116422654e+01,2.6042001459760067e-01,2.8964364950252725e-16,1.1122173153629638e-15,1.4951942200565996e-15,6.8652140029554566e-16,0.0000000000000000e+00,0.0000000000000000e+00,8,1.0000000000000000e+00,2.8284271247461903e+00,1.0000000000000000e+00,0.0000000000000000e+00,0.0000000000000000e+00,0.0000000000000000e+00,0.0000000000000000e+00,0.0000000000000000e+00,1.0000000000000000e+00,True,False,5.9056235535153786e-16,5.6547617986413359e-18,3.2156011462016375e-10,5.6547617986413359e-18,7.0466756796527945e-17,2.5293403096553380e-12,132,True,True,True,True,False,False,False,False,"This row is numerically the final-stage selector, so it is not an independent full TFE replacement.",derive a nonlinear full component-mixing or value-level source-free velocity compression,The probe fixes the final-stage coefficient at one and injects stage-0/stage-1 velocity rows; it tests whether non-final energy can be added without losing the local terminal-bridge span.
cylindrical_smooth,0.02,stage01_equal_eta_final1,paper_tfe_lower_pair_velocity_compression_nondegenerate_tradeoff_not_full_tfe,,1.0000000000000000e-08,"1.0000000000000000e-08,1.0000000000000000e-08,1.0000000000000000e+00",fixed_equal_nonfinal_injection,24,8,16,24,8,132,24,32,8,4.6748658113824845e+01,2.6042001459760067e-01,4.1917343066407152e-09,1.6096052805763627e-08,1.6123431728614413e-08,1.5995442837165213e-08,4.1917384562368845e-09,1.6139777372480124e-08,8,1.0000000000000000e+00,2.8284271247461903e+00,1.0000000000000000e+00,4.0000000000000001e-08,1.4142135623730950e-08,1.4142135623730952e-08,1.0000000000000000e-08,1.0000000000000000e-08,1.0000000000000000e+00,False,False,5.9056053800588898e-16,5.4616684674571958e-18,3.2156011462016375e-10,5.6547617986413359e-18,7.0466756796527945e-17,2.5293403096553380e-12,132,False,False,True,True,False,False,False,False,Injecting fixed non-final-stage velocity-row energy loses the terminal-bridge local span.,derive a nonlinear full component-mixing or value-level source-free velocity compression,The probe fixes the final-stage coefficient at one and injects stage-0/stage-1 velocity rows; it tests whether non-final energy can be added without losing the local terminal-bridge span.
cylindrical_smooth,0.02,stage01_equal_eta_final1,paper_tfe_lower_pair_velocity_compression_nondegenerate_tradeoff_not_full_tfe,,9.9999999999999995e-07,"9.9999999999999995e-07,9.9999999999999995e-07,1.0000000000000000e+00",fixed_equal_nonfinal_injection,24,8,16,24,8,132,24,32,8,4.6748657856582462e+01,2.6042001459760067e-01,4.1917343010099519e-07,1.6096052784141774e-06,1.6123431728102172e-06,1.5995442771591243e-06,4.1917384562319733e-07,1.6139777372461213e-06,8,1.0000000000000000e+00,2.8284271247490187e+00,1.0000000000000000e+00,3.9999999999999998e-06,1.4142135623730949e-06,1.4142135623716806e-06,9.9999999999899982e-07,9.9999999999899982e-07,9.9999999999900002e-01,False,False,5.9459334768207092e-16,6.9349332227609218e-17,3.2156011462016375e-10,5.6547617986413359e-18,7.0466756796527945e-17,2.5293403096553380e-12,132,False,False,True,True,False,False,False,False,Injecting fixed non-final-stage velocity-row energy loses the terminal-bridge local span.,derive a nonlinear full component-mixing or value-level source-free velocity compression,The probe fixes the final-stage coefficient at one and injects stage-0/stage-1 velocity rows; it tests whether non-final energy can be added without losing the local terminal-bridge span.
cylindrical_smooth,0.02,stage01_equal_eta_final1,paper_tfe_lower_pair_velocity_compression_nondegenerate_tradeoff_not_full_tfe,,1.0000000000000000e-04,"1.0000000000000000e-04,1.0000000000000000e-04,1.0000000000000000e+00",fixed_equal_nonfinal_injection,24,8,16,24,8,132,24,32,8,4.6748631534158527e+01,2.6042001459760067e-01,4.1917336833578342e-05,1.6096050412388134e-04,1.6123431469344191e-04,1.5995435995521304e-04,4.1917384562319582e-05,1.6139777372461153e-04,8,1.0000000000000000e+00,2.8284271530304612e+00,1.0000000000000000e+00,4.0000000000000002e-04,1.4142135623730951e-04,1.4142135482309598e-04,9.9999999000000022e-05,9.9999999000000022e-05,9.9999999000000017e-01,False,False,7.1236608071704673e-15,7.0991415943330238e-15,3.2156011462016375e-10,5.6547617986413359e-18,7.0466756796527945e-17,2.5293403096553380e-12,132,False,False,True,True,False,False,False,False,Injecting fixed non-final-stage velocity-row energy loses the terminal-bridge local span.,derive a nonlinear full component-mixing or value-level source-free velocity compression,The probe fixes the final-stage coefficient at one and injects stage-0/stage-1 velocity rows; it tests whether non-final energy can be added without losing the local terminal-bridge span.
cylindrical_smooth,0.02,stage01_equal_eta_final1,paper_tfe_lower_pair_velocity_compression_nondegenerate_tradeoff_not_full_tfe,,1.0000000000000000e-03,"1.0000000000000000e-03,1.0000000000000000e-03,1.0000000000000000e+00",fixed_equal_nonfinal_injection,24,8,16,24,8,132,24,32,8,4.6748337908899877e+01,2.6042001459760067e-01,4.1917231595571742e-04,1.6096010001513123e-03,1.6123410271705698e-03,1.5995355687665055e-03,4.1917384562319582e-04,1.6139777372461154e-03,8,1.0000000000000000e+00,2.8284299531719004e+00,1.0000000000000000e+00,4.0000000000000001e-03,1.4142135623730950e-03,1.4142121481616541e-03,9.9999900000150000e-04,9.9999900000150000e-04,9.9999900000150010e-01,False,True,7.1010649765929269e-14,7.1008194233202709e-14,3.2156011462016375e-10,5.6547617986413359e-18,7.0466756796527945e-17,2.5293403096553380e-12,132,False,False,True,True,False,False,False,False,Injecting fixed non-final-stage velocity-row energy loses the terminal-bridge local span.,derive a nonlinear full component-mixing or value-level source-free velocity compression,The probe fixes the final-stage coefficient at one and injects stage-0/stage-1 velocity rows; it tests whether non-final energy can be added without losing the local terminal-bridge span.
cylindrical_smooth,0.02,stage01_equal_eta_final1,paper_tfe_lower_pair_velocity_compression_nondegenerate_tradeoff_not_full_tfe,,1.0000000000000000e-02,"1.0000000000000000e-02,1.0000000000000000e-02,1.0000000000000000e+00",fixed_equal_nonfinal_injection,24,8,16,24,8,132,24,32,8,4.6740019413030765e+01,2.6042001459760067e-01,4.1911315911042080e-03,1.6093738407857466e-02,1.6121331149613172e-02,1.5992699372843856e-02,4.1917384562319580e-03,1.6139777372461153e-02,8,1.0000000000000000e+00,2.8287099533179432e+00,1.0000000000000000e+00,4.0000000000000001e-02,1.4142135623730949e-02,1.4140721622265262e-02,9.9990001499750038e-03,9.9990001499750038e-03,9.9990001499750047e-01,False,True,7.1009898405438370e-13,7.1009873850271592e-13,3.2156011462016375e-10,5.6547617986413359e-18,7.0466756796527945e-17,2.5293403096553380e-12,132,False,False,True,True,False,False,False,False,Injecting fixed non-final-stage velocity-row energy loses the terminal-bridge local span.,derive a nonlinear full component-mixing or value-level source-free velocity compression,The probe fixes the final-stage coefficient at one and injects stage-0/stage-1 velocity rows; it tests whether non-final energy can be added without losing the local terminal-bridge span.
cylindrical_smooth,0.02,stage01_equal_eta_final1,paper_tfe_lower_pair_velocity_compression_nondegenerate_tradeoff_not_full_tfe,,1.0000000000000001e-01,"1.0000000000000001e-01,1.0000000000000001e-01,1.0000000000000000e+00",fixed_equal_nonfinal_injection,24,8,16,24,8,132,24,32,8,4.6130683020634933e+01,2.6042001459760067e-01,4.1376342370576413e-02,1.5888311209301970e-01,1.5917782334894490e-01,1.5784963468151378e-01,4.1917384562319575e-02,1.6139777372461150e-01,8,1.0000000000000000e+00,2.8565713714171399e+00,1.0000000000000000e+00,4.0000000000000002e-01,1.4142135623730950e-01,1.4002800840280102e-01,9.9014754297667457e-02,9.9014754297667457e-02,9.9014754297667440e-01,False,True,7.1010042075405742e-12,7.1010041829854616e-12,3.2156011462016375e-10,5.6547617986413359e-18,7.0466756796527945e-17,2.5293403096553380e-12,132,False,False,True,True,False,False,False,False,Injecting fixed non-final-stage velocity-row energy loses the terminal-bridge local span.,derive a nonlinear full component-mixing or value-level source-free velocity compression,The probe fixes the final-stage coefficient at one and injects stage-0/stage-1 velocity rows; it tests whether non-final energy can be added without losing the local terminal-bridge span.
cylindrical_smooth,0.02,stage01_equal_eta_final1,paper_tfe_lower_pair_velocity_compression_nondegenerate_tradeoff_not_full_tfe,,1.0000000000000000e+00,"1.0000000000000000e+00,1.0000000000000000e+00,1.0000000000000000e+00",fixed_equal_nonfinal_injection,24,8,16,24,8,132,24,32,8,3.6246182712046739e+01,2.6042001459760067e-01,2.2068950903258244e-01,8.4743681999093057e-01,8.4977589873401160e-01,8.4188692185323810e-01,4.1917384562319576e-01,1.6139777372461153e+00,8,1.0000000000000000e+00,4.8989794855663558e+00,1.0000000000000000e+00,4.0000000000000000e+00,1.4142135623730949e+00,8.1649658092772615e-01,5.7735026918962584e-01,5.7735026918962584e-01,5.7735026918962584e-01,False,True,7.1010058630447158e-11,7.1010058627991660e-11,3.2156011462016375e-10,5.6547617986413359e-18,7.0466756796527945e-17,2.5293403096553380e-12,132,False,False,True,True,False,False,False,False,Injecting fixed non-final-stage velocity-row energy loses the terminal-bridge local span.,derive a nonlinear full component-mixing or value-level source-free velocity compression,The probe fixes the final-stage coefficient at one and injects stage-0/stage-1 velocity rows; it tests whether non-final energy can be added without losing the local terminal-bridge span.
cylindrical_smooth,0.02,stage01_difference_eta_final1,paper_tfe_lower_pair_velocity_compression_nondegenerate_near_selector_spans_not_full_tfe,,0.0000000000000000e+00,"0.0000000000000000e+00,-0.0000000000000000e+00,1.0000000000000000e+00",fixed_difference_nonfinal_injection,24,8,16,24,8,132,24,24,0,4.6748658116422654e+01,2.6042001459760067e-01,2.8964364950252725e-16,1.1122173153629638e-15,1.4951942200565996e-15,6.8652140029554566e-16,0.0000000000000000e+00,0.0000000000000000e+00,8,1.0000000000000000e+00,2.8284271247461903e+00,1.0000000000000000e+00,0.0000000000000000e+00,0.0000000000000000e+00,0.0000000000000000e+00,0.0000000000000000e+00,0.0000000000000000e+00,1.0000000000000000e+00,True,False,5.9056235535153786e-16,5.6547617986413359e-18,3.2156011462016375e-10,5.6547617986413359e-18,7.0466756796527945e-17,2.5293403096553380e-12,132,True,True,True,True,False,False,False,False,"This row is numerically the final-stage selector, so it is not an independent full TFE replacement.",derive a nonlinear full component-mixing or value-level source-free velocity compression,The probe fixes the final-stage coefficient at one and injects stage-0/stage-1 velocity rows; it tests whether non-final energy can be added without losing the local terminal-bridge span.
cylindrical_smooth,0.02,stage01_difference_eta_final1,paper_tfe_lower_pair_velocity_compression_nondegenerate_tradeoff_not_full_tfe,,1.0000000000000000e-08,"1.0000000000000000e-08,-1.0000000000000000e-08,1.0000000000000000e+00",fixed_difference_nonfinal_injection,24,8,16,24,8,132,24,32,8,4.6748658120798190e+01,2.6042001459760067e-01,4.1928828061689167e-09,1.6100462987254388e-08,1.6123530682514997e-08,1.6008958369496042e-08,4.1928957496142308e-09,1.6144233389395307e-08,8,1.0000000000000000e+00,2.8284271247461903e+00,1.0000000000000000e+00,4.0000000000000001e-08,1.4142135623730950e-08,1.4142135623730952e-08,1.0000000000000000e-08,1.0000000000000000e-08,1.0000000000000000e+00,False,False,5.9059493687507514e-16,8.3940595135656416e-18,3.2156011462016375e-10,5.6547617986413359e-18,7.0466756796527945e-17,2.5293403096553380e-12,132,False,False,True,True,False,False,False,False,Injecting fixed non-final-stage velocity-row energy loses the terminal-bridge local span.,derive a nonlinear full component-mixing or value-level source-free velocity compression,The probe fixes the final-stage coefficient at one and injects stage-0/stage-1 velocity rows; it tests whether non-final energy can be added without losing the local terminal-bridge span.
cylindrical_smooth,0.02,stage01_difference_eta_final1,paper_tfe_lower_pair_velocity_compression_nondegenerate_tradeoff_not_full_tfe,,9.9999999999999995e-07,"9.9999999999999995e-07,-9.9999999999999995e-07,1.0000000000000000e+00",fixed_difference_nonfinal_injection,24,8,16,24,8,132,24,32,8,4.6748658553912293e+01,2.6042001459760067e-01,4.1928828161054156e-07,1.6100463025410053e-06,1.6123530683354115e-06,1.6008958485938507e-06,4.1928957496000621e-07,1.6144233389340750e-06,8,1.0000000000000000e+00,2.8284271247490187e+00,1.0000000000000000e+00,3.9999999999999998e-06,1.4142135623730949e-06,1.4142135623716806e-06,9.9999999999899982e-07,9.9999999999899982e-07,9.9999999999900002e-01,False,False,7.4320527315702644e-16,4.5124512055096341e-16,3.2156011462016375e-10,5.6547617986413359e-18,7.0466756796527945e-17,2.5293403096553380e-12,132,False,False,True,True,False,False,False,False,Injecting fixed non-final-stage velocity-row energy loses the terminal-bridge local span.,derive a nonlinear full component-mixing or value-level source-free velocity compression,The probe fixes the final-stage coefficient at one and injects stage-0/stage-1 velocity rows; it tests whether non-final energy can be added without losing the local terminal-bridge span.
cylindrical_smooth,0.02,stage01_difference_eta_final1,paper_tfe_lower_pair_velocity_compression_nondegenerate_tradeoff_not_full_tfe,,1.0000000000000000e-04,"1.0000000000000000e-04,-1.0000000000000000e-04,1.0000000000000000e+00",fixed_difference_nonfinal_injection,24,8,16,24,8,132,24,32,8,4.6748701266059207e+01,2.6042001459760067e-01,4.1928837557450718e-05,1.6100466633579946e-04,1.6123530559958860e-04,1.6008969926145197e-04,4.1928957496001108e-05,1.6144233389340937e-04,8,1.0000000000000000e+00,2.8284271530304612e+00,1.0000000000000000e+00,4.0000000000000002e-04,1.4142135623730951e-04,1.4142135482309598e-04,9.9999999000000022e-05,9.9999999000000022e-05,9.9999999000000017e-01,False,False,4.4923553988160785e-14,4.4919672427656562e-14,3.2156011462016375e-10,5.6547617986413359e-18,7.0466756796527945e-17,2.5293403096553380e-12,132,False,False,True,True,False,False,False,False,Injecting fixed non-final-stage velocity-row energy loses the terminal-bridge local span.,derive a nonlinear full component-mixing or value-level source-free velocity compression,The probe fixes the final-stage coefficient at one and injects stage-0/stage-1 velocity rows; it tests whether non-final energy can be added without losing the local terminal-bridge span.
cylindrical_smooth,0.02,stage01_difference_eta_final1,paper_tfe_lower_pair_velocity_compression_nondegenerate_tradeoff_not_full_tfe,,1.0000000000000000e-03,"1.0000000000000000e-03,-1.0000000000000000e-03,1.0000000000000000e+00",fixed_difference_nonfinal_injection,24,8,16,24,8,132,24,32,8,4.6749035127312837e+01,2.6042001459760067e-01,4.1928873850867351e-04,1.6100480570072765e-03,1.6123510592538789e-03,1.6009055173338562e-03,4.1928957496001102e-04,1.6144233389340935e-03,8,1.0000000000000000e+00,2.8284299531719004e+00,1.0000000000000000e+00,4.0000000000000001e-03,1.4142135623730950e-03,1.4142121481616541e-03,9.9999900000150000e-04,9.9999900000150000e-04,9.9999900000150010e-01,False,True,4.4917876786207039e-13,4.4917837967356408e-13,3.2156011462016375e-10,5.6547617986413359e-18,7.0466756796527945e-17,2.5293403096553380e-12,132,False,False,True,True,False,False,False,False,Injecting fixed non-final-stage velocity-row energy loses the terminal-bridge local span.,derive a nonlinear full component-mixing or value-level source-free velocity compression,The probe fixes the final-stage coefficient at one and injects stage-0/stage-1 velocity rows; it tests whether non-final energy can be added without losing the local terminal-bridge span.
cylindrical_smooth,0.02,stage01_difference_eta_final1,paper_tfe_lower_pair_velocity_compression_nondegenerate_tradeoff_not_full_tfe,,1.0000000000000000e-02,"1.0000000000000000e-02,-1.0000000000000000e-02,1.0000000000000000e+00",fixed_difference_nonfinal_injection,24,8,16,24,8,132,24,32,8,4.6746979585579950e+01,2.6042001459760067e-01,4.1924368913559742e-03,1.6098750696385992e-02,1.6121443732984856e-02,1.6008049068825705e-02,4.1928957496001106e-03,1.6144233389340939e-02,8,1.0000000000000000e+00,2.8287099533179432e+00,1.0000000000000000e+00,4.0000000000000001e-02,1.4142135623730949e-02,1.4140721622265262e-02,9.9990001499750038e-03,9.9990001499750038e-03,9.9990001499750047e-01,False,True,4.4917654937110639e-12,4.4917654548920376e-12,3.2156011462016375e-10,5.6547617986413359e-18,7.0466756796527945e-17,2.5293403096553380e-12,132,False,False,True,True,False,False,False,False,Injecting fixed non-final-stage velocity-row energy loses the terminal-bridge local span.,derive a nonlinear full component-mixing or value-level source-free velocity compression,The probe fixes the final-stage coefficient at one and injects stage-0/stage-1 velocity rows; it tests whether non-final energy can be added without losing the local terminal-bridge span.
cylindrical_smooth,0.02,stage01_difference_eta_final1,paper_tfe_lower_pair_velocity_compression_nondegenerate_tradeoff_not_full_tfe,,1.0000000000000001e-01,"1.0000000000000001e-01,-1.0000000000000001e-01,1.0000000000000000e+00",fixed_difference_nonfinal_injection,24,8,16,24,8,132,24,32,8,4.6197244613803711e+01,2.6042001459760067e-01,4.1402530148582362e-02,1.5898367186776058e-01,1.5918009082117723e-01,1.5815681480834629e-01,4.1928957496001104e-02,1.6144233389340937e-01,8,1.0000000000000000e+00,2.8565713714171399e+00,1.0000000000000000e+00,4.0000000000000002e-01,1.4142135623730950e-01,1.4002800840280102e-01,9.9014754297667457e-02,9.9014754297667457e-02,9.9014754297667440e-01,False,True,4.4917636211234629e-11,4.4917636207352728e-11,3.2156011462016375e-10,5.6547617986413359e-18,7.0466756796527945e-17,2.5293403096553380e-12,132,False,False,True,True,False,False,False,False,Injecting fixed non-final-stage velocity-row energy loses the terminal-bridge local span.,derive a nonlinear full component-mixing or value-level source-free velocity compression,The probe fixes the final-stage coefficient at one and injects stage-0/stage-1 velocity rows; it tests whether non-final energy can be added without losing the local terminal-bridge span.
cylindrical_smooth,0.02,stage01_difference_eta_final1,paper_tfe_lower_pair_velocity_compression_nondegenerate_tradeoff_not_full_tfe,,1.0000000000000000e+00,"1.0000000000000000e+00,-1.0000000000000000e+00,1.0000000000000000e+00",fixed_difference_nonfinal_injection,24,8,16,24,8,132,24,32,8,3.6263012280990175e+01,2.6042001459760067e-01,2.2093511368632857e-01,8.4837992973664522e-01,8.4979716971698593e-01,8.4478079601275968e-01,4.1928957496001101e-01,1.6144233389340936e+00,8,1.0000000000000000e+00,4.8989794855663558e+00,1.0000000000000000e+00,4.0000000000000000e+00,1.4142135623730949e+00,8.1649658092772615e-01,5.7735026918962584e-01,5.7735026918962584e-01,5.7735026918962584e-01,False,True,4.4917634373237538e-10,4.4917634373198718e-10,3.2156011462016375e-10,5.6547617986413359e-18,7.0466756796527945e-17,2.5293403096553380e-12,132,False,False,True,True,False,False,False,False,Injecting fixed non-final-stage velocity-row energy loses the terminal-bridge local span.,derive a nonlinear full component-mixing or value-level source-free velocity compression,The probe fixes the final-stage coefficient at one and injects stage-0/stage-1 velocity rows; it tests whether non-final energy can be added without losing the local terminal-bridge span.
cylindrical_smooth,0.01,stage0_eta_final1,paper_tfe_lower_pair_velocity_compression_nondegenerate_near_selector_spans_not_full_tfe,,0.0000000000000000e+00,"0.0000000000000000e+00,0.0000000000000000e+00,1.0000000000000000e+00",fixed_stage0_nonfinal_injection,24,8,16,24,8,132,24,24,0,4.6761757232716960e+01,1.8390267947137043e-01,2.0076074256896771e-16,1.0916683930112161e-15,1.6000582825530412e-15,5.4139191544025386e-16,0.0000000000000000e+00,0.0000000000000000e+00,8,1.0000000000000000e+00,2.8284271247461903e+00,1.0000000000000000e+00,0.0000000000000000e+00,0.0000000000000000e+00,0.0000000000000000e+00,0.0000000000000000e+00,0.0000000000000000e+00,1.0000000000000000e+00,True,False,4.4603923432269999e-16,1.6433996045342407e-18,6.0393358877373581e-12,1.6433996045342407e-18,3.8369566013953169e-17,7.6160200256132697e-12,132,True,True,True,True,False,False,False,False,"This row is numerically the final-stage selector, so it is not an independent full TFE replacement.",derive a nonlinear full component-mixing or value-level source-free velocity compression,The probe fixes the final-stage coefficient at one and injects stage-0/stage-1 velocity rows; it tests whether non-final energy can be added without losing the local terminal-bridge span.
cylindrical_smooth,0.01,stage0_eta_final1,paper_tfe_lower_pair_velocity_compression_nondegenerate_tradeoff_not_full_tfe,,1.0000000000000000e-08,"1.0000000000000000e-08,0.0000000000000000e+00,1.0000000000000000e+00",fixed_stage0_nonfinal_injection,24,8,16,24,8,132,24,32,8,4.6761757233052954e+01,1.8390267947137043e-01,1.8385014856106807e-09,9.9971435483999816e-09,1.0000008450642240e-08,9.9884618387129326e-09,1.8385015902717618e-09,9.9980140416501311e-09,8,1.0000000000000000e+00,2.8284271247461903e+00,1.0000000000000000e+00,2.8284271247461904e-08,1.0000000000000000e-08,1.0000000000000000e-08,1.0000000000000000e-08,0.0000000000000000e+00,1.0000000000000000e+00,False,False,4.4603918874235899e-16,1.6309816128175850e-18,6.0393358877373581e-12,1.6433996045342407e-18,3.8369566013953169e-17,7.6160200256132697e-12,132,False,False,True,True,False,False,False,False,Injecting fixed non-final-stage velocity-row energy loses the terminal-bridge local span.,derive a nonlinear full component-mixing or value-level source-free velocity compression,The probe fixes the final-stage coefficient at one and injects stage-0/stage-1 velocity rows; it tests whether non-final energy can be added without losing the local terminal-bridge span.
cylindrical_smooth,0.01,stage0_eta_final1,paper_tfe_lower_pair_velocity_compression_nondegenerate_tradeoff_not_full_tfe,,9.9999999999999995e-07,"9.9999999999999995e-07,0.0000000000000000e+00,1.0000000000000000e+00",fixed_stage0_nonfinal_injection,24,8,16,24,8,132,24,32,8,4.6761757266292300e+01,1.8390267947137043e-01,1.8385014859757338e-07,9.9971435503850169e-07,1.0000008450754994e-06,9.9884618436314452e-07,1.8385015902710944e-07,9.9980140416465024e-07,8,1.0000000000000000e+00,2.8284271247476043e+00,1.0000000000000000e+00,2.8284271247461899e-06,9.9999999999999995e-07,9.9999999999949999e-07,9.9999999999949999e-07,0.0000000000000000e+00,9.9999999999950007e-01,False,False,4.4604975894811459e-16,3.4770195211921009e-18,6.0393358877373581e-12,1.6433996045342407e-18,3.8369566013953169e-17,7.6160200256132697e-12,132,False,False,True,True,False,False,False,False,Injecting fixed non-final-stage velocity-row energy loses the terminal-bridge local span.,derive a nonlinear full component-mixing or value-level source-free velocity compression,The probe fixes the final-stage coefficient at one and injects stage-0/stage-1 velocity rows; it tests whether non-final energy can be added without losing the local terminal-bridge span.
cylindrical_smooth,0.01,stage0_eta_final1,paper_tfe_lower_pair_velocity_compression_nondegenerate_tradeoff_not_full_tfe,,1.0000000000000000e-04,"1.0000000000000000e-04,0.0000000000000000e+00,1.0000000000000000e+00",fixed_stage0_nonfinal_injection,24,8,16,24,8,132,24,32,8,4.6761760358740347e+01,1.8390267947137043e-01,1.8385015134458222e-05,9.9971436997579801e-05,1.0000008412646498e-04,9.9884622861453964e-05,1.8385015902710925e-05,9.9980140416464915e-05,8,1.0000000000000000e+00,2.8284271388883258e+00,1.0000000000000000e+00,2.8284271247461902e-04,9.9999999999999991e-05,9.9999999500000007e-05,9.9999999500000007e-05,0.0000000000000000e+00,9.9999999500000003e-01,False,False,5.7830800836938200e-16,3.6809218240984265e-16,6.0393358877373581e-12,1.6433996045342407e-18,3.8369566013953169e-17,7.6160200256132697e-12,132,False,False,True,True,False,False,False,False,Injecting fixed non-final-stage velocity-row energy loses the terminal-bridge local span.,derive a nonlinear full component-mixing or value-level source-free velocity compression,The probe fixes the final-stage coefficient at one and injects stage-0/stage-1 velocity rows; it tests whether non-final energy can be added without losing the local terminal-bridge span.
cylindrical_smooth,0.01,stage0_eta_final1,paper_tfe_lower_pair_velocity_compression_nondegenerate_tradeoff_not_full_tfe,,1.0000000000000000e-03,"1.0000000000000000e-03,0.0000000000000000e+00,1.0000000000000000e+00",fixed_stage0_nonfinal_injection,24,8,16,24,8,132,24,32,8,4.6761767446410346e+01,1.8390267947137043e-01,1.8385009370034823e-04,9.9971405652612912e-04,1.0000003570651793e-03,9.9884618271115009e-04,1.8385015902710924e-04,9.9980140416464905e-04,8,1.0000000000000000e+00,2.8284285389593986e+00,1.0000000000000000e+00,2.8284271247461901e-03,1.0000000000000000e-03,9.9999950000037520e-04,9.9999950000037520e-04,0.0000000000000000e+00,9.9999950000037519e-01,False,False,3.7129078491958141e-15,3.6860190448269484e-15,6.0393358877373581e-12,1.6433996045342407e-18,3.8369566013953169e-17,7.6160200256132697e-12,132,False,False,True,True,False,False,False,False,Injecting fixed non-final-stage velocity-row energy loses the terminal-bridge local span.,derive a nonlinear full component-mixing or value-level source-free velocity compression,The probe fixes the final-stage coefficient at one and injects stage-0/stage-1 velocity rows; it tests whether non-final energy can be added without losing the local terminal-bridge span.
cylindrical_smooth,0.01,stage0_eta_final1,paper_tfe_lower_pair_velocity_compression_nondegenerate_tradeoff_not_full_tfe,,1.0000000000000000e-02,"1.0000000000000000e-02,0.0000000000000000e+00,1.0000000000000000e+00",fixed_stage0_nonfinal_injection,24,8,16,24,8,132,24,32,8,4.6759754847103068e+01,1.8390267947137043e-01,1.8384133061599003e-03,9.9966640586446730e-03,9.9995096822895584e-03,9.9880131159811626e-03,1.8385015902710924e-03,9.9980140416464913e-03,8,1.0000000000000000e+00,2.8285685425670701e+00,1.0000000000000000e+00,2.8284271247461901e-02,1.0000000000000000e-02,9.9995000374968751e-03,9.9995000374968751e-03,0.0000000000000000e+00,9.9995000374968768e-01,False,True,3.6868014644088069e-14,3.6865316430201700e-14,6.0393358877373581e-12,1.6433996045342407e-18,3.8369566013953169e-17,7.6160200256132697e-12,132,False,False,True,True,False,False,False,False,Injecting fixed non-final-stage velocity-row energy loses the terminal-bridge local span.,derive a nonlinear full component-mixing or value-level source-free velocity compression,The probe fixes the final-stage coefficient at one and injects stage-0/stage-1 velocity rows; it tests whether non-final energy can be added without losing the local terminal-bridge span.
cylindrical_smooth,0.01,stage0_eta_final1,paper_tfe_lower_pair_velocity_compression_nondegenerate_tradeoff_not_full_tfe,,1.0000000000000001e-01,"1.0000000000000001e-01,0.0000000000000000e+00,1.0000000000000000e+00",fixed_stage0_nonfinal_injection,24,8,16,24,8,132,24,32,8,4.6532960684055020e+01,1.8390267947137043e-01,1.8294174251210868e-02,9.9477475280934480e-02,9.9503983566984602e-02,9.9394733371343968e-02,1.8385015902710924e-02,9.9980140416464913e-02,8,1.0000000000000000e+00,2.8425340807103789e+00,1.0000000000000000e+00,2.8284271247461906e-01,1.0000000000000001e-01,9.9503719020998943e-02,9.9503719020998943e-02,0.0000000000000000e+00,9.9503719020998926e-01,False,True,3.6865856298305207e-13,3.6865829315564184e-13,6.0393358877373581e-12,1.6433996045342407e-18,3.8369566013953169e-17,7.6160200256132697e-12,132,False,False,True,True,False,False,False,False,Injecting fixed non-final-stage velocity-row energy loses the terminal-bridge local span.,derive a nonlinear full component-mixing or value-level source-free velocity compression,The probe fixes the final-stage coefficient at one and injects stage-0/stage-1 velocity rows; it tests whether non-final energy can be added without losing the local terminal-bridge span.
cylindrical_smooth,0.01,stage0_eta_final1,paper_tfe_lower_pair_velocity_compression_nondegenerate_tradeoff_not_full_tfe,,1.0000000000000000e+00,"1.0000000000000000e+00,0.0000000000000000e+00,1.0000000000000000e+00",fixed_stage0_nonfinal_injection,24,8,16,24,8,132,24,32,8,3.6190493995922942e+01,1.8390267947137043e-01,1.3002769006984263e-01,7.0704619662752144e-01,7.0711109682142870e-01,7.0679860190252497e-01,1.8385015902710922e-01,9.9980140416464902e-01,8,1.0000000000000000e+00,4.0000000000000000e+00,1.0000000000000000e+00,2.8284271247461903e+00,1.0000000000000000e+00,7.0710678118654757e-01,7.0710678118654757e-01,0.0000000000000000e+00,7.0710678118654757e-01,False,True,3.6865880876798811e-12,3.6865880606971680e-12,6.0393358877373581e-12,1.6433996045342407e-18,3.8369566013953169e-17,7.6160200256132697e-12,132,False,False,True,True,False,False,False,False,Injecting fixed non-final-stage velocity-row energy loses the terminal-bridge local span.,derive a nonlinear full component-mixing or value-level source-free velocity compression,The probe fixes the final-stage coefficient at one and injects stage-0/stage-1 velocity rows; it tests whether non-final energy can be added without losing the local terminal-bridge span.
cylindrical_smooth,0.01,stage1_eta_final1,paper_tfe_lower_pair_velocity_compression_nondegenerate_near_selector_spans_not_full_tfe,,0.0000000000000000e+00,"0.0000000000000000e+00,0.0000000000000000e+00,1.0000000000000000e+00",fixed_stage1_nonfinal_injection,24,8,16,24,8,132,24,24,0,4.6761757232716960e+01,1.8390267947137043e-01,2.0076074256896771e-16,1.0916683930112161e-15,1.6000582825530412e-15,5.4139191544025386e-16,0.0000000000000000e+00,0.0000000000000000e+00,8,1.0000000000000000e+00,2.8284271247461903e+00,1.0000000000000000e+00,0.0000000000000000e+00,0.0000000000000000e+00,0.0000000000000000e+00,0.0000000000000000e+00,0.0000000000000000e+00,1.0000000000000000e+00,True,False,4.4603923432269999e-16,1.6433996045342407e-18,6.0393358877373581e-12,1.6433996045342407e-18,3.8369566013953169e-17,7.6160200256132697e-12,132,True,True,True,True,False,False,False,False,"This row is numerically the final-stage selector, so it is not an independent full TFE replacement.",derive a nonlinear full component-mixing or value-level source-free velocity compression,The probe fixes the final-stage coefficient at one and injects stage-0/stage-1 velocity rows; it tests whether non-final energy can be added without losing the local terminal-bridge span.
cylindrical_smooth,0.01,stage1_eta_final1,paper_tfe_lower_pair_velocity_compression_nondegenerate_tradeoff_not_full_tfe,,1.0000000000000000e-08,"0.0000000000000000e+00,1.0000000000000000e-08,1.0000000000000000e+00",fixed_stage1_nonfinal_injection,24,8,16,24,8,132,24,32,8,4.6761757232775146e+01,1.8390267947137043e-01,2.3260939026079369e-09,1.2648504683533217e-08,1.2649084558746475e-08,1.2645947489775256e-08,2.3260939043891595e-09,1.2649605331503638e-08,8,1.0000000000000000e+00,2.8284271247461903e+00,1.0000000000000000e+00,2.8284271247461904e-08,1.0000000000000000e-08,1.0000000000000000e-08,0.0000000000000000e+00,1.0000000000000000e-08,1.0000000000000000e+00,False,False,4.4603929627036718e-16,1.6601278396762922e-18,6.0393358877373581e-12,1.6433996045342407e-18,3.8369566013953169e-17,7.6160200256132697e-12,132,False,False,True,True,False,False,False,False,Injecting fixed non-final-stage velocity-row energy loses the terminal-bridge local span.,derive a nonlinear full component-mixing or value-level source-free velocity compression,The probe fixes the final-stage coefficient at one and injects stage-0/stage-1 velocity rows; it tests whether non-final energy can be added without losing the local terminal-bridge span.
cylindrical_smooth,0.01,stage1_eta_final1,paper_tfe_lower_pair_velocity_compression_nondegenerate_tradeoff_not_full_tfe,,9.9999999999999995e-07,"0.0000000000000000e+00,9.9999999999999995e-07,1.0000000000000000e+00",fixed_stage1_nonfinal_injection,24,8,16,24,8,132,24,32,8,4.6761757238497694e+01,1.8390267947137043e-01,2.3260939026739528e-07,1.2648504683892189e-06,1.2649084558744679e-06,1.2645947490889887e-06,2.3260939043891792e-07,1.2649605331503744e-06,8,1.0000000000000000e+00,2.8284271247476043e+00,1.0000000000000000e+00,2.8284271247461899e-06,9.9999999999999995e-07,9.9999999999949999e-07,0.0000000000000000e+00,9.9999999999949999e-07,9.9999999999950007e-01,False,False,4.4607082239189363e-16,5.5570492583698558e-18,6.0393358877373581e-12,1.6433996045342407e-18,3.8369566013953169e-17,7.6160200256132697e-12,132,False,False,True,True,False,False,False,False,Injecting fixed non-final-stage velocity-row energy loses the terminal-bridge local span.,derive a nonlinear full component-mixing or value-level source-free velocity compression,The probe fixes the final-stage coefficient at one and injects stage-0/stage-1 velocity rows; it tests whether non-final energy can be added without losing the local terminal-bridge span.
cylindrical_smooth,0.01,stage1_eta_final1,paper_tfe_lower_pair_velocity_compression_nondegenerate_tradeoff_not_full_tfe,,1.0000000000000000e-04,"0.0000000000000000e+00,1.0000000000000000e-04,1.0000000000000000e+00",fixed_stage1_nonfinal_injection,24,8,16,24,8,132,24,32,8,4.6761757440510635e+01,1.8390267947137043e-01,2.3260938908586479e-05,1.2648504619644594e-04,1.2649084458397550e-04,1.2645947502309786e-04,2.3260939043891797e-05,1.2649605331503747e-04,8,1.0000000000000000e+00,2.8284271388883258e+00,1.0000000000000000e+00,2.8284271247461902e-04,9.9999999999999991e-05,9.9999999500000007e-05,0.0000000000000000e+00,9.9999999500000007e-05,9.9999999500000003e-01,False,False,6.5445180119535086e-16,4.7891425359339509e-16,6.0393358877373581e-12,1.6433996045342407e-18,3.8369566013953169e-17,7.6160200256132697e-12,132,False,False,True,True,False,False,False,False,Injecting fixed non-final-stage velocity-row energy loses the terminal-bridge local span.,derive a nonlinear full component-mixing or value-level source-free velocity compression,The probe fixes the final-stage coefficient at one and injects stage-0/stage-1 velocity rows; it tests whether non-final energy can be added without losing the local terminal-bridge span.
cylindrical_smooth,0.01,stage1_eta_final1,paper_tfe_lower_pair_velocity_compression_nondegenerate_tradeoff_not_full_tfe,,1.0000000000000000e-03,"0.0000000000000000e+00,1.0000000000000000e-03,1.0000000000000000e+00",fixed_stage1_nonfinal_injection,24,8,16,24,8,132,24,32,8,4.6761725648576075e+01,1.8390267947137043e-01,2.3260921102050987e-04,1.2648494937058379e-03,1.2649074447931056e-03,1.2645938509872013e-03,2.3260939043891795e-04,1.2649605331503746e-03,8,1.0000000000000000e+00,2.8284285389593986e+00,1.0000000000000000e+00,2.8284271247461901e-03,1.0000000000000000e-03,9.9999950000037520e-04,0.0000000000000000e+00,9.9999950000037520e-04,9.9999950000037519e-01,False,False,4.8048819573560370e-15,4.7841344385722121e-15,6.0393358877373581e-12,1.6433996045342407e-18,3.8369566013953169e-17,7.6160200256132697e-12,132,False,False,True,True,False,False,False,False,Injecting fixed non-final-stage velocity-row energy loses the terminal-bridge local span.,derive a nonlinear full component-mixing or value-level source-free velocity compression,The probe fixes the final-stage coefficient at one and injects stage-0/stage-1 velocity rows; it tests whether non-final energy can be added without losing the local terminal-bridge span.
cylindrical_smooth,0.01,stage1_eta_final1,paper_tfe_lower_pair_velocity_compression_nondegenerate_tradeoff_not_full_tfe,,1.0000000000000000e-02,"0.0000000000000000e+00,1.0000000000000000e-02,1.0000000000000000e+00",fixed_stage1_nonfinal_injection,24,8,16,24,8,132,24,32,8,4.6758075618315246e+01,1.8390267947137043e-01,2.3259085088640731e-03,1.2647496575633991e-02,1.2648072837935783e-02,1.2644947272412508e-02,2.3260939043891794e-03,1.2649605331503746e-02,8,1.0000000000000000e+00,2.8285685425670701e+00,1.0000000000000000e+00,2.8284271247461901e-02,1.0000000000000000e-02,9.9995000374968751e-03,0.0000000000000000e+00,9.9995000374968751e-03,9.9995000374968768e-01,False,True,4.7838437979083730e-14,4.7836358556863919e-14,6.0393358877373581e-12,1.6433996045342407e-18,3.8369566013953169e-17,7.6160200256132697e-12,132,False,False,True,True,False,False,False,False,Injecting fixed non-final-stage velocity-row energy loses the terminal-bridge local span.,derive a nonlinear full component-mixing or value-level source-free velocity compression,The probe fixes the final-stage coefficient at one and injects stage-0/stage-1 velocity rows; it tests whether non-final energy can be added without losing the local terminal-bridge span.
cylindrical_smooth,0.01,stage1_eta_final1,paper_tfe_lower_pair_velocity_compression_nondegenerate_tradeoff_not_full_tfe,,1.0000000000000001e-01,"0.0000000000000000e+00,1.0000000000000001e-01,1.0000000000000000e+00",fixed_stage1_nonfinal_injection,24,8,16,24,8,132,24,32,8,4.6392734704290710e+01,1.8390267947137043e-01,2.3077107982408220e-02,1.2548543636636253e-01,1.2549091068066301e-01,1.2546085875909435e-01,2.3260939043891798e-02,1.2649605331503749e-01,8,1.0000000000000000e+00,2.8425340807103789e+00,1.0000000000000000e+00,2.8284271247461906e-01,1.0000000000000001e-01,9.9503719020998943e-02,0.0000000000000000e+00,9.9503719020998943e-02,9.9503719020998926e-01,False,True,4.7835880991807549e-13,4.7835860196921280e-13,6.0393358877373581e-12,1.6433996045342407e-18,3.8369566013953169e-17,7.6160200256132697e-12,132,False,False,True,True,False,False,False,False,Injecting fixed non-final-stage velocity-row energy loses the terminal-bridge local span.,derive a nonlinear full component-mixing or value-level source-free velocity compression,The probe fixes the final-stage coefficient at one and injects stage-0/stage-1 velocity rows; it tests whether non-final energy can be added without losing the local terminal-bridge span.
cylindrical_smooth,0.01,stage1_eta_final1,paper_tfe_lower_pair_velocity_compression_nondegenerate_tradeoff_not_full_tfe,,1.0000000000000000e+00,"0.0000000000000000e+00,1.0000000000000000e+00,1.0000000000000000e+00",fixed_stage1_nonfinal_injection,24,8,16,24,8,132,24,32,8,3.6189394811084007e+01,1.8390267947137043e-01,1.4425638385011949e-01,7.8441697676611077e-01,7.8446316607644739e-01,7.8428788331882637e-01,2.3260939043891796e-01,1.2649605331503746e+00,8,1.0000000000000000e+00,4.0000000000000000e+00,1.0000000000000000e+00,2.8284271247461903e+00,1.0000000000000000e+00,7.0710678118654757e-01,0.0000000000000000e+00,7.0710678118654757e-01,7.0710678118654757e-01,False,True,4.7835810571105822e-12,4.7835810363156703e-12,6.0393358877373581e-12,1.6433996045342407e-18,3.8369566013953169e-17,7.6160200256132697e-12,132,False,False,True,True,False,False,False,False,Injecting fixed non-final-stage velocity-row energy loses the terminal-bridge local span.,derive a nonlinear full component-mixing or value-level source-free velocity compression,The probe fixes the final-stage coefficient at one and injects stage-0/stage-1 velocity rows; it tests whether non-final energy can be added without losing the local terminal-bridge span.
cylindrical_smooth,0.01,stage01_equal_eta_final1,paper_tfe_lower_pair_velocity_compression_nondegenerate_near_selector_spans_not_full_tfe,,0.0000000000000000e+00,"0.0000000000000000e+00,0.0000000000000000e+00,1.0000000000000000e+00",fixed_equal_nonfinal_injection,24,8,16,24,8,132,24,24,0,4.6761757232716960e+01,1.8390267947137043e-01,2.0076074256896771e-16,1.0916683930112161e-15,1.6000582825530412e-15,5.4139191544025386e-16,0.0000000000000000e+00,0.0000000000000000e+00,8,1.0000000000000000e+00,2.8284271247461903e+00,1.0000000000000000e+00,0.0000000000000000e+00,0.0000000000000000e+00,0.0000000000000000e+00,0.0000000000000000e+00,0.0000000000000000e+00,1.0000000000000000e+00,True,False,4.4603923432269999e-16,1.6433996045342407e-18,6.0393358877373581e-12,1.6433996045342407e-18,3.8369566013953169e-17,7.6160200256132697e-12,132,True,True,True,True,False,False,False,False,"This row is numerically the final-stage selector, so it is not an independent full TFE replacement.",derive a nonlinear full component-mixing or value-level source-free velocity compression,The probe fixes the final-stage coefficient at one and injects stage-0/stage-1 velocity rows; it tests whether non-final energy can be added without losing the local terminal-bridge span.
cylindrical_smooth,0.01,stage01_equal_eta_final1,paper_tfe_lower_pair_velocity_compression_nondegenerate_tradeoff_not_full_tfe,,1.0000000000000000e-08,"1.0000000000000000e-08,1.0000000000000000e-08,1.0000000000000000e+00",fixed_equal_nonfinal_injection,24,8,16,24,8,132,24,32,8,4.6761757233111098e+01,1.8390267947137043e-01,2.9650116243398768e-09,1.6122721174388670e-08,1.6124494959301038e-08,1.6118252340025690e-08,2.9650117096468446e-09,1.6124124593400157e-08,8,1.0000000000000000e+00,2.8284271247461903e+00,1.0000000000000000e+00,4.0000000000000001e-08,1.4142135623730950e-08,1.4142135623730952e-08,1.0000000000000000e-08,1.0000000000000000e-08,1.0000000000000000e+00,False,False,4.4603924673816289e-16,1.6467658690186152e-18,6.0393358877373581e-12,1.6433996045342407e-18,3.8369566013953169e-17,7.6160200256132697e-12,132,False,False,True,True,False,False,False,False,Injecting fixed non-final-stage velocity-row energy loses the terminal-bridge local span.,derive a nonlinear full component-mixing or value-level source-free velocity compression,The probe fixes the final-stage coefficient at one and injects stage-0/stage-1 velocity rows; it tests whether non-final energy can be added without losing the local terminal-bridge span.
cylindrical_smooth,0.01,stage01_equal_eta_final1,paper_tfe_lower_pair_velocity_compression_nondegenerate_tradeoff_not_full_tfe,,9.9999999999999995e-07,"9.9999999999999995e-07,9.9999999999999995e-07,1.0000000000000000e+00",fixed_equal_nonfinal_injection,24,8,16,24,8,132,24,32,8,4.6761757272073048e+01,1.8390267947137043e-01,2.9650116250144379e-07,1.6122721178056704e-06,1.6124494959363819e-06,1.6118252349111013e-06,2.9650117096473341e-07,1.6124124593402819e-06,8,1.0000000000000000e+00,2.8284271247490187e+00,1.0000000000000000e+00,3.9999999999999998e-06,1.4142135623730949e-06,1.4142135623716806e-06,9.9999999999899982e-07,9.9999999999899982e-07,9.9999999999900002e-01,False,False,4.4604182955545431e-16,2.2396250258931710e-18,6.0393358877373581e-12,1.6433996045342407e-18,3.8369566013953169e-17,7.6160200256132697e-12,132,False,False,True,True,False,False,False,False,Injecting fixed non-final-stage velocity-row energy loses the terminal-bridge local span.,derive a nonlinear full component-mixing or value-level source-free velocity compression,The probe fixes the final-stage coefficient at one and injects stage-0/stage-1 velocity rows; it tests whether non-final energy can be added without losing the local terminal-bridge span.
cylindrical_smooth,0.01,stage01_equal_eta_final1,paper_tfe_lower_pair_velocity_compression_nondegenerate_tradeoff_not_full_tfe,,1.0000000000000000e-04,"1.0000000000000000e-04,1.0000000000000000e-04,1.0000000000000000e+00",fixed_equal_nonfinal_injection,24,8,16,24,8,132,24,32,8,4.6761760566410793e+01,1.8390267947137043e-01,2.9650116542792184e-05,1.6122721337188592e-04,1.6124494758123465e-04,1.6118253050297665e-04,2.9650117096473382e-05,1.6124124593402841e-04,8,1.0000000000000000e+00,2.8284271530304612e+00,1.0000000000000000e+00,4.0000000000000002e-04,1.4142135623730951e-04,1.4142135482309598e-04,9.9999999000000022e-05,9.9999999000000022e-05,9.9999999000000017e-01,False,False,4.5962868398058392e-16,1.1095147292759594e-16,6.0393358877373581e-12,1.6433996045342407e-18,3.8369566013953169e-17,7.6160200256132697e-12,132,False,False,True,True,False,False,False,False,Injecting fixed non-final-stage velocity-row energy loses the terminal-bridge local span.,derive a nonlinear full component-mixing or value-level source-free velocity compression,The probe fixes the final-stage coefficient at one and injects stage-0/stage-1 velocity rows; it tests whether non-final energy can be added without losing the local terminal-bridge span.
cylindrical_smooth,0.01,stage01_equal_eta_final1,paper_tfe_lower_pair_velocity_compression_nondegenerate_tradeoff_not_full_tfe,,1.0000000000000000e-03,"1.0000000000000000e-03,1.0000000000000000e-03,1.0000000000000000e+00",fixed_equal_nonfinal_injection,24,8,16,24,8,132,24,32,8,4.6761735849923419e+01,1.8390267947137043e-01,2.9650084549016469e-04,1.6122703940065393e-03,1.6124474081886274e-03,1.6118240591759567e-03,2.9650117096473381e-04,1.6124124593402840e-03,8,1.0000000000000000e+00,2.8284299531719004e+00,1.0000000000000000e+00,4.0000000000000001e-03,1.4142135623730950e-03,1.4142121481616541e-03,9.9999900000150000e-04,9.9999900000150000e-04,9.9999900000150010e-01,False,True,1.1915727540862349e-15,1.1049422294797744e-15,6.0393358877373581e-12,1.6433996045342407e-18,3.8369566013953169e-17,7.6160200256132697e-12,132,False,False,True,True,False,False,False,False,Injecting fixed non-final-stage velocity-row energy loses the terminal-bridge local span.,derive a nonlinear full component-mixing or value-level source-free velocity compression,The probe fixes the final-stage coefficient at one and injects stage-0/stage-1 velocity rows; it tests whether non-final energy can be added without losing the local terminal-bridge span.
cylindrical_smooth,0.01,stage01_equal_eta_final1,paper_tfe_lower_pair_velocity_compression_nondegenerate_tradeoff_not_full_tfe,,1.0000000000000000e-02,"1.0000000000000000e-02,1.0000000000000000e-02,1.0000000000000000e+00",fixed_equal_nonfinal_injection,24,8,16,24,8,132,24,32,8,4.6756072480537568e+01,1.8390267947137043e-01,2.9646331129521411e-03,1.6120662958658351e-02,1.6122400024539289e-02,1.6116250048592951e-02,2.9650117096473388e-03,1.6124124593402844e-02,8,1.0000000000000000e+00,2.8287099533179432e+00,1.0000000000000000e+00,4.0000000000000001e-02,1.4142135623730949e-02,1.4140721622265262e-02,9.9990001499750038e-03,9.9990001499750038e-03,9.9990001499750047e-01,False,True,1.1053950953655190e-14,1.1044948319843853e-14,6.0393358877373581e-12,1.6433996045342407e-18,3.8369566013953169e-17,7.6160200256132697e-12,132,False,False,True,True,False,False,False,False,Injecting fixed non-final-stage velocity-row energy loses the terminal-bridge local span.,derive a nonlinear full component-mixing or value-level source-free velocity compression,The probe fixes the final-stage coefficient at one and injects stage-0/stage-1 velocity rows; it tests whether non-final energy can be added without losing the local terminal-bridge span.
cylindrical_smooth,0.01,stage01_equal_eta_final1,paper_tfe_lower_pair_velocity_compression_nondegenerate_tradeoff_not_full_tfe,,1.0000000000000001e-01,"1.0000000000000001e-01,1.0000000000000001e-01,1.0000000000000000e+00",fixed_equal_nonfinal_injection,24,8,16,24,8,132,24,32,8,4.6169176822657910e+01,1.8390267947137043e-01,2.9272698869220234e-02,1.5917494488587561e-01,1.5918890534080821e-01,1.5913669451102733e-01,2.9650117096473388e-02,1.6124124593402844e-01,8,1.0000000000000000e+00,2.8565713714171399e+00,1.0000000000000000e+00,4.0000000000000002e-01,1.4142135623730950e-01,1.4002800840280102e-01,9.9014754297667457e-02,9.9014754297667457e-02,9.9014754297667440e-01,False,True,1.1044591978371863e-13,1.1044501912070918e-13,6.0393358877373581e-12,1.6433996045342407e-18,3.8369566013953169e-17,7.6160200256132697e-12,132,False,False,True,True,False,False,False,False,Injecting fixed non-final-stage velocity-row energy loses the terminal-bridge local span.,derive a nonlinear full component-mixing or value-level source-free velocity compression,The probe fixes the final-stage coefficient at one and injects stage-0/stage-1 velocity rows; it tests whether non-final energy can be added without losing the local terminal-bridge span.
cylindrical_smooth,0.01,stage01_equal_eta_final1,paper_tfe_lower_pair_velocity_compression_nondegenerate_tradeoff_not_full_tfe,,1.0000000000000000e+00,"1.0000000000000000e+00,1.0000000000000000e+00,1.0000000000000000e+00",fixed_equal_nonfinal_injection,24,8,16,24,8,132,24,32,8,3.6189525154035060e+01,1.8390267947137043e-01,1.5628260021173054e-01,8.4981143646719015e-01,8.4983630947903543e-01,8.4974745907919524e-01,2.9650117096473383e-01,1.6124124593402842e+00,8,1.0000000000000000e+00,4.8989794855663558e+00,1.0000000000000000e+00,4.0000000000000000e+00,1.4142135623730949e+00,8.1649658092772615e-01,5.7735026918962584e-01,5.7735026918962584e-01,5.7735026918962584e-01,False,True,1.1044458181865577e-12,1.1044457281195291e-12,6.0393358877373581e-12,1.6433996045342407e-18,3.8369566013953169e-17,7.6160200256132697e-12,132,False,False,True,True,False,False,False,False,Injecting fixed non-final-stage velocity-row energy loses the terminal-bridge local span.,derive a nonlinear full component-mixing or value-level source-free velocity compression,The probe fixes the final-stage coefficient at one and injects stage-0/stage-1 velocity rows; it tests whether non-final energy can be added without losing the local terminal-bridge span.
cylindrical_smooth,0.01,stage01_difference_eta_final1,paper_tfe_lower_pair_velocity_compression_nondegenerate_near_selector_spans_not_full_tfe,,0.0000000000000000e+00,"0.0000000000000000e+00,-0.0000000000000000e+00,1.0000000000000000e+00",fixed_difference_nonfinal_injection,24,8,16,24,8,132,24,24,0,4.6761757232716960e+01,1.8390267947137043e-01,2.0076074256896771e-16,1.0916683930112161e-15,1.6000582825530412e-15,5.4139191544025386e-16,0.0000000000000000e+00,0.0000000000000000e+00,8,1.0000000000000000e+00,2.8284271247461903e+00,1.0000000000000000e+00,0.0000000000000000e+00,0.0000000000000000e+00,0.0000000000000000e+00,0.0000000000000000e+00,0.0000000000000000e+00,1.0000000000000000e+00,True,False,4.4603923432269999e-16,1.6433996045342407e-18,6.0393358877373581e-12,1.6433996045342407e-18,3.8369566013953169e-17,7.6160200256132697e-12,132,True,True,True,True,False,False,False,False,"This row is numerically the final-stage selector, so it is not an independent full TFE replacement.",derive a nonlinear full component-mixing or value-level source-free velocity compression,The probe fixes the final-stage coefficient at one and injects stage-0/stage-1 velocity rows; it tests whether non-final energy can be added without losing the local terminal-bridge span.
cylindrical_smooth,0.01,stage01_difference_eta_final1,paper_tfe_lower_pair_velocity_compression_nondegenerate_tradeoff_not_full_tfe,,1.0000000000000000e-08,"1.0000000000000000e-08,-1.0000000000000000e-08,1.0000000000000000e+00",fixed_difference_nonfinal_injection,24,8,16,24,8,132,24,32,8,4.6761757232994746e+01,1.8390267947137043e-01,2.9648452202844765e-09,1.6121816325933614e-08,1.6124475836932194e-08,1.6116168286296124e-08,2.9648452675626209e-09,1.6123219459401910e-08,8,1.0000000000000000e+00,2.8284271247461903e+00,1.0000000000000000e+00,4.0000000000000001e-08,1.4142135623730950e-08,1.4142135623730952e-08,1.0000000000000000e-08,1.0000000000000000e-08,1.0000000000000000e+00,False,False,4.4603913587673459e-16,1.6164593232680459e-18,6.0393358877373581e-12,1.6433996045342407e-18,3.8369566013953169e-17,7.6160200256132697e-12,132,False,False,True,True,False,False,False,False,Injecting fixed non-final-stage velocity-row energy loses the terminal-bridge local span.,derive a nonlinear full component-mixing or value-level source-free velocity compression,The probe fixes the final-stage coefficient at one and injects stage-0/stage-1 velocity rows; it tests whether non-final energy can be added without losing the local terminal-bridge span.
cylindrical_smooth,0.01,stage01_difference_eta_final1,paper_tfe_lower_pair_velocity_compression_nondegenerate_tradeoff_not_full_tfe,,9.9999999999999995e-07,"9.9999999999999995e-07,-9.9999999999999995e-07,1.0000000000000000e+00",fixed_difference_nonfinal_injection,24,8,16,24,8,132,24,32,8,4.6761757260436724e+01,1.8390267947137043e-01,2.9648452207855168e-07,1.6121816328658100e-06,1.6124475836973490e-06,1.6116168293058317e-06,2.9648452675621749e-07,1.6123219459399483e-06,8,1.0000000000000000e+00,2.8284271247490187e+00,1.0000000000000000e+00,3.9999999999999998e-06,1.4142135623730949e-06,1.4142135623716806e-06,9.9999999999899982e-07,9.9999999999899982e-07,9.9999999999900002e-01,False,False,4.4610898498756169e-16,8.0578343065679485e-18,6.0393358877373581e-12,1.6433996045342407e-18,3.8369566013953169e-17,7.6160200256132697e-12,132,False,False,True,True,False,False,False,False,Injecting fixed non-final-stage velocity-row energy loses the terminal-bridge local span.,derive a nonlinear full component-mixing or value-level source-free velocity compression,The probe fixes the final-stage coefficient at one and injects stage-0/stage-1 velocity rows; it tests whether non-final energy can be added without losing the local terminal-bridge span.
cylindrical_smooth,0.01,stage01_difference_eta_final1,paper_tfe_lower_pair_velocity_compression_nondegenerate_tradeoff_not_full_tfe,,1.0000000000000000e-04,"1.0000000000000000e-04,-1.0000000000000000e-04,1.0000000000000000e+00",fixed_difference_nonfinal_injection,24,8,16,24,8,132,24,32,8,4.6761759403022907e+01,1.8390267947137043e-01,2.9648452327275544e-05,1.6121816393594826e-04,1.6124475633603718e-04,1.6116168762012176e-04,2.9648452675621764e-05,1.6123219459399492e-04,8,1.0000000000000000e+00,2.8284271530304612e+00,1.0000000000000000e+00,4.0000000000000002e-04,1.4142135623730951e-04,1.4142135482309598e-04,9.9999999000000022e-05,9.9999999000000022e-05,9.9999999000000017e-01,False,False,9.5669986026061674e-16,8.4636063520804372e-16,6.0393358877373581e-12,1.6433996045342407e-18,3.8369566013953169e-17,7.6160200256132697e-12,132,False,False,True,True,False,False,False,False,Injecting fixed non-final-stage velocity-row energy loses the terminal-bridge local span.,derive a nonlinear full component-mixing or value-level source-free velocity compression,The probe fixes the final-stage coefficient at one and injects stage-0/stage-1 velocity rows; it tests whether non-final energy can be added without losing the local terminal-bridge span.
cylindrical_smooth,0.01,stage01_difference_eta_final1,paper_tfe_lower_pair_velocity_compression_nondegenerate_tradeoff_not_full_tfe,,1.0000000000000000e-03,"1.0000000000000000e-03,-1.0000000000000000e-03,1.0000000000000000e+00",fixed_difference_nonfinal_injection,24,8,16,24,8,132,24,32,8,4.6761724238254288e+01,1.8390267947137043e-01,2.9648418764542824e-04,1.6121798143326359e-03,1.6124454938075364e-03,1.6116154199578036e-03,2.9648452675621765e-04,1.6123219459399493e-03,8,1.0000000000000000e+00,2.8284299531719004e+00,1.0000000000000000e+00,4.0000000000000001e-03,1.4142135623730950e-03,1.4142121481616541e-03,9.9999900000150000e-04,9.9999900000150000e-04,9.9999900000150010e-01,False,True,8.4803778354603756e-15,8.4686397924563231e-15,6.0393358877373581e-12,1.6433996045342407e-18,3.8369566013953169e-17,7.6160200256132697e-12,132,False,False,True,True,False,False,False,False,Injecting fixed non-final-stage velocity-row energy loses the terminal-bridge local span.,derive a nonlinear full component-mixing or value-level source-free velocity compression,The probe fixes the final-stage coefficient at one and injects stage-0/stage-1 velocity rows; it tests whether non-final energy can be added without losing the local terminal-bridge span.
cylindrical_smooth,0.01,stage01_difference_eta_final1,paper_tfe_lower_pair_velocity_compression_nondegenerate_tradeoff_not_full_tfe,,1.0000000000000000e-02,"1.0000000000000000e-02,-1.0000000000000000e-02,1.0000000000000000e+00",fixed_difference_nonfinal_injection,24,8,16,24,8,132,24,32,8,4.6755958613224557e+01,1.8390267947137043e-01,2.9644650239889735e-03,1.6119748948249964e-02,1.6122380694537572e-02,1.6114143349869395e-02,2.9648452675621766e-03,1.6123219459399492e-02,8,1.0000000000000000e+00,2.8287099533179432e+00,1.0000000000000000e+00,4.0000000000000001e-02,1.4142135623730949e-02,1.4140721622265262e-02,9.9990001499750038e-03,9.9990001499750038e-03,9.9990001499750047e-01,False,True,8.4692618466005745e-14,8.4691443926353178e-14,6.0393358877373581e-12,1.6433996045342407e-18,3.8369566013953169e-17,7.6160200256132697e-12,132,False,False,True,True,False,False,False,False,Injecting fixed non-final-stage velocity-row energy loses the terminal-bridge local span.,derive a nonlinear full component-mixing or value-level source-free velocity compression,The probe fixes the final-stage coefficient at one and injects stage-0/stage-1 velocity rows; it tests whether non-final energy can be added without losing the local terminal-bridge span.
cylindrical_smooth,0.01,stage01_difference_eta_final1,paper_tfe_lower_pair_velocity_compression_nondegenerate_tradeoff_not_full_tfe,,1.0000000000000001e-01,"1.0000000000000001e-01,-1.0000000000000001e-01,1.0000000000000000e+00",fixed_difference_nonfinal_injection,24,8,16,24,8,132,24,32,8,4.6168281573130244e+01,1.8390267947137043e-01,2.9270929215669279e-02,1.5916532211389620e-01,1.5918864858687742e-01,1.5911438259404453e-01,2.9648452675621766e-02,1.6123219459399493e-01,8,1.0000000000000000e+00,2.8565713714171399e+00,1.0000000000000000e+00,4.0000000000000002e-01,1.4142135623730950e-01,1.4002800840280102e-01,9.9014754297667457e-02,9.9014754297667457e-02,9.9014754297667440e-01,False,True,8.4691960397470489e-13,8.4691948652063330e-13,6.0393358877373581e-12,1.6433996045342407e-18,3.8369566013953169e-17,7.6160200256132697e-12,132,False,False,True,True,False,False,False,False,Injecting fixed non-final-stage velocity-row energy loses the terminal-bridge local span.,derive a nonlinear full component-mixing or value-level source-free velocity compression,The probe fixes the final-stage coefficient at one and injects stage-0/stage-1 velocity rows; it tests whether non-final energy can be added without losing the local terminal-bridge span.
cylindrical_smooth,0.01,stage01_difference_eta_final1,paper_tfe_lower_pair_velocity_compression_nondegenerate_tradeoff_not_full_tfe,,1.0000000000000000e+00,"1.0000000000000000e+00,-1.0000000000000000e+00,1.0000000000000000e+00",fixed_difference_nonfinal_injection,24,8,16,24,8,132,24,32,8,3.6189059603080103e+01,1.8390267947137043e-01,1.5627760361894477e-01,8.4978426670109353e-01,8.4983571391932322e-01,8.4968259593017559e-01,2.9648452675621761e-01,1.6123219459399489e+00,8,1.0000000000000000e+00,4.8989794855663558e+00,1.0000000000000000e+00,4.0000000000000000e+00,1.4142135623730949e+00,8.1649658092772615e-01,5.7735026918962584e-01,5.7735026918962584e-01,5.7735026918962584e-01,False,True,8.4691999243343590e-12,8.4691999125889581e-12,6.0393358877373581e-12,1.6433996045342407e-18,3.8369566013953169e-17,7.6160200256132697e-12,132,False,False,True,True,False,False,False,False,Injecting fixed non-final-stage velocity-row energy loses the terminal-bridge local span.,derive a nonlinear full component-mixing or value-level source-free velocity compression,The probe fixes the final-stage coefficient at one and injects stage-0/stage-1 velocity rows; it tests whether non-final energy can be added without losing the local terminal-bridge span.
cylindrical_sharp,0.04,stage0_eta_final1,paper_tfe_lower_pair_velocity_compression_nondegenerate_near_selector_spans_not_full_tfe,,0.0000000000000000e+00,"0.0000000000000000e+00,0.0000000000000000e+00,1.0000000000000000e+00",fixed_stage0_nonfinal_injection,24,8,16,24,8,132,24,24,0,4.7326773809892167e+01,3.7137778489504708e-01,5.9253509467104930e-16,1.5955049514835741e-15,3.8230923152759064e-15,8.2812407106272599e-16,0.0000000000000000e+00,0.0000000000000000e+00,8,1.0000000000000000e+00,2.8284271247461903e+00,1.0000000000000000e+00,0.0000000000000000e+00,0.0000000000000000e+00,0.0000000000000000e+00,0.0000000000000000e+00,0.0000000000000000e+00,1.0000000000000000e+00,True,False,6.7793097057991046e-16,1.1845240094537087e-17,2.6559758644130049e-08,1.1845240094537087e-17,9.1689882164158581e-17,7.2327825647431289e-13,132,True,True,True,True,False,False,False,False,"This row is numerically the final-stage selector, so it is not an independent full TFE replacement.",derive a nonlinear full component-mixing or value-level source-free velocity compression,The probe fixes the final-stage coefficient at one and injects stage-0/stage-1 velocity rows; it tests whether non-final energy can be added without losing the local terminal-bridge span.
cylindrical_sharp,0.04,stage0_eta_final1,paper_tfe_lower_pair_velocity_compression_nondegenerate_tradeoff_not_full_tfe,,1.0000000000000000e-08,"1.0000000000000000e-08,0.0000000000000000e+00,1.0000000000000000e+00",fixed_stage0_nonfinal_injection,24,8,16,24,8,132,24,32,8,4.7326773806775456e+01,3.7137778489504708e-01,3.6775039545133834e-09,9.9023261597423270e-09,9.9966558155869874e-09,9.4996580153988928e-09,3.6775237624657403e-09,1.0086901868644529e-08,8,1.0000000000000000e+00,2.8284271247461903e+00,1.0000000000000000e+00,2.8284271247461904e-08,1.0000000000000000e-08,1.0000000000000000e-08,1.0000000000000000e-08,0.0000000000000000e+00,1.0000000000000000e+00,False,False,6.9455908047891998e-16,1.5153291760274626e-16,2.6559758644130049e-08,1.1845240094537087e-17,9.1689882164158581e-17,7.2327825647431289e-13,132,False,False,True,True,False,False,False,False,Injecting fixed non-final-stage velocity-row energy loses the terminal-bridge local span.,derive a nonlinear full component-mixing or value-level source-free velocity compression,The probe fixes the final-stage coefficient at one and injects stage-0/stage-1 velocity rows; it tests whether non-final energy can be added without losing the local terminal-bridge span.
cylindrical_sharp,0.04,stage0_eta_final1,paper_tfe_lower_pair_velocity_compression_nondegenerate_tradeoff_not_full_tfe,,9.9999999999999995e-07,"9.9999999999999995e-07,0.0000000000000000e+00,1.0000000000000000e+00",fixed_stage0_nonfinal_injection,24,8,16,24,8,132,24,32,8,4.7326773498200524e+01,3.7137778489504708e-01,3.6775039471961743e-07,9.9023261400394548e-07,9.9966558085318263e-07,9.4996579591316454e-07,3.6775237624667128e-07,1.0086901868647196e-06,8,1.0000000000000000e+00,2.8284271247476043e+00,1.0000000000000000e+00,2.8284271247461899e-06,9.9999999999999995e-07,9.9999999999949999e-07,9.9999999999949999e-07,0.0000000000000000e+00,9.9999999999950007e-01,False,False,1.5271959186568600e-14,1.5256909493900086e-14,2.6559758644130049e-08,1.1845240094537087e-17,9.1689882164158581e-17,7.2327825647431289e-13,132,False,False,True,True,False,False,False,False,Injecting fixed non-final-stage velocity-row energy loses the terminal-bridge local span.,derive a nonlinear full component-mixing or value-level source-free velocity compression,The probe fixes the final-stage coefficient at one and injects stage-0/stage-1 velocity rows; it tests whether non-final energy can be added without losing the local terminal-bridge span.
cylindrical_sharp,0.04,stage0_eta_final1,paper_tfe_lower_pair_velocity_compression_nondegenerate_tradeoff_not_full_tfe,,1.0000000000000000e-04,"1.0000000000000000e-04,0.0000000000000000e+00,1.0000000000000000e+00",fixed_stage0_nonfinal_injection,24,8,16,24,8,132,24,32,8,4.7326742412119046e+01,3.7137778489504708e-01,3.6775031979291481e-05,9.9023241225062132e-05,9.9966550525666718e-05,9.4996523010090758e-05,3.6775237624666254e-05,1.0086901868646957e-04,8,1.0000000000000000e+00,2.8284271388883258e+00,1.0000000000000000e+00,2.8284271247461902e-04,9.9999999999999991e-05,9.9999999500000007e-05,9.9999999500000007e-05,0.0000000000000000e+00,9.9999999500000003e-01,False,False,1.5258398765398319e-12,1.5258397259833676e-12,2.6559758644130049e-08,1.1845240094537087e-17,9.1689882164158581e-17,7.2327825647431289e-13,132,False,False,True,True,False,False,False,False,Injecting fixed non-final-stage velocity-row energy loses the terminal-bridge local span.,derive a nonlinear full component-mixing or value-level source-free velocity compression,The probe fixes the final-stage coefficient at one and injects stage-0/stage-1 velocity rows; it tests whether non-final energy can be added without losing the local terminal-bridge span.
cylindrical_sharp,0.04,stage0_eta_final1,paper_tfe_lower_pair_velocity_compression_nondegenerate_tradeoff_not_full_tfe,,1.0000000000000000e-03,"1.0000000000000000e-03,0.0000000000000000e+00,1.0000000000000000e+00",fixed_stage0_nonfinal_injection,24,8,16,24,8,132,24,32,8,4.7326439049911023e+01,3.7137778489504708e-01,3.6774947006747502e-04,9.9023012421543344e-04,9.9966436289968550e-04,9.4995965293890163e-04,3.6775237624666246e-04,1.0086901868646954e-03,8,1.0000000000000000e+00,2.8284285389593986e+00,1.0000000000000000e+00,2.8284271247461901e-03,1.0000000000000000e-03,9.9999950000037520e-04,9.9999950000037520e-04,0.0000000000000000e+00,9.9999950000037519e-01,False,False,1.5258410840707446e-11,1.5258410825651812e-11,2.6559758644130049e-08,1.1845240094537087e-17,9.1689882164158581e-17,7.2327825647431289e-13,132,False,False,True,True,False,False,False,False,Injecting fixed non-final-stage velocity-row energy loses the terminal-bridge local span.,derive a nonlinear full component-mixing or value-level source-free velocity compression,The probe fixes the final-stage coefficient at one and injects stage-0/stage-1 velocity rows; it tests whether non-final energy can be added without losing the local terminal-bridge span.
cylindrical_sharp,0.04,stage0_eta_final1,paper_tfe_lower_pair_velocity_compression_nondegenerate_tradeoff_not_full_tfe,,1.0000000000000000e-02,"1.0000000000000000e-02,0.0000000000000000e+00,1.0000000000000000e+00",fixed_stage0_nonfinal_injection,24,8,16,24,8,132,24,32,8,4.7321348556196156e+01,3.7137778489504708e-01,3.6772426979071616e-03,9.9016226803829033e-03,9.9960784260247331e-03,9.4986094169916997e-03,3.6775237624666252e-03,1.0086901868646957e-02,8,1.0000000000000000e+00,2.8285685425670701e+00,1.0000000000000000e+00,2.8284271247461901e-02,1.0000000000000000e-02,9.9995000374968751e-03,9.9995000374968751e-03,0.0000000000000000e+00,9.9995000374968768e-01,False,True,1.5258412182424487e-10,1.5258412182273932e-10,2.6559758644130049e-08,1.1845240094537087e-17,9.1689882164158581e-17,7.2327825647431289e-13,132,False,False,True,True,False,False,False,False,Injecting fixed non-final-stage velocity-row energy loses the terminal-bridge local span.,derive a nonlinear full component-mixing or value-level source-free velocity compression,The probe fixes the final-stage coefficient at one and injects stage-0/stage-1 velocity rows; it tests whether non-final energy can be added without losing the local terminal-bridge span.
cylindrical_sharp,0.04,stage0_eta_final1,paper_tfe_lower_pair_velocity_compression_nondegenerate_tradeoff_not_full_tfe,,1.0000000000000001e-01,"1.0000000000000001e-01,0.0000000000000000e+00,1.0000000000000000e+00",fixed_stage0_nonfinal_injection,24,8,16,24,8,132,24,32,8,4.7066879373282674e+01,3.7137778489504708e-01,3.6581708870682308e-02,9.8502684755418138e-02,9.9457173876664792e-02,9.4462357914969361e-02,3.6775237624666252e-02,1.0086901868646957e-01,8,1.0000000000000000e+00,2.8425340807103789e+00,1.0000000000000000e+00,2.8284271247461906e-01,1.0000000000000001e-01,9.9503719020998943e-02,9.9503719020998943e-02,0.0000000000000000e+00,9.9503719020998926e-01,False,True,1.5258412317938051e-09,1.5258412317936546e-09,2.6559758644130049e-08,1.1845240094537087e-17,9.1689882164158581e-17,7.2327825647431289e-13,132,False,False,True,True,False,False,False,False,Injecting fixed non-final-stage velocity-row energy loses the terminal-bridge local span.,derive a nonlinear full component-mixing or value-level source-free velocity compression,The probe fixes the final-stage coefficient at one and injects stage-0/stage-1 velocity rows; it tests whether non-final energy can be added without losing the local terminal-bridge span.
cylindrical_sharp,0.04,stage0_eta_final1,paper_tfe_lower_pair_velocity_compression_nondegenerate_tradeoff_not_full_tfe,,1.0000000000000000e+00,"1.0000000000000000e+00,0.0000000000000000e+00,1.0000000000000000e+00",fixed_stage0_nonfinal_injection,24,8,16,24,8,132,24,32,8,3.7230572930199109e+01,3.7137778489504708e-01,2.5859024920233370e-01,6.9629972421590158e-01,7.0676642456418370e-01,6.6773190505560254e-01,3.6775237624666246e-01,1.0086901868646956e+00,8,1.0000000000000000e+00,4.0000000000000000e+00,1.0000000000000000e+00,2.8284271247461903e+00,1.0000000000000000e+00,7.0710678118654757e-01,7.0710678118654757e-01,0.0000000000000000e+00,7.0710678118654757e-01,False,True,1.5258412331502824e-08,1.5258412331502810e-08,2.6559758644130049e-08,1.1845240094537087e-17,9.1689882164158581e-17,7.2327825647431289e-13,132,False,False,True,True,False,False,False,False,Injecting fixed non-final-stage velocity-row energy loses the terminal-bridge local span.,derive a nonlinear full component-mixing or value-level source-free velocity compression,The probe fixes the final-stage coefficient at one and injects stage-0/stage-1 velocity rows; it tests whether non-final energy can be added without losing the local terminal-bridge span.
cylindrical_sharp,0.04,stage1_eta_final1,paper_tfe_lower_pair_velocity_compression_nondegenerate_near_selector_spans_not_full_tfe,,0.0000000000000000e+00,"0.0000000000000000e+00,0.0000000000000000e+00,1.0000000000000000e+00",fixed_stage1_nonfinal_injection,24,8,16,24,8,132,24,24,0,4.7326773809892167e+01,3.7137778489504708e-01,5.9253509467104930e-16,1.5955049514835741e-15,3.8230923152759064e-15,8.2812407106272599e-16,0.0000000000000000e+00,0.0000000000000000e+00,8,1.0000000000000000e+00,2.8284271247461903e+00,1.0000000000000000e+00,0.0000000000000000e+00,0.0000000000000000e+00,0.0000000000000000e+00,0.0000000000000000e+00,0.0000000000000000e+00,1.0000000000000000e+00,True,False,6.7793097057991046e-16,1.1845240094537087e-17,2.6559758644130049e-08,1.1845240094537087e-17,9.1689882164158581e-17,7.2327825647431289e-13,132,True,True,True,True,False,False,False,False,"This row is numerically the final-stage selector, so it is not an independent full TFE replacement.",derive a nonlinear full component-mixing or value-level source-free velocity compression,The probe fixes the final-stage coefficient at one and injects stage-0/stage-1 velocity rows; it tests whether non-final energy can be added without losing the local terminal-bridge span.
cylindrical_sharp,0.04,stage1_eta_final1,paper_tfe_lower_pair_velocity_compression_nondegenerate_tradeoff_not_full_tfe,,1.0000000000000000e-08,"0.0000000000000000e+00,1.0000000000000000e-08,1.0000000000000000e+00",fixed_stage1_nonfinal_injection,24,8,16,24,8,132,24,32,8,4.7326773781452772e+01,3.7137778489504708e-01,4.6329010925827847e-09,1.2474900979583531e-08,1.2643236997867643e-08,1.1982046865603072e-08,4.6338641548960730e-09,1.2710001626672437e-08,8,1.0000000000000000e+00,2.8284271247461903e+00,1.0000000000000000e+00,2.8284271247461904e-08,1.0000000000000000e-08,1.0000000000000000e-08,0.0000000000000000e+00,1.0000000000000000e-08,1.0000000000000000e+00,False,False,7.1237000938737602e-16,2.1913680456748453e-16,2.6559758644130049e-08,1.1845240094537087e-17,9.1689882164158581e-17,7.2327825647431289e-13,132,False,False,True,True,False,False,False,False,Injecting fixed non-final-stage velocity-row energy loses the terminal-bridge local span.,derive a nonlinear full component-mixing or value-level source-free velocity compression,The probe fixes the final-stage coefficient at one and injects stage-0/stage-1 velocity rows; it tests whether non-final energy can be added without losing the local terminal-bridge span.
cylindrical_sharp,0.04,stage1_eta_final1,paper_tfe_lower_pair_velocity_compression_nondegenerate_tradeoff_not_full_tfe,,9.9999999999999995e-07,"0.0000000000000000e+00,9.9999999999999995e-07,1.0000000000000000e+00",fixed_stage1_nonfinal_injection,24,8,16,24,8,132,24,32,8,4.7326770965917433e+01,3.7137778489504708e-01,4.6329010218373882e-07,1.2474900789089110e-06,1.2643236993410527e-06,1.1982046301468959e-06,4.6338641549509112e-07,1.2710001626822850e-06,8,1.0000000000000000e+00,2.8284271247476043e+00,1.0000000000000000e+00,2.8284271247461899e-06,9.9999999999999995e-07,9.9999999999949999e-07,0.0000000000000000e+00,9.9999999999949999e-07,9.9999999999950007e-01,False,False,2.1751396951192986e-14,2.1740832993176895e-14,2.6559758644130049e-08,1.1845240094537087e-17,9.1689882164158581e-17,7.2327825647431289e-13,132,False,False,True,True,False,False,False,False,Injecting fixed non-final-stage velocity-row energy loses the terminal-bridge local span.,derive a nonlinear full component-mixing or value-level source-free velocity compression,The probe fixes the final-stage coefficient at one and injects stage-0/stage-1 velocity rows; it tests whether non-final energy can be added without losing the local terminal-bridge span.
cylindrical_sharp,0.04,stage1_eta_final1,paper_tfe_lower_pair_velocity_compression_nondegenerate_tradeoff_not_full_tfe,,1.0000000000000000e-04,"0.0000000000000000e+00,1.0000000000000000e-04,1.0000000000000000e+00",fixed_stage1_nonfinal_injection,24,8,16,24,8,132,24,32,8,4.7326489048986140e+01,3.7137778489504708e-01,4.6328939081865182e-05,1.2474881634333065e-04,1.2643236450639135e-04,1.1981989751737002e-04,4.6338641549504252e-05,1.2710001626821518e-04,8,1.0000000000000000e+00,2.8284271388883258e+00,1.0000000000000000e+00,2.8284271247461902e-04,9.9999999999999991e-05,9.9999999500000007e-05,0.0000000000000000e+00,9.9999999500000007e-05,9.9999999500000003e-01,False,False,2.1739418086404619e-12,2.1739417029683365e-12,2.6559758644130049e-08,1.1845240094537087e-17,9.1689882164158581e-17,7.2327825647431289e-13,132,False,False,True,True,False,False,False,False,Injecting fixed non-final-stage velocity-row energy loses the terminal-bridge local span.,derive a nonlinear full component-mixing or value-level source-free velocity compression,The probe fixes the final-stage coefficient at one and injects stage-0/stage-1 velocity rows; it tests whether non-final energy can be added without losing the local terminal-bridge span.
cylindrical_sharp,0.04,stage1_eta_final1,paper_tfe_lower_pair_velocity_compression_nondegenerate_tradeoff_not_full_tfe,,1.0000000000000000e-03,"0.0000000000000000e+00,1.0000000000000000e-03,1.0000000000000000e+00",fixed_stage1_nonfinal_injection,24,8,16,24,8,132,24,32,8,4.7323893166410620e+01,3.7137778489504708e-01,4.6328258770470795e-04,1.2474698448525496e-03,1.2643222423062617e-03,1.1981467029030027e-03,4.6338641549504336e-04,1.2710001626821540e-03,8,1.0000000000000000e+00,2.8284285389593986e+00,1.0000000000000000e+00,2.8284271247461901e-03,1.0000000000000000e-03,9.9999950000037520e-04,0.0000000000000000e+00,9.9999950000037520e-04,9.9999950000037519e-01,False,False,2.1739404196446864e-11,2.1739404185879645e-11,2.6559758644130049e-08,1.1845240094537087e-17,9.1689882164158581e-17,7.2327825647431289e-13,132,False,False,True,True,False,False,False,False,Injecting fixed non-final-stage velocity-row energy loses the terminal-bridge local span.,derive a nonlinear full component-mixing or value-level source-free velocity compression,The probe fixes the final-stage coefficient at one and injects stage-0/stage-1 velocity rows; it tests whether non-final energy can be added without losing the local terminal-bridge span.
cylindrical_sharp,0.04,stage1_eta_final1,paper_tfe_lower_pair_velocity_compression_nondegenerate_tradeoff_not_full_tfe,,1.0000000000000000e-02,"0.0000000000000000e+00,1.0000000000000000e-02,1.0000000000000000e+00",fixed_stage1_nonfinal_injection,24,8,16,24,8,132,24,32,8,4.7294669351441939e+01,3.7137778489504708e-01,4.6318126368526747e-03,1.2471970121103621e-02,1.2642181140360075e-02,1.1975385482976969e-02,4.6338641549504341e-03,1.2710001626821543e-02,8,1.0000000000000000e+00,2.8285685425670701e+00,1.0000000000000000e+00,2.8284271247461901e-02,1.0000000000000000e-02,9.9995000374968751e-03,0.0000000000000000e+00,9.9995000374968751e-03,9.9995000374968768e-01,False,True,2.1739402901633284e-10,2.1739402901527612e-10,2.6559758644130049e-08,1.1845240094537087e-17,9.1689882164158581e-17,7.2327825647431289e-13,132,False,False,True,True,False,False,False,False,Injecting fixed non-final-stage velocity-row energy loses the terminal-bridge local span.,derive a nonlinear full component-mixing or value-level source-free velocity compression,The probe fixes the final-stage coefficient at one and injects stage-0/stage-1 velocity rows; it tests whether non-final energy can be added without losing the local terminal-bridge span.
cylindrical_sharp,0.04,stage1_eta_final1,paper_tfe_lower_pair_velocity_compression_nondegenerate_tradeoff_not_full_tfe,,1.0000000000000001e-01,"0.0000000000000000e+00,1.0000000000000001e-01,1.0000000000000000e+00",fixed_stage1_nonfinal_injection,24,8,16,24,8,132,24,32,8,4.6685136392883457e+01,3.7137778489504708e-01,4.5889813477648048e-02,1.2356639342500440e-01,1.2542861428396554e-01,1.1831444022043071e-01,4.6338641549504338e-02,1.2710001626821540e-01,8,1.0000000000000000e+00,2.8425340807103789e+00,1.0000000000000000e+00,2.8284271247461906e-01,1.0000000000000001e-01,9.9503719020998943e-02,0.0000000000000000e+00,9.9503719020998943e-02,9.9503719020998926e-01,False,True,2.1739402773093747e-09,2.1739402773092688e-09,2.6559758644130049e-08,1.1845240094537087e-17,9.1689882164158581e-17,7.2327825647431289e-13,132,False,False,True,True,False,False,False,False,Injecting fixed non-final-stage velocity-row energy loses the terminal-bridge local span.,derive a nonlinear full component-mixing or value-level source-free velocity compression,The probe fixes the final-stage coefficient at one and injects stage-0/stage-1 velocity rows; it tests whether non-final energy can be added without losing the local terminal-bridge span.
cylindrical_sharp,0.04,stage1_eta_final1,paper_tfe_lower_pair_velocity_compression_nondegenerate_tradeoff_not_full_tfe,,1.0000000000000000e+00,"0.0000000000000000e+00,1.0000000000000000e+00,1.0000000000000000e+00",fixed_stage1_nonfinal_injection,24,8,16,24,8,132,24,32,8,3.7073942405083088e+01,3.7137778489504708e-01,2.8483062755644434e-01,7.6695655782679262e-01,7.8401562033375238e-01,7.2858358173877369e-01,4.6338641549504339e-01,1.2710001626821541e+00,8,1.0000000000000000e+00,4.0000000000000000e+00,1.0000000000000000e+00,2.8284271247461903e+00,1.0000000000000000e+00,7.0710678118654757e-01,0.0000000000000000e+00,7.0710678118654757e-01,7.0710678118654757e-01,False,True,2.1739402760249210e-08,2.1739402760249200e-08,2.6559758644130049e-08,1.1845240094537087e-17,9.1689882164158581e-17,7.2327825647431289e-13,132,False,False,True,True,False,False,False,False,Injecting fixed non-final-stage velocity-row energy loses the terminal-bridge local span.,derive a nonlinear full component-mixing or value-level source-free velocity compression,The probe fixes the final-stage coefficient at one and injects stage-0/stage-1 velocity rows; it tests whether non-final energy can be added without losing the local terminal-bridge span.
cylindrical_sharp,0.04,stage01_equal_eta_final1,paper_tfe_lower_pair_velocity_compression_nondegenerate_near_selector_spans_not_full_tfe,,0.0000000000000000e+00,"0.0000000000000000e+00,0.0000000000000000e+00,1.0000000000000000e+00",fixed_equal_nonfinal_injection,24,8,16,24,8,132,24,24,0,4.7326773809892167e+01,3.7137778489504708e-01,5.9253509467104930e-16,1.5955049514835741e-15,3.8230923152759064e-15,8.2812407106272599e-16,0.0000000000000000e+00,0.0000000000000000e+00,8,1.0000000000000000e+00,2.8284271247461903e+00,1.0000000000000000e+00,0.0000000000000000e+00,0.0000000000000000e+00,0.0000000000000000e+00,0.0000000000000000e+00,0.0000000000000000e+00,1.0000000000000000e+00,True,False,6.7793097057991046e-16,1.1845240094537087e-17,2.6559758644130049e-08,1.1845240094537087e-17,9.1689882164158581e-17,7.2327825647431289e-13,132,True,True,True,True,False,False,False,False,"This row is numerically the final-stage selector, so it is not an independent full TFE replacement.",derive a nonlinear full component-mixing or value-level source-free velocity compression,The probe fixes the final-stage coefficient at one and injects stage-0/stage-1 velocity rows; it tests whether non-final energy can be added without losing the local terminal-bridge span.
cylindrical_sharp,0.04,stage01_equal_eta_final1,paper_tfe_lower_pair_velocity_compression_nondegenerate_tradeoff_not_full_tfe,,1.0000000000000000e-08,"1.0000000000000000e-08,1.0000000000000000e-08,1.0000000000000000e+00",fixed_equal_nonfinal_injection,24,8,16,24,8,132,24,32,8,4.7326773778336111e+01,3.7137778489504708e-01,5.9187170903700765e-09,1.5937186689943585e-08,1.6117170103821671e-08,1.5319539637724687e-08,5.9196757176107135e-09,1.6236791905241542e-08,8,1.0000000000000000e+00,2.8284271247461903e+00,1.0000000000000000e+00,4.0000000000000001e-08,1.4142135623730950e-08,1.4142135623730952e-08,1.0000000000000000e-08,1.0000000000000000e-08,1.0000000000000000e+00,False,False,6.8119854540113338e-16,6.7685796871261023e-17,2.6559758644130049e-08,1.1845240094537087e-17,9.1689882164158581e-17,7.2327825647431289e-13,132,False,False,True,True,False,False,False,False,Injecting fixed non-final-stage velocity-row energy loses the terminal-bridge local span.,derive a nonlinear full component-mixing or value-level source-free velocity compression,The probe fixes the final-stage coefficient at one and injects stage-0/stage-1 velocity rows; it tests whether non-final energy can be added without losing the local terminal-bridge span.
cylindrical_sharp,0.04,stage01_equal_eta_final1,paper_tfe_lower_pair_velocity_compression_nondegenerate_tradeoff_not_full_tfe,,9.9999999999999995e-07,"9.9999999999999995e-07,9.9999999999999995e-07,1.0000000000000000e+00",fixed_equal_nonfinal_injection,24,8,16,24,8,132,24,32,8,4.7326770654225584e+01,3.7137778489504708e-01,5.9187169877354938e-07,1.5937186413581923e-06,1.6117170097379433e-06,1.5319538827071739e-06,5.9196757175602053e-07,1.6236791905103006e-06,8,1.0000000000000000e+00,2.8284271247490187e+00,1.0000000000000000e+00,3.9999999999999998e-06,1.4142135623730949e-06,1.4142135623716806e-06,9.9999999999899982e-07,9.9999999999899982e-07,9.9999999999900002e-01,False,False,6.5788708834552890e-15,6.5438591068281149e-15,2.6559758644130049e-08,1.1845240094537087e-17,9.1689882164158581e-17,7.2327825647431289e-13,132,False,False,True,True,False,False,False,False,Injecting fixed non-final-stage velocity-row energy loses the terminal-bridge local span.,derive a nonlinear full component-mixing or value-level source-free velocity compression,The probe fixes the final-stage coefficient at one and injects stage-0/stage-1 velocity rows; it tests whether non-final energy can be added without losing the local terminal-bridge span.
cylindrical_sharp,0.04,stage01_equal_eta_final1,paper_tfe_lower_pair_velocity_compression_nondegenerate_tradeoff_not_full_tfe,,1.0000000000000000e-04,"1.0000000000000000e-04,1.0000000000000000e-04,1.0000000000000000e+00",fixed_equal_nonfinal_injection,24,8,16,24,8,132,24,32,8,4.7326457649195120e+01,3.7137778489504708e-01,5.9187066444687718e-05,1.5937158562517203e-04,1.6117169245022202e-04,1.5319457531578007e-04,5.9196757175592449e-05,1.6236791905100372e-04,8,1.0000000000000000e+00,2.8284271530304612e+00,1.0000000000000000e+00,4.0000000000000002e-04,1.4142135623730951e-04,1.4142135482309598e-04,9.9999999000000022e-05,9.9999999000000022e-05,9.9999999000000017e-01,False,False,6.5426379571108362e-13,6.5426344459107855e-13,2.6559758644130049e-08,1.1845240094537087e-17,9.1689882164158581e-17,7.2327825647431289e-13,132,False,False,True,True,False,False,False,False,Injecting fixed non-final-stage velocity-row energy loses the terminal-bridge local span.,derive a nonlinear full component-mixing or value-level source-free velocity compression,The probe fixes the final-stage coefficient at one and injects stage-0/stage-1 velocity rows; it tests whether non-final energy can be added without losing the local terminal-bridge span.
cylindrical_sharp,0.04,stage01_equal_eta_final1,paper_tfe_lower_pair_velocity_compression_nondegenerate_tradeoff_not_full_tfe,,1.0000000000000000e-03,"1.0000000000000000e-03,1.0000000000000000e-03,1.0000000000000000e+00",fixed_equal_nonfinal_injection,24,8,16,24,8,132,24,32,8,4.7323558208514839e+01,3.7137778489504708e-01,5.9186056002216486e-04,1.5936886483111183e-03,1.6117142658935047e-03,1.5318700401066641e-03,5.9196757175592482e-04,1.6236791905100381e-03,8,1.0000000000000000e+00,2.8284299531719004e+00,1.0000000000000000e+00,4.0000000000000001e-03,1.4142135623730950e-03,1.4142121481616541e-03,9.9999900000150000e-04,9.9999900000150000e-04,9.9999900000150010e-01,False,True,6.5426234430985064e-12,6.5426234079864375e-12,2.6559758644130049e-08,1.1845240094537087e-17,9.1689882164158581e-17,7.2327825647431289e-13,132,False,False,True,True,False,False,False,False,Injecting fixed non-final-stage velocity-row energy loses the terminal-bridge local span.,derive a nonlinear full component-mixing or value-level source-free velocity compression,The probe fixes the final-stage coefficient at one and injects stage-0/stage-1 velocity rows; it tests whether non-final energy can be added without losing the local terminal-bridge span.
cylindrical_sharp,0.04,stage01_equal_eta_final1,paper_tfe_lower_pair_velocity_compression_nondegenerate_tradeoff_not_full_tfe,,1.0000000000000000e-02,"1.0000000000000000e-02,1.0000000000000000e-02,1.0000000000000000e+00",fixed_equal_nonfinal_injection,24,8,16,24,8,132,24,32,8,4.7289228686585737e+01,3.7137778489504708e-01,5.9169005492592007e-03,1.5932295333527670e-02,1.6115010457847141e-02,1.5309340564072330e-02,5.9196757175592491e-03,1.6236791905100384e-02,8,1.0000000000000000e+00,2.8287099533179432e+00,1.0000000000000000e+00,4.0000000000000001e-02,1.4142135623730949e-02,1.4140721622265262e-02,9.9990001499750038e-03,9.9990001499750038e-03,9.9990001499750047e-01,False,True,6.5426223046396391e-11,6.5426223042885177e-11,2.6559758644130049e-08,1.1845240094537087e-17,9.1689882164158581e-17,7.2327825647431289e-13,132,False,False,True,True,False,False,False,False,Injecting fixed non-final-stage velocity-row energy loses the terminal-bridge local span.,derive a nonlinear full component-mixing or value-level source-free velocity compression,The probe fixes the final-stage coefficient at one and injects stage-0/stage-1 velocity rows; it tests whether non-final energy can be added without losing the local terminal-bridge span.
cylindrical_sharp,0.04,stage01_equal_eta_final1,paper_tfe_lower_pair_velocity_compression_nondegenerate_tradeoff_not_full_tfe,,1.0000000000000001e-01,"1.0000000000000001e-01,1.0000000000000001e-01,1.0000000000000000e+00",fixed_equal_nonfinal_injection,24,8,16,24,8,132,24,32,8,4.6432739692100498e+01,3.7137778489504708e-01,5.8322419335177657e-02,1.5704337121742437e-01,1.5911030930626574e-01,1.5043456179074435e-01,5.9196757175592488e-02,1.6236791905100381e-01,8,1.0000000000000000e+00,2.8565713714171399e+00,1.0000000000000000e+00,4.0000000000000002e-01,1.4142135623730950e-01,1.4002800840280102e-01,9.9014754297667457e-02,9.9014754297667457e-02,9.9014754297667440e-01,False,True,6.5426221939231842e-10,6.5426221939196728e-10,2.6559758644130049e-08,1.1845240094537087e-17,9.1689882164158581e-17,7.2327825647431289e-13,132,False,False,True,True,False,False,False,False,Injecting fixed non-final-stage velocity-row energy loses the terminal-bridge local span.,derive a nonlinear full component-mixing or value-level source-free velocity compression,The probe fixes the final-stage coefficient at one and injects stage-0/stage-1 velocity rows; it tests whether non-final energy can be added without losing the local terminal-bridge span.
cylindrical_sharp,0.04,stage01_equal_eta_final1,paper_tfe_lower_pair_velocity_compression_nondegenerate_tradeoff_not_full_tfe,,1.0000000000000000e+00,"1.0000000000000000e+00,1.0000000000000000e+00,1.0000000000000000e+00",fixed_equal_nonfinal_injection,24,8,16,24,8,132,24,32,8,3.7068792559118009e+01,3.7137778489504708e-01,3.0892048724393156e-01,8.3182274171631942e-01,8.4937580112412758e-01,7.9241952290198125e-01,5.9196757175592496e-01,1.6236791905100385e+00,8,1.0000000000000000e+00,4.8989794855663558e+00,1.0000000000000000e+00,4.0000000000000000e+00,1.4142135623730949e+00,8.1649658092772615e-01,5.7735026918962584e-01,5.7735026918962584e-01,5.7735026918962584e-01,False,True,6.5426221828828321e-09,6.5426221828827965e-09,2.6559758644130049e-08,1.1845240094537087e-17,9.1689882164158581e-17,7.2327825647431289e-13,132,False,False,True,True,False,False,False,False,Injecting fixed non-final-stage velocity-row energy loses the terminal-bridge local span.,derive a nonlinear full component-mixing or value-level source-free velocity compression,The probe fixes the final-stage coefficient at one and injects stage-0/stage-1 velocity rows; it tests whether non-final energy can be added without losing the local terminal-bridge span.
cylindrical_sharp,0.04,stage01_difference_eta_final1,paper_tfe_lower_pair_velocity_compression_nondegenerate_near_selector_spans_not_full_tfe,,0.0000000000000000e+00,"0.0000000000000000e+00,-0.0000000000000000e+00,1.0000000000000000e+00",fixed_difference_nonfinal_injection,24,8,16,24,8,132,24,24,0,4.7326773809892167e+01,3.7137778489504708e-01,5.9253509467104930e-16,1.5955049514835741e-15,3.8230923152759064e-15,8.2812407106272599e-16,0.0000000000000000e+00,0.0000000000000000e+00,8,1.0000000000000000e+00,2.8284271247461903e+00,1.0000000000000000e+00,0.0000000000000000e+00,0.0000000000000000e+00,0.0000000000000000e+00,0.0000000000000000e+00,0.0000000000000000e+00,1.0000000000000000e+00,True,False,6.7793097057991046e-16,1.1845240094537087e-17,2.6559758644130049e-08,1.1845240094537087e-17,9.1689882164158581e-17,7.2327825647431289e-13,132,True,True,True,True,False,False,False,False,"This row is numerically the final-stage selector, so it is not an independent full TFE replacement.",derive a nonlinear full component-mixing or value-level source-free velocity compression,The probe fixes the final-stage coefficient at one and injects stage-0/stage-1 velocity rows; it tests whether non-final energy can be added without losing the local terminal-bridge span.
cylindrical_sharp,0.04,stage01_difference_eta_final1,paper_tfe_lower_pair_velocity_compression_nondegenerate_tradeoff_not_full_tfe,,1.0000000000000000e-08,"1.0000000000000000e-08,-1.0000000000000000e-08,1.0000000000000000e+00",fixed_difference_nonfinal_injection,24,8,16,24,8,132,24,32,8,4.7326773835214858e+01,3.7137778489504708e-01,5.9113791752200603e-09,1.5917428062883839e-08,1.6116705807339501e-08,1.5262293553207398e-08,5.9119536075644289e-09,1.6215611303486975e-08,8,1.0000000000000000e+00,2.8284271247461903e+00,1.0000000000000000e+00,4.0000000000000001e-08,1.4142135623730950e-08,1.4142135623730952e-08,1.0000000000000000e-08,1.0000000000000000e-08,1.0000000000000000e+00,False,False,7.7156561662433021e-16,3.6859654040476369e-16,2.6559758644130049e-08,1.1845240094537087e-17,9.1689882164158581e-17,7.2327825647431289e-13,132,False,False,True,True,False,False,False,False,Injecting fixed non-final-stage velocity-row energy loses the terminal-bridge local span.,derive a nonlinear full component-mixing or value-level source-free velocity compression,The probe fixes the final-stage coefficient at one and injects stage-0/stage-1 velocity rows; it tests whether non-final energy can be added without losing the local terminal-bridge span.
cylindrical_sharp,0.04,stage01_difference_eta_final1,paper_tfe_lower_pair_velocity_compression_nondegenerate_tradeoff_not_full_tfe,,9.9999999999999995e-07,"9.9999999999999995e-07,-9.9999999999999995e-07,1.0000000000000000e+00",fixed_difference_nonfinal_injection,24,8,16,24,8,132,24,32,8,4.7326776342102022e+01,3.7137778489504708e-01,5.9113792540533584e-07,1.5917428275156359e-06,1.6116705812240390e-06,1.5262294180727863e-06,5.9119536076510734e-07,1.6215611303724627e-06,8,1.0000000000000000e+00,2.8284271247490187e+00,1.0000000000000000e+00,3.9999999999999998e-06,1.4142135623730949e-06,1.4142135623716806e-06,9.9999999999899982e-07,9.9999999999899982e-07,9.9999999999900002e-01,False,False,3.6991717955669837e-14,3.6985507259204487e-14,2.6559758644130049e-08,1.1845240094537087e-17,9.1689882164158581e-17,7.2327825647431289e-13,132,False,False,True,True,False,False,False,False,Injecting fixed non-final-stage velocity-row energy loses the terminal-bridge local span.,derive a nonlinear full component-mixing or value-level source-free velocity compression,The probe fixes the final-stage coefficient at one and injects stage-0/stage-1 velocity rows; it tests whether non-final energy can be added without losing the local terminal-bridge span.
cylindrical_sharp,0.04,stage01_difference_eta_final1,paper_tfe_lower_pair_velocity_compression_nondegenerate_tradeoff_not_full_tfe,,1.0000000000000000e-04,"1.0000000000000000e-04,-1.0000000000000000e-04,1.0000000000000000e+00",fixed_difference_nonfinal_injection,24,8,16,24,8,132,24,32,8,4.7327026440822365e+01,3.7137778489504708e-01,5.9113870555965743e-05,1.5917449282183525e-04,1.6116706096265369e-04,1.5262356660199601e-04,5.9119536076513523e-05,1.6215611303725392e-04,8,1.0000000000000000e+00,2.8284271530304612e+00,1.0000000000000000e+00,4.0000000000000002e-04,1.4142135623730951e-04,1.4142135482309598e-04,9.9999999000000022e-05,9.9999999000000022e-05,9.9999999000000017e-01,False,False,3.6986952009466230e-12,3.6986951388368693e-12,2.6559758644130049e-08,1.1845240094537087e-17,9.1689882164158581e-17,7.2327825647431289e-13,132,False,False,True,True,False,False,False,False,Injecting fixed non-final-stage velocity-row energy loses the terminal-bridge local span.,derive a nonlinear full component-mixing or value-level source-free velocity compression,The probe fixes the final-stage coefficient at one and injects stage-0/stage-1 velocity rows; it tests whether non-final energy can be added without losing the local terminal-bridge span.
cylindrical_sharp,0.04,stage01_difference_eta_final1,paper_tfe_lower_pair_velocity_compression_nondegenerate_tradeoff_not_full_tfe,,1.0000000000000000e-03,"1.0000000000000000e-03,-1.0000000000000000e-03,1.0000000000000000e+00",fixed_difference_nonfinal_injection,24,8,16,24,8,132,24,32,8,4.7329246470829624e+01,3.7137778489504708e-01,5.9114509876725637e-04,1.5917621430541853e-03,1.6116689842478806e-03,1.5262906752188026e-03,5.9119536076513433e-04,1.6215611303725366e-03,8,1.0000000000000000e+00,2.8284299531719004e+00,1.0000000000000000e+00,4.0000000000000001e-03,1.4142135623730950e-03,1.4142121481616541e-03,9.9999900000150000e-04,9.9999900000150000e-04,9.9999900000150010e-01,False,True,3.6986964539821627e-11,3.6986964533610657e-11,2.6559758644130049e-08,1.1845240094537087e-17,9.1689882164158581e-17,7.2327825647431289e-13,132,False,False,True,True,False,False,False,False,Injecting fixed non-final-stage velocity-row energy loses the terminal-bridge local span.,derive a nonlinear full component-mixing or value-level source-free velocity compression,The probe fixes the final-stage coefficient at one and injects stage-0/stage-1 velocity rows; it tests whether non-final energy can be added without losing the local terminal-bridge span.
cylindrical_sharp,0.04,stage01_difference_eta_final1,paper_tfe_lower_pair_velocity_compression_nondegenerate_tradeoff_not_full_tfe,,1.0000000000000000e-02,"1.0000000000000000e-02,-1.0000000000000000e-02,1.0000000000000000e+00",fixed_difference_nonfinal_injection,24,8,16,24,8,132,24,32,8,4.7346129753079119e+01,3.7137778489504708e-01,5.9113973692620390e-03,1.5917477053541650e-02,1.6114661076478395e-02,1.5266631691566019e-02,5.9119536076513443e-03,1.6215611303725369e-02,8,1.0000000000000000e+00,2.8287099533179432e+00,1.0000000000000000e+00,4.0000000000000001e-02,1.4142135623730949e-02,1.4140721622265262e-02,9.9990001499750038e-03,9.9990001499750038e-03,9.9990001499750047e-01,False,True,3.6986965848213611e-10,3.6986965848151500e-10,2.6559758644130049e-08,1.1845240094537087e-17,9.1689882164158581e-17,7.2327825647431289e-13,132,False,False,True,True,False,False,False,False,Injecting fixed non-final-stage velocity-row energy loses the terminal-bridge local span.,derive a nonlinear full component-mixing or value-level source-free velocity compression,The probe fixes the final-stage coefficient at one and injects stage-0/stage-1 velocity rows; it tests whether non-final energy can be added without losing the local terminal-bridge span.
cylindrical_sharp,0.04,stage01_difference_eta_final1,paper_tfe_lower_pair_velocity_compression_nondegenerate_tradeoff_not_full_tfe,,1.0000000000000001e-01,"1.0000000000000001e-01,-1.0000000000000001e-01,1.0000000000000000e+00",fixed_difference_nonfinal_injection,24,8,16,24,8,132,24,32,8,4.6987916362855003e+01,3.7137778489504708e-01,5.8427781039016677e-02,1.5732707613496216e-01,1.5911686194834818e-01,1.5127962176478879e-01,5.9119536076513442e-02,1.6215611303725369e-01,8,1.0000000000000000e+00,2.8565713714171399e+00,1.0000000000000000e+00,4.0000000000000002e-01,1.4142135623730950e-01,1.4002800840280102e-01,9.9014754297667457e-02,9.9014754297667457e-02,9.9014754297667440e-01,False,True,3.6986965979606373e-09,3.6986965979605748e-09,2.6559758644130049e-08,1.1845240094537087e-17,9.1689882164158581e-17,7.2327825647431289e-13,132,False,False,True,True,False,False,False,False,Injecting fixed non-final-stage velocity-row energy loses the terminal-bridge local span.,derive a nonlinear full component-mixing or value-level source-free velocity compression,The probe fixes the final-stage coefficient at one and injects stage-0/stage-1 velocity rows; it tests whether non-final energy can be added without losing the local terminal-bridge span.
cylindrical_sharp,0.04,stage01_difference_eta_final1,paper_tfe_lower_pair_velocity_compression_nondegenerate_tradeoff_not_full_tfe,,1.0000000000000000e+00,"1.0000000000000000e+00,-1.0000000000000000e+00,1.0000000000000000e+00",fixed_difference_nonfinal_injection,24,8,16,24,8,132,24,32,8,3.7192611196650617e+01,3.7137778489504708e-01,3.1140880788801362e-01,8.3852298267118763e-01,8.4952853565170894e-01,8.1305949084641538e-01,5.9119536076513446e-01,1.6215611303725370e+00,8,1.0000000000000000e+00,4.8989794855663558e+00,1.0000000000000000e+00,4.0000000000000000e+00,1.4142135623730949e+00,8.1649658092772615e-01,5.7735026918962584e-01,5.7735026918962584e-01,5.7735026918962584e-01,False,True,3.6986965992751186e-08,3.6986965992751179e-08,2.6559758644130049e-08,1.1845240094537087e-17,9.1689882164158581e-17,7.2327825647431289e-13,132,False,False,True,True,False,False,False,False,Injecting fixed non-final-stage velocity-row energy loses the terminal-bridge local span.,derive a nonlinear full component-mixing or value-level source-free velocity compression,The probe fixes the final-stage coefficient at one and injects stage-0/stage-1 velocity rows; it tests whether non-final energy can be added without losing the local terminal-bridge span.
cylindrical_sharp,0.02,stage0_eta_final1,paper_tfe_lower_pair_velocity_compression_nondegenerate_near_selector_spans_not_full_tfe,,0.0000000000000000e+00,"0.0000000000000000e+00,0.0000000000000000e+00,1.0000000000000000e+00",fixed_stage0_nonfinal_injection,24,8,16,24,8,132,24,24,0,4.7366561181641764e+01,2.6043562229773637e-01,8.0245190381110123e-16,3.0811910319000777e-15,4.9962970557674119e-15,8.9721238607981312e-16,0.0000000000000000e+00,0.0000000000000000e+00,8,1.0000000000000000e+00,2.8284271247461903e+00,1.0000000000000000e+00,0.0000000000000000e+00,0.0000000000000000e+00,0.0000000000000000e+00,0.0000000000000000e+00,0.0000000000000000e+00,1.0000000000000000e+00,True,False,9.0464718704799920e-16,3.3518054480268797e-18,4.4012530933007930e-10,3.3518054480268797e-18,7.0631019132521786e-17,2.8951397496168292e-12,132,True,True,True,True,False,False,False,False,"This row is numerically the final-stage selector, so it is not an independent full TFE replacement.",derive a nonlinear full component-mixing or value-level source-free velocity compression,The probe fixes the final-stage coefficient at one and injects stage-0/stage-1 velocity rows; it tests whether non-final energy can be added without losing the local terminal-bridge span.
cylindrical_sharp,0.02,stage0_eta_final1,paper_tfe_lower_pair_velocity_compression_nondegenerate_tradeoff_not_full_tfe,,1.0000000000000000e-08,"1.0000000000000000e-08,0.0000000000000000e+00,1.0000000000000000e+00",fixed_stage0_nonfinal_injection,24,8,16,24,8,132,24,32,8,4.7366561182528898e+01,2.6043562229773637e-01,2.6005349788385774e-09,9.9853274905134989e-09,9.9993220893970823e-09,9.9220933997947379e-09,2.6005359349492595e-09,1.0013559466859376e-08,8,1.0000000000000000e+00,2.8284271247461903e+00,1.0000000000000000e+00,2.8284271247461904e-08,1.0000000000000000e-08,1.0000000000000000e-08,1.0000000000000000e-08,0.0000000000000000e+00,1.0000000000000000e+00,False,False,9.0465119601436449e-16,4.2997693105465798e-18,4.4012530933007930e-10,3.3518054480268797e-18,7.0631019132521786e-17,2.8951397496168292e-12,132,False,False,True,True,False,False,False,False,Injecting fixed non-final-stage velocity-row energy loses the terminal-bridge local span.,derive a nonlinear full component-mixing or value-level source-free velocity compression,The probe fixes the final-stage coefficient at one and injects stage-0/stage-1 velocity rows; it tests whether non-final energy can be added without losing the local terminal-bridge span.
cylindrical_sharp,0.02,stage0_eta_final1,paper_tfe_lower_pair_velocity_compression_nondegenerate_tradeoff_not_full_tfe,,9.9999999999999995e-07,"9.9999999999999995e-07,0.0000000000000000e+00,1.0000000000000000e+00",fixed_stage0_nonfinal_injection,24,8,16,24,8,132,24,32,8,4.7366561270333492e+01,2.6043562229773637e-01,2.6005349801564384e-07,9.9853274955737177e-07,9.9993220895048838e-07,9.9220934153321116e-07,2.6005359349501385e-07,1.0013559466862760e-06,8,1.0000000000000000e+00,2.8284271247476043e+00,1.0000000000000000e+00,2.8284271247461899e-06,9.9999999999999995e-07,9.9999999999949999e-07,9.9999999999949999e-07,0.0000000000000000e+00,9.9999999999950007e-01,False,False,9.4398552073092479e-16,2.6969123996811471e-16,4.4012530933007930e-10,3.3518054480268797e-18,7.0631019132521786e-17,2.8951397496168292e-12,132,False,False,True,True,False,False,False,False,Injecting fixed non-final-stage velocity-row energy loses the terminal-bridge local span.,derive a nonlinear full component-mixing or value-level source-free velocity compression,The probe fixes the final-stage coefficient at one and injects stage-0/stage-1 velocity rows; it tests whether non-final energy can be added without losing the local terminal-bridge span.
cylindrical_sharp,0.02,stage0_eta_final1,paper_tfe_lower_pair_velocity_compression_nondegenerate_tradeoff_not_full_tfe,,1.0000000000000000e-04,"1.0000000000000000e-04,0.0000000000000000e+00,1.0000000000000000e+00",fixed_stage0_nonfinal_injection,24,8,16,24,8,132,24,32,8,4.7366569817567495e+01,2.6043562229773637e-01,2.6005350988157090e-05,9.9853279511921523e-05,9.9993220509103412e-05,9.9220949140639146e-05,2.6005359349501530e-05,1.0013559466862816e-04,8,1.0000000000000000e+00,2.8284271388883258e+00,1.0000000000000000e+00,2.8284271247461902e-04,9.9999999999999991e-05,9.9999999500000007e-05,9.9999999500000007e-05,0.0000000000000000e+00,9.9999999500000003e-01,False,False,2.6982558929054418e-14,2.6967389771007876e-14,4.4012530933007930e-10,3.3518054480268797e-18,7.0631019132521786e-17,2.8951397496168292e-12,132,False,False,True,True,False,False,False,False,Injecting fixed non-final-stage velocity-row energy loses the terminal-bridge local span.,derive a nonlinear full component-mixing or value-level source-free velocity compression,The probe fixes the final-stage coefficient at one and injects stage-0/stage-1 velocity rows; it tests whether non-final energy can be added without losing the local terminal-bridge span.
cylindrical_sharp,0.02,stage0_eta_final1,paper_tfe_lower_pair_velocity_compression_nondegenerate_tradeoff_not_full_tfe,,1.0000000000000000e-03,"1.0000000000000000e-03,0.0000000000000000e+00,1.0000000000000000e+00",fixed_stage0_nonfinal_injection,24,8,16,24,8,132,24,32,8,4.7366626336386084e+01,2.6043562229773637e-01,2.6005350052374897e-04,9.9853275918779434e-04,9.9993172048852617e-04,9.9221040706085604e-04,2.6005359349501534e-04,1.0013559466862819e-03,8,1.0000000000000000e+00,2.8284285389593986e+00,1.0000000000000000e+00,2.8284271247461901e-03,1.0000000000000000e-03,9.9999950000037520e-04,9.9999950000037520e-04,0.0000000000000000e+00,9.9999950000037519e-01,False,False,2.6967544466840147e-13,2.6967392733039957e-13,4.4012530933007930e-10,3.3518054480268797e-18,7.0631019132521786e-17,2.8951397496168292e-12,132,False,False,True,True,False,False,False,False,Injecting fixed non-final-stage velocity-row energy loses the terminal-bridge local span.,derive a nonlinear full component-mixing or value-level source-free velocity compression,The probe fixes the final-stage coefficient at one and injects stage-0/stage-1 velocity rows; it tests whether non-final energy can be added without losing the local terminal-bridge span.
cylindrical_sharp,0.02,stage0_eta_final1,paper_tfe_lower_pair_velocity_compression_nondegenerate_tradeoff_not_full_tfe,,1.0000000000000000e-02,"1.0000000000000000e-02,0.0000000000000000e+00,1.0000000000000000e+00",fixed_stage0_nonfinal_injection,24,8,16,24,8,132,24,32,8,4.7365092344390092e+01,2.6043562229773637e-01,2.6004179035838248e-03,9.9848779542568242e-03,9.9988233146878179e-03,9.9217528482629901e-03,2.6005359349501531e-03,1.0013559466862816e-02,8,1.0000000000000000e+00,2.8285685425670701e+00,1.0000000000000000e+00,2.8284271247461901e-02,1.0000000000000000e-02,9.9995000374968751e-03,9.9995000374968751e-03,0.0000000000000000e+00,9.9995000374968768e-01,False,True,2.6967394565144861e-12,2.6967393047802651e-12,4.4012530933007930e-10,3.3518054480268797e-18,7.0631019132521786e-17,2.8951397496168292e-12,132,False,False,True,True,False,False,False,False,Injecting fixed non-final-stage velocity-row energy loses the terminal-bridge local span.,derive a nonlinear full component-mixing or value-level source-free velocity compression,The probe fixes the final-stage coefficient at one and injects stage-0/stage-1 velocity rows; it tests whether non-final energy can be added without losing the local terminal-bridge span.
cylindrical_sharp,0.02,stage0_eta_final1,paper_tfe_lower_pair_velocity_compression_nondegenerate_tradeoff_not_full_tfe,,1.0000000000000001e-01,"1.0000000000000001e-01,0.0000000000000000e+00,1.0000000000000000e+00",fixed_stage0_nonfinal_injection,24,8,16,24,8,132,24,32,8,4.7141460355445382e+01,2.6043562229773637e-01,2.5877247024231428e-02,9.9361396094455642e-02,9.9497264996551982e-02,9.8743074983515589e-02,2.6005359349501531e-02,1.0013559466862816e-01,8,1.0000000000000000e+00,2.8425340807103789e+00,1.0000000000000000e+00,2.8284271247461906e-01,1.0000000000000001e-01,9.9503719020998943e-02,9.9503719020998943e-02,0.0000000000000000e+00,9.9503719020998926e-01,False,True,2.6967393094637933e-11,2.6967393079464510e-11,4.4012530933007930e-10,3.3518054480268797e-18,7.0631019132521786e-17,2.8951397496168292e-12,132,False,False,True,True,False,False,False,False,Injecting fixed non-final-stage velocity-row energy loses the terminal-bridge local span.,derive a nonlinear full component-mixing or value-level source-free velocity compression,The probe fixes the final-stage coefficient at one and injects stage-0/stage-1 velocity rows; it tests whether non-final energy can be added without losing the local terminal-bridge span.
cylindrical_sharp,0.02,stage0_eta_final1,paper_tfe_lower_pair_velocity_compression_nondegenerate_tradeoff_not_full_tfe,,1.0000000000000000e+00,"1.0000000000000000e+00,0.0000000000000000e+00,1.0000000000000000e+00",fixed_stage0_nonfinal_injection,24,8,16,24,8,132,24,32,8,3.6711783194746666e+01,2.6043562229773637e-01,1.8380668812705553e-01,7.0576630994404921e-01,7.0706402196551210e-01,7.0185660174191733e-01,2.6005359349501533e-01,1.0013559466862818e+00,8,1.0000000000000000e+00,4.0000000000000000e+00,1.0000000000000000e+00,2.8284271247461903e+00,1.0000000000000000e+00,7.0710678118654757e-01,7.0710678118654757e-01,0.0000000000000000e+00,7.0710678118654757e-01,False,True,2.6967393082784292e-10,2.6967393082632556e-10,4.4012530933007930e-10,3.3518054480268797e-18,7.0631019132521786e-17,2.8951397496168292e-12,132,False,False,True,True,False,False,False,False,Injecting fixed non-final-stage velocity-row energy loses the terminal-bridge local span.,derive a nonlinear full component-mixing or value-level source-free velocity compression,The probe fixes the final-stage coefficient at one and injects stage-0/stage-1 velocity rows; it tests whether non-final energy can be added without losing the local terminal-bridge span.
cylindrical_sharp,0.02,stage1_eta_final1,paper_tfe_lower_pair_velocity_compression_nondegenerate_near_selector_spans_not_full_tfe,,0.0000000000000000e+00,"0.0000000000000000e+00,0.0000000000000000e+00,1.0000000000000000e+00",fixed_stage1_nonfinal_injection,24,8,16,24,8,132,24,24,0,4.7366561181641764e+01,2.6043562229773637e-01,8.0245190381110123e-16,3.0811910319000777e-15,4.9962970557674119e-15,8.9721238607981312e-16,0.0000000000000000e+00,0.0000000000000000e+00,8,1.0000000000000000e+00,2.8284271247461903e+00,1.0000000000000000e+00,0.0000000000000000e+00,0.0000000000000000e+00,0.0000000000000000e+00,0.0000000000000000e+00,0.0000000000000000e+00,1.0000000000000000e+00,True,False,9.0464718704799920e-16,3.3518054480268797e-18,4.4012530933007930e-10,3.3518054480268797e-18,7.0631019132521786e-17,2.8951397496168292e-12,132,True,True,True,True,False,False,False,False,"This row is numerically the final-stage selector, so it is not an independent full TFE replacement.",derive a nonlinear full component-mixing or value-level source-free velocity compression,The probe fixes the final-stage coefficient at one and injects stage-0/stage-1 velocity rows; it tests whether non-final energy can be added without losing the local terminal-bridge span.
cylindrical_sharp,0.02,stage1_eta_final1,paper_tfe_lower_pair_velocity_compression_nondegenerate_tradeoff_not_full_tfe,,1.0000000000000000e-08,"0.0000000000000000e+00,1.0000000000000000e-08,1.0000000000000000e+00",fixed_stage1_nonfinal_injection,24,8,16,24,8,132,24,32,8,4.7366561177999060e+01,2.6043562229773637e-01,3.2881932249468964e-09,1.2625742960721993e-08,1.2648263758723735e-08,1.2547901899816802e-08,3.2882043423255246e-09,1.2661478458556395e-08,8,1.0000000000000000e+00,2.8284271247461903e+00,1.0000000000000000e+00,2.8284271247461904e-08,1.0000000000000000e-08,1.0000000000000000e-08,0.0000000000000000e+00,1.0000000000000000e-08,1.0000000000000000e+00,False,False,9.0465393377866257e-16,4.8416388870948491e-18,4.4012530933007930e-10,3.3518054480268797e-18,7.0631019132521786e-17,2.8951397496168292e-12,132,False,False,True,True,False,False,False,False,Injecting fixed non-final-stage velocity-row energy loses the terminal-bridge local span.,derive a nonlinear full component-mixing or value-level source-free velocity compression,The probe fixes the final-stage coefficient at one and injects stage-0/stage-1 velocity rows; it tests whether non-final energy can be added without losing the local terminal-bridge span.
cylindrical_sharp,0.02,stage1_eta_final1,paper_tfe_lower_pair_velocity_compression_nondegenerate_tradeoff_not_full_tfe,,9.9999999999999995e-07,"0.0000000000000000e+00,9.9999999999999995e-07,1.0000000000000000e+00",fixed_stage1_nonfinal_injection,24,8,16,24,8,132,24,32,8,4.7366560817332712e+01,2.6043562229773637e-01,3.2881932185491652e-07,1.2625742936156492e-06,1.2648263758154005e-06,1.2547901825241088e-06,3.2882043423221719e-07,1.2661478458543486e-06,8,1.0000000000000000e+00,2.8284271247476043e+00,1.0000000000000000e+00,2.8284271247461899e-06,9.9999999999999995e-07,9.9999999999949999e-07,0.0000000000000000e+00,9.9999999999949999e-07,9.9999999999950007e-01,False,False,9.6921804364304876e-16,3.4786249825062027e-16,4.4012530933007930e-10,3.3518054480268797e-18,7.0631019132521786e-17,2.8951397496168292e-12,132,False,False,True,True,False,False,False,False,Injecting fixed non-final-stage velocity-row energy loses the terminal-bridge local span.,derive a nonlinear full component-mixing or value-level source-free velocity compression,The probe fixes the final-stage coefficient at one and injects stage-0/stage-1 velocity rows; it tests whether non-final energy can be added without losing the local terminal-bridge span.
cylindrical_sharp,0.02,stage1_eta_final1,paper_tfe_lower_pair_velocity_compression_nondegenerate_tradeoff_not_full_tfe,,1.0000000000000000e-04,"0.0000000000000000e+00,1.0000000000000000e-04,1.0000000000000000e+00",fixed_stage1_nonfinal_injection,24,8,16,24,8,132,24,32,8,4.7366524377342422e+01,2.6043562229773637e-01,3.2881925518881524e-05,1.2625740376364530e-04,1.2648263600840607e-04,1.2547894248345778e-04,3.2882043423221285e-05,1.2661478458543318e-04,8,1.0000000000000000e+00,2.8284271388883258e+00,1.0000000000000000e+00,2.8284271247461902e-04,9.9999999999999991e-05,9.9999999500000007e-05,0.0000000000000000e+00,9.9999999500000007e-05,9.9999999500000003e-01,False,False,3.4794856780627531e-14,3.4783094788789961e-14,4.4012530933007930e-10,3.3518054480268797e-18,7.0631019132521786e-17,2.8951397496168292e-12,132,False,False,True,True,False,False,False,False,Injecting fixed non-final-stage velocity-row energy loses the terminal-bridge local span.,derive a nonlinear full component-mixing or value-level source-free velocity compression,The probe fixes the final-stage coefficient at one and injects stage-0/stage-1 velocity rows; it tests whether non-final energy can be added without losing the local terminal-bridge span.
cylindrical_sharp,0.02,stage1_eta_final1,paper_tfe_lower_pair_velocity_compression_nondegenerate_tradeoff_not_full_tfe,,1.0000000000000000e-03,"0.0000000000000000e+00,1.0000000000000000e-03,1.0000000000000000e+00",fixed_stage1_nonfinal_injection,24,8,16,24,8,132,24,32,8,4.7366159194776820e+01,2.6043562229773637e-01,3.2881841215916827e-04,1.2625708006382284e-03,1.2648253073134963e-03,1.2547816331292426e-03,3.2882043423221286e-04,1.2661478458543319e-03,8,1.0000000000000000e+00,2.8284285389593986e+00,1.0000000000000000e+00,2.8284271247461901e-03,1.0000000000000000e-03,9.9999950000037520e-04,0.0000000000000000e+00,9.9999950000037520e-04,9.9999950000037519e-01,False,False,3.4783198265018174e-13,3.4783080625364088e-13,4.4012530933007930e-10,3.3518054480268797e-18,7.0631019132521786e-17,2.8951397496168292e-12,132,False,False,True,True,False,False,False,False,Injecting fixed non-final-stage velocity-row energy loses the terminal-bridge local span.,derive a nonlinear full component-mixing or value-level source-free velocity compression,The probe fixes the final-stage coefficient at one and injects stage-0/stage-1 velocity rows; it tests whether non-final energy can be added without losing the local terminal-bridge span.
cylindrical_sharp,0.02,stage1_eta_final1,paper_tfe_lower_pair_velocity_compression_nondegenerate_tradeoff_not_full_tfe,,1.0000000000000000e-02,"0.0000000000000000e+00,1.0000000000000000e-02,1.0000000000000000e+00",fixed_stage1_nonfinal_injection,24,8,16,24,8,132,24,32,8,4.7359148015879192e+01,2.6043562229773637e-01,3.2878650245411192e-03,1.2624482762893133e-02,1.2647246354995421e-02,1.2546141962581338e-02,3.2882043423221284e-03,1.2661478458543318e-02,8,1.0000000000000000e+00,2.8285685425670701e+00,1.0000000000000000e+00,2.8284271247461901e-02,1.0000000000000000e-02,9.9995000374968751e-03,0.0000000000000000e+00,9.9995000374968751e-03,9.9995000374968768e-01,False,True,3.4783080399808956e-12,3.4783079223410400e-12,4.4012530933007930e-10,3.3518054480268797e-18,7.0631019132521786e-17,2.8951397496168292e-12,132,False,False,True,True,False,False,False,False,Injecting fixed non-final-stage velocity-row energy loses the terminal-bridge local span.,derive a nonlinear full component-mixing or value-level source-free velocity compression,The probe fixes the final-stage coefficient at one and injects stage-0/stage-1 velocity rows; it tests whether non-final energy can be added without losing the local terminal-bridge span.
cylindrical_sharp,0.02,stage1_eta_final1,paper_tfe_lower_pair_velocity_compression_nondegenerate_tradeoff_not_full_tfe,,1.0000000000000001e-01,"0.0000000000000000e+00,1.0000000000000001e-01,1.0000000000000000e+00",fixed_stage1_nonfinal_injection,24,8,16,24,8,132,24,32,8,4.6958147829050745e+01,2.6043562229773637e-01,3.2615174385389016e-02,1.2523315396579102e-01,1.2548221051654293e-01,1.2441214306025801e-01,3.2882043423221284e-02,1.2661478458543318e-01,8,1.0000000000000000e+00,2.8425340807103789e+00,1.0000000000000000e+00,2.8284271247461906e-01,1.0000000000000001e-01,9.9503719020998943e-02,0.0000000000000000e+00,9.9503719020998943e-02,9.9503719020998926e-01,False,True,3.4783079095122910e-11,3.4783079083358921e-11,4.4012530933007930e-10,3.3518054480268797e-18,7.0631019132521786e-17,2.8951397496168292e-12,132,False,False,True,True,False,False,False,False,Injecting fixed non-final-stage velocity-row energy loses the terminal-bridge local span.,derive a nonlinear full component-mixing or value-level source-free velocity compression,The probe fixes the final-stage coefficient at one and injects stage-0/stage-1 velocity rows; it tests whether non-final energy can be added without losing the local terminal-bridge span.
cylindrical_sharp,0.02,stage1_eta_final1,paper_tfe_lower_pair_velocity_compression_nondegenerate_tradeoff_not_full_tfe,,1.0000000000000000e+00,"0.0000000000000000e+00,1.0000000000000000e+00,1.0000000000000000e+00",fixed_stage1_nonfinal_injection,24,8,16,24,8,132,24,32,8,3.6682268290710702e+01,2.6043562229773637e-01,2.0364884350061638e-01,7.8195464085861510e-01,7.8439984546328356e-01,7.7609437097264289e-01,3.2882043423221285e-01,1.2661478458543318e+00,8,1.0000000000000000e+00,4.0000000000000000e+00,1.0000000000000000e+00,2.8284271247461903e+00,1.0000000000000000e+00,7.0710678118654757e-01,0.0000000000000000e+00,7.0710678118654757e-01,7.0710678118654757e-01,False,True,3.4783079069472850e-10,3.4783079069355210e-10,4.4012530933007930e-10,3.3518054480268797e-18,7.0631019132521786e-17,2.8951397496168292e-12,132,False,False,True,True,False,False,False,False,Injecting fixed non-final-stage velocity-row energy loses the terminal-bridge local span.,derive a nonlinear full component-mixing or value-level source-free velocity compression,The probe fixes the final-stage coefficient at one and injects stage-0/stage-1 velocity rows; it tests whether non-final energy can be added without losing the local terminal-bridge span.
cylindrical_sharp,0.02,stage01_equal_eta_final1,paper_tfe_lower_pair_velocity_compression_nondegenerate_near_selector_spans_not_full_tfe,,0.0000000000000000e+00,"0.0000000000000000e+00,0.0000000000000000e+00,1.0000000000000000e+00",fixed_equal_nonfinal_injection,24,8,16,24,8,132,24,24,0,4.7366561181641764e+01,2.6043562229773637e-01,8.0245190381110123e-16,3.0811910319000777e-15,4.9962970557674119e-15,8.9721238607981312e-16,0.0000000000000000e+00,0.0000000000000000e+00,8,1.0000000000000000e+00,2.8284271247461903e+00,1.0000000000000000e+00,0.0000000000000000e+00,0.0000000000000000e+00,0.0000000000000000e+00,0.0000000000000000e+00,0.0000000000000000e+00,1.0000000000000000e+00,True,False,9.0464718704799920e-16,3.3518054480268797e-18,4.4012530933007930e-10,3.3518054480268797e-18,7.0631019132521786e-17,2.8951397496168292e-12,132,True,True,True,True,False,False,False,False,"This row is numerically the final-stage selector, so it is not an independent full TFE replacement.",derive a nonlinear full component-mixing or value-level source-free velocity compression,The probe fixes the final-stage coefficient at one and injects stage-0/stage-1 velocity rows; it tests whether non-final energy can be added without losing the local terminal-bridge span.
cylindrical_sharp,0.02,stage01_equal_eta_final1,paper_tfe_lower_pair_velocity_compression_nondegenerate_tradeoff_not_full_tfe,,1.0000000000000000e-08,"1.0000000000000000e-08,1.0000000000000000e-08,1.0000000000000000e+00",fixed_equal_nonfinal_injection,24,8,16,24,8,132,24,32,8,4.7366561178886229e+01,2.6043562229773637e-01,4.1916851015781358e-09,1.6094899248406577e-08,1.6123381220612640e-08,1.5990128616489578e-08,4.1916898705988792e-09,1.6140417527702007e-08,8,1.0000000000000000e+00,2.8284271247461903e+00,1.0000000000000000e+00,4.0000000000000001e-08,1.4142135623730950e-08,1.4142135623730952e-08,1.0000000000000000e-08,1.0000000000000000e-08,1.0000000000000000e+00,False,False,9.0464757458126283e-16,3.4548171681981871e-18,4.4012530933007930e-10,3.3518054480268797e-18,7.0631019132521786e-17,2.8951397496168292e-12,132,False,False,True,True,False,False,False,False,Injecting fixed non-final-stage velocity-row energy loses the terminal-bridge local span.,derive a nonlinear full component-mixing or value-level source-free velocity compression,The probe fixes the final-stage coefficient at one and injects stage-0/stage-1 velocity rows; it tests whether non-final energy can be added without losing the local terminal-bridge span.
cylindrical_sharp,0.02,stage01_equal_eta_final1,paper_tfe_lower_pair_velocity_compression_nondegenerate_tradeoff_not_full_tfe,,9.9999999999999995e-07,"9.9999999999999995e-07,9.9999999999999995e-07,1.0000000000000000e+00",fixed_equal_nonfinal_injection,24,8,16,24,8,132,24,32,8,4.7366560906024510e+01,2.6043562229773637e-01,4.1916850955316853e-07,1.6094899225189895e-06,1.6123381220059504e-06,1.5990128546171917e-06,4.1916898705920765e-07,1.6140417527675814e-06,8,1.0000000000000000e+00,2.8284271247490187e+00,1.0000000000000000e+00,3.9999999999999998e-06,1.4142135623730949e-06,1.4142135623716806e-06,9.9999999999899982e-07,9.9999999999899982e-07,9.9999999999900002e-01,False,False,9.0802782354978561e-16,7.8353238008803281e-17,4.4012530933007930e-10,3.3518054480268797e-18,7.0631019132521786e-17,2.8951397496168292e-12,132,False,False,True,True,False,False,False,False,Injecting fixed non-final-stage velocity-row energy loses the terminal-bridge local span.,derive a nonlinear full component-mixing or value-level source-free velocity compression,The probe fixes the final-stage coefficient at one and injects stage-0/stage-1 velocity rows; it tests whether non-final energy can be added without losing the local terminal-bridge span.
cylindrical_sharp,0.02,stage01_equal_eta_final1,paper_tfe_lower_pair_velocity_compression_nondegenerate_tradeoff_not_full_tfe,,1.0000000000000000e-04,"1.0000000000000000e-04,1.0000000000000000e-04,1.0000000000000000e+00",fixed_equal_nonfinal_injection,24,8,16,24,8,132,24,32,8,4.7366533013813729e+01,2.6043562229773637e-01,4.1916844368939022e-05,1.6094896696204893e-04,1.6123380957232817e-04,1.5990121310199837e-04,4.1916898705920402e-05,1.6140417527675676e-04,8,1.0000000000000000e+00,2.8284271530304612e+00,1.0000000000000000e+00,4.0000000000000002e-04,1.4142135623730951e-04,1.4142135482309598e-04,9.9999999000000022e-05,9.9999999000000022e-05,9.9999999000000017e-01,False,False,7.8746414030403577e-15,7.8225061155644561e-15,4.4012530933007930e-10,3.3518054480268797e-18,7.0631019132521786e-17,2.8951397496168292e-12,132,False,False,True,True,False,False,False,False,Injecting fixed non-final-stage velocity-row energy loses the terminal-bridge local span.,derive a nonlinear full component-mixing or value-level source-free velocity compression,The probe fixes the final-stage coefficient at one and injects stage-0/stage-1 velocity rows; it tests whether non-final energy can be added without losing the local terminal-bridge span.
cylindrical_sharp,0.02,stage01_equal_eta_final1,paper_tfe_lower_pair_velocity_compression_nondegenerate_tradeoff_not_full_tfe,,1.0000000000000000e-03,"1.0000000000000000e-03,1.0000000000000000e-03,1.0000000000000000e+00",fixed_equal_nonfinal_injection,24,8,16,24,8,132,24,32,8,4.7366224404367415e+01,2.6043562229773637e-01,4.1916735401569953e-04,1.6094854855780718e-03,1.6123359722666540e-03,1.5990036828009530e-03,4.1916898705920410e-04,1.6140417527675678e-03,8,1.0000000000000000e+00,2.8284299531719004e+00,1.0000000000000000e+00,4.0000000000000001e-03,1.4142135623730950e-03,1.4142121481616541e-03,9.9999900000150000e-04,9.9999900000150000e-04,9.9999900000150010e-01,False,True,7.8229771356222557e-14,7.8224540594038802e-14,4.4012530933007930e-10,3.3518054480268797e-18,7.0631019132521786e-17,2.8951397496168292e-12,132,False,False,True,True,False,False,False,False,Injecting fixed non-final-stage velocity-row energy loses the terminal-bridge local span.,derive a nonlinear full component-mixing or value-level source-free velocity compression,The probe fixes the final-stage coefficient at one and injects stage-0/stage-1 velocity rows; it tests whether non-final energy can be added without losing the local terminal-bridge span.
cylindrical_sharp,0.02,stage01_equal_eta_final1,paper_tfe_lower_pair_velocity_compression_nondegenerate_tradeoff_not_full_tfe,,1.0000000000000000e-02,"1.0000000000000000e-02,1.0000000000000000e-02,1.0000000000000000e+00",fixed_equal_nonfinal_injection,24,8,16,24,8,132,24,32,8,4.7357685450130560e+01,2.6043562229773637e-01,4.1910782101646964e-03,1.6092568955000146e-02,1.6121280237436676e-02,1.5987339438885532e-02,4.1916898705920413e-03,1.6140417527675678e-02,8,1.0000000000000000e+00,2.8287099533179432e+00,1.0000000000000000e+00,4.0000000000000001e-02,1.4142135623730949e-02,1.4140721622265262e-02,9.9990001499750038e-03,9.9990001499750038e-03,9.9990001499750047e-01,False,True,7.8224541486902276e-13,7.8224489177514688e-13,4.4012530933007930e-10,3.3518054480268797e-18,7.0631019132521786e-17,2.8951397496168292e-12,132,False,False,True,True,False,False,False,False,Injecting fixed non-final-stage velocity-row energy loses the terminal-bridge local span.,derive a nonlinear full component-mixing or value-level source-free velocity compression,The probe fixes the final-stage coefficient at one and injects stage-0/stage-1 velocity rows; it tests whether non-final energy can be added without losing the local terminal-bridge span.
cylindrical_sharp,0.02,stage01_equal_eta_final1,paper_tfe_lower_pair_velocity_compression_nondegenerate_tradeoff_not_full_tfe,,1.0000000000000001e-01,"1.0000000000000001e-01,1.0000000000000001e-01,1.0000000000000000e+00",fixed_equal_nonfinal_injection,24,8,16,24,8,132,24,32,8,4.6739290282116613e+01,2.6043562229773637e-01,4.1375415763358042e-02,1.5887003244147860e-01,1.5917728531920147e-01,1.5779273781247738e-01,4.1916898705920413e-02,1.6140417527675679e-01,8,1.0000000000000000e+00,2.8565713714171399e+00,1.0000000000000000e+00,4.0000000000000002e-01,1.4142135623730950e-01,1.4002800840280102e-01,9.9014754297667457e-02,9.9014754297667457e-02,9.9014754297667440e-01,False,True,7.8224484565352810e-12,7.8224484042258734e-12,4.4012530933007930e-10,3.3518054480268797e-18,7.0631019132521786e-17,2.8951397496168292e-12,132,False,False,True,True,False,False,False,False,Injecting fixed non-final-stage velocity-row energy loses the terminal-bridge local span.,derive a nonlinear full component-mixing or value-level source-free velocity compression,The probe fixes the final-stage coefficient at one and injects stage-0/stage-1 velocity rows; it tests whether non-final energy can be added without losing the local terminal-bridge span.
cylindrical_sharp,0.02,stage01_equal_eta_final1,paper_tfe_lower_pair_velocity_compression_nondegenerate_tradeoff_not_full_tfe,,1.0000000000000000e+00,"1.0000000000000000e+00,1.0000000000000000e+00,1.0000000000000000e+00",fixed_equal_nonfinal_injection,24,8,16,24,8,132,24,32,8,3.6681473688913691e+01,2.6043562229773637e-01,2.2067453945640286e-01,8.4732855478626623e-01,8.4977267558012803e-01,8.4154578782437617e-01,4.1916898705920408e-01,1.6140417527675677e+00,8,1.0000000000000000e+00,4.8989794855663558e+00,1.0000000000000000e+00,4.0000000000000000e+00,1.4142135623730949e+00,8.1649658092772615e-01,5.7735026918962584e-01,5.7735026918962584e-01,5.7735026918962584e-01,False,True,7.8224483534028022e-11,7.8224483528797087e-11,4.4012530933007930e-10,3.3518054480268797e-18,7.0631019132521786e-17,2.8951397496168292e-12,132,False,False,True,True,False,False,False,False,Injecting fixed non-final-stage velocity-row energy loses the terminal-bridge local span.,derive a nonlinear full component-mixing or value-level source-free velocity compression,The probe fixes the final-stage coefficient at one and injects stage-0/stage-1 velocity rows; it tests whether non-final energy can be added without losing the local terminal-bridge span.
cylindrical_sharp,0.02,stage01_difference_eta_final1,paper_tfe_lower_pair_velocity_compression_nondegenerate_near_selector_spans_not_full_tfe,,0.0000000000000000e+00,"0.0000000000000000e+00,-0.0000000000000000e+00,1.0000000000000000e+00",fixed_difference_nonfinal_injection,24,8,16,24,8,132,24,24,0,4.7366561181641764e+01,2.6043562229773637e-01,8.0245190381110123e-16,3.0811910319000777e-15,4.9962970557674119e-15,8.9721238607981312e-16,0.0000000000000000e+00,0.0000000000000000e+00,8,1.0000000000000000e+00,2.8284271247461903e+00,1.0000000000000000e+00,0.0000000000000000e+00,0.0000000000000000e+00,0.0000000000000000e+00,0.0000000000000000e+00,0.0000000000000000e+00,1.0000000000000000e+00,True,False,9.0464718704799920e-16,3.3518054480268797e-18,4.4012530933007930e-10,3.3518054480268797e-18,7.0631019132521786e-17,2.8951397496168292e-12,132,True,True,True,True,False,False,False,False,"This row is numerically the final-stage selector, so it is not an independent full TFE replacement.",derive a nonlinear full component-mixing or value-level source-free velocity compression,The probe fixes the final-stage coefficient at one and injects stage-0/stage-1 velocity rows; it tests whether non-final energy can be added without losing the local terminal-bridge span.
cylindrical_sharp,0.02,stage01_difference_eta_final1,paper_tfe_lower_pair_velocity_compression_nondegenerate_tradeoff_not_full_tfe,,1.0000000000000000e-08,"1.0000000000000000e-08,-1.0000000000000000e-08,1.0000000000000000e+00",fixed_difference_nonfinal_injection,24,8,16,24,8,132,24,32,8,4.7366561186171651e+01,2.6043562229773637e-01,4.1928235989321519e-09,1.6099270760045311e-08,1.6123480230108037e-08,1.6003479181687801e-08,4.1928374545636971e-09,1.6144836386184400e-08,8,1.0000000000000000e+00,2.8284271247461903e+00,1.0000000000000000e+00,4.0000000000000001e-08,1.4142135623730950e-08,1.4142135623730952e-08,1.0000000000000000e-08,1.0000000000000000e-08,1.0000000000000000e+00,False,False,9.0466819108249140e-16,7.0169453732300758e-18,4.4012530933007930e-10,3.3518054480268797e-18,7.0631019132521786e-17,2.8951397496168292e-12,132,False,False,True,True,False,False,False,False,Injecting fixed non-final-stage velocity-row energy loses the terminal-bridge local span.,derive a nonlinear full component-mixing or value-level source-free velocity compression,The probe fixes the final-stage coefficient at one and injects stage-0/stage-1 velocity rows; it tests whether non-final energy can be added without losing the local terminal-bridge span.
cylindrical_sharp,0.02,stage01_difference_eta_final1,paper_tfe_lower_pair_velocity_compression_nondegenerate_tradeoff_not_full_tfe,,9.9999999999999995e-07,"9.9999999999999995e-07,-9.9999999999999995e-07,1.0000000000000000e+00",fixed_difference_nonfinal_injection,24,8,16,24,8,132,24,32,8,4.7366561634567141e+01,2.6043562229773637e-01,4.1928236092392566e-07,1.6099270799621713e-06,1.6123480230987306e-06,1.6003479302409275e-06,4.1928374545698265e-07,1.6144836386208003e-06,8,1.0000000000000000e+00,2.8284271247490187e+00,1.0000000000000000e+00,3.9999999999999998e-06,1.4142135623730949e-06,1.4142135623716806e-06,9.9999999999899982e-07,9.9999999999899982e-07,9.9999999999900002e-01,False,False,1.0952969078044844e-15,6.1749495367328249e-16,4.4012530933007930e-10,3.3518054480268797e-18,7.0631019132521786e-17,2.8951397496168292e-12,132,False,False,True,True,False,False,False,False,Injecting fixed non-final-stage velocity-row energy loses the terminal-bridge local span.,derive a nonlinear full component-mixing or value-level source-free velocity compression,The probe fixes the final-stage coefficient at one and injects stage-0/stage-1 velocity rows; it tests whether non-final energy can be added without losing the local terminal-bridge span.
cylindrical_sharp,0.02,stage01_difference_eta_final1,paper_tfe_lower_pair_velocity_compression_nondegenerate_tradeoff_not_full_tfe,,1.0000000000000000e-04,"1.0000000000000000e-04,-1.0000000000000000e-04,1.0000000000000000e+00",fixed_difference_nonfinal_injection,24,8,16,24,8,132,24,32,8,4.7366605866995755e+01,2.6043562229773637e-01,4.1928245840664851e-05,1.6099274542685814e-04,1.6123480111421135e-04,1.6003491126066060e-04,4.1928374545696882e-05,1.6144836386207471e-04,8,1.0000000000000000e+00,2.8284271530304612e+00,1.0000000000000000e+00,4.0000000000000002e-04,1.4142135623730951e-04,1.4142135482309598e-04,9.9999999000000022e-05,9.9999999000000022e-05,9.9999999000000017e-01,False,False,6.1756231866645339e-14,6.1749605659213954e-14,4.4012530933007930e-10,3.3518054480268797e-18,7.0631019132521786e-17,2.8951397496168292e-12,132,False,False,True,True,False,False,False,False,Injecting fixed non-final-stage velocity-row energy loses the terminal-bridge local span.,derive a nonlinear full component-mixing or value-level source-free velocity compression,The probe fixes the final-stage coefficient at one and injects stage-0/stage-1 velocity rows; it tests whether non-final energy can be added without losing the local terminal-bridge span.
cylindrical_sharp,0.02,stage01_difference_eta_final1,paper_tfe_lower_pair_velocity_compression_nondegenerate_tradeoff_not_full_tfe,,1.0000000000000000e-03,"1.0000000000000000e-03,-1.0000000000000000e-03,1.0000000000000000e+00",fixed_difference_nonfinal_injection,24,8,16,24,8,132,24,32,8,4.7366952835705099e+01,2.6043562229773637e-01,4.1928285329908367e-04,1.6099289705451632e-03,1.6123460178871000e-03,1.6003579866370543e-03,4.1928374545696873e-04,1.6144836386207467e-03,8,1.0000000000000000e+00,2.8284299531719004e+00,1.0000000000000000e+00,4.0000000000000001e-03,1.4142135623730950e-03,1.4142121481616541e-03,9.9999900000150000e-04,9.9999900000150000e-04,9.9999900000150010e-01,False,True,6.1749681106472796e-13,6.1749614840888673e-13,4.4012530933007930e-10,3.3518054480268797e-18,7.0631019132521786e-17,2.8951397496168292e-12,132,False,False,True,True,False,False,False,False,Injecting fixed non-final-stage velocity-row energy loses the terminal-bridge local span.,derive a nonlinear full component-mixing or value-level source-free velocity compression,The probe fixes the final-stage coefficient at one and injects stage-0/stage-1 velocity rows; it tests whether non-final energy can be added without losing the local terminal-bridge span.
cylindrical_sharp,0.02,stage01_difference_eta_final1,paper_tfe_lower_pair_velocity_compression_nondegenerate_tradeoff_not_full_tfe,,1.0000000000000000e-02,"1.0000000000000000e-02,-1.0000000000000000e-02,1.0000000000000000e+00",fixed_difference_nonfinal_injection,24,8,16,24,8,132,24,32,8,4.7364957633153161e+01,2.6043562229773637e-01,4.1923812034994788e-03,1.6097572085229748e-02,1.6121393673829240e-02,1.6002609388644506e-02,4.1928374545696879e-03,1.6144836386207471e-02,8,1.0000000000000000e+00,2.8287099533179432e+00,1.0000000000000000e+00,4.0000000000000001e-02,1.4142135623730949e-02,1.4140721622265262e-02,9.9990001499750038e-03,9.9990001499750038e-03,9.9990001499750047e-01,False,True,6.1749616429817598e-12,6.1749615767161407e-12,4.4012530933007930e-10,3.3518054480268797e-18,7.0631019132521786e-17,2.8951397496168292e-12,132,False,False,True,True,False,False,False,False,Injecting fixed non-final-stage velocity-row energy loses the terminal-bridge local span.,derive a nonlinear full component-mixing or value-level source-free velocity compression,The probe fixes the final-stage coefficient at one and injects stage-0/stage-1 velocity rows; it tests whether non-final energy can be added without losing the local terminal-bridge span.
cylindrical_sharp,0.02,stage01_difference_eta_final1,paper_tfe_lower_pair_velocity_compression_nondegenerate_tradeoff_not_full_tfe,,1.0000000000000001e-01,"1.0000000000000001e-01,-1.0000000000000001e-01,1.0000000000000000e+00",fixed_difference_nonfinal_injection,24,8,16,24,8,132,24,32,8,4.6808833661191670e+01,2.6043562229773637e-01,4.1402247494168931e-02,1.5897305878854343e-01,1.5917963005217409e-01,1.5810653083045778e-01,4.1928374545696881e-02,1.6144836386207470e-01,8,1.0000000000000000e+00,2.8565713714171399e+00,1.0000000000000000e+00,4.0000000000000002e-01,1.4142135623730950e-01,1.4002800840280102e-01,9.9014754297667457e-02,9.9014754297667457e-02,9.9014754297667440e-01,False,True,6.1749615866496298e-11,6.1749615859869728e-11,4.4012530933007930e-10,3.3518054480268797e-18,7.0631019132521786e-17,2.8951397496168292e-12,132,False,False,True,True,False,False,False,False,Injecting fixed non-final-stage velocity-row energy loses the terminal-bridge local span.,derive a nonlinear full component-mixing or value-level source-free velocity compression,The probe fixes the final-stage coefficient at one and injects stage-0/stage-1 velocity rows; it tests whether non-final energy can be added without losing the local terminal-bridge span.
cylindrical_sharp,0.02,stage01_difference_eta_final1,paper_tfe_lower_pair_velocity_compression_nondegenerate_tradeoff_not_full_tfe,,1.0000000000000000e+00,"1.0000000000000000e+00,-1.0000000000000000e+00,1.0000000000000000e+00",fixed_difference_nonfinal_injection,24,8,16,24,8,132,24,32,8,3.6698819829240207e+01,2.6043562229773637e-01,2.2093114063958563e-01,8.4831383161175911e-01,8.4979509772626316e-01,8.4456250266317134e-01,4.1928374545696878e-01,1.6144836386207471e+00,8,1.0000000000000000e+00,4.8989794855663558e+00,1.0000000000000000e+00,4.0000000000000000e+00,1.4142135623730949e+00,8.1649658092772615e-01,5.7735026918962584e-01,5.7735026918962584e-01,5.7735026918962584e-01,False,True,6.1749615869207643e-10,6.1749615869141376e-10,4.4012530933007930e-10,3.3518054480268797e-18,7.0631019132521786e-17,2.8951397496168292e-12,132,False,False,True,True,False,False,False,False,Injecting fixed non-final-stage velocity-row energy loses the terminal-bridge local span.,derive a nonlinear full component-mixing or value-level source-free velocity compression,The probe fixes the final-stage coefficient at one and injects stage-0/stage-1 velocity rows; it tests whether non-final energy can be added without losing the local terminal-bridge span.
cylindrical_sharp,0.01,stage0_eta_final1,paper_tfe_lower_pair_velocity_compression_nondegenerate_near_selector_spans_not_full_tfe,,0.0000000000000000e+00,"0.0000000000000000e+00,0.0000000000000000e+00,1.0000000000000000e+00",fixed_stage0_nonfinal_injection,24,8,16,24,8,132,24,24,0,4.7394833220261404e+01,1.8390370753258983e-01,2.2714984521712044e-16,1.2351564210681664e-15,1.9374329365947725e-15,7.7950803763537107e-16,0.0000000000000000e+00,0.0000000000000000e+00,8,1.0000000000000000e+00,2.8284271247461903e+00,1.0000000000000000e+00,0.0000000000000000e+00,0.0000000000000000e+00,0.0000000000000000e+00,0.0000000000000000e+00,0.0000000000000000e+00,1.0000000000000000e+00,True,False,2.2052501805098065e-16,1.1683894389518846e-18,9.3672381415153412e-12,1.1683894389518846e-18,4.0113060025231251e-17,9.2692189604633345e-12,132,True,True,True,True,False,False,False,False,"This row is numerically the final-stage selector, so it is not an independent full TFE replacement.",derive a nonlinear full component-mixing or value-level source-free velocity compression,The probe fixes the final-stage coefficient at one and injects stage-0/stage-1 velocity rows; it tests whether non-final energy can be added without losing the local terminal-bridge span.
cylindrical_sharp,0.01,stage0_eta_final1,paper_tfe_lower_pair_velocity_compression_nondegenerate_tradeoff_not_full_tfe,,1.0000000000000000e-08,"1.0000000000000000e-08,0.0000000000000000e+00,1.0000000000000000e+00",fixed_stage0_nonfinal_injection,24,8,16,24,8,132,24,32,8,4.7394833220611282e+01,1.8390370753258983e-01,1.8385064990147435e-09,9.9971149232482936e-09,9.9999994827132206e-09,9.9886415923751029e-09,1.8385066131919478e-09,9.9981010537068324e-09,8,1.0000000000000000e+00,2.8284271247461903e+00,1.0000000000000000e+00,2.8284271247461904e-08,1.0000000000000000e-08,1.0000000000000000e-08,1.0000000000000000e-08,0.0000000000000000e+00,1.0000000000000000e+00,False,False,2.2052496531267540e-16,1.1583927021508624e-18,9.3672381415153412e-12,1.1683894389518846e-18,4.0113060025231251e-17,9.2692189604633345e-12,132,False,False,True,True,False,False,False,False,Injecting fixed non-final-stage velocity-row energy loses the terminal-bridge local span.,derive a nonlinear full component-mixing or value-level source-free velocity compression,The probe fixes the final-stage coefficient at one and injects stage-0/stage-1 velocity rows; it tests whether non-final energy can be added without losing the local terminal-bridge span.
cylindrical_sharp,0.01,stage0_eta_final1,paper_tfe_lower_pair_velocity_compression_nondegenerate_tradeoff_not_full_tfe,,9.9999999999999995e-07,"9.9999999999999995e-07,0.0000000000000000e+00,1.0000000000000000e+00",fixed_stage0_nonfinal_injection,24,8,16,24,8,132,24,32,8,4.7394833255224626e+01,1.8390370753258983e-01,1.8385064993984134e-07,9.9971149253345490e-07,9.9999994828332212e-07,9.9886415975636525e-07,1.8385066131919527e-07,9.9981010537068583e-07,8,1.0000000000000000e+00,2.8284271247476043e+00,1.0000000000000000e+00,2.8284271247461899e-06,9.9999999999999995e-07,9.9999999999949999e-07,9.9999999999949999e-07,0.0000000000000000e+00,9.9999999999950007e-01,False,False,2.2059522531936240e-16,5.6863856003595763e-18,9.3672381415153412e-12,1.1683894389518846e-18,4.0113060025231251e-17,9.2692189604633345e-12,132,False,False,True,True,False,False,False,False,Injecting fixed non-final-stage velocity-row energy loses the terminal-bridge local span.,derive a nonlinear full component-mixing or value-level source-free velocity compression,The probe fixes the final-stage coefficient at one and injects stage-0/stage-1 velocity rows; it tests whether non-final energy can be added without losing the local terminal-bridge span.
cylindrical_sharp,0.01,stage0_eta_final1,paper_tfe_lower_pair_velocity_compression_nondegenerate_tradeoff_not_full_tfe,,1.0000000000000000e-04,"1.0000000000000000e-04,0.0000000000000000e+00,1.0000000000000000e+00",fixed_stage0_nonfinal_injection,24,8,16,24,8,132,24,32,8,4.7394836481944090e+01,1.8390370753258983e-01,1.8385065285631841e-05,9.9971150839217306e-05,9.9999994452452598e-05,9.9886420670905999e-05,1.8385066131919501e-05,9.9981010537068441e-05,8,1.0000000000000000e+00,2.8284271388883258e+00,1.0000000000000000e+00,2.8284271247461902e-04,9.9999999999999991e-05,9.9999999500000007e-05,9.9999999500000007e-05,0.0000000000000000e+00,9.9999999500000003e-01,False,False,6.2023138434379845e-16,5.7970427950164417e-16,9.3672381415153412e-12,1.1683894389518846e-18,4.0113060025231251e-17,9.2692189604633345e-12,132,False,False,True,True,False,False,False,False,Injecting fixed non-final-stage velocity-row energy loses the terminal-bridge local span.,derive a nonlinear full component-mixing or value-level source-free velocity compression,The probe fixes the final-stage coefficient at one and injects stage-0/stage-1 velocity rows; it tests whether non-final energy can be added without losing the local terminal-bridge span.
cylindrical_sharp,0.01,stage0_eta_final1,paper_tfe_lower_pair_velocity_compression_nondegenerate_tradeoff_not_full_tfe,,1.0000000000000000e-03,"1.0000000000000000e-03,0.0000000000000000e+00,1.0000000000000000e+00",fixed_stage0_nonfinal_injection,24,8,16,24,8,132,24,32,8,4.7394844506328532e+01,1.8390370753258983e-01,1.8385059675105487e-04,9.9971120331260560e-04,9.9999946079889503e-04,9.9886418531358297e-04,1.8385066131919501e-04,9.9981010537068447e-04,8,1.0000000000000000e+00,2.8284285389593986e+00,1.0000000000000000e+00,2.8284271247461901e-03,1.0000000000000000e-03,9.9999950000037520e-04,9.9999950000037520e-04,0.0000000000000000e+00,9.9999950000037519e-01,False,False,5.8032888124348609e-15,5.7990974402987152e-15,9.3672381415153412e-12,1.1683894389518846e-18,4.0113060025231251e-17,9.2692189604633345e-12,132,False,False,True,True,False,False,False,False,Injecting fixed non-final-stage velocity-row energy loses the terminal-bridge local span.,derive a nonlinear full component-mixing or value-level source-free velocity compression,The probe fixes the final-stage coefficient at one and injects stage-0/stage-1 velocity rows; it tests whether non-final energy can be added without losing the local terminal-bridge span.
cylindrical_sharp,0.01,stage0_eta_final1,paper_tfe_lower_pair_velocity_compression_nondegenerate_tradeoff_not_full_tfe,,1.0000000000000000e-02,"1.0000000000000000e-02,0.0000000000000000e+00,1.0000000000000000e+00",fixed_stage0_nonfinal_injection,24,8,16,24,8,132,24,32,8,4.7392813136745609e+01,1.8390370753258983e-01,1.8384184889011967e-03,9.9966363569663659e-03,9.9995007676300686e-03,9.9881955435280941e-03,1.8385066131919501e-03,9.9981010537068451e-03,8,1.0000000000000000e+00,2.8285685425670701e+00,1.0000000000000000e+00,2.8284271247461901e-02,1.0000000000000000e-02,9.9995000374968751e-03,9.9995000374968751e-03,0.0000000000000000e+00,9.9995000374968768e-01,False,True,5.7993458407038643e-14,5.7993039134800213e-14,9.3672381415153412e-12,1.1683894389518846e-18,4.0113060025231251e-17,9.2692189604633345e-12,132,False,False,True,True,False,False,False,False,Injecting fixed non-final-stage velocity-row energy loses the terminal-bridge local span.,derive a nonlinear full component-mixing or value-level source-free velocity compression,The probe fixes the final-stage coefficient at one and injects stage-0/stage-1 velocity rows; it tests whether non-final energy can be added without losing the local terminal-bridge span.
cylindrical_sharp,0.01,stage0_eta_final1,paper_tfe_lower_pair_velocity_compression_nondegenerate_tradeoff_not_full_tfe,,1.0000000000000001e-01,"1.0000000000000001e-01,0.0000000000000000e+00,1.0000000000000000e+00",fixed_stage0_nonfinal_injection,24,8,16,24,8,132,24,32,8,4.7163038585690046e+01,1.8390370753258983e-01,1.8294239438928796e-02,9.9477273647062547e-02,9.9503832204946102e-02,9.9396745673749884e-02,1.8385066131919502e-02,9.9981010537068454e-02,8,1.0000000000000000e+00,2.8425340807103789e+00,1.0000000000000000e+00,2.8284271247461906e-01,1.0000000000000001e-01,9.9503719020998943e-02,9.9503719020998943e-02,0.0000000000000000e+00,9.9503719020998926e-01,False,True,5.7993249901529506e-13,5.7993245708807052e-13,9.3672381415153412e-12,1.1683894389518846e-18,4.0113060025231251e-17,9.2692189604633345e-12,132,False,False,True,True,False,False,False,False,Injecting fixed non-final-stage velocity-row energy loses the terminal-bridge local span.,derive a nonlinear full component-mixing or value-level source-free velocity compression,The probe fixes the final-stage coefficient at one and injects stage-0/stage-1 velocity rows; it tests whether non-final energy can be added without losing the local terminal-bridge span.
cylindrical_sharp,0.01,stage0_eta_final1,paper_tfe_lower_pair_velocity_compression_nondegenerate_tradeoff_not_full_tfe,,1.0000000000000000e+00,"1.0000000000000000e+00,0.0000000000000000e+00,1.0000000000000000e+00",fixed_stage0_nonfinal_injection,24,8,16,24,8,132,24,32,8,3.6627312427985011e+01,1.8390370753258983e-01,1.3002808663568391e-01,7.0704440046507189e-01,7.0711051129580649e-01,7.0680471743033269e-01,1.8385066131919500e-01,9.9981010537068438e-01,8,1.0000000000000000e+00,4.0000000000000000e+00,1.0000000000000000e+00,2.8284271247461903e+00,1.0000000000000000e+00,7.0710678118654757e-01,7.0710678118654757e-01,0.0000000000000000e+00,7.0710678118654757e-01,False,True,5.7993266409143170e-12,5.7993266367215953e-12,9.3672381415153412e-12,1.1683894389518846e-18,4.0113060025231251e-17,9.2692189604633345e-12,132,False,False,True,True,False,False,False,False,Injecting fixed non-final-stage velocity-row energy loses the terminal-bridge local span.,derive a nonlinear full component-mixing or value-level source-free velocity compression,The probe fixes the final-stage coefficient at one and injects stage-0/stage-1 velocity rows; it tests whether non-final energy can be added without losing the local terminal-bridge span.
cylindrical_sharp,0.01,stage1_eta_final1,paper_tfe_lower_pair_velocity_compression_nondegenerate_near_selector_spans_not_full_tfe,,0.0000000000000000e+00,"0.0000000000000000e+00,0.0000000000000000e+00,1.0000000000000000e+00",fixed_stage1_nonfinal_injection,24,8,16,24,8,132,24,24,0,4.7394833220261404e+01,1.8390370753258983e-01,2.2714984521712044e-16,1.2351564210681664e-15,1.9374329365947725e-15,7.7950803763537107e-16,0.0000000000000000e+00,0.0000000000000000e+00,8,1.0000000000000000e+00,2.8284271247461903e+00,1.0000000000000000e+00,0.0000000000000000e+00,0.0000000000000000e+00,0.0000000000000000e+00,0.0000000000000000e+00,0.0000000000000000e+00,1.0000000000000000e+00,True,False,2.2052501805098065e-16,1.1683894389518846e-18,9.3672381415153412e-12,1.1683894389518846e-18,4.0113060025231251e-17,9.2692189604633345e-12,132,True,True,True,True,False,False,False,False,"This row is numerically the final-stage selector, so it is not an independent full TFE replacement.",derive a nonlinear full component-mixing or value-level source-free velocity compression,The probe fixes the final-stage coefficient at one and injects stage-0/stage-1 velocity rows; it tests whether non-final energy can be added without losing the local terminal-bridge span.
cylindrical_sharp,0.01,stage1_eta_final1,paper_tfe_lower_pair_velocity_compression_nondegenerate_tradeoff_not_full_tfe,,1.0000000000000000e-08,"0.0000000000000000e+00,1.0000000000000000e-08,1.0000000000000000e+00",fixed_stage1_nonfinal_injection,24,8,16,24,8,132,24,32,8,4.7394833220309216e+01,1.8390370753258983e-01,2.3260938230314786e-09,1.2648433542968503e-08,1.2649081018086889e-08,1.2645480611325323e-08,2.3260938242982693e-09,1.2649680424788009e-08,8,1.0000000000000000e+00,2.8284271247461903e+00,1.0000000000000000e+00,2.8284271247461904e-08,1.0000000000000000e-08,1.0000000000000000e-08,0.0000000000000000e+00,1.0000000000000000e-08,1.0000000000000000e+00,False,False,2.2052510656450048e-16,1.1849779660353181e-18,9.3672381415153412e-12,1.1683894389518846e-18,4.0113060025231251e-17,9.2692189604633345e-12,132,False,False,True,True,False,False,False,False,Injecting fixed non-final-stage velocity-row energy loses the terminal-bridge local span.,derive a nonlinear full component-mixing or value-level source-free velocity compression,The probe fixes the final-stage coefficient at one and injects stage-0/stage-1 velocity rows; it tests whether non-final energy can be added without losing the local terminal-bridge span.
cylindrical_sharp,0.01,stage1_eta_final1,paper_tfe_lower_pair_velocity_compression_nondegenerate_tradeoff_not_full_tfe,,9.9999999999999995e-07,"0.0000000000000000e+00,9.9999999999999995e-07,1.0000000000000000e+00",fixed_stage1_nonfinal_injection,24,8,16,24,8,132,24,32,8,4.7394833225001847e+01,1.8390370753258983e-01,2.3260938230870891e-07,1.2648433543270893e-06,1.2649081018084076e-06,1.2645480612231283e-06,2.3260938242982427e-07,1.2649680424787863e-06,8,1.0000000000000000e+00,2.8284271247476043e+00,1.0000000000000000e+00,2.8284271247461899e-06,9.9999999999999995e-07,9.9999999999949999e-07,0.0000000000000000e+00,9.9999999999949999e-07,9.9999999999950007e-01,False,False,2.2065529521177137e-16,7.6707791318541686e-18,9.3672381415153412e-12,1.1683894389518846e-18,4.0113060025231251e-17,9.2692189604633345e-12,132,False,False,True,True,False,False,False,False,Injecting fixed non-final-stage velocity-row energy loses the terminal-bridge local span.,derive a nonlinear full component-mixing or value-level source-free velocity compression,The probe fixes the final-stage coefficient at one and injects stage-0/stage-1 velocity rows; it tests whether non-final energy can be added without losing the local terminal-bridge span.
cylindrical_sharp,0.01,stage1_eta_final1,paper_tfe_lower_pair_velocity_compression_nondegenerate_tradeoff_not_full_tfe,,1.0000000000000000e-04,"0.0000000000000000e+00,1.0000000000000000e-04,1.0000000000000000e+00",fixed_stage1_nonfinal_injection,24,8,16,24,8,132,24,32,8,4.7394833319019412e+01,1.8390370753258983e-01,2.3260938102268342e-05,1.2648433473341607e-04,1.2649080917640859e-04,1.2645480602732593e-04,2.3260938242982436e-05,1.2649680424787869e-04,8,1.0000000000000000e+00,2.8284271388883258e+00,1.0000000000000000e+00,2.8284271247461902e-04,9.9999999999999991e-05,9.9999999500000007e-05,0.0000000000000000e+00,9.9999999500000007e-05,9.9999999500000003e-01,False,False,7.6817780662988424e-16,7.3584456520803062e-16,9.3672381415153412e-12,1.1683894389518846e-18,4.0113060025231251e-17,9.2692189604633345e-12,132,False,False,True,True,False,False,False,False,Injecting fixed non-final-stage velocity-row energy loses the terminal-bridge local span.,derive a nonlinear full component-mixing or value-level source-free velocity compression,The probe fixes the final-stage coefficient at one and injects stage-0/stage-1 velocity rows; it tests whether non-final energy can be added without losing the local terminal-bridge span.
cylindrical_sharp,0.01,stage1_eta_final1,paper_tfe_lower_pair_velocity_compression_nondegenerate_tradeoff_not_full_tfe,,1.0000000000000000e-03,"0.0000000000000000e+00,1.0000000000000000e-03,1.0000000000000000e+00",fixed_stage1_nonfinal_injection,24,8,16,24,8,132,24,32,8,4.7394800091071616e+01,1.8390370753258983e-01,2.3260920200539255e-04,1.2648423739046780e-03,1.2649070906303544e-03,1.2645471420472849e-03,2.3260938242982435e-04,1.2649680424787868e-03,8,1.0000000000000000e+00,2.8284285389593986e+00,1.0000000000000000e+00,2.8284271247461901e-03,1.0000000000000000e-03,9.9999950000037520e-04,0.0000000000000000e+00,9.9999950000037520e-04,9.9999950000037519e-01,False,False,7.3596842555929841e-15,7.3563797090396816e-15,9.3672381415153412e-12,1.1683894389518846e-18,4.0113060025231251e-17,9.2692189604633345e-12,132,False,False,True,True,False,False,False,False,Injecting fixed non-final-stage velocity-row energy loses the terminal-bridge local span.,derive a nonlinear full component-mixing or value-level source-free velocity compression,The probe fixes the final-stage coefficient at one and injects stage-0/stage-1 velocity rows; it tests whether non-final energy can be added without losing the local terminal-bridge span.
cylindrical_sharp,0.01,stage1_eta_final1,paper_tfe_lower_pair_velocity_compression_nondegenerate_tradeoff_not_full_tfe,,1.0000000000000000e-02,"0.0000000000000000e+00,1.0000000000000000e-02,1.0000000000000000e+00",fixed_stage1_nonfinal_injection,24,8,16,24,8,132,24,32,8,4.7391090694081448e+01,1.8390370753258983e-01,2.3259083215786494e-03,1.2647424855023501e-02,1.2648069287871572e-02,1.2644478319642041e-02,2.3260938242982438e-03,1.2649680424787870e-02,8,1.0000000000000000e+00,2.8285685425670701e+00,1.0000000000000000e+00,2.8284271247461901e-02,1.0000000000000000e-02,9.9995000374968751e-03,0.0000000000000000e+00,9.9995000374968751e-03,9.9995000374968768e-01,False,True,7.3562069633061095e-14,7.3561739095679867e-14,9.3672381415153412e-12,1.1683894389518846e-18,4.0113060025231251e-17,9.2692189604633345e-12,132,False,False,True,True,False,False,False,False,Injecting fixed non-final-stage velocity-row energy loses the terminal-bridge local span.,derive a nonlinear full component-mixing or value-level source-free velocity compression,The probe fixes the final-stage coefficient at one and injects stage-0/stage-1 velocity rows; it tests whether non-final energy can be added without losing the local terminal-bridge span.
cylindrical_sharp,0.01,stage1_eta_final1,paper_tfe_lower_pair_velocity_compression_nondegenerate_tradeoff_not_full_tfe,,1.0000000000000001e-01,"0.0000000000000000e+00,1.0000000000000001e-01,1.0000000000000000e+00",fixed_stage1_nonfinal_injection,24,8,16,24,8,132,24,32,8,4.7020716290120127e+01,1.8390370753258983e-01,2.3077094727383791e-02,1.2548466279992895e-01,1.2549087462437430e-01,1.2545602169288528e-01,2.3260938242982438e-02,1.2649680424787871e-01,8,1.0000000000000000e+00,2.8425340807103789e+00,1.0000000000000000e+00,2.8284271247461906e-01,1.0000000000000001e-01,9.9503719020998943e-02,0.0000000000000000e+00,9.9503719020998943e-02,9.9503719020998926e-01,False,True,7.3561536681106542e-13,7.3561533375716139e-13,9.3672381415153412e-12,1.1683894389518846e-18,4.0113060025231251e-17,9.2692189604633345e-12,132,False,False,True,True,False,False,False,False,Injecting fixed non-final-stage velocity-row energy loses the terminal-bridge local span.,derive a nonlinear full component-mixing or value-level source-free velocity compression,The probe fixes the final-stage coefficient at one and injects stage-0/stage-1 velocity rows; it tests whether non-final energy can be added without losing the local terminal-bridge span.
cylindrical_sharp,0.01,stage1_eta_final1,paper_tfe_lower_pair_velocity_compression_nondegenerate_tradeoff_not_full_tfe,,1.0000000000000000e+00,"0.0000000000000000e+00,1.0000000000000000e+00,1.0000000000000000e+00",fixed_stage1_nonfinal_injection,24,8,16,24,8,132,24,32,8,3.6626324606483138e+01,1.8390370753258983e-01,1.4425559984305689e-01,7.8440832856778131e-01,7.8446292790958061e-01,7.8425418303535721e-01,2.3260938242982435e-01,1.2649680424787868e+00,8,1.0000000000000000e+00,4.0000000000000000e+00,1.0000000000000000e+00,2.8284271247461903e+00,1.0000000000000000e+00,7.0710678118654757e-01,0.0000000000000000e+00,7.0710678118654757e-01,7.0710678118654757e-01,False,True,7.3561512837568763e-12,7.3561512804514852e-12,9.3672381415153412e-12,1.1683894389518846e-18,4.0113060025231251e-17,9.2692189604633345e-12,132,False,False,True,True,False,False,False,False,Injecting fixed non-final-stage velocity-row energy loses the terminal-bridge local span.,derive a nonlinear full component-mixing or value-level source-free velocity compression,The probe fixes the final-stage coefficient at one and injects stage-0/stage-1 velocity rows; it tests whether non-final energy can be added without losing the local terminal-bridge span.
cylindrical_sharp,0.01,stage01_equal_eta_final1,paper_tfe_lower_pair_velocity_compression_nondegenerate_near_selector_spans_not_full_tfe,,0.0000000000000000e+00,"0.0000000000000000e+00,0.0000000000000000e+00,1.0000000000000000e+00",fixed_equal_nonfinal_injection,24,8,16,24,8,132,24,24,0,4.7394833220261404e+01,1.8390370753258983e-01,2.2714984521712044e-16,1.2351564210681664e-15,1.9374329365947725e-15,7.7950803763537107e-16,0.0000000000000000e+00,0.0000000000000000e+00,8,1.0000000000000000e+00,2.8284271247461903e+00,1.0000000000000000e+00,0.0000000000000000e+00,0.0000000000000000e+00,0.0000000000000000e+00,0.0000000000000000e+00,0.0000000000000000e+00,1.0000000000000000e+00,True,False,2.2052501805098065e-16,1.1683894389518846e-18,9.3672381415153412e-12,1.1683894389518846e-18,4.0113060025231251e-17,9.2692189604633345e-12,132,True,True,True,True,False,False,False,False,"This row is numerically the final-stage selector, so it is not an independent full TFE replacement.",derive a nonlinear full component-mixing or value-level source-free velocity compression,The probe fixes the final-stage coefficient at one and injects stage-0/stage-1 velocity rows; it tests whether non-final energy can be added without losing the local terminal-bridge span.
cylindrical_sharp,0.01,stage01_equal_eta_final1,paper_tfe_lower_pair_velocity_compression_nondegenerate_tradeoff_not_full_tfe,,1.0000000000000000e-08,"1.0000000000000000e-08,1.0000000000000000e-08,1.0000000000000000e+00",fixed_equal_nonfinal_injection,24,8,16,24,8,132,24,32,8,4.7394833220659073e+01,1.8390370753258983e-01,2.9650029683993437e-09,1.6122583977127875e-08,1.6124488595456713e-08,1.6118225207423471e-08,2.9650030568486189e-09,1.6124173812709129e-08,8,1.0000000000000000e+00,2.8284271247461903e+00,1.0000000000000000e+00,4.0000000000000001e-08,1.4142135623730950e-08,1.4142135623730952e-08,1.0000000000000000e-08,1.0000000000000000e-08,1.0000000000000000e+00,False,False,2.2052503448117625e-16,1.1714864146413781e-18,9.3672381415153412e-12,1.1683894389518846e-18,4.0113060025231251e-17,9.2692189604633345e-12,132,False,False,True,True,False,False,False,False,Injecting fixed non-final-stage velocity-row energy loses the terminal-bridge local span.,derive a nonlinear full component-mixing or value-level source-free velocity compression,The probe fixes the final-stage coefficient at one and injects stage-0/stage-1 velocity rows; it tests whether non-final energy can be added without losing the local terminal-bridge span.
cylindrical_sharp,0.01,stage01_equal_eta_final1,paper_tfe_lower_pair_velocity_compression_nondegenerate_tradeoff_not_full_tfe,,9.9999999999999995e-07,"9.9999999999999995e-07,9.9999999999999995e-07,1.0000000000000000e+00",fixed_equal_nonfinal_injection,24,8,16,24,8,132,24,32,8,4.7394833259965061e+01,1.8390370753258983e-01,2.9650029690876476e-07,1.6122583980870615e-06,1.6124488595522728e-06,1.6118225216804970e-06,2.9650030568490468e-07,1.6124173812711455e-06,8,1.0000000000000000e+00,2.8284271247490187e+00,1.0000000000000000e+00,3.9999999999999998e-06,1.4142135623730949e-06,1.4142135623716806e-06,9.9999999999899982e-07,9.9999999999899982e-07,9.9999999999900002e-01,False,False,2.2053210159949331e-16,2.1188165057287917e-18,9.3672381415153412e-12,1.1683894389518846e-18,4.0113060025231251e-17,9.2692189604633345e-12,132,False,False,True,True,False,False,False,False,Injecting fixed non-final-stage velocity-row energy loses the terminal-bridge local span.,derive a nonlinear full component-mixing or value-level source-free velocity compression,The probe fixes the final-stage coefficient at one and injects stage-0/stage-1 velocity rows; it tests whether non-final energy can be added without losing the local terminal-bridge span.
cylindrical_sharp,0.01,stage01_equal_eta_final1,paper_tfe_lower_pair_velocity_compression_nondegenerate_tradeoff_not_full_tfe,,1.0000000000000000e-04,"1.0000000000000000e-04,1.0000000000000000e-04,1.0000000000000000e+00",fixed_equal_nonfinal_injection,24,8,16,24,8,132,24,32,8,4.7394836580589612e+01,1.8390370753258983e-01,2.9650029997542996e-05,1.6122584147624470e-04,1.6124488394605278e-04,1.6118225947602628e-04,2.9650030568490507e-05,1.6124173812711475e-04,8,1.0000000000000000e+00,2.8284271530304612e+00,1.0000000000000000e+00,4.0000000000000002e-04,1.4142135623730951e-04,1.4142135482309598e-04,9.9999999000000022e-05,9.9999999000000022e-05,9.9999999000000017e-01,False,False,2.7007344360508378e-16,1.5591583142261109e-16,9.3672381415153412e-12,1.1683894389518846e-18,4.0113060025231251e-17,9.2692189604633345e-12,132,False,False,True,True,False,False,False,False,Injecting fixed non-final-stage velocity-row energy loses the terminal-bridge local span.,derive a nonlinear full component-mixing or value-level source-free velocity compression,The probe fixes the final-stage coefficient at one and injects stage-0/stage-1 velocity rows; it tests whether non-final energy can be added without losing the local terminal-bridge span.
cylindrical_sharp,0.01,stage01_equal_eta_final1,paper_tfe_lower_pair_velocity_compression_nondegenerate_tradeoff_not_full_tfe,,1.0000000000000000e-03,"1.0000000000000000e-03,1.0000000000000000e-03,1.0000000000000000e+00",fixed_equal_nonfinal_injection,24,8,16,24,8,132,24,32,8,4.7394811365875157e+01,1.8390370753258983e-01,2.9649998131099181e-04,1.6122566819836877e-03,1.6124467721315768e-03,1.6118213757293329e-03,2.9650030568490507e-04,1.6124173812711476e-03,8,1.0000000000000000e+00,2.8284299531719004e+00,1.0000000000000000e+00,4.0000000000000001e-03,1.4142135623730950e-03,1.4142121481616541e-03,9.9999900000150000e-04,9.9999900000150000e-04,9.9999900000150010e-01,False,True,1.5726301788104518e-15,1.5570920848982853e-15,9.3672381415153412e-12,1.1683894389518846e-18,4.0113060025231251e-17,9.2692189604633345e-12,132,False,False,True,True,False,False,False,False,Injecting fixed non-final-stage velocity-row energy loses the terminal-bridge local span.,derive a nonlinear full component-mixing or value-level source-free velocity compression,The probe fixes the final-stage coefficient at one and injects stage-0/stage-1 velocity rows; it tests whether non-final energy can be added without losing the local terminal-bridge span.
cylindrical_sharp,0.01,stage01_equal_eta_final1,paper_tfe_lower_pair_velocity_compression_nondegenerate_tradeoff_not_full_tfe,,1.0000000000000000e-02,"1.0000000000000000e-02,1.0000000000000000e-02,1.0000000000000000e+00",fixed_equal_nonfinal_injection,24,8,16,24,8,132,24,32,8,4.7389069971882023e+01,1.8390370753258983e-01,2.9646245973521620e-03,1.6120526536023187e-02,1.6122393694634991e-02,1.6116225800059638e-02,2.9650030568490506e-03,1.6124173812711477e-02,8,1.0000000000000000e+00,2.8287099533179432e+00,1.0000000000000000e+00,4.0000000000000001e-02,1.4142135623730949e-02,1.4140721622265262e-02,9.9990001499750038e-03,9.9990001499750038e-03,9.9990001499750047e-01,False,True,1.5570453861668719e-14,1.5568892174458073e-14,9.3672381415153412e-12,1.1683894389518846e-18,4.0113060025231251e-17,9.2692189604633345e-12,132,False,False,True,True,False,False,False,False,Injecting fixed non-final-stage velocity-row energy loses the terminal-bridge local span.,derive a nonlinear full component-mixing or value-level source-free velocity compression,The probe fixes the final-stage coefficient at one and injects stage-0/stage-1 velocity rows; it tests whether non-final energy can be added without losing the local terminal-bridge span.
cylindrical_sharp,0.01,stage01_equal_eta_final1,paper_tfe_lower_pair_velocity_compression_nondegenerate_tradeoff_not_full_tfe,,1.0000000000000001e-01,"1.0000000000000001e-01,1.0000000000000001e-01,1.0000000000000000e+00",fixed_equal_nonfinal_injection,24,8,16,24,8,132,24,32,8,4.6794241565094893e+01,1.8390370753258983e-01,2.9272624784191102e-02,1.5917365221690083e-01,1.5918879410917891e-01,1.5913660828560700e-01,2.9650030568490509e-02,1.6124173812711476e-01,8,1.0000000000000000e+00,2.8565713714171399e+00,1.0000000000000000e+00,4.0000000000000002e-01,1.4142135623730950e-01,1.4002800840280102e-01,9.9014754297667457e-02,9.9014754297667457e-02,9.9014754297667440e-01,False,True,1.5568705300951993e-13,1.5568689683101341e-13,9.3672381415153412e-12,1.1683894389518846e-18,4.0113060025231251e-17,9.2692189604633345e-12,132,False,False,True,True,False,False,False,False,Injecting fixed non-final-stage velocity-row energy loses the terminal-bridge local span.,derive a nonlinear full component-mixing or value-level source-free velocity compression,The probe fixes the final-stage coefficient at one and injects stage-0/stage-1 velocity rows; it tests whether non-final energy can be added without losing the local terminal-bridge span.
cylindrical_sharp,0.01,stage01_equal_eta_final1,paper_tfe_lower_pair_velocity_compression_nondegenerate_tradeoff_not_full_tfe,,1.0000000000000000e+00,"1.0000000000000000e+00,1.0000000000000000e+00,1.0000000000000000e+00",fixed_equal_nonfinal_injection,24,8,16,24,8,132,24,32,8,3.6626466756752997e+01,1.8390370753258983e-01,1.5628200719923654e-01,8.4980346125725381e-01,8.4983609746182653e-01,8.4973422625451411e-01,2.9650030568490510e-01,1.6124173812711478e+00,8,1.0000000000000000e+00,4.8989794855663558e+00,1.0000000000000000e+00,4.0000000000000000e+00,1.4142135623730949e+00,8.1649658092772615e-01,5.7735026918962584e-01,5.7735026918962584e-01,5.7735026918962584e-01,False,True,1.5568669593905952e-12,1.5568669437727166e-12,9.3672381415153412e-12,1.1683894389518846e-18,4.0113060025231251e-17,9.2692189604633345e-12,132,False,False,True,True,False,False,False,False,Injecting fixed non-final-stage velocity-row energy loses the terminal-bridge local span.,derive a nonlinear full component-mixing or value-level source-free velocity compression,The probe fixes the final-stage coefficient at one and injects stage-0/stage-1 velocity rows; it tests whether non-final energy can be added without losing the local terminal-bridge span.
cylindrical_sharp,0.01,stage01_difference_eta_final1,paper_tfe_lower_pair_velocity_compression_nondegenerate_near_selector_spans_not_full_tfe,,0.0000000000000000e+00,"0.0000000000000000e+00,-0.0000000000000000e+00,1.0000000000000000e+00",fixed_difference_nonfinal_injection,24,8,16,24,8,132,24,24,0,4.7394833220261404e+01,1.8390370753258983e-01,2.2714984521712044e-16,1.2351564210681664e-15,1.9374329365947725e-15,7.7950803763537107e-16,0.0000000000000000e+00,0.0000000000000000e+00,8,1.0000000000000000e+00,2.8284271247461903e+00,1.0000000000000000e+00,0.0000000000000000e+00,0.0000000000000000e+00,0.0000000000000000e+00,0.0000000000000000e+00,0.0000000000000000e+00,1.0000000000000000e+00,True,False,2.2052501805098065e-16,1.1683894389518846e-18,9.3672381415153412e-12,1.1683894389518846e-18,4.0113060025231251e-17,9.2692189604633345e-12,132,True,True,True,True,False,False,False,False,"This row is numerically the final-stage selector, so it is not an independent full TFE replacement.",derive a nonlinear full component-mixing or value-level source-free velocity compression,The probe fixes the final-stage coefficient at one and injects stage-0/stage-1 velocity rows; it tests whether non-final energy can be added without losing the local terminal-bridge span.
cylindrical_sharp,0.01,stage01_difference_eta_final1,paper_tfe_lower_pair_velocity_compression_nondegenerate_tradeoff_not_full_tfe,,1.0000000000000000e-08,"1.0000000000000000e-08,-1.0000000000000000e-08,1.0000000000000000e+00",fixed_difference_nonfinal_injection,24,8,16,24,8,132,24,32,8,4.7394833220563484e+01,1.8390370753258983e-01,2.9648599694355399e-09,1.6121806401918965e-08,1.6124472802655062e-08,1.6116514084613256e-08,2.9648600245629559e-09,1.6123395979637578e-08,8,1.0000000000000000e+00,2.8284271247461903e+00,1.0000000000000000e+00,4.0000000000000001e-08,1.4142135623730950e-08,1.4142135623730952e-08,1.0000000000000000e-08,1.0000000000000000e-08,1.0000000000000000e+00,False,False,2.2052492068240510e-16,1.1498649819709566e-18,9.3672381415153412e-12,1.1683894389518846e-18,4.0113060025231251e-17,9.2692189604633345e-12,132,False,False,True,True,False,False,False,False,Injecting fixed non-final-stage velocity-row energy loses the terminal-bridge local span.,derive a nonlinear full component-mixing or value-level source-free velocity compression,The probe fixes the final-stage coefficient at one and injects stage-0/stage-1 velocity rows; it tests whether non-final energy can be added without losing the local terminal-bridge span.
cylindrical_sharp,0.01,stage01_difference_eta_final1,paper_tfe_lower_pair_velocity_compression_nondegenerate_tradeoff_not_full_tfe,,9.9999999999999995e-07,"9.9999999999999995e-07,-9.9999999999999995e-07,1.0000000000000000e+00",fixed_difference_nonfinal_injection,24,8,16,24,8,132,24,32,8,4.7394833250408389e+01,1.8390370753258983e-01,2.9648599699768333e-07,1.6121806404862317e-06,1.6124472802701919e-06,1.6116514091950924e-06,2.9648600245633411e-07,1.6123395979639673e-06,8,1.0000000000000000e+00,2.8284271247490187e+00,1.0000000000000000e+00,3.9999999999999998e-06,1.4142135623730949e-06,1.4142135623716806e-06,9.9999999999899982e-07,9.9999999999899982e-07,9.9999999999900002e-01,False,False,2.2090342900939213e-16,1.2977152831158976e-17,9.3672381415153412e-12,1.1683894389518846e-18,4.0113060025231251e-17,9.2692189604633345e-12,132,False,False,True,True,False,False,False,False,Injecting fixed non-final-stage velocity-row energy loses the terminal-bridge local span.,derive a nonlinear full component-mixing or value-level source-free velocity compression,The probe fixes the final-stage coefficient at one and injects stage-0/stage-1 velocity rows; it tests whether non-final energy can be added without losing the local terminal-bridge span.
cylindrical_sharp,0.01,stage01_difference_eta_final1,paper_tfe_lower_pair_velocity_compression_nondegenerate_tradeoff_not_full_tfe,,1.0000000000000000e-04,"1.0000000000000000e-04,-1.0000000000000000e-04,1.0000000000000000e+00",fixed_difference_nonfinal_injection,24,8,16,24,8,132,24,32,8,4.7394835625147167e+01,1.8390370753258983e-01,2.9648599859845130e-05,1.6121806491906131e-04,1.6124472599900026e-04,1.6116514618433282e-04,2.9648600245633371e-05,1.6123395979639651e-04,8,1.0000000000000000e+00,2.8284271530304612e+00,1.0000000000000000e+00,4.0000000000000002e-04,1.4142135623730951e-04,1.4142135482309598e-04,9.9999999000000022e-05,9.9999999000000022e-05,9.9999999000000017e-01,False,False,1.3336766629404100e-15,1.3153187913275488e-15,9.3672381415153412e-12,1.1683894389518846e-18,4.0113060025231251e-17,9.2692189604633345e-12,132,False,False,True,True,False,False,False,False,Injecting fixed non-final-stage velocity-row energy loses the terminal-bridge local span.,derive a nonlinear full component-mixing or value-level source-free velocity compression,The probe fixes the final-stage coefficient at one and injects stage-0/stage-1 velocity rows; it tests whether non-final energy can be added without losing the local terminal-bridge span.
cylindrical_sharp,0.01,stage01_difference_eta_final1,paper_tfe_lower_pair_velocity_compression_nondegenerate_tradeoff_not_full_tfe,,1.0000000000000000e-03,"1.0000000000000000e-03,-1.0000000000000000e-03,1.0000000000000000e+00",fixed_difference_nonfinal_injection,24,8,16,24,8,132,24,32,8,4.7394801831701756e+01,1.8390370753258983e-01,2.9648566665784761e-04,1.6121788442210008e-03,1.6124451909534613e-03,1.6116500576715722e-03,2.9648600245633374e-04,1.6123395979639654e-03,8,1.0000000000000000e+00,2.8284299531719004e+00,1.0000000000000000e+00,4.0000000000000001e-03,1.4142135623730950e-03,1.4142121481616541e-03,9.9999900000150000e-04,9.9999900000150000e-04,9.9999900000150010e-01,False,True,1.3157092117865960e-14,1.3155243938428433e-14,9.3672381415153412e-12,1.1683894389518846e-18,4.0113060025231251e-17,9.2692189604633345e-12,132,False,False,True,True,False,False,False,False,Injecting fixed non-final-stage velocity-row energy loses the terminal-bridge local span.,derive a nonlinear full component-mixing or value-level source-free velocity compression,The probe fixes the final-stage coefficient at one and injects stage-0/stage-1 velocity rows; it tests whether non-final energy can be added without losing the local terminal-bridge span.
cylindrical_sharp,0.01,stage01_difference_eta_final1,paper_tfe_lower_pair_velocity_compression_nondegenerate_tradeoff_not_full_tfe,,1.0000000000000000e-02,"1.0000000000000000e-02,-1.0000000000000000e-02,1.0000000000000000e+00",fixed_difference_nonfinal_injection,24,8,16,24,8,132,24,32,8,4.7388976677533748e+01,1.8390370753258983e-01,2.9644801734185107e-03,1.6119741212357947e-02,1.6122377717650536e-02,1.6114494707310106e-02,2.9648600245633372e-03,1.6123395979639653e-02,8,1.0000000000000000e+00,2.8287099533179432e+00,1.0000000000000000e+00,4.0000000000000001e-02,1.4142135623730949e-02,1.4140721622265262e-02,9.9990001499750038e-03,9.9990001499750038e-03,9.9990001499750047e-01,False,True,1.3155468468353669e-13,1.3155449985563515e-13,9.3672381415153412e-12,1.1683894389518846e-18,4.0113060025231251e-17,9.2692189604633345e-12,132,False,False,True,True,False,False,False,False,Injecting fixed non-final-stage velocity-row energy loses the terminal-bridge local span.,derive a nonlinear full component-mixing or value-level source-free velocity compression,The probe fixes the final-stage coefficient at one and injects stage-0/stage-1 velocity rows; it tests whether non-final energy can be added without losing the local terminal-bridge span.
cylindrical_sharp,0.01,stage01_difference_eta_final1,paper_tfe_lower_pair_velocity_compression_nondegenerate_tradeoff_not_full_tfe,,1.0000000000000001e-01,"1.0000000000000001e-01,-1.0000000000000001e-01,1.0000000000000000e+00",fixed_difference_nonfinal_injection,24,8,16,24,8,132,24,32,8,4.6793526577727491e+01,1.8390370753258983e-01,2.9271106247836381e-02,1.5916539498068144e-01,1.5918862382078550e-01,1.5911815643688154e-01,2.9648600245633372e-02,1.6123395979639651e-01,8,1.0000000000000000e+00,2.8565713714171399e+00,1.0000000000000000e+00,4.0000000000000002e-01,1.4142135623730950e-01,1.4002800840280102e-01,9.9014754297667457e-02,9.9014754297667457e-02,9.9014754297667440e-01,False,True,1.3155470779550188e-12,1.3155470594722448e-12,9.3672381415153412e-12,1.1683894389518846e-18,4.0113060025231251e-17,9.2692189604633345e-12,132,False,False,True,True,False,False,False,False,Injecting fixed non-final-stage velocity-row energy loses the terminal-bridge local span.,derive a nonlinear full component-mixing or value-level source-free velocity compression,The probe fixes the final-stage coefficient at one and injects stage-0/stage-1 velocity rows; it tests whether non-final energy can be added without losing the local terminal-bridge span.
cylindrical_sharp,0.01,stage01_difference_eta_final1,paper_tfe_lower_pair_velocity_compression_nondegenerate_tradeoff_not_full_tfe,,1.0000000000000000e+00,"1.0000000000000000e+00,-1.0000000000000000e+00,1.0000000000000000e+00",fixed_difference_nonfinal_injection,24,8,16,24,8,132,24,32,8,3.6626073497620425e+01,1.8390370753258983e-01,1.5627774730276217e-01,8.4978029752373518e-01,8.4983558755828870e-01,8.4967895836891727e-01,2.9648600245633372e-01,1.6123395979639652e+00,8,1.0000000000000000e+00,4.8989794855663558e+00,1.0000000000000000e+00,4.0000000000000000e+00,1.4142135623730949e+00,8.1649658092772615e-01,5.7735026918962584e-01,5.7735026918962584e-01,5.7735026918962584e-01,False,True,1.3155472657531074e-11,1.3155472655682797e-11,9.3672381415153412e-12,1.1683894389518846e-18,4.0113060025231251e-17,9.2692189604633345e-12,132,False,False,True,True,False,False,False,False,Injecting fixed non-final-stage velocity-row energy loses the terminal-bridge local span.,derive a nonlinear full component-mixing or value-level source-free velocity compression,The probe fixes the final-stage coefficient at one and injects stage-0/stage-1 velocity rows; it tests whether non-final energy can be added without losing the local terminal-bridge span.
