case,h,candidate_basis,status,error_message,candidate_kind,fit_scope,feature_family,feature_scope,active_stage_rows,training_sample_count,basis_row_count,compression_row_count,source_consistency_rows,velocity_stage_rows,active_velocity_rows,capacity_feature_rows,capacity_feature_rank,capacity_feature_condition,uses_final_stage_velocity_feature,target_row_count,stage_unknown_count,basis_rank,augmented_rank,independent_target_rank,basis_condition,target_jacobian_norm,oracle_correction_norm,capacity_projected_correction_norm,capacity_correction_residual_norm,capacity_correction_relative_residual,max_capacity_row_relative_residual,projection_residual_norm,projection_relative_residual,max_row_relative_residual,min_row_relative_residual,value_residual_norm,value_level_balance_ok,meaningful_nonfinal_energy,target_jacobian_used_for_capacity_fit,target_direction_oracle_used_for_formula,endpoint_boundary_source_removed,target_terminal_boundary_row_used,terminal_row_replacement_used,projection_used,accepted_h_sweep_present,full_tfe_stage_replacement,direction_capacity_spans_target,blocking_gap,next_repair_target,notes
cylindrical_smooth,0.04,case_local_direction_capacity_value_scalar_nonfinal,paper_tfe_lower_pair_velocity_compression_direction_capacity_gap_not_full_tfe,,case_local_direction_capacity_nonfinal_stage_scalar_value_fit,case_local_direction_capacity_oracle_fit,row_matched_active_velocity_rows,row_matched_active_nonfinal_velocity,"0,1",1,24,8,16,24,16,16,16,3.3755237726016696e+00,False,8,132,24,32,8,1.3206806260525389e+05,3.7127280938507345e-01,3.6464473006524034e-01,6.9319107040383210e-03,3.6457883616351511e-01,9.9981929287250781e-01,9.9999996490658472e-01,3.6457167106305227e-01,9.8195090469156621e-01,9.9958580208443115e-01,9.4619201295263156e-01,6.7406137997733683e-18,True,True,True,False,True,True,False,False,False,False,False,The tested source-derived feature space does not have enough linear capacity to reproduce the local oracle correction.,derive non-final nonlinear or second-differential source features for the coefficient-gradient law,"This is a capacity audit: the target Jacobian defines the oracle correction being projected, but the result is not an implemented target-free law. It distinguishes feature-space capacity from an actual formula for choosing coefficients."
cylindrical_smooth,0.04,case_local_direction_capacity_value_scalar_nonfinal,paper_tfe_lower_pair_velocity_compression_direction_capacity_gap_not_full_tfe,,case_local_direction_capacity_nonfinal_stage_scalar_value_fit,case_local_direction_capacity_oracle_fit,all_active_velocity_rows,all_active_nonfinal_velocity,"0,1",1,24,8,16,24,16,16,16,3.3755237726016696e+00,False,8,132,24,32,8,4.3910181127490826e+09,3.7127280938507345e-01,3.6464473006524034e-01,7.2990537847861942e-03,3.6457167056451162e-01,9.9979964196735915e-01,9.9999729191343045e-01,3.6457167056451162e-01,9.8195090334877821e-01,9.9958580208054659e-01,9.4619200564944972e-01,6.7406137997733683e-18,True,True,True,False,True,True,False,False,False,False,False,The tested source-derived feature space does not have enough linear capacity to reproduce the local oracle correction.,derive non-final nonlinear or second-differential source features for the coefficient-gradient law,"This is a capacity audit: the target Jacobian defines the oracle correction being projected, but the result is not an implemented target-free law. It distinguishes feature-space capacity from an actual formula for choosing coefficients."
cylindrical_smooth,0.04,case_local_direction_capacity_value_scalar_nonfinal,paper_tfe_lower_pair_velocity_compression_direction_capacity_gap_not_full_tfe,,case_local_direction_capacity_nonfinal_stage_scalar_value_fit,case_local_direction_capacity_oracle_fit,closure_plus_all_active_velocity_rows,closure_and_all_active_nonfinal_velocity,"0,1",1,24,8,16,24,16,24,16,3.3755237726016691e+00,False,8,132,24,32,8,4.3910181111250362e+09,3.7127280938507345e-01,3.6464473006524034e-01,7.2990537847861916e-03,3.6457167056451162e-01,9.9979964196735915e-01,9.9999729191343045e-01,3.6457167056451162e-01,9.8195090334877821e-01,9.9958580208054659e-01,9.4619200564944972e-01,6.7406137997733683e-18,True,True,True,False,True,True,False,False,False,False,False,The tested source-derived feature space does not have enough linear capacity to reproduce the local oracle correction.,derive non-final nonlinear or second-differential source features for the coefficient-gradient law,"This is a capacity audit: the target Jacobian defines the oracle correction being projected, but the result is not an implemented target-free law. It distinguishes feature-space capacity from an actual formula for choosing coefficients."
cylindrical_smooth,0.04,case_local_direction_capacity_value_scalar_nonfinal,paper_tfe_lower_pair_velocity_compression_direction_capacity_gap_not_full_tfe,,case_local_direction_capacity_nonfinal_stage_scalar_value_fit,case_local_direction_capacity_oracle_fit,source_plus_all_active_velocity_rows,source_consistency_and_active_nonfinal_velocity,"0,1",1,24,8,16,24,16,32,32,4.6794886614484028e+01,False,8,132,24,32,8,4.3910181107267971e+09,3.7127280938507345e-01,3.6464473006524034e-01,7.2990537847861985e-03,3.6457167056451162e-01,9.9979964196735915e-01,9.9999729191343045e-01,3.6457167056451162e-01,9.8195090334877821e-01,9.9958580208054670e-01,9.4619200564944972e-01,6.7406137997733683e-18,True,True,True,False,True,True,False,False,False,False,False,The tested source-derived feature space does not have enough linear capacity to reproduce the local oracle correction.,derive non-final nonlinear or second-differential source features for the coefficient-gradient law,"This is a capacity audit: the target Jacobian defines the oracle correction being projected, but the result is not an implemented target-free law. It distinguishes feature-space capacity from an actual formula for choosing coefficients."
cylindrical_smooth,0.04,case_local_direction_capacity_value_scalar_nonfinal,paper_tfe_lower_pair_velocity_compression_direction_capacity_spans_not_full_tfe,,case_local_direction_capacity_nonfinal_stage_scalar_value_fit,case_local_direction_capacity_oracle_fit,all_stage_velocity_rows,all_stage_velocity_upper_bound,"0,1",1,24,8,16,24,16,24,24,3.3789623288125625e+00,True,8,132,24,24,0,4.6361478140540733e+01,3.7127280938507345e-01,3.6464473006524034e-01,3.6464473006524017e-01,5.7974187882009560e-16,1.5898814133865892e-15,2.4530289886712132e-15,1.6905905729305919e-15,4.5534995566485454e-15,8.5083802394412620e-15,1.1888776475753979e-15,6.7406137997733683e-18,True,True,True,False,True,True,False,False,False,False,True,"The feature-space capacity fit can reproduce the local oracle correction, but it uses the target Jacobian for coefficient fitting and is not a target-free formula or h-sweep.",derive non-final nonlinear or second-differential source features for the coefficient-gradient law,"This is a capacity audit: the target Jacobian defines the oracle correction being projected, but the result is not an implemented target-free law. It distinguishes feature-space capacity from an actual formula for choosing coefficients."
cylindrical_smooth,0.04,case_local_direction_capacity_value_scalar_nonfinal,paper_tfe_lower_pair_velocity_compression_direction_capacity_spans_not_full_tfe,,case_local_direction_capacity_nonfinal_stage_scalar_value_fit,case_local_direction_capacity_oracle_fit,source_plus_all_stage_velocity_rows,source_consistency_and_all_stage_velocity_upper_bound,"0,1",1,24,8,16,24,16,40,40,4.6842039537344981e+01,True,8,132,24,24,0,4.6361478140540719e+01,3.7127280938507345e-01,3.6464473006524034e-01,3.6464473006524040e-01,3.9377046700213268e-16,1.0798742845719484e-15,1.3532091267604057e-15,1.6623754954501282e-15,4.4775040170689155e-15,8.9311659270901093e-15,7.5556629837458055e-16,6.7406137997733683e-18,True,True,True,False,True,True,False,False,False,False,True,"The feature-space capacity fit can reproduce the local oracle correction, but it uses the target Jacobian for coefficient fitting and is not a target-free formula or h-sweep.",derive non-final nonlinear or second-differential source features for the coefficient-gradient law,"This is a capacity audit: the target Jacobian defines the oracle correction being projected, but the result is not an implemented target-free law. It distinguishes feature-space capacity from an actual formula for choosing coefficients."
cylindrical_smooth,0.04,universal_direction_capacity_value_scalar_nonfinal,paper_tfe_lower_pair_velocity_compression_direction_capacity_gap_not_full_tfe,,universal_direction_capacity_nonfinal_stage_scalar_value_fit,all_case_h_direction_capacity_oracle_fit,row_matched_active_velocity_rows,row_matched_active_nonfinal_velocity,"0,1",6,24,8,16,24,16,16,16,3.3755237726016696e+00,False,8,132,24,32,8,1.3206806260525453e+05,3.7127280938507345e-01,3.6464473007478193e-01,6.9319112059632541e-03,3.6457883616351511e-01,9.9981929284634574e-01,9.9999996490600063e-01,3.6457167106305227e-01,9.8195090469156621e-01,9.9958580208443115e-01,9.4619201295263156e-01,7.6071816433064978e-18,True,True,True,False,True,True,False,False,False,False,False,The tested source-derived feature space does not have enough linear capacity to reproduce the local oracle correction.,derive non-final nonlinear or second-differential source features for the coefficient-gradient law,"This is a capacity audit: the target Jacobian defines the oracle correction being projected, but the result is not an implemented target-free law. It distinguishes feature-space capacity from an actual formula for choosing coefficients."
cylindrical_smooth,0.04,universal_direction_capacity_value_scalar_nonfinal,paper_tfe_lower_pair_velocity_compression_direction_capacity_gap_not_full_tfe,,universal_direction_capacity_nonfinal_stage_scalar_value_fit,all_case_h_direction_capacity_oracle_fit,all_active_velocity_rows,all_active_nonfinal_velocity,"0,1",6,24,8,16,24,16,16,16,3.3755237726016696e+00,False,8,132,24,32,8,4.3910181110154572e+09,3.7127280938507345e-01,3.6464473007478193e-01,7.2990542614642575e-03,3.6457167056451162e-01,9.9979964194119764e-01,9.9999729191284625e-01,3.6457167056451167e-01,9.8195090334877833e-01,9.9958580208054670e-01,9.4619200564944961e-01,7.6071816433064978e-18,True,True,True,False,True,True,False,False,False,False,False,The tested source-derived feature space does not have enough linear capacity to reproduce the local oracle correction.,derive non-final nonlinear or second-differential source features for the coefficient-gradient law,"This is a capacity audit: the target Jacobian defines the oracle correction being projected, but the result is not an implemented target-free law. It distinguishes feature-space capacity from an actual formula for choosing coefficients."
cylindrical_smooth,0.04,universal_direction_capacity_value_scalar_nonfinal,paper_tfe_lower_pair_velocity_compression_direction_capacity_gap_not_full_tfe,,universal_direction_capacity_nonfinal_stage_scalar_value_fit,all_case_h_direction_capacity_oracle_fit,closure_plus_all_active_velocity_rows,closure_and_all_active_nonfinal_velocity,"0,1",6,24,8,16,24,16,24,16,3.3755237726016678e+00,False,8,132,24,32,8,4.3910181105951376e+09,3.7127280938507345e-01,3.6464473007478193e-01,7.2990542614642558e-03,3.6457167056451162e-01,9.9979964194119764e-01,9.9999729191284625e-01,3.6457167056451162e-01,9.8195090334877821e-01,9.9958580208054659e-01,9.4619200564944972e-01,7.6071816433064978e-18,True,True,True,False,True,True,False,False,False,False,False,The tested source-derived feature space does not have enough linear capacity to reproduce the local oracle correction.,derive non-final nonlinear or second-differential source features for the coefficient-gradient law,"This is a capacity audit: the target Jacobian defines the oracle correction being projected, but the result is not an implemented target-free law. It distinguishes feature-space capacity from an actual formula for choosing coefficients."
cylindrical_smooth,0.04,universal_direction_capacity_value_scalar_nonfinal,paper_tfe_lower_pair_velocity_compression_direction_capacity_gap_not_full_tfe,,universal_direction_capacity_nonfinal_stage_scalar_value_fit,all_case_h_direction_capacity_oracle_fit,source_plus_all_active_velocity_rows,source_consistency_and_active_nonfinal_velocity,"0,1",6,24,8,16,24,16,32,32,4.6794886614484028e+01,False,8,132,24,32,8,4.3910181114245281e+09,3.7127280938507345e-01,3.6464473007478193e-01,7.2990542614642610e-03,3.6457167056451162e-01,9.9979964194119764e-01,9.9999729191284625e-01,3.6457167056451162e-01,9.8195090334877821e-01,9.9958580208054648e-01,9.4619200564944972e-01,7.6071816433064978e-18,True,True,True,False,True,True,False,False,False,False,False,The tested source-derived feature space does not have enough linear capacity to reproduce the local oracle correction.,derive non-final nonlinear or second-differential source features for the coefficient-gradient law,"This is a capacity audit: the target Jacobian defines the oracle correction being projected, but the result is not an implemented target-free law. It distinguishes feature-space capacity from an actual formula for choosing coefficients."
cylindrical_smooth,0.04,universal_direction_capacity_value_scalar_nonfinal,paper_tfe_lower_pair_velocity_compression_direction_capacity_spans_not_full_tfe,,universal_direction_capacity_nonfinal_stage_scalar_value_fit,all_case_h_direction_capacity_oracle_fit,all_stage_velocity_rows,all_stage_velocity_upper_bound,"0,1",6,24,8,16,24,16,24,24,3.3789623288125625e+00,True,8,132,24,24,0,4.6361478140540747e+01,3.7127280938507345e-01,3.6464473007478193e-01,3.6464473007478188e-01,6.0950773990499455e-16,1.6715111713804165e-15,2.1683926284234907e-15,1.2863444735467193e-15,3.4646880704171361e-15,6.4432550301298368e-15,1.2003754303287933e-15,7.6071816433064978e-18,True,True,True,False,True,True,False,False,False,False,True,"The feature-space capacity fit can reproduce the local oracle correction, but it uses the target Jacobian for coefficient fitting and is not a target-free formula or h-sweep.",derive non-final nonlinear or second-differential source features for the coefficient-gradient law,"This is a capacity audit: the target Jacobian defines the oracle correction being projected, but the result is not an implemented target-free law. It distinguishes feature-space capacity from an actual formula for choosing coefficients."
cylindrical_smooth,0.04,universal_direction_capacity_value_scalar_nonfinal,paper_tfe_lower_pair_velocity_compression_direction_capacity_spans_not_full_tfe,,universal_direction_capacity_nonfinal_stage_scalar_value_fit,all_case_h_direction_capacity_oracle_fit,source_plus_all_stage_velocity_rows,source_consistency_and_all_stage_velocity_upper_bound,"0,1",6,24,8,16,24,16,40,40,4.6842039537344981e+01,True,8,132,24,24,0,4.6361478140540747e+01,3.7127280938507345e-01,3.6464473007478193e-01,3.6464473007478188e-01,3.6432403742160989e-16,9.9912053396985539e-16,1.4490902970485840e-15,1.2195676255778129e-15,3.2848288233058092e-15,6.2273148317788140e-15,7.7860819132286272e-16,7.6071816433064978e-18,True,True,True,False,True,True,False,False,False,False,True,"The feature-space capacity fit can reproduce the local oracle correction, but it uses the target Jacobian for coefficient fitting and is not a target-free formula or h-sweep.",derive non-final nonlinear or second-differential source features for the coefficient-gradient law,"This is a capacity audit: the target Jacobian defines the oracle correction being projected, but the result is not an implemented target-free law. It distinguishes feature-space capacity from an actual formula for choosing coefficients."
cylindrical_smooth,0.04,case_local_direction_capacity_value_component_nonfinal,paper_tfe_lower_pair_velocity_compression_direction_capacity_gap_not_full_tfe,,case_local_direction_capacity_nonfinal_component_diagonal_value_fit,case_local_direction_capacity_oracle_fit,row_matched_active_velocity_rows,row_matched_active_nonfinal_velocity,"0,1",1,24,8,16,24,16,16,16,3.3755237726016696e+00,False,8,132,24,32,8,1.3206806260794195e+05,3.7127280938507345e-01,3.6505364663439654e-01,1.8612821997956785e-02,3.6457883616351511e-01,9.9869934056197240e-01,9.9999996490610554e-01,3.6457167106305227e-01,9.8195090469156621e-01,9.9958580208443115e-01,9.4619201295263156e-01,1.0969092796788381e-33,True,True,True,False,True,True,False,False,False,False,False,The tested source-derived feature space does not have enough linear capacity to reproduce the local oracle correction.,derive non-final nonlinear or second-differential source features for the coefficient-gradient law,"This is a capacity audit: the target Jacobian defines the oracle correction being projected, but the result is not an implemented target-free law. It distinguishes feature-space capacity from an actual formula for choosing coefficients."
cylindrical_smooth,0.04,case_local_direction_capacity_value_component_nonfinal,paper_tfe_lower_pair_velocity_compression_direction_capacity_gap_not_full_tfe,,case_local_direction_capacity_nonfinal_component_diagonal_value_fit,case_local_direction_capacity_oracle_fit,all_active_velocity_rows,all_active_nonfinal_velocity,"0,1",1,24,8,16,24,16,16,16,3.3755237726016696e+00,False,8,132,24,32,8,4.3910187638515444e+09,3.7127280938507345e-01,3.6505364663439654e-01,1.8752651622425679e-02,3.6457167056451162e-01,9.9867971166887803e-01,9.9999729191295128e-01,3.6457167056451162e-01,9.8195090334877821e-01,9.9958580208054659e-01,9.4619200564944961e-01,1.0969092796788381e-33,True,True,True,False,True,True,False,False,False,False,False,The tested source-derived feature space does not have enough linear capacity to reproduce the local oracle correction.,derive non-final nonlinear or second-differential source features for the coefficient-gradient law,"This is a capacity audit: the target Jacobian defines the oracle correction being projected, but the result is not an implemented target-free law. It distinguishes feature-space capacity from an actual formula for choosing coefficients."
cylindrical_smooth,0.04,case_local_direction_capacity_value_component_nonfinal,paper_tfe_lower_pair_velocity_compression_direction_capacity_gap_not_full_tfe,,case_local_direction_capacity_nonfinal_component_diagonal_value_fit,case_local_direction_capacity_oracle_fit,closure_plus_all_active_velocity_rows,closure_and_all_active_nonfinal_velocity,"0,1",1,24,8,16,24,16,24,16,3.3571537965239369e+00,False,8,132,24,32,8,4.3910187566740427e+09,3.7127280938507345e-01,3.6505364663439654e-01,1.8752651622425644e-02,3.6457167056451162e-01,9.9867971166887803e-01,9.9999729191295128e-01,3.6457167056451162e-01,9.8195090334877821e-01,9.9958580208054659e-01,9.4619200564944972e-01,1.0969092796788381e-33,True,True,True,False,True,True,False,False,False,False,False,The tested source-derived feature space does not have enough linear capacity to reproduce the local oracle correction.,derive non-final nonlinear or second-differential source features for the coefficient-gradient law,"This is a capacity audit: the target Jacobian defines the oracle correction being projected, but the result is not an implemented target-free law. It distinguishes feature-space capacity from an actual formula for choosing coefficients."
cylindrical_smooth,0.04,case_local_direction_capacity_value_component_nonfinal,paper_tfe_lower_pair_velocity_compression_direction_capacity_gap_not_full_tfe,,case_local_direction_capacity_nonfinal_component_diagonal_value_fit,case_local_direction_capacity_oracle_fit,source_plus_all_active_velocity_rows,source_consistency_and_active_nonfinal_velocity,"0,1",1,24,8,16,24,16,32,32,4.6794886614484028e+01,False,8,132,24,32,8,4.3910187601295586e+09,3.7127280938507345e-01,3.6505364663439654e-01,1.8752651622425676e-02,3.6457167056451162e-01,9.9867971166887803e-01,9.9999729191295128e-01,3.6457167056451162e-01,9.8195090334877821e-01,9.9958580208054670e-01,9.4619200564944972e-01,1.0969092796788381e-33,True,True,True,False,True,True,False,False,False,False,False,The tested source-derived feature space does not have enough linear capacity to reproduce the local oracle correction.,derive non-final nonlinear or second-differential source features for the coefficient-gradient law,"This is a capacity audit: the target Jacobian defines the oracle correction being projected, but the result is not an implemented target-free law. It distinguishes feature-space capacity from an actual formula for choosing coefficients."
cylindrical_smooth,0.04,case_local_direction_capacity_value_component_nonfinal,paper_tfe_lower_pair_velocity_compression_direction_capacity_spans_not_full_tfe,,case_local_direction_capacity_nonfinal_component_diagonal_value_fit,case_local_direction_capacity_oracle_fit,all_stage_velocity_rows,all_stage_velocity_upper_bound,"0,1",1,24,8,16,24,16,24,24,3.3789623288125625e+00,True,8,132,24,24,0,4.6361944281832791e+01,3.7127280938507345e-01,3.6505364663439654e-01,3.6505364663439643e-01,5.9462850881017474e-16,1.6288797942229539e-15,2.2489219957211158e-15,1.7491002403426866e-15,4.7110916720232274e-15,8.9763171176797869e-15,1.5669230247161656e-15,1.0969092796788381e-33,True,True,True,False,True,True,False,False,False,False,True,"The feature-space capacity fit can reproduce the local oracle correction, but it uses the target Jacobian for coefficient fitting and is not a target-free formula or h-sweep.",derive non-final nonlinear or second-differential source features for the coefficient-gradient law,"This is a capacity audit: the target Jacobian defines the oracle correction being projected, but the result is not an implemented target-free law. It distinguishes feature-space capacity from an actual formula for choosing coefficients."
cylindrical_smooth,0.04,case_local_direction_capacity_value_component_nonfinal,paper_tfe_lower_pair_velocity_compression_direction_capacity_spans_not_full_tfe,,case_local_direction_capacity_nonfinal_component_diagonal_value_fit,case_local_direction_capacity_oracle_fit,source_plus_all_stage_velocity_rows,source_consistency_and_all_stage_velocity_upper_bound,"0,1",1,24,8,16,24,16,40,40,4.6842039537344981e+01,True,8,132,24,24,0,4.6361944281832784e+01,3.7127280938507345e-01,3.6505364663439654e-01,3.6505364663439660e-01,3.7499822625406934e-16,1.0272414197511971e-15,1.4000448824452924e-15,1.7232965997519514e-15,4.6415911862928747e-15,9.0022991127770165e-15,1.3925803097137728e-15,1.0969092796788381e-33,True,True,True,False,True,True,False,False,False,False,True,"The feature-space capacity fit can reproduce the local oracle correction, but it uses the target Jacobian for coefficient fitting and is not a target-free formula or h-sweep.",derive non-final nonlinear or second-differential source features for the coefficient-gradient law,"This is a capacity audit: the target Jacobian defines the oracle correction being projected, but the result is not an implemented target-free law. It distinguishes feature-space capacity from an actual formula for choosing coefficients."
cylindrical_smooth,0.04,universal_direction_capacity_value_component_nonfinal,paper_tfe_lower_pair_velocity_compression_direction_capacity_gap_not_full_tfe,,universal_direction_capacity_nonfinal_component_diagonal_value_fit,all_case_h_direction_capacity_oracle_fit,row_matched_active_velocity_rows,row_matched_active_nonfinal_velocity,"0,1",6,24,8,16,24,16,16,16,3.3755237726016696e+00,False,8,132,24,32,8,1.3206806263039296e+05,3.7127280938507345e-01,3.6499396871481160e-01,1.7403143964400927e-02,3.6457883616351516e-01,9.9886263175044188e-01,9.9999996490588383e-01,3.6457167106305227e-01,9.8195090469156621e-01,9.9958580208443115e-01,9.4619201295263156e-01,2.6003532570117728e-19,True,True,True,False,True,True,False,False,False,False,False,The tested source-derived feature space does not have enough linear capacity to reproduce the local oracle correction.,derive non-final nonlinear or second-differential source features for the coefficient-gradient law,"This is a capacity audit: the target Jacobian defines the oracle correction being projected, but the result is not an implemented target-free law. It distinguishes feature-space capacity from an actual formula for choosing coefficients."
cylindrical_smooth,0.04,universal_direction_capacity_value_component_nonfinal,paper_tfe_lower_pair_velocity_compression_direction_capacity_gap_not_full_tfe,,universal_direction_capacity_nonfinal_component_diagonal_value_fit,all_case_h_direction_capacity_oracle_fit,all_active_velocity_rows,all_active_nonfinal_velocity,"0,1",6,24,8,16,24,16,16,16,3.3755237726016696e+00,False,8,132,24,32,8,4.3910194421465302e+09,3.7127280938507345e-01,3.6499396871481160e-01,1.7552612910621178e-02,3.6457167056451162e-01,9.9884299964794776e-01,9.9999729191272957e-01,3.6457167056451162e-01,9.8195090334877821e-01,9.9958580208054659e-01,9.4619200564944972e-01,2.6003532570117728e-19,True,True,True,False,True,True,False,False,False,False,False,The tested source-derived feature space does not have enough linear capacity to reproduce the local oracle correction.,derive non-final nonlinear or second-differential source features for the coefficient-gradient law,"This is a capacity audit: the target Jacobian defines the oracle correction being projected, but the result is not an implemented target-free law. It distinguishes feature-space capacity from an actual formula for choosing coefficients."
cylindrical_smooth,0.04,universal_direction_capacity_value_component_nonfinal,paper_tfe_lower_pair_velocity_compression_direction_capacity_gap_not_full_tfe,,universal_direction_capacity_nonfinal_component_diagonal_value_fit,all_case_h_direction_capacity_oracle_fit,closure_plus_all_active_velocity_rows,closure_and_all_active_nonfinal_velocity,"0,1",6,24,8,16,24,16,24,16,3.3639566122029412e+00,False,8,132,24,32,8,4.3910194477516565e+09,3.7127280938507345e-01,3.6499396871481160e-01,1.7552612910621164e-02,3.6457167056451162e-01,9.9884299964794776e-01,9.9999729191272957e-01,3.6457167056451162e-01,9.8195090334877821e-01,9.9958580208054659e-01,9.4619200564944972e-01,2.6003532570117728e-19,True,True,True,False,True,True,False,False,False,False,False,The tested source-derived feature space does not have enough linear capacity to reproduce the local oracle correction.,derive non-final nonlinear or second-differential source features for the coefficient-gradient law,"This is a capacity audit: the target Jacobian defines the oracle correction being projected, but the result is not an implemented target-free law. It distinguishes feature-space capacity from an actual formula for choosing coefficients."
cylindrical_smooth,0.04,universal_direction_capacity_value_component_nonfinal,paper_tfe_lower_pair_velocity_compression_direction_capacity_gap_not_full_tfe,,universal_direction_capacity_nonfinal_component_diagonal_value_fit,all_case_h_direction_capacity_oracle_fit,source_plus_all_active_velocity_rows,source_consistency_and_active_nonfinal_velocity,"0,1",6,24,8,16,24,16,32,32,4.6794886614484028e+01,False,8,132,24,32,8,4.3910194435951757e+09,3.7127280938507345e-01,3.6499396871481160e-01,1.7552612910621174e-02,3.6457167056451162e-01,9.9884299964794776e-01,9.9999729191272957e-01,3.6457167056451162e-01,9.8195090334877821e-01,9.9958580208054670e-01,9.4619200564944972e-01,2.6003532570117728e-19,True,True,True,False,True,True,False,False,False,False,False,The tested source-derived feature space does not have enough linear capacity to reproduce the local oracle correction.,derive non-final nonlinear or second-differential source features for the coefficient-gradient law,"This is a capacity audit: the target Jacobian defines the oracle correction being projected, but the result is not an implemented target-free law. It distinguishes feature-space capacity from an actual formula for choosing coefficients."
cylindrical_smooth,0.04,universal_direction_capacity_value_component_nonfinal,paper_tfe_lower_pair_velocity_compression_direction_capacity_spans_not_full_tfe,,universal_direction_capacity_nonfinal_component_diagonal_value_fit,all_case_h_direction_capacity_oracle_fit,all_stage_velocity_rows,all_stage_velocity_upper_bound,"0,1",6,24,8,16,24,16,24,24,3.3789623288125625e+00,True,8,132,24,24,0,4.6364285432856512e+01,3.7127280938507345e-01,3.6499396871481160e-01,3.6499396871481149e-01,5.3055488517552325e-16,1.4535990472491146e-15,2.0049184979929096e-15,9.0958624825852875e-16,2.4499134471092715e-15,3.5053347062049326e-15,1.6272225759215779e-15,2.6003532570117728e-19,True,True,True,False,True,True,False,False,False,False,True,"The feature-space capacity fit can reproduce the local oracle correction, but it uses the target Jacobian for coefficient fitting and is not a target-free formula or h-sweep.",derive non-final nonlinear or second-differential source features for the coefficient-gradient law,"This is a capacity audit: the target Jacobian defines the oracle correction being projected, but the result is not an implemented target-free law. It distinguishes feature-space capacity from an actual formula for choosing coefficients."
cylindrical_smooth,0.04,universal_direction_capacity_value_component_nonfinal,paper_tfe_lower_pair_velocity_compression_direction_capacity_spans_not_full_tfe,,universal_direction_capacity_nonfinal_component_diagonal_value_fit,all_case_h_direction_capacity_oracle_fit,source_plus_all_stage_velocity_rows,source_consistency_and_all_stage_velocity_upper_bound,"0,1",6,24,8,16,24,16,40,40,4.6842039537344981e+01,True,8,132,24,24,0,4.6364285432856526e+01,3.7127280938507345e-01,3.6499396871481160e-01,3.6499396871481166e-01,3.7712862629010123e-16,1.0332461865548552e-15,1.3837168255710208e-15,6.1346296990112365e-16,1.6523239903217839e-15,2.4259469125658005e-15,1.0093200379569396e-15,2.6003532570117728e-19,True,True,True,False,True,True,False,False,False,False,True,"The feature-space capacity fit can reproduce the local oracle correction, but it uses the target Jacobian for coefficient fitting and is not a target-free formula or h-sweep.",derive non-final nonlinear or second-differential source features for the coefficient-gradient law,"This is a capacity audit: the target Jacobian defines the oracle correction being projected, but the result is not an implemented target-free law. It distinguishes feature-space capacity from an actual formula for choosing coefficients."
cylindrical_smooth,0.04,case_local_direction_capacity_value_full_nonfinal,paper_tfe_lower_pair_velocity_compression_direction_capacity_gap_not_full_tfe,,case_local_direction_capacity_nonfinal_full_component_value_fit,case_local_direction_capacity_oracle_fit,row_matched_active_velocity_rows,row_matched_active_nonfinal_velocity,"0,1",1,24,8,16,24,16,16,16,3.3755237726016696e+00,False,8,132,24,32,8,1.3206806379583583e+05,3.7127280938507345e-01,3.6464473007330461e-01,6.9319111262512939e-03,3.6457883616355313e-01,9.9981929285050075e-01,9.9999996490609433e-01,3.6457167106305233e-01,9.8195090469156632e-01,9.9958580208443137e-01,9.4619201295263144e-01,1.8913227921974338e-33,True,True,True,False,True,True,False,False,False,False,False,The tested source-derived feature space does not have enough linear capacity to reproduce the local oracle correction.,derive non-final nonlinear or second-differential source features for the coefficient-gradient law,"This is a capacity audit: the target Jacobian defines the oracle correction being projected, but the result is not an implemented target-free law. It distinguishes feature-space capacity from an actual formula for choosing coefficients."
cylindrical_smooth,0.04,case_local_direction_capacity_value_full_nonfinal,paper_tfe_lower_pair_velocity_compression_direction_capacity_gap_not_full_tfe,,case_local_direction_capacity_nonfinal_full_component_value_fit,case_local_direction_capacity_oracle_fit,all_active_velocity_rows,all_active_nonfinal_velocity,"0,1",1,24,8,16,24,16,16,16,3.3755237726016696e+00,False,8,132,24,32,8,4.3910181119239731e+09,3.7127280938507345e-01,3.6464473007330461e-01,7.2990541876612408e-03,3.6457167056451162e-01,9.9979964194524817e-01,9.9999729191293241e-01,3.6457167056451162e-01,9.8195090334877821e-01,9.9958580208054659e-01,9.4619200564944972e-01,1.8913227921974338e-33,True,True,True,False,True,True,False,False,False,False,False,The tested source-derived feature space does not have enough linear capacity to reproduce the local oracle correction.,derive non-final nonlinear or second-differential source features for the coefficient-gradient law,"This is a capacity audit: the target Jacobian defines the oracle correction being projected, but the result is not an implemented target-free law. It distinguishes feature-space capacity from an actual formula for choosing coefficients."
cylindrical_smooth,0.04,case_local_direction_capacity_value_full_nonfinal,paper_tfe_lower_pair_velocity_compression_direction_capacity_gap_not_full_tfe,,case_local_direction_capacity_nonfinal_full_component_value_fit,case_local_direction_capacity_oracle_fit,closure_plus_all_active_velocity_rows,closure_and_all_active_nonfinal_velocity,"0,1",1,24,8,16,24,16,24,16,3.3755237726016687e+00,False,8,132,24,32,8,4.3910181119702740e+09,3.7127280938507345e-01,3.6464473007330461e-01,7.2990541876612374e-03,3.6457167056451162e-01,9.9979964194524817e-01,9.9999729191293241e-01,3.6457167056451162e-01,9.8195090334877821e-01,9.9958580208054659e-01,9.4619200564944972e-01,1.8913227921974338e-33,True,True,True,False,True,True,False,False,False,False,False,The tested source-derived feature space does not have enough linear capacity to reproduce the local oracle correction.,derive non-final nonlinear or second-differential source features for the coefficient-gradient law,"This is a capacity audit: the target Jacobian defines the oracle correction being projected, but the result is not an implemented target-free law. It distinguishes feature-space capacity from an actual formula for choosing coefficients."
cylindrical_smooth,0.04,case_local_direction_capacity_value_full_nonfinal,paper_tfe_lower_pair_velocity_compression_direction_capacity_gap_not_full_tfe,,case_local_direction_capacity_nonfinal_full_component_value_fit,case_local_direction_capacity_oracle_fit,source_plus_all_active_velocity_rows,source_consistency_and_active_nonfinal_velocity,"0,1",1,24,8,16,24,16,32,32,4.6794886614484028e+01,False,8,132,24,32,8,4.3910181113711443e+09,3.7127280938507345e-01,3.6464473007330461e-01,7.2990541876612461e-03,3.6457167056451162e-01,9.9979964194524817e-01,9.9999729191293241e-01,3.6457167056451162e-01,9.8195090334877821e-01,9.9958580208054670e-01,9.4619200564944972e-01,1.8913227921974338e-33,True,True,True,False,True,True,False,False,False,False,False,The tested source-derived feature space does not have enough linear capacity to reproduce the local oracle correction.,derive non-final nonlinear or second-differential source features for the coefficient-gradient law,"This is a capacity audit: the target Jacobian defines the oracle correction being projected, but the result is not an implemented target-free law. It distinguishes feature-space capacity from an actual formula for choosing coefficients."
cylindrical_smooth,0.04,case_local_direction_capacity_value_full_nonfinal,paper_tfe_lower_pair_velocity_compression_direction_capacity_spans_not_full_tfe,,case_local_direction_capacity_nonfinal_full_component_value_fit,case_local_direction_capacity_oracle_fit,all_stage_velocity_rows,all_stage_velocity_upper_bound,"0,1",1,24,8,16,24,16,24,24,3.3789623288125625e+00,True,8,132,24,24,0,4.6361478140540726e+01,3.7127280938507345e-01,3.6464473007330461e-01,3.6464473007330461e-01,5.7699301197726387e-16,1.5823429337955079e-15,2.3369346428832320e-15,5.2923049201425765e-16,1.4254491000588061e-15,2.1787485436263731e-15,7.7369575097845170e-16,1.8913227921974338e-33,True,True,True,False,True,True,False,False,False,False,True,"The feature-space capacity fit can reproduce the local oracle correction, but it uses the target Jacobian for coefficient fitting and is not a target-free formula or h-sweep.",derive non-final nonlinear or second-differential source features for the coefficient-gradient law,"This is a capacity audit: the target Jacobian defines the oracle correction being projected, but the result is not an implemented target-free law. It distinguishes feature-space capacity from an actual formula for choosing coefficients."
cylindrical_smooth,0.04,case_local_direction_capacity_value_full_nonfinal,paper_tfe_lower_pair_velocity_compression_direction_capacity_spans_not_full_tfe,,case_local_direction_capacity_nonfinal_full_component_value_fit,case_local_direction_capacity_oracle_fit,source_plus_all_stage_velocity_rows,source_consistency_and_all_stage_velocity_upper_bound,"0,1",1,24,8,16,24,16,40,40,4.6842039537344981e+01,True,8,132,24,24,0,4.6361478140540719e+01,3.7127280938507345e-01,3.6464473007330461e-01,3.6464473007330467e-01,3.8159739732902900e-16,1.0464909152870971e-15,1.7673597495401324e-15,4.2542133165898279e-16,1.1458456447796263e-15,1.6634564727169108e-15,6.1499990443271400e-16,1.8913227921974338e-33,True,True,True,False,True,True,False,False,False,False,True,"The feature-space capacity fit can reproduce the local oracle correction, but it uses the target Jacobian for coefficient fitting and is not a target-free formula or h-sweep.",derive non-final nonlinear or second-differential source features for the coefficient-gradient law,"This is a capacity audit: the target Jacobian defines the oracle correction being projected, but the result is not an implemented target-free law. It distinguishes feature-space capacity from an actual formula for choosing coefficients."
cylindrical_smooth,0.04,universal_direction_capacity_value_full_nonfinal,paper_tfe_lower_pair_velocity_compression_direction_capacity_gap_not_full_tfe,,universal_direction_capacity_nonfinal_full_component_value_fit,all_case_h_direction_capacity_oracle_fit,row_matched_active_velocity_rows,row_matched_active_nonfinal_velocity,"0,1",6,24,8,16,24,16,16,16,3.3755237726016696e+00,False,8,132,24,32,8,1.1213580569395718e+05,3.7127280938507345e-01,3.6464472482720589e-01,6.9314897349002733e-03,3.6457883892837728e-01,9.9981931481701858e-01,9.9999996156630799e-01,3.6457169123162853e-01,9.8195095901435991e-01,9.9958580466771085e-01,9.4619226692382474e-01,3.0619550613943693e-28,True,True,True,False,True,True,False,False,False,False,False,The tested source-derived feature space does not have enough linear capacity to reproduce the local oracle correction.,derive non-final nonlinear or second-differential source features for the coefficient-gradient law,"This is a capacity audit: the target Jacobian defines the oracle correction being projected, but the result is not an implemented target-free law. It distinguishes feature-space capacity from an actual formula for choosing coefficients."
cylindrical_smooth,0.04,universal_direction_capacity_value_full_nonfinal,paper_tfe_lower_pair_velocity_compression_direction_capacity_gap_not_full_tfe,,universal_direction_capacity_nonfinal_full_component_value_fit,all_case_h_direction_capacity_oracle_fit,all_active_velocity_rows,all_active_nonfinal_velocity,"0,1",6,24,8,16,24,16,16,16,3.3755237726016696e+00,False,8,132,24,32,8,4.3910181104952307e+09,3.7127280938507345e-01,3.6464472482720589e-01,7.2987920993774552e-03,3.6457167056451162e-01,9.9979965632924239e-01,9.9999729958566408e-01,3.6457167056451162e-01,9.8195090334877821e-01,9.9958580208054670e-01,9.4619200564944972e-01,3.0619550613943693e-28,True,True,True,False,True,True,False,False,False,False,False,The tested source-derived feature space does not have enough linear capacity to reproduce the local oracle correction.,derive non-final nonlinear or second-differential source features for the coefficient-gradient law,"This is a capacity audit: the target Jacobian defines the oracle correction being projected, but the result is not an implemented target-free law. It distinguishes feature-space capacity from an actual formula for choosing coefficients."
cylindrical_smooth,0.04,universal_direction_capacity_value_full_nonfinal,paper_tfe_lower_pair_velocity_compression_direction_capacity_gap_not_full_tfe,,universal_direction_capacity_nonfinal_full_component_value_fit,all_case_h_direction_capacity_oracle_fit,closure_plus_all_active_velocity_rows,closure_and_all_active_nonfinal_velocity,"0,1",6,24,8,16,24,16,24,16,3.3755237730602570e+00,False,8,132,24,32,8,4.3910181108616076e+09,3.7127280938507345e-01,3.6464472482720589e-01,7.2987920993774578e-03,3.6457167056451162e-01,9.9979965632924239e-01,9.9999729958566408e-01,3.6457167056451162e-01,9.8195090334877821e-01,9.9958580208054659e-01,9.4619200564944972e-01,3.0619550613943693e-28,True,True,True,False,True,True,False,False,False,False,False,The tested source-derived feature space does not have enough linear capacity to reproduce the local oracle correction.,derive non-final nonlinear or second-differential source features for the coefficient-gradient law,"This is a capacity audit: the target Jacobian defines the oracle correction being projected, but the result is not an implemented target-free law. It distinguishes feature-space capacity from an actual formula for choosing coefficients."
cylindrical_smooth,0.04,universal_direction_capacity_value_full_nonfinal,paper_tfe_lower_pair_velocity_compression_direction_capacity_gap_not_full_tfe,,universal_direction_capacity_nonfinal_full_component_value_fit,all_case_h_direction_capacity_oracle_fit,source_plus_all_active_velocity_rows,source_consistency_and_active_nonfinal_velocity,"0,1",6,24,8,16,24,16,32,32,4.6794886614484028e+01,False,8,132,24,32,8,4.3910181111577034e+09,3.7127280938507345e-01,3.6464472482720589e-01,7.2987920993774630e-03,3.6457167056451162e-01,9.9979965632924239e-01,9.9999729958566408e-01,3.6457167056451162e-01,9.8195090334877821e-01,9.9958580208054659e-01,9.4619200564944972e-01,3.0619550613943693e-28,True,True,True,False,True,True,False,False,False,False,False,The tested source-derived feature space does not have enough linear capacity to reproduce the local oracle correction.,derive non-final nonlinear or second-differential source features for the coefficient-gradient law,"This is a capacity audit: the target Jacobian defines the oracle correction being projected, but the result is not an implemented target-free law. It distinguishes feature-space capacity from an actual formula for choosing coefficients."
cylindrical_smooth,0.04,universal_direction_capacity_value_full_nonfinal,paper_tfe_lower_pair_velocity_compression_direction_capacity_spans_not_full_tfe,,universal_direction_capacity_nonfinal_full_component_value_fit,all_case_h_direction_capacity_oracle_fit,all_stage_velocity_rows,all_stage_velocity_upper_bound,"0,1",6,24,8,16,24,16,24,24,3.3789623288125625e+00,True,8,132,24,24,0,4.6361478140556720e+01,3.7127280938507345e-01,3.6464472482720589e-01,3.6464472482720595e-01,5.1923419627055258e-16,1.4239454485913705e-15,1.9688298012179899e-15,5.4401711043552048e-16,1.4652759283303228e-15,2.1256861310508281e-15,8.4930611816167483e-16,3.0619550613943693e-28,True,True,True,False,True,True,False,False,False,False,True,"The feature-space capacity fit can reproduce the local oracle correction, but it uses the target Jacobian for coefficient fitting and is not a target-free formula or h-sweep.",derive non-final nonlinear or second-differential source features for the coefficient-gradient law,"This is a capacity audit: the target Jacobian defines the oracle correction being projected, but the result is not an implemented target-free law. It distinguishes feature-space capacity from an actual formula for choosing coefficients."
cylindrical_smooth,0.04,universal_direction_capacity_value_full_nonfinal,paper_tfe_lower_pair_velocity_compression_direction_capacity_spans_not_full_tfe,,universal_direction_capacity_nonfinal_full_component_value_fit,all_case_h_direction_capacity_oracle_fit,source_plus_all_stage_velocity_rows,source_consistency_and_all_stage_velocity_upper_bound,"0,1",6,24,8,16,24,16,40,40,4.6842039537344981e+01,True,8,132,24,24,0,4.6361478140556720e+01,3.7127280938507345e-01,3.6464472482720589e-01,3.6464472482720606e-01,4.0698011508136931e-16,1.1161003776325707e-15,1.6272917759976830e-15,5.1592424984899598e-16,1.3896095722805659e-15,1.9022498135109905e-15,7.6956053311831443e-16,3.0619550613943693e-28,True,True,True,False,True,True,False,False,False,False,True,"The feature-space capacity fit can reproduce the local oracle correction, but it uses the target Jacobian for coefficient fitting and is not a target-free formula or h-sweep.",derive non-final nonlinear or second-differential source features for the coefficient-gradient law,"This is a capacity audit: the target Jacobian defines the oracle correction being projected, but the result is not an implemented target-free law. It distinguishes feature-space capacity from an actual formula for choosing coefficients."
cylindrical_smooth,0.02,case_local_direction_capacity_value_scalar_nonfinal,paper_tfe_lower_pair_velocity_compression_direction_capacity_gap_not_full_tfe,,case_local_direction_capacity_nonfinal_stage_scalar_value_fit,case_local_direction_capacity_oracle_fit,row_matched_active_velocity_rows,row_matched_active_nonfinal_velocity,"0,1",1,24,8,16,24,16,16,16,3.3775807332730774e+00,False,8,132,24,32,8,9.9356285537912115e+05,2.6042001459760067e-01,2.5971476305788754e-01,6.4942161859701320e-04,2.5971395111117146e-01,9.9999687369825829e-01,9.9999999937990836e-01,2.5971386676787844e-01,9.9728842719399524e-01,9.9993878320814111e-01,9.9171268906349230e-01,5.2364152976339945e-18,True,True,True,False,True,True,False,False,False,False,False,The tested source-derived feature space does not have enough linear capacity to reproduce the local oracle correction.,derive non-final nonlinear or second-differential source features for the coefficient-gradient law,"This is a capacity audit: the target Jacobian defines the oracle correction being projected, but the result is not an implemented target-free law. It distinguishes feature-space capacity from an actual formula for choosing coefficients."
cylindrical_smooth,0.02,case_local_direction_capacity_value_scalar_nonfinal,paper_tfe_lower_pair_velocity_compression_direction_capacity_gap_not_full_tfe,,case_local_direction_capacity_nonfinal_stage_scalar_value_fit,case_local_direction_capacity_oracle_fit,all_active_velocity_rows,all_active_nonfinal_velocity,"0,1",1,24,8,16,24,16,16,16,3.3775807332730761e+00,False,8,132,23,31,8,2.2904633709036261e+11,2.6042001459760067e-01,2.5971476305788754e-01,6.8234402908143939e-04,2.5971386670110747e-01,9.9999654868760823e-01,9.9999995071269399e-01,2.5971386670110752e-01,9.9728842693759812e-01,9.9993878320768492e-01,9.9171268757357633e-01,5.2364152976339945e-18,True,True,True,False,True,True,False,False,False,False,False,The tested source-derived feature space does not have enough linear capacity to reproduce the local oracle correction.,derive non-final nonlinear or second-differential source features for the coefficient-gradient law,"This is a capacity audit: the target Jacobian defines the oracle correction being projected, but the result is not an implemented target-free law. It distinguishes feature-space capacity from an actual formula for choosing coefficients."
cylindrical_smooth,0.02,case_local_direction_capacity_value_scalar_nonfinal,paper_tfe_lower_pair_velocity_compression_direction_capacity_gap_not_full_tfe,,case_local_direction_capacity_nonfinal_stage_scalar_value_fit,case_local_direction_capacity_oracle_fit,closure_plus_all_active_velocity_rows,closure_and_all_active_nonfinal_velocity,"0,1",1,24,8,16,24,16,24,16,3.3775807332730743e+00,False,8,132,23,31,8,2.2904633733808649e+11,2.6042001459760067e-01,2.5971476305788754e-01,6.8234402908144015e-04,2.5971386670110747e-01,9.9999654868760823e-01,9.9999995071269399e-01,2.5971386670110752e-01,9.9728842693759812e-01,9.9993878320768492e-01,9.9171268757357645e-01,5.2364152976339945e-18,True,True,True,False,True,True,False,False,False,False,False,The tested source-derived feature space does not have enough linear capacity to reproduce the local oracle correction.,derive non-final nonlinear or second-differential source features for the coefficient-gradient law,"This is a capacity audit: the target Jacobian defines the oracle correction being projected, but the result is not an implemented target-free law. It distinguishes feature-space capacity from an actual formula for choosing coefficients."
cylindrical_smooth,0.02,case_local_direction_capacity_value_scalar_nonfinal,paper_tfe_lower_pair_velocity_compression_direction_capacity_gap_not_full_tfe,,case_local_direction_capacity_nonfinal_stage_scalar_value_fit,case_local_direction_capacity_oracle_fit,source_plus_all_active_velocity_rows,source_consistency_and_active_nonfinal_velocity,"0,1",1,24,8,16,24,16,32,32,4.6767695127424780e+01,False,8,132,23,31,8,2.2904633506917487e+11,2.6042001459760067e-01,2.5971476305788754e-01,6.8234402908144026e-04,2.5971386670110747e-01,9.9999654868760823e-01,9.9999995071269399e-01,2.5971386670110752e-01,9.9728842693759812e-01,9.9993878320768492e-01,9.9171268757357633e-01,5.2364152976339945e-18,True,True,True,False,True,True,False,False,False,False,False,The tested source-derived feature space does not have enough linear capacity to reproduce the local oracle correction.,derive non-final nonlinear or second-differential source features for the coefficient-gradient law,"This is a capacity audit: the target Jacobian defines the oracle correction being projected, but the result is not an implemented target-free law. It distinguishes feature-space capacity from an actual formula for choosing coefficients."
cylindrical_smooth,0.02,case_local_direction_capacity_value_scalar_nonfinal,paper_tfe_lower_pair_velocity_compression_direction_capacity_spans_not_full_tfe,,case_local_direction_capacity_nonfinal_stage_scalar_value_fit,case_local_direction_capacity_oracle_fit,all_stage_velocity_rows,all_stage_velocity_upper_bound,"0,1",1,24,8,16,24,16,24,24,3.3788981673772418e+00,True,8,132,24,24,0,4.6691887098091215e+01,2.6042001459760067e-01,2.5971476305788754e-01,2.5971476305788749e-01,2.7534556944325879e-16,1.0601845124294583e-15,1.2726158389549799e-15,4.2263703258446205e-16,1.6229053409643574e-15,2.1010637489185656e-15,8.0529481586740210e-16,5.2364152976339945e-18,True,True,True,False,True,True,False,False,False,False,True,"The feature-space capacity fit can reproduce the local oracle correction, but it uses the target Jacobian for coefficient fitting and is not a target-free formula or h-sweep.",derive non-final nonlinear or second-differential source features for the coefficient-gradient law,"This is a capacity audit: the target Jacobian defines the oracle correction being projected, but the result is not an implemented target-free law. It distinguishes feature-space capacity from an actual formula for choosing coefficients."
cylindrical_smooth,0.02,case_local_direction_capacity_value_scalar_nonfinal,paper_tfe_lower_pair_velocity_compression_direction_capacity_spans_not_full_tfe,,case_local_direction_capacity_nonfinal_stage_scalar_value_fit,case_local_direction_capacity_oracle_fit,source_plus_all_stage_velocity_rows,source_consistency_and_all_stage_velocity_upper_bound,"0,1",1,24,8,16,24,16,40,40,4.6785927440062395e+01,True,8,132,24,24,0,4.6691887098091101e+01,2.6042001459760067e-01,2.5971476305788754e-01,2.5971476305788749e-01,3.6878075800108037e-16,1.4199453032975382e-15,1.9601394416006248e-15,4.0559335595030394e-16,1.5574584640778251e-15,2.4687235437873178e-15,8.4380707910461815e-16,5.2364152976339945e-18,True,True,True,False,True,True,False,False,False,False,True,"The feature-space capacity fit can reproduce the local oracle correction, but it uses the target Jacobian for coefficient fitting and is not a target-free formula or h-sweep.",derive non-final nonlinear or second-differential source features for the coefficient-gradient law,"This is a capacity audit: the target Jacobian defines the oracle correction being projected, but the result is not an implemented target-free law. It distinguishes feature-space capacity from an actual formula for choosing coefficients."
cylindrical_smooth,0.02,universal_direction_capacity_value_scalar_nonfinal,paper_tfe_lower_pair_velocity_compression_direction_capacity_gap_not_full_tfe,,universal_direction_capacity_nonfinal_stage_scalar_value_fit,all_case_h_direction_capacity_oracle_fit,row_matched_active_velocity_rows,row_matched_active_nonfinal_velocity,"0,1",6,24,8,16,24,16,16,16,3.3775807332730774e+00,False,8,132,24,32,8,9.9356285537911963e+05,2.6042001459760067e-01,2.5971476306639779e-01,6.4942502198248866e-04,2.5971395111117146e-01,9.9999687366549073e-01,9.9999999937916495e-01,2.5971386676787844e-01,9.9728842719399524e-01,9.9993878320814111e-01,9.9171268906349219e-01,5.6547069701932444e-18,True,True,True,False,True,True,False,False,False,False,False,The tested source-derived feature space does not have enough linear capacity to reproduce the local oracle correction.,derive non-final nonlinear or second-differential source features for the coefficient-gradient law,"This is a capacity audit: the target Jacobian defines the oracle correction being projected, but the result is not an implemented target-free law. It distinguishes feature-space capacity from an actual formula for choosing coefficients."
cylindrical_smooth,0.02,universal_direction_capacity_value_scalar_nonfinal,paper_tfe_lower_pair_velocity_compression_direction_capacity_gap_not_full_tfe,,universal_direction_capacity_nonfinal_stage_scalar_value_fit,all_case_h_direction_capacity_oracle_fit,all_active_velocity_rows,all_active_nonfinal_velocity,"0,1",6,24,8,16,24,16,16,16,3.3775807332730761e+00,False,8,132,23,31,8,2.2904633732068408e+11,2.6042001459760067e-01,2.5971476306639779e-01,6.8234726825780153e-04,2.5971386670110747e-01,9.9999654865484067e-01,9.9999995071195058e-01,2.5971386670110752e-01,9.9728842693759812e-01,9.9993878320768492e-01,9.9171268757357633e-01,5.6547069701932444e-18,True,True,True,False,True,True,False,False,False,False,False,The tested source-derived feature space does not have enough linear capacity to reproduce the local oracle correction.,derive non-final nonlinear or second-differential source features for the coefficient-gradient law,"This is a capacity audit: the target Jacobian defines the oracle correction being projected, but the result is not an implemented target-free law. It distinguishes feature-space capacity from an actual formula for choosing coefficients."
cylindrical_smooth,0.02,universal_direction_capacity_value_scalar_nonfinal,paper_tfe_lower_pair_velocity_compression_direction_capacity_gap_not_full_tfe,,universal_direction_capacity_nonfinal_stage_scalar_value_fit,all_case_h_direction_capacity_oracle_fit,closure_plus_all_active_velocity_rows,closure_and_all_active_nonfinal_velocity,"0,1",6,24,8,16,24,16,24,16,3.3775807332730805e+00,False,8,132,23,31,8,2.2904633689005389e+11,2.6042001459760067e-01,2.5971476306639779e-01,6.8234726825780196e-04,2.5971386670110747e-01,9.9999654865484067e-01,9.9999995071195058e-01,2.5971386670110752e-01,9.9728842693759812e-01,9.9993878320768492e-01,9.9171268757357633e-01,5.6547069701932444e-18,True,True,True,False,True,True,False,False,False,False,False,The tested source-derived feature space does not have enough linear capacity to reproduce the local oracle correction.,derive non-final nonlinear or second-differential source features for the coefficient-gradient law,"This is a capacity audit: the target Jacobian defines the oracle correction being projected, but the result is not an implemented target-free law. It distinguishes feature-space capacity from an actual formula for choosing coefficients."
cylindrical_smooth,0.02,universal_direction_capacity_value_scalar_nonfinal,paper_tfe_lower_pair_velocity_compression_direction_capacity_gap_not_full_tfe,,universal_direction_capacity_nonfinal_stage_scalar_value_fit,all_case_h_direction_capacity_oracle_fit,source_plus_all_active_velocity_rows,source_consistency_and_active_nonfinal_velocity,"0,1",6,24,8,16,24,16,32,32,4.6767695127424780e+01,False,8,132,23,31,8,2.2904633593448123e+11,2.6042001459760067e-01,2.5971476306639779e-01,6.8234726825780175e-04,2.5971386670110747e-01,9.9999654865484067e-01,9.9999995071195058e-01,2.5971386670110747e-01,9.9728842693759789e-01,9.9993878320768492e-01,9.9171268757357633e-01,5.6547069701932444e-18,True,True,True,False,True,True,False,False,False,False,False,The tested source-derived feature space does not have enough linear capacity to reproduce the local oracle correction.,derive non-final nonlinear or second-differential source features for the coefficient-gradient law,"This is a capacity audit: the target Jacobian defines the oracle correction being projected, but the result is not an implemented target-free law. It distinguishes feature-space capacity from an actual formula for choosing coefficients."
cylindrical_smooth,0.02,universal_direction_capacity_value_scalar_nonfinal,paper_tfe_lower_pair_velocity_compression_direction_capacity_spans_not_full_tfe,,universal_direction_capacity_nonfinal_stage_scalar_value_fit,all_case_h_direction_capacity_oracle_fit,all_stage_velocity_rows,all_stage_velocity_upper_bound,"0,1",6,24,8,16,24,16,24,24,3.3788981673772418e+00,True,8,132,24,24,0,4.6691887098091193e+01,2.6042001459760067e-01,2.5971476306639779e-01,2.5971476306639774e-01,2.6611495090171268e-16,1.0246431421908758e-15,1.4169813751953178e-15,5.7961225915519934e-16,2.2256824616603008e-15,3.7542625804201157e-15,7.8944231555412700e-16,5.6547069701932444e-18,True,True,True,False,True,True,False,False,False,False,True,"The feature-space capacity fit can reproduce the local oracle correction, but it uses the target Jacobian for coefficient fitting and is not a target-free formula or h-sweep.",derive non-final nonlinear or second-differential source features for the coefficient-gradient law,"This is a capacity audit: the target Jacobian defines the oracle correction being projected, but the result is not an implemented target-free law. It distinguishes feature-space capacity from an actual formula for choosing coefficients."
cylindrical_smooth,0.02,universal_direction_capacity_value_scalar_nonfinal,paper_tfe_lower_pair_velocity_compression_direction_capacity_spans_not_full_tfe,,universal_direction_capacity_nonfinal_stage_scalar_value_fit,all_case_h_direction_capacity_oracle_fit,source_plus_all_stage_velocity_rows,source_consistency_and_all_stage_velocity_upper_bound,"0,1",6,24,8,16,24,16,40,40,4.6785927440062395e+01,True,8,132,24,24,0,4.6691887098091151e+01,2.6042001459760067e-01,2.5971476306639779e-01,2.5971476306639785e-01,3.3195001152903558e-16,1.2781330087276184e-15,1.8161421864752480e-15,6.6937200304588869e-16,2.5703554470657643e-15,4.7372167908558532e-15,1.0508317099114411e-15,5.6547069701932444e-18,True,True,True,False,True,True,False,False,False,False,True,"The feature-space capacity fit can reproduce the local oracle correction, but it uses the target Jacobian for coefficient fitting and is not a target-free formula or h-sweep.",derive non-final nonlinear or second-differential source features for the coefficient-gradient law,"This is a capacity audit: the target Jacobian defines the oracle correction being projected, but the result is not an implemented target-free law. It distinguishes feature-space capacity from an actual formula for choosing coefficients."
cylindrical_smooth,0.02,case_local_direction_capacity_value_component_nonfinal,paper_tfe_lower_pair_velocity_compression_direction_capacity_gap_not_full_tfe,,case_local_direction_capacity_nonfinal_component_diagonal_value_fit,case_local_direction_capacity_oracle_fit,row_matched_active_velocity_rows,row_matched_active_nonfinal_velocity,"0,1",1,24,8,16,24,16,16,16,3.3775807332730774e+00,False,8,132,24,32,8,9.9356285538421688e+05,2.6042001459760067e-01,2.5976201820512657e-01,4.9969691038206756e-03,2.5971395111117146e-01,9.9981495718932567e-01,9.9999999937979045e-01,2.5971386676787844e-01,9.9728842719399524e-01,9.9993878320814111e-01,9.9171268906349219e-01,8.6140718810505691e-34,True,True,True,False,True,True,False,False,False,False,False,The tested source-derived feature space does not have enough linear capacity to reproduce the local oracle correction.,derive non-final nonlinear or second-differential source features for the coefficient-gradient law,"This is a capacity audit: the target Jacobian defines the oracle correction being projected, but the result is not an implemented target-free law. It distinguishes feature-space capacity from an actual formula for choosing coefficients."
cylindrical_smooth,0.02,case_local_direction_capacity_value_component_nonfinal,paper_tfe_lower_pair_velocity_compression_direction_capacity_gap_not_full_tfe,,case_local_direction_capacity_nonfinal_component_diagonal_value_fit,case_local_direction_capacity_oracle_fit,all_active_velocity_rows,all_active_nonfinal_velocity,"0,1",1,24,8,16,24,16,16,16,3.3775807332730761e+00,False,8,132,23,31,8,2.2904633723773154e+11,2.6042001459760067e-01,2.5976201820512657e-01,5.0013543325643627e-03,2.5971386670110747e-01,9.9981463223780054e-01,9.9999995071257608e-01,2.5971386670110752e-01,9.9728842693759812e-01,9.9993878320768492e-01,9.9171268757357633e-01,8.6140718810505691e-34,True,True,True,False,True,True,False,False,False,False,False,The tested source-derived feature space does not have enough linear capacity to reproduce the local oracle correction.,derive non-final nonlinear or second-differential source features for the coefficient-gradient law,"This is a capacity audit: the target Jacobian defines the oracle correction being projected, but the result is not an implemented target-free law. It distinguishes feature-space capacity from an actual formula for choosing coefficients."
cylindrical_smooth,0.02,case_local_direction_capacity_value_component_nonfinal,paper_tfe_lower_pair_velocity_compression_direction_capacity_gap_not_full_tfe,,case_local_direction_capacity_nonfinal_component_diagonal_value_fit,case_local_direction_capacity_oracle_fit,closure_plus_all_active_velocity_rows,closure_and_all_active_nonfinal_velocity,"0,1",1,24,8,16,24,16,24,16,3.3760215431438190e+00,False,8,132,23,31,8,2.2904633828087418e+11,2.6042001459760067e-01,2.5976201820512657e-01,5.0013543325643645e-03,2.5971386670110747e-01,9.9981463223780054e-01,9.9999995071257608e-01,2.5971386670110752e-01,9.9728842693759812e-01,9.9993878320768492e-01,9.9171268757357633e-01,8.6140718810505691e-34,True,True,True,False,True,True,False,False,False,False,False,The tested source-derived feature space does not have enough linear capacity to reproduce the local oracle correction.,derive non-final nonlinear or second-differential source features for the coefficient-gradient law,"This is a capacity audit: the target Jacobian defines the oracle correction being projected, but the result is not an implemented target-free law. It distinguishes feature-space capacity from an actual formula for choosing coefficients."
cylindrical_smooth,0.02,case_local_direction_capacity_value_component_nonfinal,paper_tfe_lower_pair_velocity_compression_direction_capacity_gap_not_full_tfe,,case_local_direction_capacity_nonfinal_component_diagonal_value_fit,case_local_direction_capacity_oracle_fit,source_plus_all_active_velocity_rows,source_consistency_and_active_nonfinal_velocity,"0,1",1,24,8,16,24,16,32,32,4.6767695127424780e+01,False,8,132,23,31,8,2.2904633672042514e+11,2.6042001459760067e-01,2.5976201820512657e-01,5.0013543325643636e-03,2.5971386670110747e-01,9.9981463223780054e-01,9.9999995071257608e-01,2.5971386670110752e-01,9.9728842693759812e-01,9.9993878320768492e-01,9.9171268757357633e-01,8.6140718810505691e-34,True,True,True,False,True,True,False,False,False,False,False,The tested source-derived feature space does not have enough linear capacity to reproduce the local oracle correction.,derive non-final nonlinear or second-differential source features for the coefficient-gradient law,"This is a capacity audit: the target Jacobian defines the oracle correction being projected, but the result is not an implemented target-free law. It distinguishes feature-space capacity from an actual formula for choosing coefficients."
cylindrical_smooth,0.02,case_local_direction_capacity_value_component_nonfinal,paper_tfe_lower_pair_velocity_compression_direction_capacity_spans_not_full_tfe,,case_local_direction_capacity_nonfinal_component_diagonal_value_fit,case_local_direction_capacity_oracle_fit,all_stage_velocity_rows,all_stage_velocity_upper_bound,"0,1",1,24,8,16,24,16,24,24,3.3788981673772418e+00,True,8,132,24,24,0,4.6691939489995328e+01,2.6042001459760067e-01,2.5976201820512657e-01,2.5976201820512645e-01,2.9008539538336977e-16,1.1167352232161121e-15,1.5342129386900255e-15,2.9369685770024242e-16,1.1277814347490185e-15,1.6666398158997022e-15,6.5556241418933084e-16,8.6140718810505691e-34,True,True,True,False,True,True,False,False,False,False,True,"The feature-space capacity fit can reproduce the local oracle correction, but it uses the target Jacobian for coefficient fitting and is not a target-free formula or h-sweep.",derive non-final nonlinear or second-differential source features for the coefficient-gradient law,"This is a capacity audit: the target Jacobian defines the oracle correction being projected, but the result is not an implemented target-free law. It distinguishes feature-space capacity from an actual formula for choosing coefficients."
cylindrical_smooth,0.02,case_local_direction_capacity_value_component_nonfinal,paper_tfe_lower_pair_velocity_compression_direction_capacity_spans_not_full_tfe,,case_local_direction_capacity_nonfinal_component_diagonal_value_fit,case_local_direction_capacity_oracle_fit,source_plus_all_stage_velocity_rows,source_consistency_and_all_stage_velocity_upper_bound,"0,1",1,24,8,16,24,16,40,40,4.6785927440062395e+01,True,8,132,24,24,0,4.6691939489995221e+01,2.6042001459760067e-01,2.5976201820512657e-01,2.5976201820512657e-01,3.4690174878349869e-16,1.3354598612240546e-15,2.0384227018071092e-15,4.1797598173163713e-16,1.6050071357898160e-15,2.4251452481733689e-15,1.0256882658319615e-15,8.6140718810505691e-34,True,True,True,False,True,True,False,False,False,False,True,"The feature-space capacity fit can reproduce the local oracle correction, but it uses the target Jacobian for coefficient fitting and is not a target-free formula or h-sweep.",derive non-final nonlinear or second-differential source features for the coefficient-gradient law,"This is a capacity audit: the target Jacobian defines the oracle correction being projected, but the result is not an implemented target-free law. It distinguishes feature-space capacity from an actual formula for choosing coefficients."
cylindrical_smooth,0.02,universal_direction_capacity_value_component_nonfinal,paper_tfe_lower_pair_velocity_compression_direction_capacity_gap_not_full_tfe,,universal_direction_capacity_nonfinal_component_diagonal_value_fit,all_case_h_direction_capacity_oracle_fit,row_matched_active_velocity_rows,row_matched_active_nonfinal_velocity,"0,1",6,24,8,16,24,16,16,16,3.3775807332730774e+00,False,8,132,24,32,8,9.9356285539488669e+05,2.6042001459760067e-01,2.6003035716321488e-01,1.2823815526321690e-02,2.5971395111117146e-01,9.9878319571801066e-01,9.9999999937915829e-01,2.5971386676787844e-01,9.9728842719399524e-01,9.9993878320814111e-01,9.9171268906349219e-01,5.6396941262862447e-18,True,True,True,False,True,True,False,False,False,False,False,The tested source-derived feature space does not have enough linear capacity to reproduce the local oracle correction.,derive non-final nonlinear or second-differential source features for the coefficient-gradient law,"This is a capacity audit: the target Jacobian defines the oracle correction being projected, but the result is not an implemented target-free law. It distinguishes feature-space capacity from an actual formula for choosing coefficients."
cylindrical_smooth,0.02,universal_direction_capacity_value_component_nonfinal,paper_tfe_lower_pair_velocity_compression_direction_capacity_gap_not_full_tfe,,universal_direction_capacity_nonfinal_component_diagonal_value_fit,all_case_h_direction_capacity_oracle_fit,all_active_velocity_rows,all_active_nonfinal_velocity,"0,1",6,24,8,16,24,16,16,16,3.3775807332730761e+00,False,8,132,23,31,8,2.2904633794504837e+11,2.6042001459760067e-01,2.6003035716321488e-01,1.2825524924479751e-02,2.5971386670110747e-01,9.9878287110182007e-01,9.9999995071194381e-01,2.5971386670110752e-01,9.9728842693759812e-01,9.9993878320768492e-01,9.9171268757357633e-01,5.6396941262862447e-18,True,True,True,False,True,True,False,False,False,False,False,The tested source-derived feature space does not have enough linear capacity to reproduce the local oracle correction.,derive non-final nonlinear or second-differential source features for the coefficient-gradient law,"This is a capacity audit: the target Jacobian defines the oracle correction being projected, but the result is not an implemented target-free law. It distinguishes feature-space capacity from an actual formula for choosing coefficients."
cylindrical_smooth,0.02,universal_direction_capacity_value_component_nonfinal,paper_tfe_lower_pair_velocity_compression_direction_capacity_gap_not_full_tfe,,universal_direction_capacity_nonfinal_component_diagonal_value_fit,all_case_h_direction_capacity_oracle_fit,closure_plus_all_active_velocity_rows,closure_and_all_active_nonfinal_velocity,"0,1",6,24,8,16,24,16,24,16,3.3660949581360282e+00,False,8,132,23,31,8,2.2904633762878607e+11,2.6042001459760067e-01,2.6003035716321488e-01,1.2825524924479749e-02,2.5971386670110747e-01,9.9878287110182007e-01,9.9999995071194381e-01,2.5971386670110752e-01,9.9728842693759812e-01,9.9993878320768492e-01,9.9171268757357633e-01,5.6396941262862447e-18,True,True,True,False,True,True,False,False,False,False,False,The tested source-derived feature space does not have enough linear capacity to reproduce the local oracle correction.,derive non-final nonlinear or second-differential source features for the coefficient-gradient law,"This is a capacity audit: the target Jacobian defines the oracle correction being projected, but the result is not an implemented target-free law. It distinguishes feature-space capacity from an actual formula for choosing coefficients."
cylindrical_smooth,0.02,universal_direction_capacity_value_component_nonfinal,paper_tfe_lower_pair_velocity_compression_direction_capacity_gap_not_full_tfe,,universal_direction_capacity_nonfinal_component_diagonal_value_fit,all_case_h_direction_capacity_oracle_fit,source_plus_all_active_velocity_rows,source_consistency_and_active_nonfinal_velocity,"0,1",6,24,8,16,24,16,32,32,4.6767695127424780e+01,False,8,132,23,31,8,2.2904633766045779e+11,2.6042001459760067e-01,2.6003035716321488e-01,1.2825524924479751e-02,2.5971386670110747e-01,9.9878287110182007e-01,9.9999995071194381e-01,2.5971386670110752e-01,9.9728842693759812e-01,9.9993878320768514e-01,9.9171268757357633e-01,5.6396941262862447e-18,True,True,True,False,True,True,False,False,False,False,False,The tested source-derived feature space does not have enough linear capacity to reproduce the local oracle correction.,derive non-final nonlinear or second-differential source features for the coefficient-gradient law,"This is a capacity audit: the target Jacobian defines the oracle correction being projected, but the result is not an implemented target-free law. It distinguishes feature-space capacity from an actual formula for choosing coefficients."
cylindrical_smooth,0.02,universal_direction_capacity_value_component_nonfinal,paper_tfe_lower_pair_velocity_compression_direction_capacity_spans_not_full_tfe,,universal_direction_capacity_nonfinal_component_diagonal_value_fit,all_case_h_direction_capacity_oracle_fit,all_stage_velocity_rows,all_stage_velocity_upper_bound,"0,1",6,24,8,16,24,16,24,24,3.3788981673772418e+00,True,8,132,24,24,0,4.6692217813489044e+01,2.6042001459760067e-01,2.6003035716321488e-01,2.6003035716321482e-01,3.2831923840206577e-16,1.2626188802870720e-15,2.1014593580347264e-15,3.7602126842202818e-16,1.4439031078431274e-15,1.8626855505782906e-15,9.7371880855800190e-16,5.6396941262862447e-18,True,True,True,False,True,True,False,False,False,False,True,"The feature-space capacity fit can reproduce the local oracle correction, but it uses the target Jacobian for coefficient fitting and is not a target-free formula or h-sweep.",derive non-final nonlinear or second-differential source features for the coefficient-gradient law,"This is a capacity audit: the target Jacobian defines the oracle correction being projected, but the result is not an implemented target-free law. It distinguishes feature-space capacity from an actual formula for choosing coefficients."
cylindrical_smooth,0.02,universal_direction_capacity_value_component_nonfinal,paper_tfe_lower_pair_velocity_compression_direction_capacity_spans_not_full_tfe,,universal_direction_capacity_nonfinal_component_diagonal_value_fit,all_case_h_direction_capacity_oracle_fit,source_plus_all_stage_velocity_rows,source_consistency_and_all_stage_velocity_upper_bound,"0,1",6,24,8,16,24,16,40,40,4.6785927440062395e+01,True,8,132,24,24,0,4.6692217813488966e+01,2.6042001459760067e-01,2.6003035716321488e-01,2.6003035716321493e-01,3.4187278003737570e-16,1.3147418007920909e-15,1.7679262381513224e-15,3.7151094298146432e-16,1.4265836808108649e-15,1.9296996025390930e-15,1.0034620414115307e-15,5.6396941262862447e-18,True,True,True,False,True,True,False,False,False,False,True,"The feature-space capacity fit can reproduce the local oracle correction, but it uses the target Jacobian for coefficient fitting and is not a target-free formula or h-sweep.",derive non-final nonlinear or second-differential source features for the coefficient-gradient law,"This is a capacity audit: the target Jacobian defines the oracle correction being projected, but the result is not an implemented target-free law. It distinguishes feature-space capacity from an actual formula for choosing coefficients."
cylindrical_smooth,0.02,case_local_direction_capacity_value_full_nonfinal,paper_tfe_lower_pair_velocity_compression_direction_capacity_gap_not_full_tfe,,case_local_direction_capacity_nonfinal_full_component_value_fit,case_local_direction_capacity_oracle_fit,row_matched_active_velocity_rows,row_matched_active_nonfinal_velocity,"0,1",1,24,8,16,24,16,16,16,3.3775807332730774e+00,False,8,132,24,32,8,9.9351733993472136e+05,2.6042001459760067e-01,2.5971476306666380e-01,6.4942515496409822e-04,2.5971395111110490e-01,9.9999687366421031e-01,9.9999999937919881e-01,2.5971386676787239e-01,9.9728842719397193e-01,9.9993878320814167e-01,9.9171268906332855e-01,3.8518598887744717e-34,True,True,True,False,True,True,False,False,False,False,False,The tested source-derived feature space does not have enough linear capacity to reproduce the local oracle correction.,derive non-final nonlinear or second-differential source features for the coefficient-gradient law,"This is a capacity audit: the target Jacobian defines the oracle correction being projected, but the result is not an implemented target-free law. It distinguishes feature-space capacity from an actual formula for choosing coefficients."
cylindrical_smooth,0.02,case_local_direction_capacity_value_full_nonfinal,paper_tfe_lower_pair_velocity_compression_direction_capacity_gap_not_full_tfe,,case_local_direction_capacity_nonfinal_full_component_value_fit,case_local_direction_capacity_oracle_fit,all_active_velocity_rows,all_active_nonfinal_velocity,"0,1",1,24,8,16,24,16,16,16,3.3775807332730761e+00,False,8,132,23,31,8,2.2904633464147296e+11,2.6042001459760067e-01,2.5971476306666380e-01,6.8234736949555170e-04,2.5971386670110747e-01,9.9999654865381638e-01,9.9999995071148085e-01,2.5971386670110752e-01,9.9728842693759812e-01,9.9993878320768492e-01,9.9171268757357633e-01,3.8518598887744717e-34,True,True,True,False,True,True,False,False,False,False,False,The tested source-derived feature space does not have enough linear capacity to reproduce the local oracle correction.,derive non-final nonlinear or second-differential source features for the coefficient-gradient law,"This is a capacity audit: the target Jacobian defines the oracle correction being projected, but the result is not an implemented target-free law. It distinguishes feature-space capacity from an actual formula for choosing coefficients."
cylindrical_smooth,0.02,case_local_direction_capacity_value_full_nonfinal,paper_tfe_lower_pair_velocity_compression_direction_capacity_gap_not_full_tfe,,case_local_direction_capacity_nonfinal_full_component_value_fit,case_local_direction_capacity_oracle_fit,closure_plus_all_active_velocity_rows,closure_and_all_active_nonfinal_velocity,"0,1",1,24,8,16,24,16,24,16,3.3775807332730823e+00,False,8,132,23,31,8,2.2904633548338638e+11,2.6042001459760067e-01,2.5971476306666380e-01,6.8234736949555203e-04,2.5971386670110747e-01,9.9999654865381638e-01,9.9999995071148085e-01,2.5971386670110752e-01,9.9728842693759812e-01,9.9993878320768492e-01,9.9171268757357633e-01,3.8518598887744717e-34,True,True,True,False,True,True,False,False,False,False,False,The tested source-derived feature space does not have enough linear capacity to reproduce the local oracle correction.,derive non-final nonlinear or second-differential source features for the coefficient-gradient law,"This is a capacity audit: the target Jacobian defines the oracle correction being projected, but the result is not an implemented target-free law. It distinguishes feature-space capacity from an actual formula for choosing coefficients."
cylindrical_smooth,0.02,case_local_direction_capacity_value_full_nonfinal,paper_tfe_lower_pair_velocity_compression_direction_capacity_gap_not_full_tfe,,case_local_direction_capacity_nonfinal_full_component_value_fit,case_local_direction_capacity_oracle_fit,source_plus_all_active_velocity_rows,source_consistency_and_active_nonfinal_velocity,"0,1",1,24,8,16,24,16,32,32,4.6767695127424780e+01,False,8,132,23,31,8,2.2904633540698645e+11,2.6042001459760067e-01,2.5971476306666380e-01,6.8234736949555224e-04,2.5971386670110747e-01,9.9999654865381638e-01,9.9999995071148085e-01,2.5971386670110752e-01,9.9728842693759812e-01,9.9993878320768492e-01,9.9171268757357633e-01,3.8518598887744717e-34,True,True,True,False,True,True,False,False,False,False,False,The tested source-derived feature space does not have enough linear capacity to reproduce the local oracle correction.,derive non-final nonlinear or second-differential source features for the coefficient-gradient law,"This is a capacity audit: the target Jacobian defines the oracle correction being projected, but the result is not an implemented target-free law. It distinguishes feature-space capacity from an actual formula for choosing coefficients."
cylindrical_smooth,0.02,case_local_direction_capacity_value_full_nonfinal,paper_tfe_lower_pair_velocity_compression_direction_capacity_spans_not_full_tfe,,case_local_direction_capacity_nonfinal_full_component_value_fit,case_local_direction_capacity_oracle_fit,all_stage_velocity_rows,all_stage_velocity_upper_bound,"0,1",1,24,8,16,24,16,24,24,3.3788981673772418e+00,True,8,132,24,24,0,4.6691887098091151e+01,2.6042001459760067e-01,2.5971476306666380e-01,2.5971476306666375e-01,2.5989833898929494e-16,1.0007068366867694e-15,1.3316997187142506e-15,3.8118579401033002e-16,1.4637346311470562e-15,2.3188186707209920e-15,7.8011555317952563e-16,3.8518598887744717e-34,True,True,True,False,True,True,False,False,False,False,True,"The feature-space capacity fit can reproduce the local oracle correction, but it uses the target Jacobian for coefficient fitting and is not a target-free formula or h-sweep.",derive non-final nonlinear or second-differential source features for the coefficient-gradient law,"This is a capacity audit: the target Jacobian defines the oracle correction being projected, but the result is not an implemented target-free law. It distinguishes feature-space capacity from an actual formula for choosing coefficients."
cylindrical_smooth,0.02,case_local_direction_capacity_value_full_nonfinal,paper_tfe_lower_pair_velocity_compression_direction_capacity_spans_not_full_tfe,,case_local_direction_capacity_nonfinal_full_component_value_fit,case_local_direction_capacity_oracle_fit,source_plus_all_stage_velocity_rows,source_consistency_and_all_stage_velocity_upper_bound,"0,1",1,24,8,16,24,16,40,40,4.6785927440062395e+01,True,8,132,24,24,0,4.6691887098091122e+01,2.6042001459760067e-01,2.5971476306666380e-01,2.5971476306666375e-01,3.3332308840777582e-16,1.2834198736797191e-15,1.8255756716245391e-15,3.7731809149328646e-16,1.4488828444169928e-15,1.8145601124492853e-15,1.1113770401133416e-15,3.8518598887744717e-34,True,True,True,False,True,True,False,False,False,False,True,"The feature-space capacity fit can reproduce the local oracle correction, but it uses the target Jacobian for coefficient fitting and is not a target-free formula or h-sweep.",derive non-final nonlinear or second-differential source features for the coefficient-gradient law,"This is a capacity audit: the target Jacobian defines the oracle correction being projected, but the result is not an implemented target-free law. It distinguishes feature-space capacity from an actual formula for choosing coefficients."
cylindrical_smooth,0.02,universal_direction_capacity_value_full_nonfinal,paper_tfe_lower_pair_velocity_compression_direction_capacity_gap_not_full_tfe,,universal_direction_capacity_nonfinal_full_component_value_fit,all_case_h_direction_capacity_oracle_fit,row_matched_active_velocity_rows,row_matched_active_nonfinal_velocity,"0,1",6,24,8,16,24,16,16,16,3.3775807332730774e+00,False,8,132,24,32,8,5.7808673145454901e+05,2.6042001459760067e-01,2.5971476539207483e-01,6.4978668962122695e-04,2.5971395253223967e-01,9.9999687018243288e-01,9.9999999840725395e-01,2.5971386779978550e-01,9.9728843115646737e-01,9.9993878342787135e-01,9.9171270745316709e-01,1.8174507740069540e-29,True,True,True,False,True,True,False,False,False,False,False,The tested source-derived feature space does not have enough linear capacity to reproduce the local oracle correction.,derive non-final nonlinear or second-differential source features for the coefficient-gradient law,"This is a capacity audit: the target Jacobian defines the oracle correction being projected, but the result is not an implemented target-free law. It distinguishes feature-space capacity from an actual formula for choosing coefficients."
cylindrical_smooth,0.02,universal_direction_capacity_value_full_nonfinal,paper_tfe_lower_pair_velocity_compression_direction_capacity_gap_not_full_tfe,,universal_direction_capacity_nonfinal_full_component_value_fit,all_case_h_direction_capacity_oracle_fit,all_active_velocity_rows,all_active_nonfinal_velocity,"0,1",6,24,8,16,24,16,16,16,3.3775807332730761e+00,False,8,132,23,31,8,2.2904633670336664e+11,2.6042001459760067e-01,2.5971476539207483e-01,6.8323189315115575e-04,2.5971386670110747e-01,9.9999653970013602e-01,9.9999994998415942e-01,2.5971386670110752e-01,9.9728842693759812e-01,9.9993878320768492e-01,9.9171268757357633e-01,1.8174507740069540e-29,True,True,True,False,True,True,False,False,False,False,False,The tested source-derived feature space does not have enough linear capacity to reproduce the local oracle correction.,derive non-final nonlinear or second-differential source features for the coefficient-gradient law,"This is a capacity audit: the target Jacobian defines the oracle correction being projected, but the result is not an implemented target-free law. It distinguishes feature-space capacity from an actual formula for choosing coefficients."
cylindrical_smooth,0.02,universal_direction_capacity_value_full_nonfinal,paper_tfe_lower_pair_velocity_compression_direction_capacity_gap_not_full_tfe,,universal_direction_capacity_nonfinal_full_component_value_fit,all_case_h_direction_capacity_oracle_fit,closure_plus_all_active_velocity_rows,closure_and_all_active_nonfinal_velocity,"0,1",6,24,8,16,24,16,24,16,3.3775807337842174e+00,False,8,132,23,31,8,2.2904633712738400e+11,2.6042001459760067e-01,2.5971476539207483e-01,6.8323189315115651e-04,2.5971386670110747e-01,9.9999653970013602e-01,9.9999994998415942e-01,2.5971386670110752e-01,9.9728842693759812e-01,9.9993878320768492e-01,9.9171268757357633e-01,1.8174507740069540e-29,True,True,True,False,True,True,False,False,False,False,False,The tested source-derived feature space does not have enough linear capacity to reproduce the local oracle correction.,derive non-final nonlinear or second-differential source features for the coefficient-gradient law,"This is a capacity audit: the target Jacobian defines the oracle correction being projected, but the result is not an implemented target-free law. It distinguishes feature-space capacity from an actual formula for choosing coefficients."
cylindrical_smooth,0.02,universal_direction_capacity_value_full_nonfinal,paper_tfe_lower_pair_velocity_compression_direction_capacity_gap_not_full_tfe,,universal_direction_capacity_nonfinal_full_component_value_fit,all_case_h_direction_capacity_oracle_fit,source_plus_all_active_velocity_rows,source_consistency_and_active_nonfinal_velocity,"0,1",6,24,8,16,24,16,32,32,4.6767695127424780e+01,False,8,132,23,31,8,2.2904633615675403e+11,2.6042001459760067e-01,2.5971476539207483e-01,6.8323189315115597e-04,2.5971386670110747e-01,9.9999653970013602e-01,9.9999994998415942e-01,2.5971386670110752e-01,9.9728842693759812e-01,9.9993878320768492e-01,9.9171268757357633e-01,1.8174507740069540e-29,True,True,True,False,True,True,False,False,False,False,False,The tested source-derived feature space does not have enough linear capacity to reproduce the local oracle correction.,derive non-final nonlinear or second-differential source features for the coefficient-gradient law,"This is a capacity audit: the target Jacobian defines the oracle correction being projected, but the result is not an implemented target-free law. It distinguishes feature-space capacity from an actual formula for choosing coefficients."
cylindrical_smooth,0.02,universal_direction_capacity_value_full_nonfinal,paper_tfe_lower_pair_velocity_compression_direction_capacity_spans_not_full_tfe,,universal_direction_capacity_nonfinal_full_component_value_fit,all_case_h_direction_capacity_oracle_fit,all_stage_velocity_rows,all_stage_velocity_upper_bound,"0,1",6,24,8,16,24,16,24,24,3.3788981673772418e+00,True,8,132,24,24,0,4.6691887098093822e+01,2.6042001459760067e-01,2.5971476539207483e-01,2.5971476539207478e-01,2.9877904915409323e-16,1.1504122559341035e-15,1.6183561780868110e-15,3.4641643820645592e-16,1.3302220213056066e-15,1.8086350771904694e-15,9.2804525623061574e-16,1.8174507740069540e-29,True,True,True,False,True,True,False,False,False,False,True,"The feature-space capacity fit can reproduce the local oracle correction, but it uses the target Jacobian for coefficient fitting and is not a target-free formula or h-sweep.",derive non-final nonlinear or second-differential source features for the coefficient-gradient law,"This is a capacity audit: the target Jacobian defines the oracle correction being projected, but the result is not an implemented target-free law. It distinguishes feature-space capacity from an actual formula for choosing coefficients."
cylindrical_smooth,0.02,universal_direction_capacity_value_full_nonfinal,paper_tfe_lower_pair_velocity_compression_direction_capacity_spans_not_full_tfe,,universal_direction_capacity_nonfinal_full_component_value_fit,all_case_h_direction_capacity_oracle_fit,source_plus_all_stage_velocity_rows,source_consistency_and_all_stage_velocity_upper_bound,"0,1",6,24,8,16,24,16,40,40,4.6785927440062395e+01,True,8,132,24,24,0,4.6691887098093822e+01,2.6042001459760067e-01,2.5971476539207483e-01,2.5971476539207483e-01,3.1699761208133116e-16,1.2205606084920896e-15,1.8922807544544399e-15,1.0102259397243708e-15,3.8792177371058267e-15,6.7434179145204923e-15,1.6867185687131048e-15,1.8174507740069540e-29,True,True,True,False,True,True,False,False,False,False,True,"The feature-space capacity fit can reproduce the local oracle correction, but it uses the target Jacobian for coefficient fitting and is not a target-free formula or h-sweep.",derive non-final nonlinear or second-differential source features for the coefficient-gradient law,"This is a capacity audit: the target Jacobian defines the oracle correction being projected, but the result is not an implemented target-free law. It distinguishes feature-space capacity from an actual formula for choosing coefficients."
cylindrical_smooth,0.01,case_local_direction_capacity_value_scalar_nonfinal,paper_tfe_lower_pair_velocity_compression_direction_capacity_gap_not_full_tfe,,case_local_direction_capacity_nonfinal_stage_scalar_value_fit,case_local_direction_capacity_oracle_fit,row_matched_active_velocity_rows,row_matched_active_nonfinal_velocity,"0,1",1,24,8,16,24,16,16,16,3.3771292506069752e+00,False,8,132,24,32,8,7.6135907501670411e+06,1.8390267947137043e-01,1.8388667796229685e-01,5.8917241485581306e-05,1.8388666852376256e-01,9.9999994867200603e-01,9.9999999999196088e-01,1.8388666755276761e-01,9.9991293265193937e-01,9.9999802408096650e-01,9.9973398003247649e-01,1.4501435478675553e-18,True,True,True,False,True,True,False,False,False,False,False,The tested source-derived feature space does not have enough linear capacity to reproduce the local oracle correction.,derive non-final nonlinear or second-differential source features for the coefficient-gradient law,"This is a capacity audit: the target Jacobian defines the oracle correction being projected, but the result is not an implemented target-free law. It distinguishes feature-space capacity from an actual formula for choosing coefficients."
cylindrical_smooth,0.01,case_local_direction_capacity_value_scalar_nonfinal,paper_tfe_lower_pair_velocity_compression_direction_capacity_gap_not_full_tfe,,case_local_direction_capacity_nonfinal_stage_scalar_value_fit,case_local_direction_capacity_oracle_fit,all_active_velocity_rows,all_active_nonfinal_velocity,"0,1",1,24,8,16,24,16,16,16,3.3771292506069766e+00,False,8,132,23,31,8,1.4736562520017344e+14,1.8390267947137043e-01,1.8388667796229685e-01,6.1874859091416587e-05,1.8388666755235761e-01,9.9999994338937781e-01,9.9999999915894489e-01,1.8388666755235761e-01,9.9991293264970993e-01,9.9999802408096350e-01,9.9973398001944780e-01,1.4501435478675553e-18,True,True,True,False,True,True,False,False,False,False,False,The tested source-derived feature space does not have enough linear capacity to reproduce the local oracle correction.,derive non-final nonlinear or second-differential source features for the coefficient-gradient law,"This is a capacity audit: the target Jacobian defines the oracle correction being projected, but the result is not an implemented target-free law. It distinguishes feature-space capacity from an actual formula for choosing coefficients."
cylindrical_smooth,0.01,case_local_direction_capacity_value_scalar_nonfinal,paper_tfe_lower_pair_velocity_compression_direction_capacity_gap_not_full_tfe,,case_local_direction_capacity_nonfinal_stage_scalar_value_fit,case_local_direction_capacity_oracle_fit,closure_plus_all_active_velocity_rows,closure_and_all_active_nonfinal_velocity,"0,1",1,24,8,16,24,16,24,16,3.3771292505897619e+00,False,8,132,23,31,8,1.4736562860760425e+14,1.8390267947137043e-01,1.8388667796229685e-01,6.1874859091416506e-05,1.8388666755235761e-01,9.9999994338937781e-01,9.9999999915894489e-01,1.8388666755235761e-01,9.9991293264970993e-01,9.9999802408096350e-01,9.9973398001944780e-01,1.4501435478675553e-18,True,True,True,False,True,True,False,False,False,False,False,The tested source-derived feature space does not have enough linear capacity to reproduce the local oracle correction.,derive non-final nonlinear or second-differential source features for the coefficient-gradient law,"This is a capacity audit: the target Jacobian defines the oracle correction being projected, but the result is not an implemented target-free law. It distinguishes feature-space capacity from an actual formula for choosing coefficients."
cylindrical_smooth,0.01,case_local_direction_capacity_value_scalar_nonfinal,paper_tfe_lower_pair_velocity_compression_direction_capacity_gap_not_full_tfe,,case_local_direction_capacity_nonfinal_stage_scalar_value_fit,case_local_direction_capacity_oracle_fit,source_plus_all_active_velocity_rows,source_consistency_and_active_nonfinal_velocity,"0,1",1,24,8,16,24,16,32,32,4.6752373594986260e+01,False,8,132,23,31,8,1.4736544098624741e+14,1.8390267947137043e-01,1.8388667796229685e-01,6.1874859091416614e-05,1.8388666755235761e-01,9.9999994338937781e-01,9.9999999915894489e-01,1.8388666755235761e-01,9.9991293264970993e-01,9.9999802408096350e-01,9.9973398001944780e-01,1.4501435478675553e-18,True,True,True,False,True,True,False,False,False,False,False,The tested source-derived feature space does not have enough linear capacity to reproduce the local oracle correction.,derive non-final nonlinear or second-differential source features for the coefficient-gradient law,"This is a capacity audit: the target Jacobian defines the oracle correction being projected, but the result is not an implemented target-free law. It distinguishes feature-space capacity from an actual formula for choosing coefficients."
cylindrical_smooth,0.01,case_local_direction_capacity_value_scalar_nonfinal,paper_tfe_lower_pair_velocity_compression_direction_capacity_spans_not_full_tfe,,case_local_direction_capacity_nonfinal_stage_scalar_value_fit,case_local_direction_capacity_oracle_fit,all_stage_velocity_rows,all_stage_velocity_upper_bound,"0,1",1,24,8,16,24,16,24,24,3.3785969310539179e+00,True,8,132,24,24,0,4.6760447032679622e+01,1.8390267947137043e-01,1.8388667796229685e-01,1.8388667796229680e-01,4.0635545478042534e-16,2.2098145405821205e-15,3.1360332590782291e-15,3.9273255627391630e-16,2.1355455907593561e-15,3.3430739512797235e-15,1.4484804925960684e-15,1.4501435478675553e-18,True,True,True,False,True,True,False,False,False,False,True,"The feature-space capacity fit can reproduce the local oracle correction, but it uses the target Jacobian for coefficient fitting and is not a target-free formula or h-sweep.",derive non-final nonlinear or second-differential source features for the coefficient-gradient law,"This is a capacity audit: the target Jacobian defines the oracle correction being projected, but the result is not an implemented target-free law. It distinguishes feature-space capacity from an actual formula for choosing coefficients."
cylindrical_smooth,0.01,case_local_direction_capacity_value_scalar_nonfinal,paper_tfe_lower_pair_velocity_compression_direction_capacity_spans_not_full_tfe,,case_local_direction_capacity_nonfinal_stage_scalar_value_fit,case_local_direction_capacity_oracle_fit,source_plus_all_stage_velocity_rows,source_consistency_and_all_stage_velocity_upper_bound,"0,1",1,24,8,16,24,16,40,40,4.6772691897441319e+01,True,8,132,24,24,0,4.6760447032679615e+01,1.8390267947137043e-01,1.8388667796229685e-01,1.8388667796229685e-01,2.1957912889089462e-16,1.1941002541571607e-15,1.4772977428340804e-15,2.4204247884789481e-16,1.3161443843213577e-15,1.7839472320239444e-15,8.8691046558468335e-16,1.4501435478675553e-18,True,True,True,False,True,True,False,False,False,False,True,"The feature-space capacity fit can reproduce the local oracle correction, but it uses the target Jacobian for coefficient fitting and is not a target-free formula or h-sweep.",derive non-final nonlinear or second-differential source features for the coefficient-gradient law,"This is a capacity audit: the target Jacobian defines the oracle correction being projected, but the result is not an implemented target-free law. It distinguishes feature-space capacity from an actual formula for choosing coefficients."
cylindrical_smooth,0.01,universal_direction_capacity_value_scalar_nonfinal,paper_tfe_lower_pair_velocity_compression_direction_capacity_gap_not_full_tfe,,universal_direction_capacity_nonfinal_stage_scalar_value_fit,all_case_h_direction_capacity_oracle_fit,row_matched_active_velocity_rows,row_matched_active_nonfinal_velocity,"0,1",6,24,8,16,24,16,16,16,3.3771292506069752e+00,False,8,132,24,32,8,7.6135907501670448e+06,1.8390267947137043e-01,1.8388667815555412e-01,5.9517360672046211e-05,1.8388666852376256e-01,9.9999994762104760e-01,9.9999999998942302e-01,1.8388666755276761e-01,9.9991293265193937e-01,9.9999802408096650e-01,9.9973398003247649e-01,1.6433765094034822e-18,True,True,True,False,True,True,False,False,False,False,False,The tested source-derived feature space does not have enough linear capacity to reproduce the local oracle correction.,derive non-final nonlinear or second-differential source features for the coefficient-gradient law,"This is a capacity audit: the target Jacobian defines the oracle correction being projected, but the result is not an implemented target-free law. It distinguishes feature-space capacity from an actual formula for choosing coefficients."
cylindrical_smooth,0.01,universal_direction_capacity_value_scalar_nonfinal,paper_tfe_lower_pair_velocity_compression_direction_capacity_gap_not_full_tfe,,universal_direction_capacity_nonfinal_stage_scalar_value_fit,all_case_h_direction_capacity_oracle_fit,all_active_velocity_rows,all_active_nonfinal_velocity,"0,1",6,24,8,16,24,16,16,16,3.3771292506069766e+00,False,8,132,23,31,8,1.4736562966915338e+14,1.8390267947137043e-01,1.8388667815555412e-01,6.2446561672191238e-05,1.8388666755235761e-01,9.9999994233841938e-01,9.9999999915640703e-01,1.8388666755235761e-01,9.9991293264970993e-01,9.9999802408096350e-01,9.9973398001944780e-01,1.6433765094034822e-18,True,True,True,False,True,True,False,False,False,False,False,The tested source-derived feature space does not have enough linear capacity to reproduce the local oracle correction.,derive non-final nonlinear or second-differential source features for the coefficient-gradient law,"This is a capacity audit: the target Jacobian defines the oracle correction being projected, but the result is not an implemented target-free law. It distinguishes feature-space capacity from an actual formula for choosing coefficients."
cylindrical_smooth,0.01,universal_direction_capacity_value_scalar_nonfinal,paper_tfe_lower_pair_velocity_compression_direction_capacity_gap_not_full_tfe,,universal_direction_capacity_nonfinal_stage_scalar_value_fit,all_case_h_direction_capacity_oracle_fit,closure_plus_all_active_velocity_rows,closure_and_all_active_nonfinal_velocity,"0,1",6,24,8,16,24,16,24,16,3.3771292506069774e+00,False,8,132,23,31,8,1.4736562472509159e+14,1.8390267947137043e-01,1.8388667815555412e-01,6.2446561672191279e-05,1.8388666755235761e-01,9.9999994233841938e-01,9.9999999915640703e-01,1.8388666755235761e-01,9.9991293264970993e-01,9.9999802408096350e-01,9.9973398001944780e-01,1.6433765094034822e-18,True,True,True,False,True,True,False,False,False,False,False,The tested source-derived feature space does not have enough linear capacity to reproduce the local oracle correction.,derive non-final nonlinear or second-differential source features for the coefficient-gradient law,"This is a capacity audit: the target Jacobian defines the oracle correction being projected, but the result is not an implemented target-free law. It distinguishes feature-space capacity from an actual formula for choosing coefficients."
cylindrical_smooth,0.01,universal_direction_capacity_value_scalar_nonfinal,paper_tfe_lower_pair_velocity_compression_direction_capacity_gap_not_full_tfe,,universal_direction_capacity_nonfinal_stage_scalar_value_fit,all_case_h_direction_capacity_oracle_fit,source_plus_all_active_velocity_rows,source_consistency_and_active_nonfinal_velocity,"0,1",6,24,8,16,24,16,32,32,4.6752373594986260e+01,False,8,132,23,31,8,1.4736542234330906e+14,1.8390267947137043e-01,1.8388667815555412e-01,6.2446561672191211e-05,1.8388666755235761e-01,9.9999994233841938e-01,9.9999999915640703e-01,1.8388666755235761e-01,9.9991293264970993e-01,9.9999802408096350e-01,9.9973398001944780e-01,1.6433765094034822e-18,True,True,True,False,True,True,False,False,False,False,False,The tested source-derived feature space does not have enough linear capacity to reproduce the local oracle correction.,derive non-final nonlinear or second-differential source features for the coefficient-gradient law,"This is a capacity audit: the target Jacobian defines the oracle correction being projected, but the result is not an implemented target-free law. It distinguishes feature-space capacity from an actual formula for choosing coefficients."
cylindrical_smooth,0.01,universal_direction_capacity_value_scalar_nonfinal,paper_tfe_lower_pair_velocity_compression_direction_capacity_spans_not_full_tfe,,universal_direction_capacity_nonfinal_stage_scalar_value_fit,all_case_h_direction_capacity_oracle_fit,all_stage_velocity_rows,all_stage_velocity_upper_bound,"0,1",6,24,8,16,24,16,24,24,3.3785969310539179e+00,True,8,132,24,24,0,4.6760447032679515e+01,1.8390267947137043e-01,1.8388667815555412e-01,1.8388667815555407e-01,4.1624602660431706e-16,2.2636007718416918e-15,3.0288555038643315e-15,4.1182979404019054e-16,2.2393898513278776e-15,2.9018021335447192e-15,1.1581141023674763e-15,1.6433765094034822e-18,True,True,True,False,True,True,False,False,False,False,True,"The feature-space capacity fit can reproduce the local oracle correction, but it uses the target Jacobian for coefficient fitting and is not a target-free formula or h-sweep.",derive non-final nonlinear or second-differential source features for the coefficient-gradient law,"This is a capacity audit: the target Jacobian defines the oracle correction being projected, but the result is not an implemented target-free law. It distinguishes feature-space capacity from an actual formula for choosing coefficients."
cylindrical_smooth,0.01,universal_direction_capacity_value_scalar_nonfinal,paper_tfe_lower_pair_velocity_compression_direction_capacity_spans_not_full_tfe,,universal_direction_capacity_nonfinal_stage_scalar_value_fit,all_case_h_direction_capacity_oracle_fit,source_plus_all_stage_velocity_rows,source_consistency_and_all_stage_velocity_upper_bound,"0,1",6,24,8,16,24,16,40,40,4.6772691897441319e+01,True,8,132,24,24,0,4.6760447032679565e+01,1.8390267947137043e-01,1.8388667815555412e-01,1.8388667815555415e-01,2.4018560957748602e-16,1.3061610116982335e-15,1.6649783017495653e-15,2.6982886230409127e-16,1.4672372533109157e-15,2.2705691051651452e-15,6.5268416461872156e-16,1.6433765094034822e-18,True,True,True,False,True,True,False,False,False,False,True,"The feature-space capacity fit can reproduce the local oracle correction, but it uses the target Jacobian for coefficient fitting and is not a target-free formula or h-sweep.",derive non-final nonlinear or second-differential source features for the coefficient-gradient law,"This is a capacity audit: the target Jacobian defines the oracle correction being projected, but the result is not an implemented target-free law. It distinguishes feature-space capacity from an actual formula for choosing coefficients."
cylindrical_smooth,0.01,case_local_direction_capacity_value_component_nonfinal,paper_tfe_lower_pair_velocity_compression_direction_capacity_gap_not_full_tfe,,case_local_direction_capacity_nonfinal_component_diagonal_value_fit,case_local_direction_capacity_oracle_fit,row_matched_active_velocity_rows,row_matched_active_nonfinal_velocity,"0,1",1,24,8,16,24,16,16,16,3.3771292506069752e+00,False,8,132,24,32,8,7.6135907503090678e+06,1.8390267947137043e-01,1.8401235660084056e-01,6.8000383106853537e-03,1.8388666852376256e-01,9.9931695849452851e-01,9.9999999998934441e-01,1.8388666755276761e-01,9.9991293265193937e-01,9.9999802408096650e-01,9.9973398003247649e-01,9.7232345226756130e-35,True,True,True,False,True,True,False,False,False,False,False,The tested source-derived feature space does not have enough linear capacity to reproduce the local oracle correction.,derive non-final nonlinear or second-differential source features for the coefficient-gradient law,"This is a capacity audit: the target Jacobian defines the oracle correction being projected, but the result is not an implemented target-free law. It distinguishes feature-space capacity from an actual formula for choosing coefficients."
cylindrical_smooth,0.01,case_local_direction_capacity_value_component_nonfinal,paper_tfe_lower_pair_velocity_compression_direction_capacity_gap_not_full_tfe,,case_local_direction_capacity_nonfinal_component_diagonal_value_fit,case_local_direction_capacity_oracle_fit,all_active_velocity_rows,all_active_nonfinal_velocity,"0,1",1,24,8,16,24,16,16,16,3.3771292506069766e+00,False,8,132,23,31,8,1.4736626593276325e+14,1.8390267947137043e-01,1.8401235660084056e-01,6.8000645793721472e-03,1.8388666755235761e-01,9.9931695321550829e-01,9.9999999915632842e-01,1.8388666755235761e-01,9.9991293264970993e-01,9.9999802408096350e-01,9.9973398001944780e-01,9.7232345226756130e-35,True,True,True,False,True,True,False,False,False,False,False,The tested source-derived feature space does not have enough linear capacity to reproduce the local oracle correction.,derive non-final nonlinear or second-differential source features for the coefficient-gradient law,"This is a capacity audit: the target Jacobian defines the oracle correction being projected, but the result is not an implemented target-free law. It distinguishes feature-space capacity from an actual formula for choosing coefficients."
cylindrical_smooth,0.01,case_local_direction_capacity_value_component_nonfinal,paper_tfe_lower_pair_velocity_compression_direction_capacity_gap_not_full_tfe,,case_local_direction_capacity_nonfinal_component_diagonal_value_fit,case_local_direction_capacity_oracle_fit,closure_plus_all_active_velocity_rows,closure_and_all_active_nonfinal_velocity,"0,1",1,24,8,16,24,16,24,16,3.3681368858426164e+00,False,8,132,23,31,8,1.4736603411358116e+14,1.8390267947137043e-01,1.8401235660084056e-01,6.8000645793721542e-03,1.8388666755235761e-01,9.9931695321550829e-01,9.9999999915632842e-01,1.8388666755235761e-01,9.9991293264970993e-01,9.9999802408096350e-01,9.9973398001944780e-01,9.7232345226756130e-35,True,True,True,False,True,True,False,False,False,False,False,The tested source-derived feature space does not have enough linear capacity to reproduce the local oracle correction.,derive non-final nonlinear or second-differential source features for the coefficient-gradient law,"This is a capacity audit: the target Jacobian defines the oracle correction being projected, but the result is not an implemented target-free law. It distinguishes feature-space capacity from an actual formula for choosing coefficients."
cylindrical_smooth,0.01,case_local_direction_capacity_value_component_nonfinal,paper_tfe_lower_pair_velocity_compression_direction_capacity_gap_not_full_tfe,,case_local_direction_capacity_nonfinal_component_diagonal_value_fit,case_local_direction_capacity_oracle_fit,source_plus_all_active_velocity_rows,source_consistency_and_active_nonfinal_velocity,"0,1",1,24,8,16,24,16,32,32,4.6752373594986260e+01,False,8,132,23,31,8,1.4736505519295719e+14,1.8390267947137043e-01,1.8401235660084056e-01,6.8000645793721603e-03,1.8388666755235761e-01,9.9931695321550829e-01,9.9999999915632842e-01,1.8388666755235761e-01,9.9991293264970993e-01,9.9999802408096350e-01,9.9973398001944780e-01,9.7232345226756130e-35,True,True,True,False,True,True,False,False,False,False,False,The tested source-derived feature space does not have enough linear capacity to reproduce the local oracle correction.,derive non-final nonlinear or second-differential source features for the coefficient-gradient law,"This is a capacity audit: the target Jacobian defines the oracle correction being projected, but the result is not an implemented target-free law. It distinguishes feature-space capacity from an actual formula for choosing coefficients."
cylindrical_smooth,0.01,case_local_direction_capacity_value_component_nonfinal,paper_tfe_lower_pair_velocity_compression_direction_capacity_spans_not_full_tfe,,case_local_direction_capacity_nonfinal_component_diagonal_value_fit,case_local_direction_capacity_oracle_fit,all_stage_velocity_rows,all_stage_velocity_upper_bound,"0,1",1,24,8,16,24,16,24,24,3.3785969310539179e+00,True,8,132,24,24,0,4.6760541650769703e+01,1.8390267947137043e-01,1.8401235660084056e-01,1.8401235660084048e-01,3.9838808372034559e-16,2.1650072369027295e-15,2.9728883486351436e-15,3.8295849157413194e-16,2.0823975630749310e-15,2.9992216848344740e-15,1.4682857502133524e-15,9.7232345226756130e-35,True,True,True,False,True,True,False,False,False,False,True,"The feature-space capacity fit can reproduce the local oracle correction, but it uses the target Jacobian for coefficient fitting and is not a target-free formula or h-sweep.",derive non-final nonlinear or second-differential source features for the coefficient-gradient law,"This is a capacity audit: the target Jacobian defines the oracle correction being projected, but the result is not an implemented target-free law. It distinguishes feature-space capacity from an actual formula for choosing coefficients."
cylindrical_smooth,0.01,case_local_direction_capacity_value_component_nonfinal,paper_tfe_lower_pair_velocity_compression_direction_capacity_spans_not_full_tfe,,case_local_direction_capacity_nonfinal_component_diagonal_value_fit,case_local_direction_capacity_oracle_fit,source_plus_all_stage_velocity_rows,source_consistency_and_all_stage_velocity_upper_bound,"0,1",1,24,8,16,24,16,40,40,4.6772691897441319e+01,True,8,132,24,24,0,4.6760541650769738e+01,1.8390267947137043e-01,1.8401235660084056e-01,1.8401235660084056e-01,2.2892054067509531e-16,1.2440498285214049e-15,1.5819270284274636e-15,2.0825152357543265e-16,1.1324007033179351e-15,1.4831011681113563e-15,8.9571658494312856e-16,9.7232345226756130e-35,True,True,True,False,True,True,False,False,False,False,True,"The feature-space capacity fit can reproduce the local oracle correction, but it uses the target Jacobian for coefficient fitting and is not a target-free formula or h-sweep.",derive non-final nonlinear or second-differential source features for the coefficient-gradient law,"This is a capacity audit: the target Jacobian defines the oracle correction being projected, but the result is not an implemented target-free law. It distinguishes feature-space capacity from an actual formula for choosing coefficients."
cylindrical_smooth,0.01,universal_direction_capacity_value_component_nonfinal,paper_tfe_lower_pair_velocity_compression_direction_capacity_gap_not_full_tfe,,universal_direction_capacity_nonfinal_component_diagonal_value_fit,all_case_h_direction_capacity_oracle_fit,row_matched_active_velocity_rows,row_matched_active_nonfinal_velocity,"0,1",6,24,8,16,24,16,16,16,3.3771292506069752e+00,False,8,132,24,32,8,7.6135907503439253e+06,1.8390267947137043e-01,1.8411674096983208e-01,9.2014914325951221e-03,1.8388666852376256e-01,9.9875039909539132e-01,9.9999999998942535e-01,1.8388666755276761e-01,9.9991293265193937e-01,9.9999802408096650e-01,9.9973398003247649e-01,1.6450722467175256e-18,True,True,True,False,True,True,False,False,False,False,False,The tested source-derived feature space does not have enough linear capacity to reproduce the local oracle correction.,derive non-final nonlinear or second-differential source features for the coefficient-gradient law,"This is a capacity audit: the target Jacobian defines the oracle correction being projected, but the result is not an implemented target-free law. It distinguishes feature-space capacity from an actual formula for choosing coefficients."
cylindrical_smooth,0.01,universal_direction_capacity_value_component_nonfinal,paper_tfe_lower_pair_velocity_compression_direction_capacity_gap_not_full_tfe,,universal_direction_capacity_nonfinal_component_diagonal_value_fit,all_case_h_direction_capacity_oracle_fit,all_active_velocity_rows,all_active_nonfinal_velocity,"0,1",6,24,8,16,24,16,16,16,3.3771292506069766e+00,False,8,132,23,31,8,1.4736455532282878e+14,1.8390267947137043e-01,1.8411674096983208e-01,9.2015108455603435e-03,1.8388666755235761e-01,9.9875039381936392e-01,9.9999999915640936e-01,1.8388666755235761e-01,9.9991293264970993e-01,9.9999802408096350e-01,9.9973398001944780e-01,1.6450722467175256e-18,True,True,True,False,True,True,False,False,False,False,False,The tested source-derived feature space does not have enough linear capacity to reproduce the local oracle correction.,derive non-final nonlinear or second-differential source features for the coefficient-gradient law,"This is a capacity audit: the target Jacobian defines the oracle correction being projected, but the result is not an implemented target-free law. It distinguishes feature-space capacity from an actual formula for choosing coefficients."
cylindrical_smooth,0.01,universal_direction_capacity_value_component_nonfinal,paper_tfe_lower_pair_velocity_compression_direction_capacity_gap_not_full_tfe,,universal_direction_capacity_nonfinal_component_diagonal_value_fit,all_case_h_direction_capacity_oracle_fit,closure_plus_all_active_velocity_rows,closure_and_all_active_nonfinal_velocity,"0,1",6,24,8,16,24,16,24,16,3.3656234509346299e+00,False,8,132,23,31,8,1.4736447532180128e+14,1.8390267947137043e-01,1.8411674096983208e-01,9.2015108455603383e-03,1.8388666755235761e-01,9.9875039381936392e-01,9.9999999915640936e-01,1.8388666755235761e-01,9.9991293264970993e-01,9.9999802408096350e-01,9.9973398001944780e-01,1.6450722467175256e-18,True,True,True,False,True,True,False,False,False,False,False,The tested source-derived feature space does not have enough linear capacity to reproduce the local oracle correction.,derive non-final nonlinear or second-differential source features for the coefficient-gradient law,"This is a capacity audit: the target Jacobian defines the oracle correction being projected, but the result is not an implemented target-free law. It distinguishes feature-space capacity from an actual formula for choosing coefficients."
cylindrical_smooth,0.01,universal_direction_capacity_value_component_nonfinal,paper_tfe_lower_pair_velocity_compression_direction_capacity_gap_not_full_tfe,,universal_direction_capacity_nonfinal_component_diagonal_value_fit,all_case_h_direction_capacity_oracle_fit,source_plus_all_active_velocity_rows,source_consistency_and_active_nonfinal_velocity,"0,1",6,24,8,16,24,16,32,32,4.6752373594986260e+01,False,8,132,23,31,8,1.4736430955867481e+14,1.8390267947137043e-01,1.8411674096983208e-01,9.2015108455603470e-03,1.8388666755235761e-01,9.9875039381936392e-01,9.9999999915640936e-01,1.8388666755235761e-01,9.9991293264970993e-01,9.9999802408096350e-01,9.9973398001944780e-01,1.6450722467175256e-18,True,True,True,False,True,True,False,False,False,False,False,The tested source-derived feature space does not have enough linear capacity to reproduce the local oracle correction.,derive non-final nonlinear or second-differential source features for the coefficient-gradient law,"This is a capacity audit: the target Jacobian defines the oracle correction being projected, but the result is not an implemented target-free law. It distinguishes feature-space capacity from an actual formula for choosing coefficients."
cylindrical_smooth,0.01,universal_direction_capacity_value_component_nonfinal,paper_tfe_lower_pair_velocity_compression_direction_capacity_spans_not_full_tfe,,universal_direction_capacity_nonfinal_component_diagonal_value_fit,all_case_h_direction_capacity_oracle_fit,all_stage_velocity_rows,all_stage_velocity_upper_bound,"0,1",6,24,8,16,24,16,24,24,3.3785969310539179e+00,True,8,132,24,24,0,4.6760565570612243e+01,1.8390267947137043e-01,1.8411674096983208e-01,1.8411674096983208e-01,4.1864490101142193e-16,2.2738013871319709e-15,3.0387340347931114e-15,3.8406552910057665e-16,2.0884172552818468e-15,2.9365745689391101e-15,9.4771438938566902e-16,1.6450722467175256e-18,True,True,True,False,True,True,False,False,False,False,True,"The feature-space capacity fit can reproduce the local oracle correction, but it uses the target Jacobian for coefficient fitting and is not a target-free formula or h-sweep.",derive non-final nonlinear or second-differential source features for the coefficient-gradient law,"This is a capacity audit: the target Jacobian defines the oracle correction being projected, but the result is not an implemented target-free law. It distinguishes feature-space capacity from an actual formula for choosing coefficients."
cylindrical_smooth,0.01,universal_direction_capacity_value_component_nonfinal,paper_tfe_lower_pair_velocity_compression_direction_capacity_spans_not_full_tfe,,universal_direction_capacity_nonfinal_component_diagonal_value_fit,all_case_h_direction_capacity_oracle_fit,source_plus_all_stage_velocity_rows,source_consistency_and_all_stage_velocity_upper_bound,"0,1",6,24,8,16,24,16,40,40,4.6772691897441319e+01,True,8,132,24,24,0,4.6760565570612258e+01,1.8390267947137043e-01,1.8411674096983208e-01,1.8411674096983205e-01,2.1692007940545022e-16,1.1781659737339856e-15,1.4755255540301949e-15,2.9270026212342433e-16,1.5916041189002430e-15,2.1619752396065889e-15,1.1484153123986784e-15,1.6450722467175256e-18,True,True,True,False,True,True,False,False,False,False,True,"The feature-space capacity fit can reproduce the local oracle correction, but it uses the target Jacobian for coefficient fitting and is not a target-free formula or h-sweep.",derive non-final nonlinear or second-differential source features for the coefficient-gradient law,"This is a capacity audit: the target Jacobian defines the oracle correction being projected, but the result is not an implemented target-free law. It distinguishes feature-space capacity from an actual formula for choosing coefficients."
cylindrical_smooth,0.01,case_local_direction_capacity_value_full_nonfinal,paper_tfe_lower_pair_velocity_compression_direction_capacity_gap_not_full_tfe,,case_local_direction_capacity_nonfinal_full_component_value_fit,case_local_direction_capacity_oracle_fit,row_matched_active_velocity_rows,row_matched_active_nonfinal_velocity,"0,1",1,24,8,16,24,16,16,16,3.3771292506069752e+00,False,8,132,24,32,8,7.6039391658496931e+06,1.8390267947137043e-01,1.8388667815553009e-01,5.9517125934757353e-05,1.8388666852381449e-01,9.9999994762146072e-01,9.9999999998941635e-01,1.8388666755276145e-01,9.9991293265190584e-01,9.9999802408096716e-01,9.9973398003229030e-01,1.6692610498525925e-34,True,True,True,False,True,True,False,False,False,False,False,The tested source-derived feature space does not have enough linear capacity to reproduce the local oracle correction.,derive non-final nonlinear or second-differential source features for the coefficient-gradient law,"This is a capacity audit: the target Jacobian defines the oracle correction being projected, but the result is not an implemented target-free law. It distinguishes feature-space capacity from an actual formula for choosing coefficients."
cylindrical_smooth,0.01,case_local_direction_capacity_value_full_nonfinal,paper_tfe_lower_pair_velocity_compression_direction_capacity_gap_not_full_tfe,,case_local_direction_capacity_nonfinal_full_component_value_fit,case_local_direction_capacity_oracle_fit,all_active_velocity_rows,all_active_nonfinal_velocity,"0,1",1,24,8,16,24,16,16,16,3.3771292506069766e+00,False,8,132,23,31,8,1.4736557656958425e+14,1.8390267947137043e-01,1.8388667815553009e-01,6.2446490889224727e-05,1.8388666755235761e-01,9.9999994233855005e-01,9.9999999915644522e-01,1.8388666755235761e-01,9.9991293264970993e-01,9.9999802408096350e-01,9.9973398001944780e-01,1.6692610498525925e-34,True,True,True,False,True,True,False,False,False,False,False,The tested source-derived feature space does not have enough linear capacity to reproduce the local oracle correction.,derive non-final nonlinear or second-differential source features for the coefficient-gradient law,"This is a capacity audit: the target Jacobian defines the oracle correction being projected, but the result is not an implemented target-free law. It distinguishes feature-space capacity from an actual formula for choosing coefficients."
cylindrical_smooth,0.01,case_local_direction_capacity_value_full_nonfinal,paper_tfe_lower_pair_velocity_compression_direction_capacity_gap_not_full_tfe,,case_local_direction_capacity_nonfinal_full_component_value_fit,case_local_direction_capacity_oracle_fit,closure_plus_all_active_velocity_rows,closure_and_all_active_nonfinal_velocity,"0,1",1,24,8,16,24,16,24,16,3.3771292506069805e+00,False,8,132,23,31,8,1.4736558777441969e+14,1.8390267947137043e-01,1.8388667815553009e-01,6.2446490889224782e-05,1.8388666755235761e-01,9.9999994233855005e-01,9.9999999915644522e-01,1.8388666755235761e-01,9.9991293264970993e-01,9.9999802408096350e-01,9.9973398001944780e-01,1.6692610498525925e-34,True,True,True,False,True,True,False,False,False,False,False,The tested source-derived feature space does not have enough linear capacity to reproduce the local oracle correction.,derive non-final nonlinear or second-differential source features for the coefficient-gradient law,"This is a capacity audit: the target Jacobian defines the oracle correction being projected, but the result is not an implemented target-free law. It distinguishes feature-space capacity from an actual formula for choosing coefficients."
cylindrical_smooth,0.01,case_local_direction_capacity_value_full_nonfinal,paper_tfe_lower_pair_velocity_compression_direction_capacity_gap_not_full_tfe,,case_local_direction_capacity_nonfinal_full_component_value_fit,case_local_direction_capacity_oracle_fit,source_plus_all_active_velocity_rows,source_consistency_and_active_nonfinal_velocity,"0,1",1,24,8,16,24,16,32,32,4.6752373594986260e+01,False,8,132,23,31,8,1.4736546096785344e+14,1.8390267947137043e-01,1.8388667815553009e-01,6.2446490889224741e-05,1.8388666755235761e-01,9.9999994233855005e-01,9.9999999915644522e-01,1.8388666755235761e-01,9.9991293264970993e-01,9.9999802408096350e-01,9.9973398001944780e-01,1.6692610498525925e-34,True,True,True,False,True,True,False,False,False,False,False,The tested source-derived feature space does not have enough linear capacity to reproduce the local oracle correction.,derive non-final nonlinear or second-differential source features for the coefficient-gradient law,"This is a capacity audit: the target Jacobian defines the oracle correction being projected, but the result is not an implemented target-free law. It distinguishes feature-space capacity from an actual formula for choosing coefficients."
cylindrical_smooth,0.01,case_local_direction_capacity_value_full_nonfinal,paper_tfe_lower_pair_velocity_compression_direction_capacity_spans_not_full_tfe,,case_local_direction_capacity_nonfinal_full_component_value_fit,case_local_direction_capacity_oracle_fit,all_stage_velocity_rows,all_stage_velocity_upper_bound,"0,1",1,24,8,16,24,16,24,24,3.3785969310539179e+00,True,8,132,24,24,0,4.6760447032679551e+01,1.8390267947137043e-01,1.8388667815553009e-01,1.8388667815553009e-01,4.2928104782902965e-16,2.3344869358396189e-15,2.9695555690301350e-15,3.7176220710443812e-16,2.0215159897238652e-15,2.7603130174849493e-15,1.0882518540453538e-15,1.6692610498525925e-34,True,True,True,False,True,True,False,False,False,False,True,"The feature-space capacity fit can reproduce the local oracle correction, but it uses the target Jacobian for coefficient fitting and is not a target-free formula or h-sweep.",derive non-final nonlinear or second-differential source features for the coefficient-gradient law,"This is a capacity audit: the target Jacobian defines the oracle correction being projected, but the result is not an implemented target-free law. It distinguishes feature-space capacity from an actual formula for choosing coefficients."
cylindrical_smooth,0.01,case_local_direction_capacity_value_full_nonfinal,paper_tfe_lower_pair_velocity_compression_direction_capacity_spans_not_full_tfe,,case_local_direction_capacity_nonfinal_full_component_value_fit,case_local_direction_capacity_oracle_fit,source_plus_all_stage_velocity_rows,source_consistency_and_all_stage_velocity_upper_bound,"0,1",1,24,8,16,24,16,40,40,4.6772691897441319e+01,True,8,132,24,24,0,4.6760447032679537e+01,1.8390267947137043e-01,1.8388667815553009e-01,1.8388667815553009e-01,2.5662964699087302e-16,1.3955858551853192e-15,2.0301087400075443e-15,2.0918461793062168e-16,1.1374745519310777e-15,1.9287749756257516e-15,7.9997243880097867e-16,1.6692610498525925e-34,True,True,True,False,True,True,False,False,False,False,True,"The feature-space capacity fit can reproduce the local oracle correction, but it uses the target Jacobian for coefficient fitting and is not a target-free formula or h-sweep.",derive non-final nonlinear or second-differential source features for the coefficient-gradient law,"This is a capacity audit: the target Jacobian defines the oracle correction being projected, but the result is not an implemented target-free law. It distinguishes feature-space capacity from an actual formula for choosing coefficients."
cylindrical_smooth,0.01,universal_direction_capacity_value_full_nonfinal,paper_tfe_lower_pair_velocity_compression_direction_capacity_gap_not_full_tfe,,universal_direction_capacity_nonfinal_full_component_value_fit,all_case_h_direction_capacity_oracle_fit,row_matched_active_velocity_rows,row_matched_active_nonfinal_velocity,"0,1",6,24,8,16,24,16,16,16,3.3771292506069752e+00,False,8,132,24,32,8,1.0949223253042717e+06,1.8390267947137043e-01,1.8388667986011836e-01,6.1219699615059229e-05,1.8388666966946254e-01,9.9999994458187058e-01,9.9999999985439580e-01,1.8388666761888361e-01,9.9991293301145567e-01,9.9999802409867866e-01,9.9973398171166938e-01,6.4630228833806393e-32,True,True,True,False,True,True,False,False,False,False,False,The tested source-derived feature space does not have enough linear capacity to reproduce the local oracle correction.,derive non-final nonlinear or second-differential source features for the coefficient-gradient law,"This is a capacity audit: the target Jacobian defines the oracle correction being projected, but the result is not an implemented target-free law. It distinguishes feature-space capacity from an actual formula for choosing coefficients."
cylindrical_smooth,0.01,universal_direction_capacity_value_full_nonfinal,paper_tfe_lower_pair_velocity_compression_direction_capacity_gap_not_full_tfe,,universal_direction_capacity_nonfinal_full_component_value_fit,all_case_h_direction_capacity_oracle_fit,all_active_velocity_rows,all_active_nonfinal_velocity,"0,1",6,24,8,16,24,16,16,16,3.3771292506069766e+00,False,8,132,23,31,8,1.4736558540576941e+14,1.8390267947137043e-01,1.8388667986011836e-01,6.7279018782837418e-05,1.8388666755235761e-01,9.9999993306877499e-01,9.9999999514977622e-01,1.8388666755235761e-01,9.9991293264970993e-01,9.9999802408096350e-01,9.9973398001944780e-01,6.4630228833806393e-32,True,True,True,False,True,True,False,False,False,False,False,The tested source-derived feature space does not have enough linear capacity to reproduce the local oracle correction.,derive non-final nonlinear or second-differential source features for the coefficient-gradient law,"This is a capacity audit: the target Jacobian defines the oracle correction being projected, but the result is not an implemented target-free law. It distinguishes feature-space capacity from an actual formula for choosing coefficients."
cylindrical_smooth,0.01,universal_direction_capacity_value_full_nonfinal,paper_tfe_lower_pair_velocity_compression_direction_capacity_gap_not_full_tfe,,universal_direction_capacity_nonfinal_full_component_value_fit,all_case_h_direction_capacity_oracle_fit,closure_plus_all_active_velocity_rows,closure_and_all_active_nonfinal_velocity,"0,1",6,24,8,16,24,16,24,16,3.3771292511246025e+00,False,8,132,23,31,8,1.4736573114628303e+14,1.8390267947137043e-01,1.8388667986011836e-01,6.7279018782837418e-05,1.8388666755235761e-01,9.9999993306877499e-01,9.9999999514977622e-01,1.8388666755235761e-01,9.9991293264970993e-01,9.9999802408096350e-01,9.9973398001944780e-01,6.4630228833806393e-32,True,True,True,False,True,True,False,False,False,False,False,The tested source-derived feature space does not have enough linear capacity to reproduce the local oracle correction.,derive non-final nonlinear or second-differential source features for the coefficient-gradient law,"This is a capacity audit: the target Jacobian defines the oracle correction being projected, but the result is not an implemented target-free law. It distinguishes feature-space capacity from an actual formula for choosing coefficients."
cylindrical_smooth,0.01,universal_direction_capacity_value_full_nonfinal,paper_tfe_lower_pair_velocity_compression_direction_capacity_gap_not_full_tfe,,universal_direction_capacity_nonfinal_full_component_value_fit,all_case_h_direction_capacity_oracle_fit,source_plus_all_active_velocity_rows,source_consistency_and_active_nonfinal_velocity,"0,1",6,24,8,16,24,16,32,32,4.6752373594986260e+01,False,8,132,23,31,8,1.4736570674440209e+14,1.8390267947137043e-01,1.8388667986011836e-01,6.7279018782837350e-05,1.8388666755235761e-01,9.9999993306877499e-01,9.9999999514977622e-01,1.8388666755235761e-01,9.9991293264970993e-01,9.9999802408096350e-01,9.9973398001944780e-01,6.4630228833806393e-32,True,True,True,False,True,True,False,False,False,False,False,The tested source-derived feature space does not have enough linear capacity to reproduce the local oracle correction.,derive non-final nonlinear or second-differential source features for the coefficient-gradient law,"This is a capacity audit: the target Jacobian defines the oracle correction being projected, but the result is not an implemented target-free law. It distinguishes feature-space capacity from an actual formula for choosing coefficients."
cylindrical_smooth,0.01,universal_direction_capacity_value_full_nonfinal,paper_tfe_lower_pair_velocity_compression_direction_capacity_spans_not_full_tfe,,universal_direction_capacity_nonfinal_full_component_value_fit,all_case_h_direction_capacity_oracle_fit,all_stage_velocity_rows,all_stage_velocity_upper_bound,"0,1",6,24,8,16,24,16,24,24,3.3785969310539179e+00,True,8,132,24,24,0,4.6760447032680247e+01,1.8390267947137043e-01,1.8388667986011836e-01,1.8388667986011831e-01,4.6412381163457239e-16,2.5239664557956507e-15,3.4768159720640639e-15,3.7244822356830008e-16,2.0252463130983472e-15,2.7138248731509001e-15,1.2233913652923486e-15,6.4630228833806393e-32,True,True,True,False,True,True,False,False,False,False,True,"The feature-space capacity fit can reproduce the local oracle correction, but it uses the target Jacobian for coefficient fitting and is not a target-free formula or h-sweep.",derive non-final nonlinear or second-differential source features for the coefficient-gradient law,"This is a capacity audit: the target Jacobian defines the oracle correction being projected, but the result is not an implemented target-free law. It distinguishes feature-space capacity from an actual formula for choosing coefficients."
cylindrical_smooth,0.01,universal_direction_capacity_value_full_nonfinal,paper_tfe_lower_pair_velocity_compression_direction_capacity_spans_not_full_tfe,,universal_direction_capacity_nonfinal_full_component_value_fit,all_case_h_direction_capacity_oracle_fit,source_plus_all_stage_velocity_rows,source_consistency_and_all_stage_velocity_upper_bound,"0,1",6,24,8,16,24,16,40,40,4.6772691897441319e+01,True,8,132,24,24,0,4.6760447032680233e+01,1.8390267947137043e-01,1.8388667986011836e-01,1.8388667986011833e-01,2.2063994305478066e-16,1.1998690890640927e-15,1.7537912202269147e-15,2.6476952534158264e-16,1.4397263057975259e-15,1.7946693147492027e-15,8.9452368785987195e-16,6.4630228833806393e-32,True,True,True,False,True,True,False,False,False,False,True,"The feature-space capacity fit can reproduce the local oracle correction, but it uses the target Jacobian for coefficient fitting and is not a target-free formula or h-sweep.",derive non-final nonlinear or second-differential source features for the coefficient-gradient law,"This is a capacity audit: the target Jacobian defines the oracle correction being projected, but the result is not an implemented target-free law. It distinguishes feature-space capacity from an actual formula for choosing coefficients."
cylindrical_sharp,0.04,case_local_direction_capacity_value_scalar_nonfinal,paper_tfe_lower_pair_velocity_compression_direction_capacity_gap_not_full_tfe,,case_local_direction_capacity_nonfinal_stage_scalar_value_fit,case_local_direction_capacity_oracle_fit,row_matched_active_velocity_rows,row_matched_active_nonfinal_velocity,"0,1",1,24,8,16,24,16,16,16,3.3754231667343002e+00,False,8,132,24,32,8,1.2893061923299442e+05,3.7137778489504708e-01,3.6458407253839792e-01,7.1403067620632197e-03,3.6451414508634289e-01,9.9980819937753129e-01,9.9999996223888632e-01,3.6450660113407607e-01,9.8149812928925506e-01,9.9957237012041877e-01,9.4505349683972117e-01,1.1640035118717464e-17,True,True,True,False,True,True,False,False,False,False,False,The tested source-derived feature space does not have enough linear capacity to reproduce the local oracle correction.,derive non-final nonlinear or second-differential source features for the coefficient-gradient law,"This is a capacity audit: the target Jacobian defines the oracle correction being projected, but the result is not an implemented target-free law. It distinguishes feature-space capacity from an actual formula for choosing coefficients."
cylindrical_sharp,0.04,case_local_direction_capacity_value_scalar_nonfinal,paper_tfe_lower_pair_velocity_compression_direction_capacity_gap_not_full_tfe,,case_local_direction_capacity_nonfinal_stage_scalar_value_fit,case_local_direction_capacity_oracle_fit,all_active_velocity_rows,all_active_nonfinal_velocity,"0,1",1,24,8,16,24,16,16,16,3.3754231667342975e+00,False,8,132,24,32,8,3.1711411729016018e+09,3.7137778489504708e-01,3.6458407253839792e-01,7.5156074786486725e-03,3.6450660020486692e-01,9.9978750488744172e-01,9.9999711519620427e-01,3.6450660020486692e-01,9.8149812678719595e-01,9.9957237011648425e-01,9.4505348303260117e-01,1.1640035118717464e-17,True,True,True,False,True,True,False,False,False,False,False,The tested source-derived feature space does not have enough linear capacity to reproduce the local oracle correction.,derive non-final nonlinear or second-differential source features for the coefficient-gradient law,"This is a capacity audit: the target Jacobian defines the oracle correction being projected, but the result is not an implemented target-free law. It distinguishes feature-space capacity from an actual formula for choosing coefficients."
cylindrical_sharp,0.04,case_local_direction_capacity_value_scalar_nonfinal,paper_tfe_lower_pair_velocity_compression_direction_capacity_gap_not_full_tfe,,case_local_direction_capacity_nonfinal_stage_scalar_value_fit,case_local_direction_capacity_oracle_fit,closure_plus_all_active_velocity_rows,closure_and_all_active_nonfinal_velocity,"0,1",1,24,8,16,24,16,24,16,3.3754231667342998e+00,False,8,132,24,32,8,3.1711411716166430e+09,3.7137778489504708e-01,3.6458407253839792e-01,7.5156074786486664e-03,3.6450660020486692e-01,9.9978750488744172e-01,9.9999711519620427e-01,3.6450660020486692e-01,9.8149812678719595e-01,9.9957237011648425e-01,9.4505348303260117e-01,1.1640035118717464e-17,True,True,True,False,True,True,False,False,False,False,False,The tested source-derived feature space does not have enough linear capacity to reproduce the local oracle correction.,derive non-final nonlinear or second-differential source features for the coefficient-gradient law,"This is a capacity audit: the target Jacobian defines the oracle correction being projected, but the result is not an implemented target-free law. It distinguishes feature-space capacity from an actual formula for choosing coefficients."
cylindrical_sharp,0.04,case_local_direction_capacity_value_scalar_nonfinal,paper_tfe_lower_pair_velocity_compression_direction_capacity_gap_not_full_tfe,,case_local_direction_capacity_nonfinal_stage_scalar_value_fit,case_local_direction_capacity_oracle_fit,source_plus_all_active_velocity_rows,source_consistency_and_active_nonfinal_velocity,"0,1",1,24,8,16,24,16,32,32,4.7378185455557315e+01,False,8,132,24,32,8,3.1711411717477870e+09,3.7137778489504708e-01,3.6458407253839792e-01,7.5156074786486725e-03,3.6450660020486692e-01,9.9978750488744172e-01,9.9999711519620427e-01,3.6450660020486692e-01,9.8149812678719595e-01,9.9957237011648425e-01,9.4505348303260128e-01,1.1640035118717464e-17,True,True,True,False,True,True,False,False,False,False,False,The tested source-derived feature space does not have enough linear capacity to reproduce the local oracle correction.,derive non-final nonlinear or second-differential source features for the coefficient-gradient law,"This is a capacity audit: the target Jacobian defines the oracle correction being projected, but the result is not an implemented target-free law. It distinguishes feature-space capacity from an actual formula for choosing coefficients."
cylindrical_sharp,0.04,case_local_direction_capacity_value_scalar_nonfinal,paper_tfe_lower_pair_velocity_compression_direction_capacity_spans_not_full_tfe,,case_local_direction_capacity_nonfinal_stage_scalar_value_fit,case_local_direction_capacity_oracle_fit,all_stage_velocity_rows,all_stage_velocity_upper_bound,"0,1",1,24,8,16,24,16,24,24,3.3789188175527256e+00,True,8,132,24,24,0,4.6902955323170801e+01,3.7137778489504708e-01,3.6458407253839792e-01,3.6458407253839792e-01,6.3199350978672297e-16,1.7334643979000524e-15,2.6395532938352676e-15,6.3753519717430140e-16,1.7166756416366465e-15,2.8110027168767376e-15,8.6891926779563762e-16,1.1640035118717464e-17,True,True,True,False,True,True,False,False,False,False,True,"The feature-space capacity fit can reproduce the local oracle correction, but it uses the target Jacobian for coefficient fitting and is not a target-free formula or h-sweep.",derive non-final nonlinear or second-differential source features for the coefficient-gradient law,"This is a capacity audit: the target Jacobian defines the oracle correction being projected, but the result is not an implemented target-free law. It distinguishes feature-space capacity from an actual formula for choosing coefficients."
cylindrical_sharp,0.04,case_local_direction_capacity_value_scalar_nonfinal,paper_tfe_lower_pair_velocity_compression_direction_capacity_spans_not_full_tfe,,case_local_direction_capacity_nonfinal_stage_scalar_value_fit,case_local_direction_capacity_oracle_fit,source_plus_all_stage_velocity_rows,source_consistency_and_all_stage_velocity_upper_bound,"0,1",1,24,8,16,24,16,40,40,4.7426704189479565e+01,True,8,132,24,24,0,4.6902955323170822e+01,3.7137778489504708e-01,3.6458407253839792e-01,3.6458407253839781e-01,4.3649671271047711e-16,1.1972456988353635e-15,1.5524942662967184e-15,5.5947542221488487e-16,1.5064859691944013e-15,2.1639197268580793e-15,1.1264399555035727e-15,1.1640035118717464e-17,True,True,True,False,True,True,False,False,False,False,True,"The feature-space capacity fit can reproduce the local oracle correction, but it uses the target Jacobian for coefficient fitting and is not a target-free formula or h-sweep.",derive non-final nonlinear or second-differential source features for the coefficient-gradient law,"This is a capacity audit: the target Jacobian defines the oracle correction being projected, but the result is not an implemented target-free law. It distinguishes feature-space capacity from an actual formula for choosing coefficients."
cylindrical_sharp,0.04,universal_direction_capacity_value_scalar_nonfinal,paper_tfe_lower_pair_velocity_compression_direction_capacity_gap_not_full_tfe,,universal_direction_capacity_nonfinal_stage_scalar_value_fit,all_case_h_direction_capacity_oracle_fit,row_matched_active_velocity_rows,row_matched_active_nonfinal_velocity,"0,1",6,24,8,16,24,16,16,16,3.3754231667343002e+00,False,8,132,24,32,8,1.2893061923299528e+05,3.7137778489504708e-01,3.6458407253007830e-01,7.1403063372600557e-03,3.6451414508634294e-01,9.9980819940034660e-01,9.9999996223939935e-01,3.6450660113407607e-01,9.8149812928925506e-01,9.9957237012041877e-01,9.4505349683972129e-01,1.1858915487241241e-17,True,True,True,False,True,True,False,False,False,False,False,The tested source-derived feature space does not have enough linear capacity to reproduce the local oracle correction.,derive non-final nonlinear or second-differential source features for the coefficient-gradient law,"This is a capacity audit: the target Jacobian defines the oracle correction being projected, but the result is not an implemented target-free law. It distinguishes feature-space capacity from an actual formula for choosing coefficients."
cylindrical_sharp,0.04,universal_direction_capacity_value_scalar_nonfinal,paper_tfe_lower_pair_velocity_compression_direction_capacity_gap_not_full_tfe,,universal_direction_capacity_nonfinal_stage_scalar_value_fit,all_case_h_direction_capacity_oracle_fit,all_active_velocity_rows,all_active_nonfinal_velocity,"0,1",6,24,8,16,24,16,16,16,3.3754231667342975e+00,False,8,132,24,32,8,3.1711411718368306e+09,3.7137778489504708e-01,3.6458407253007830e-01,7.5156070750585528e-03,3.6450660020486692e-01,9.9978750491025636e-01,9.9999711519671741e-01,3.6450660020486692e-01,9.8149812678719595e-01,9.9957237011648437e-01,9.4505348303260128e-01,1.1858915487241241e-17,True,True,True,False,True,True,False,False,False,False,False,The tested source-derived feature space does not have enough linear capacity to reproduce the local oracle correction.,derive non-final nonlinear or second-differential source features for the coefficient-gradient law,"This is a capacity audit: the target Jacobian defines the oracle correction being projected, but the result is not an implemented target-free law. It distinguishes feature-space capacity from an actual formula for choosing coefficients."
cylindrical_sharp,0.04,universal_direction_capacity_value_scalar_nonfinal,paper_tfe_lower_pair_velocity_compression_direction_capacity_gap_not_full_tfe,,universal_direction_capacity_nonfinal_stage_scalar_value_fit,all_case_h_direction_capacity_oracle_fit,closure_plus_all_active_velocity_rows,closure_and_all_active_nonfinal_velocity,"0,1",6,24,8,16,24,16,24,16,3.3754231667342993e+00,False,8,132,24,32,8,3.1711411718180714e+09,3.7137778489504708e-01,3.6458407253007830e-01,7.5156070750585415e-03,3.6450660020486692e-01,9.9978750491025636e-01,9.9999711519671741e-01,3.6450660020486692e-01,9.8149812678719595e-01,9.9957237011648425e-01,9.4505348303260117e-01,1.1858915487241241e-17,True,True,True,False,True,True,False,False,False,False,False,The tested source-derived feature space does not have enough linear capacity to reproduce the local oracle correction.,derive non-final nonlinear or second-differential source features for the coefficient-gradient law,"This is a capacity audit: the target Jacobian defines the oracle correction being projected, but the result is not an implemented target-free law. It distinguishes feature-space capacity from an actual formula for choosing coefficients."
cylindrical_sharp,0.04,universal_direction_capacity_value_scalar_nonfinal,paper_tfe_lower_pair_velocity_compression_direction_capacity_gap_not_full_tfe,,universal_direction_capacity_nonfinal_stage_scalar_value_fit,all_case_h_direction_capacity_oracle_fit,source_plus_all_active_velocity_rows,source_consistency_and_active_nonfinal_velocity,"0,1",6,24,8,16,24,16,32,32,4.7378185455557315e+01,False,8,132,24,32,8,3.1711411716606956e+09,3.7137778489504708e-01,3.6458407253007830e-01,7.5156070750585537e-03,3.6450660020486692e-01,9.9978750491025636e-01,9.9999711519671741e-01,3.6450660020486697e-01,9.8149812678719617e-01,9.9957237011648437e-01,9.4505348303260117e-01,1.1858915487241241e-17,True,True,True,False,True,True,False,False,False,False,False,The tested source-derived feature space does not have enough linear capacity to reproduce the local oracle correction.,derive non-final nonlinear or second-differential source features for the coefficient-gradient law,"This is a capacity audit: the target Jacobian defines the oracle correction being projected, but the result is not an implemented target-free law. It distinguishes feature-space capacity from an actual formula for choosing coefficients."
cylindrical_sharp,0.04,universal_direction_capacity_value_scalar_nonfinal,paper_tfe_lower_pair_velocity_compression_direction_capacity_spans_not_full_tfe,,universal_direction_capacity_nonfinal_stage_scalar_value_fit,all_case_h_direction_capacity_oracle_fit,all_stage_velocity_rows,all_stage_velocity_upper_bound,"0,1",6,24,8,16,24,16,24,24,3.3789188175527256e+00,True,8,132,24,24,0,4.6902955323170815e+01,3.7137778489504708e-01,3.6458407253007830e-01,3.6458407253007824e-01,6.2851925894158250e-16,1.7239350435138098e-15,2.5256840228892359e-15,1.4631499060139345e-15,3.9397884459551800e-15,7.4162685286823731e-15,7.2430407570000589e-16,1.1858915487241241e-17,True,True,True,False,True,True,False,False,False,False,True,"The feature-space capacity fit can reproduce the local oracle correction, but it uses the target Jacobian for coefficient fitting and is not a target-free formula or h-sweep.",derive non-final nonlinear or second-differential source features for the coefficient-gradient law,"This is a capacity audit: the target Jacobian defines the oracle correction being projected, but the result is not an implemented target-free law. It distinguishes feature-space capacity from an actual formula for choosing coefficients."
cylindrical_sharp,0.04,universal_direction_capacity_value_scalar_nonfinal,paper_tfe_lower_pair_velocity_compression_direction_capacity_spans_not_full_tfe,,universal_direction_capacity_nonfinal_stage_scalar_value_fit,all_case_h_direction_capacity_oracle_fit,source_plus_all_stage_velocity_rows,source_consistency_and_all_stage_velocity_upper_bound,"0,1",6,24,8,16,24,16,40,40,4.7426704189479565e+01,True,8,132,24,24,0,4.6902955323170822e+01,3.7137778489504708e-01,3.6458407253007830e-01,3.6458407253007818e-01,4.7566999751088638e-16,1.3046922050376830e-15,1.6345683437607707e-15,1.4409240909700232e-15,3.8799415300978071e-15,7.4823083399585416e-15,1.1651324250532239e-15,1.1858915487241241e-17,True,True,True,False,True,True,False,False,False,False,True,"The feature-space capacity fit can reproduce the local oracle correction, but it uses the target Jacobian for coefficient fitting and is not a target-free formula or h-sweep.",derive non-final nonlinear or second-differential source features for the coefficient-gradient law,"This is a capacity audit: the target Jacobian defines the oracle correction being projected, but the result is not an implemented target-free law. It distinguishes feature-space capacity from an actual formula for choosing coefficients."
cylindrical_sharp,0.04,case_local_direction_capacity_value_component_nonfinal,paper_tfe_lower_pair_velocity_compression_direction_capacity_gap_not_full_tfe,,case_local_direction_capacity_nonfinal_component_diagonal_value_fit,case_local_direction_capacity_oracle_fit,row_matched_active_velocity_rows,row_matched_active_nonfinal_velocity,"0,1",1,24,8,16,24,16,16,16,3.3754231667343002e+00,False,8,132,24,32,8,1.2893061934392589e+05,3.7137778489504708e-01,3.6654316047024932e-01,3.8513978235070433e-02,3.6451414508634294e-01,9.9446445711521858e-01,9.9999996223951948e-01,3.6450660113407612e-01,9.8149812928925517e-01,9.9957237012041877e-01,9.4505349683972117e-01,4.6444969609303800e-33,True,True,True,False,True,True,False,False,False,False,False,The tested source-derived feature space does not have enough linear capacity to reproduce the local oracle correction.,derive non-final nonlinear or second-differential source features for the coefficient-gradient law,"This is a capacity audit: the target Jacobian defines the oracle correction being projected, but the result is not an implemented target-free law. It distinguishes feature-space capacity from an actual formula for choosing coefficients."
cylindrical_sharp,0.04,case_local_direction_capacity_value_component_nonfinal,paper_tfe_lower_pair_velocity_compression_direction_capacity_gap_not_full_tfe,,case_local_direction_capacity_nonfinal_component_diagonal_value_fit,case_local_direction_capacity_oracle_fit,all_active_velocity_rows,all_active_nonfinal_velocity,"0,1",1,24,8,16,24,16,16,16,3.3754231667342975e+00,False,8,132,24,32,8,3.1711498173165679e+09,3.7137778489504708e-01,3.6654316047024932e-01,3.8585319677414041e-02,3.6450660020486692e-01,9.9444387323236472e-01,9.9999711519683743e-01,3.6450660020486692e-01,9.8149812678719595e-01,9.9957237011648425e-01,9.4505348303260117e-01,4.6444969609303800e-33,True,True,True,False,True,True,False,False,False,False,False,The tested source-derived feature space does not have enough linear capacity to reproduce the local oracle correction.,derive non-final nonlinear or second-differential source features for the coefficient-gradient law,"This is a capacity audit: the target Jacobian defines the oracle correction being projected, but the result is not an implemented target-free law. It distinguishes feature-space capacity from an actual formula for choosing coefficients."
cylindrical_sharp,0.04,case_local_direction_capacity_value_component_nonfinal,paper_tfe_lower_pair_velocity_compression_direction_capacity_gap_not_full_tfe,,case_local_direction_capacity_nonfinal_component_diagonal_value_fit,case_local_direction_capacity_oracle_fit,closure_plus_all_active_velocity_rows,closure_and_all_active_nonfinal_velocity,"0,1",1,24,8,16,24,16,24,16,3.3228229767238475e+00,False,8,132,24,32,8,3.1711498147593923e+09,3.7137778489504708e-01,3.6654316047024932e-01,3.8585319677414021e-02,3.6450660020486692e-01,9.9444387323236472e-01,9.9999711519683743e-01,3.6450660020486692e-01,9.8149812678719595e-01,9.9957237011648425e-01,9.4505348303260117e-01,4.6444969609303800e-33,True,True,True,False,True,True,False,False,False,False,False,The tested source-derived feature space does not have enough linear capacity to reproduce the local oracle correction.,derive non-final nonlinear or second-differential source features for the coefficient-gradient law,"This is a capacity audit: the target Jacobian defines the oracle correction being projected, but the result is not an implemented target-free law. It distinguishes feature-space capacity from an actual formula for choosing coefficients."
cylindrical_sharp,0.04,case_local_direction_capacity_value_component_nonfinal,paper_tfe_lower_pair_velocity_compression_direction_capacity_gap_not_full_tfe,,case_local_direction_capacity_nonfinal_component_diagonal_value_fit,case_local_direction_capacity_oracle_fit,source_plus_all_active_velocity_rows,source_consistency_and_active_nonfinal_velocity,"0,1",1,24,8,16,24,16,32,32,4.7378185455557315e+01,False,8,132,24,32,8,3.1711498159978108e+09,3.7137778489504708e-01,3.6654316047024932e-01,3.8585319677414000e-02,3.6450660020486692e-01,9.9444387323236472e-01,9.9999711519683743e-01,3.6450660020486692e-01,9.8149812678719595e-01,9.9957237011648425e-01,9.4505348303260117e-01,4.6444969609303800e-33,True,True,True,False,True,True,False,False,False,False,False,The tested source-derived feature space does not have enough linear capacity to reproduce the local oracle correction.,derive non-final nonlinear or second-differential source features for the coefficient-gradient law,"This is a capacity audit: the target Jacobian defines the oracle correction being projected, but the result is not an implemented target-free law. It distinguishes feature-space capacity from an actual formula for choosing coefficients."
cylindrical_sharp,0.04,case_local_direction_capacity_value_component_nonfinal,paper_tfe_lower_pair_velocity_compression_direction_capacity_spans_not_full_tfe,,case_local_direction_capacity_nonfinal_component_diagonal_value_fit,case_local_direction_capacity_oracle_fit,all_stage_velocity_rows,all_stage_velocity_upper_bound,"0,1",1,24,8,16,24,16,24,24,3.3789188175527256e+00,True,8,132,24,24,0,4.6916005340419780e+01,3.7137778489504708e-01,3.6654316047024932e-01,3.6654316047024921e-01,6.0848656344154245e-16,1.6600679785182640e-15,2.6389963237079160e-15,1.3190817262828306e-15,3.5518595347742964e-15,5.7787125018626354e-15,1.7953150235822401e-15,4.6444969609303800e-33,True,True,True,False,True,True,False,False,False,False,True,"The feature-space capacity fit can reproduce the local oracle correction, but it uses the target Jacobian for coefficient fitting and is not a target-free formula or h-sweep.",derive non-final nonlinear or second-differential source features for the coefficient-gradient law,"This is a capacity audit: the target Jacobian defines the oracle correction being projected, but the result is not an implemented target-free law. It distinguishes feature-space capacity from an actual formula for choosing coefficients."
cylindrical_sharp,0.04,case_local_direction_capacity_value_component_nonfinal,paper_tfe_lower_pair_velocity_compression_direction_capacity_spans_not_full_tfe,,case_local_direction_capacity_nonfinal_component_diagonal_value_fit,case_local_direction_capacity_oracle_fit,source_plus_all_stage_velocity_rows,source_consistency_and_all_stage_velocity_upper_bound,"0,1",1,24,8,16,24,16,40,40,4.7426704189479565e+01,True,8,132,24,24,0,4.6916005340419780e+01,3.7137778489504708e-01,3.6654316047024932e-01,3.6654316047024926e-01,4.2416977875251710e-16,1.1572164604253885e-15,1.5985879320656175e-15,1.2958234905964972e-15,3.4892326447654977e-15,6.0094211268326820e-15,1.6030175433677965e-15,4.6444969609303800e-33,True,True,True,False,True,True,False,False,False,False,True,"The feature-space capacity fit can reproduce the local oracle correction, but it uses the target Jacobian for coefficient fitting and is not a target-free formula or h-sweep.",derive non-final nonlinear or second-differential source features for the coefficient-gradient law,"This is a capacity audit: the target Jacobian defines the oracle correction being projected, but the result is not an implemented target-free law. It distinguishes feature-space capacity from an actual formula for choosing coefficients."
cylindrical_sharp,0.04,universal_direction_capacity_value_component_nonfinal,paper_tfe_lower_pair_velocity_compression_direction_capacity_gap_not_full_tfe,,universal_direction_capacity_nonfinal_component_diagonal_value_fit,all_case_h_direction_capacity_oracle_fit,row_matched_active_velocity_rows,row_matched_active_nonfinal_velocity,"0,1",6,24,8,16,24,16,16,16,3.3754231667343002e+00,False,8,132,24,32,8,1.2893061925800686e+05,3.7137778489504708e-01,3.6492988180991714e-01,1.7414266271441225e-02,3.6451414508634294e-01,9.9886077642775561e-01,9.9999996223927778e-01,3.6450660113407607e-01,9.8149812928925506e-01,9.9957237012041877e-01,9.4505349683972129e-01,4.0313416495214741e-19,True,True,True,False,True,True,False,False,False,False,False,The tested source-derived feature space does not have enough linear capacity to reproduce the local oracle correction.,derive non-final nonlinear or second-differential source features for the coefficient-gradient law,"This is a capacity audit: the target Jacobian defines the oracle correction being projected, but the result is not an implemented target-free law. It distinguishes feature-space capacity from an actual formula for choosing coefficients."
cylindrical_sharp,0.04,universal_direction_capacity_value_component_nonfinal,paper_tfe_lower_pair_velocity_compression_direction_capacity_gap_not_full_tfe,,universal_direction_capacity_nonfinal_component_diagonal_value_fit,all_case_h_direction_capacity_oracle_fit,all_active_velocity_rows,all_active_nonfinal_velocity,"0,1",6,24,8,16,24,16,16,16,3.3754231667342975e+00,False,8,132,24,32,8,3.1711420971916323e+09,3.7137778489504708e-01,3.6492988180991714e-01,1.7571483855651174e-02,3.6450660020486692e-01,9.9884010154786196e-01,9.9999711519659584e-01,3.6450660020486692e-01,9.8149812678719595e-01,9.9957237011648437e-01,9.4505348303260117e-01,4.0313416495214741e-19,True,True,True,False,True,True,False,False,False,False,False,The tested source-derived feature space does not have enough linear capacity to reproduce the local oracle correction.,derive non-final nonlinear or second-differential source features for the coefficient-gradient law,"This is a capacity audit: the target Jacobian defines the oracle correction being projected, but the result is not an implemented target-free law. It distinguishes feature-space capacity from an actual formula for choosing coefficients."
cylindrical_sharp,0.04,universal_direction_capacity_value_component_nonfinal,paper_tfe_lower_pair_velocity_compression_direction_capacity_gap_not_full_tfe,,universal_direction_capacity_nonfinal_component_diagonal_value_fit,all_case_h_direction_capacity_oracle_fit,closure_plus_all_active_velocity_rows,closure_and_all_active_nonfinal_velocity,"0,1",6,24,8,16,24,16,24,16,3.3638526517757827e+00,False,8,132,24,32,8,3.1711420934849873e+09,3.7137778489504708e-01,3.6492988180991714e-01,1.7571483855651149e-02,3.6450660020486692e-01,9.9884010154786196e-01,9.9999711519659584e-01,3.6450660020486692e-01,9.8149812678719595e-01,9.9957237011648437e-01,9.4505348303260117e-01,4.0313416495214741e-19,True,True,True,False,True,True,False,False,False,False,False,The tested source-derived feature space does not have enough linear capacity to reproduce the local oracle correction.,derive non-final nonlinear or second-differential source features for the coefficient-gradient law,"This is a capacity audit: the target Jacobian defines the oracle correction being projected, but the result is not an implemented target-free law. It distinguishes feature-space capacity from an actual formula for choosing coefficients."
cylindrical_sharp,0.04,universal_direction_capacity_value_component_nonfinal,paper_tfe_lower_pair_velocity_compression_direction_capacity_gap_not_full_tfe,,universal_direction_capacity_nonfinal_component_diagonal_value_fit,all_case_h_direction_capacity_oracle_fit,source_plus_all_active_velocity_rows,source_consistency_and_active_nonfinal_velocity,"0,1",6,24,8,16,24,16,32,32,4.7378185455557315e+01,False,8,132,24,32,8,3.1711420964385562e+09,3.7137778489504708e-01,3.6492988180991714e-01,1.7571483855651160e-02,3.6450660020486692e-01,9.9884010154786196e-01,9.9999711519659584e-01,3.6450660020486692e-01,9.8149812678719595e-01,9.9957237011648437e-01,9.4505348303260117e-01,4.0313416495214741e-19,True,True,True,False,True,True,False,False,False,False,False,The tested source-derived feature space does not have enough linear capacity to reproduce the local oracle correction.,derive non-final nonlinear or second-differential source features for the coefficient-gradient law,"This is a capacity audit: the target Jacobian defines the oracle correction being projected, but the result is not an implemented target-free law. It distinguishes feature-space capacity from an actual formula for choosing coefficients."
cylindrical_sharp,0.04,universal_direction_capacity_value_component_nonfinal,paper_tfe_lower_pair_velocity_compression_direction_capacity_spans_not_full_tfe,,universal_direction_capacity_nonfinal_component_diagonal_value_fit,all_case_h_direction_capacity_oracle_fit,all_stage_velocity_rows,all_stage_velocity_upper_bound,"0,1",6,24,8,16,24,16,24,24,3.3789188175527256e+00,True,8,132,24,24,0,4.6905888820092862e+01,3.7137778489504708e-01,3.6492988180991714e-01,3.6492988180991720e-01,6.4398474400548690e-16,1.7646807677451923e-15,2.6893220553738082e-15,7.8547427510747830e-16,2.1150276270010514e-15,2.7844083691532171e-15,1.4104452242787450e-15,4.0313416495214741e-19,True,True,True,False,True,True,False,False,False,False,True,"The feature-space capacity fit can reproduce the local oracle correction, but it uses the target Jacobian for coefficient fitting and is not a target-free formula or h-sweep.",derive non-final nonlinear or second-differential source features for the coefficient-gradient law,"This is a capacity audit: the target Jacobian defines the oracle correction being projected, but the result is not an implemented target-free law. It distinguishes feature-space capacity from an actual formula for choosing coefficients."
cylindrical_sharp,0.04,universal_direction_capacity_value_component_nonfinal,paper_tfe_lower_pair_velocity_compression_direction_capacity_spans_not_full_tfe,,universal_direction_capacity_nonfinal_component_diagonal_value_fit,all_case_h_direction_capacity_oracle_fit,source_plus_all_stage_velocity_rows,source_consistency_and_all_stage_velocity_upper_bound,"0,1",6,24,8,16,24,16,40,40,4.7426704189479565e+01,True,8,132,24,24,0,4.6905888820092869e+01,3.7137778489504708e-01,3.6492988180991714e-01,3.6492988180991703e-01,4.5764475946414928e-16,1.2540621699555013e-15,1.5736214086376850e-15,8.1956525202946389e-16,2.2068235779398503e-15,3.2579447346372456e-15,1.3550751819795297e-15,4.0313416495214741e-19,True,True,True,False,True,True,False,False,False,False,True,"The feature-space capacity fit can reproduce the local oracle correction, but it uses the target Jacobian for coefficient fitting and is not a target-free formula or h-sweep.",derive non-final nonlinear or second-differential source features for the coefficient-gradient law,"This is a capacity audit: the target Jacobian defines the oracle correction being projected, but the result is not an implemented target-free law. It distinguishes feature-space capacity from an actual formula for choosing coefficients."
cylindrical_sharp,0.04,case_local_direction_capacity_value_full_nonfinal,paper_tfe_lower_pair_velocity_compression_direction_capacity_gap_not_full_tfe,,case_local_direction_capacity_nonfinal_full_component_value_fit,case_local_direction_capacity_oracle_fit,row_matched_active_velocity_rows,row_matched_active_nonfinal_velocity,"0,1",1,24,8,16,24,16,16,16,3.3754231667343002e+00,False,8,132,24,32,8,1.2893061942982156e+05,3.7137778489504708e-01,3.6458407252842701e-01,7.1403062561571778e-03,3.6451414508628005e-01,9.9980819940470245e-01,9.9999996223949739e-01,3.6450660113407635e-01,9.8149812928925584e-01,9.9957237012041877e-01,9.4505349683972684e-01,1.5997975634355494e-33,True,True,True,False,True,True,False,False,False,False,False,The tested source-derived feature space does not have enough linear capacity to reproduce the local oracle correction.,derive non-final nonlinear or second-differential source features for the coefficient-gradient law,"This is a capacity audit: the target Jacobian defines the oracle correction being projected, but the result is not an implemented target-free law. It distinguishes feature-space capacity from an actual formula for choosing coefficients."
cylindrical_sharp,0.04,case_local_direction_capacity_value_full_nonfinal,paper_tfe_lower_pair_velocity_compression_direction_capacity_gap_not_full_tfe,,case_local_direction_capacity_nonfinal_full_component_value_fit,case_local_direction_capacity_oracle_fit,all_active_velocity_rows,all_active_nonfinal_velocity,"0,1",1,24,8,16,24,16,16,16,3.3754231667342975e+00,False,8,132,24,32,8,3.1711411722477431e+09,3.7137778489504708e-01,3.6458407252842701e-01,7.5156069949575939e-03,3.6450660020486697e-01,9.9978750491478474e-01,9.9999711519682755e-01,3.6450660020486697e-01,9.8149812678719617e-01,9.9957237011648437e-01,9.4505348303260117e-01,1.5997975634355494e-33,True,True,True,False,True,True,False,False,False,False,False,The tested source-derived feature space does not have enough linear capacity to reproduce the local oracle correction.,derive non-final nonlinear or second-differential source features for the coefficient-gradient law,"This is a capacity audit: the target Jacobian defines the oracle correction being projected, but the result is not an implemented target-free law. It distinguishes feature-space capacity from an actual formula for choosing coefficients."
cylindrical_sharp,0.04,case_local_direction_capacity_value_full_nonfinal,paper_tfe_lower_pair_velocity_compression_direction_capacity_gap_not_full_tfe,,case_local_direction_capacity_nonfinal_full_component_value_fit,case_local_direction_capacity_oracle_fit,closure_plus_all_active_velocity_rows,closure_and_all_active_nonfinal_velocity,"0,1",1,24,8,16,24,16,24,16,3.3754231667342993e+00,False,8,132,24,32,8,3.1711411719252338e+09,3.7137778489504708e-01,3.6458407252842701e-01,7.5156069949575844e-03,3.6450660020486697e-01,9.9978750491478474e-01,9.9999711519682755e-01,3.6450660020486692e-01,9.8149812678719595e-01,9.9957237011648425e-01,9.4505348303260117e-01,1.5997975634355494e-33,True,True,True,False,True,True,False,False,False,False,False,The tested source-derived feature space does not have enough linear capacity to reproduce the local oracle correction.,derive non-final nonlinear or second-differential source features for the coefficient-gradient law,"This is a capacity audit: the target Jacobian defines the oracle correction being projected, but the result is not an implemented target-free law. It distinguishes feature-space capacity from an actual formula for choosing coefficients."
cylindrical_sharp,0.04,case_local_direction_capacity_value_full_nonfinal,paper_tfe_lower_pair_velocity_compression_direction_capacity_gap_not_full_tfe,,case_local_direction_capacity_nonfinal_full_component_value_fit,case_local_direction_capacity_oracle_fit,source_plus_all_active_velocity_rows,source_consistency_and_active_nonfinal_velocity,"0,1",1,24,8,16,24,16,32,32,4.7378185455557315e+01,False,8,132,24,32,8,3.1711411715119996e+09,3.7137778489504708e-01,3.6458407252842701e-01,7.5156069949575965e-03,3.6450660020486692e-01,9.9978750491478463e-01,9.9999711519682755e-01,3.6450660020486692e-01,9.8149812678719595e-01,9.9957237011648425e-01,9.4505348303260117e-01,1.5997975634355494e-33,True,True,True,False,True,True,False,False,False,False,False,The tested source-derived feature space does not have enough linear capacity to reproduce the local oracle correction.,derive non-final nonlinear or second-differential source features for the coefficient-gradient law,"This is a capacity audit: the target Jacobian defines the oracle correction being projected, but the result is not an implemented target-free law. It distinguishes feature-space capacity from an actual formula for choosing coefficients."
cylindrical_sharp,0.04,case_local_direction_capacity_value_full_nonfinal,paper_tfe_lower_pair_velocity_compression_direction_capacity_spans_not_full_tfe,,case_local_direction_capacity_nonfinal_full_component_value_fit,case_local_direction_capacity_oracle_fit,all_stage_velocity_rows,all_stage_velocity_upper_bound,"0,1",1,24,8,16,24,16,24,24,3.3789188175527256e+00,True,8,132,24,24,0,4.6902955323170815e+01,3.7137778489504708e-01,3.6458407252842701e-01,3.6458407252842701e-01,6.9038695624656906e-16,1.8936289549312083e-15,2.6948394489511853e-15,8.7600509592509532e-16,2.3587977836979614e-15,3.8030839582419142e-15,9.6805635235142245e-16,1.5997975634355494e-33,True,True,True,False,True,True,False,False,False,False,True,"The feature-space capacity fit can reproduce the local oracle correction, but it uses the target Jacobian for coefficient fitting and is not a target-free formula or h-sweep.",derive non-final nonlinear or second-differential source features for the coefficient-gradient law,"This is a capacity audit: the target Jacobian defines the oracle correction being projected, but the result is not an implemented target-free law. It distinguishes feature-space capacity from an actual formula for choosing coefficients."
cylindrical_sharp,0.04,case_local_direction_capacity_value_full_nonfinal,paper_tfe_lower_pair_velocity_compression_direction_capacity_spans_not_full_tfe,,case_local_direction_capacity_nonfinal_full_component_value_fit,case_local_direction_capacity_oracle_fit,source_plus_all_stage_velocity_rows,source_consistency_and_all_stage_velocity_upper_bound,"0,1",1,24,8,16,24,16,40,40,4.7426704189479565e+01,True,8,132,24,24,0,4.6902955323170794e+01,3.7137778489504708e-01,3.6458407252842701e-01,3.6458407252842695e-01,4.1095227991174938e-16,1.1271811109622925e-15,1.4207230002886042e-15,8.7139449517231367e-16,2.3463829303052509e-15,3.8614856733808231e-15,1.2657764823368017e-15,1.5997975634355494e-33,True,True,True,False,True,True,False,False,False,False,True,"The feature-space capacity fit can reproduce the local oracle correction, but it uses the target Jacobian for coefficient fitting and is not a target-free formula or h-sweep.",derive non-final nonlinear or second-differential source features for the coefficient-gradient law,"This is a capacity audit: the target Jacobian defines the oracle correction being projected, but the result is not an implemented target-free law. It distinguishes feature-space capacity from an actual formula for choosing coefficients."
cylindrical_sharp,0.04,universal_direction_capacity_value_full_nonfinal,paper_tfe_lower_pair_velocity_compression_direction_capacity_gap_not_full_tfe,,universal_direction_capacity_nonfinal_full_component_value_fit,all_case_h_direction_capacity_oracle_fit,row_matched_active_velocity_rows,row_matched_active_nonfinal_velocity,"0,1",6,24,8,16,24,16,16,16,3.3754231667343002e+00,False,8,132,24,32,8,1.1016141226947942e+05,3.7137778489504708e-01,3.6458406683330119e-01,7.1398792694135635e-03,3.6451414775386598e-01,9.9980822233938382e-01,9.9999995881055392e-01,3.6450662033316306e-01,9.8149818098617325e-01,9.9957237285908895e-01,9.4505373334159970e-01,2.1732456171071242e-28,True,True,True,False,True,True,False,False,False,False,False,The tested source-derived feature space does not have enough linear capacity to reproduce the local oracle correction.,derive non-final nonlinear or second-differential source features for the coefficient-gradient law,"This is a capacity audit: the target Jacobian defines the oracle correction being projected, but the result is not an implemented target-free law. It distinguishes feature-space capacity from an actual formula for choosing coefficients."
cylindrical_sharp,0.04,universal_direction_capacity_value_full_nonfinal,paper_tfe_lower_pair_velocity_compression_direction_capacity_gap_not_full_tfe,,universal_direction_capacity_nonfinal_full_component_value_fit,all_case_h_direction_capacity_oracle_fit,all_active_velocity_rows,all_active_nonfinal_velocity,"0,1",6,24,8,16,24,16,16,16,3.3754231667342975e+00,False,8,132,24,32,8,3.1711411719927325e+09,3.7137778489504708e-01,3.6458406683330119e-01,7.5153307178298431e-03,3.6450660020486692e-01,9.9978752053235043e-01,9.9999712310221078e-01,3.6450660020486692e-01,9.8149812678719595e-01,9.9957237011648437e-01,9.4505348303260117e-01,2.1732456171071242e-28,True,True,True,False,True,True,False,False,False,False,False,The tested source-derived feature space does not have enough linear capacity to reproduce the local oracle correction.,derive non-final nonlinear or second-differential source features for the coefficient-gradient law,"This is a capacity audit: the target Jacobian defines the oracle correction being projected, but the result is not an implemented target-free law. It distinguishes feature-space capacity from an actual formula for choosing coefficients."
cylindrical_sharp,0.04,universal_direction_capacity_value_full_nonfinal,paper_tfe_lower_pair_velocity_compression_direction_capacity_gap_not_full_tfe,,universal_direction_capacity_nonfinal_full_component_value_fit,all_case_h_direction_capacity_oracle_fit,closure_plus_all_active_velocity_rows,closure_and_all_active_nonfinal_velocity,"0,1",6,24,8,16,24,16,24,16,3.3754231671912773e+00,False,8,132,24,32,8,3.1711411719928999e+09,3.7137778489504708e-01,3.6458406683330119e-01,7.5153307178298361e-03,3.6450660020486692e-01,9.9978752053235043e-01,9.9999712310221078e-01,3.6450660020486692e-01,9.8149812678719595e-01,9.9957237011648437e-01,9.4505348303260117e-01,2.1732456171071242e-28,True,True,True,False,True,True,False,False,False,False,False,The tested source-derived feature space does not have enough linear capacity to reproduce the local oracle correction.,derive non-final nonlinear or second-differential source features for the coefficient-gradient law,"This is a capacity audit: the target Jacobian defines the oracle correction being projected, but the result is not an implemented target-free law. It distinguishes feature-space capacity from an actual formula for choosing coefficients."
cylindrical_sharp,0.04,universal_direction_capacity_value_full_nonfinal,paper_tfe_lower_pair_velocity_compression_direction_capacity_gap_not_full_tfe,,universal_direction_capacity_nonfinal_full_component_value_fit,all_case_h_direction_capacity_oracle_fit,source_plus_all_active_velocity_rows,source_consistency_and_active_nonfinal_velocity,"0,1",6,24,8,16,24,16,32,32,4.7378185455557315e+01,False,8,132,24,32,8,3.1711411713317342e+09,3.7137778489504708e-01,3.6458406683330119e-01,7.5153307178298474e-03,3.6450660020486692e-01,9.9978752053235043e-01,9.9999712310221078e-01,3.6450660020486692e-01,9.8149812678719595e-01,9.9957237011648425e-01,9.4505348303260117e-01,2.1732456171071242e-28,True,True,True,False,True,True,False,False,False,False,False,The tested source-derived feature space does not have enough linear capacity to reproduce the local oracle correction.,derive non-final nonlinear or second-differential source features for the coefficient-gradient law,"This is a capacity audit: the target Jacobian defines the oracle correction being projected, but the result is not an implemented target-free law. It distinguishes feature-space capacity from an actual formula for choosing coefficients."
cylindrical_sharp,0.04,universal_direction_capacity_value_full_nonfinal,paper_tfe_lower_pair_velocity_compression_direction_capacity_spans_not_full_tfe,,universal_direction_capacity_nonfinal_full_component_value_fit,all_case_h_direction_capacity_oracle_fit,all_stage_velocity_rows,all_stage_velocity_upper_bound,"0,1",6,24,8,16,24,16,24,24,3.3789188175527256e+00,True,8,132,24,24,0,4.6902955323187129e+01,3.7137778489504708e-01,3.6458406683330119e-01,3.6458406683330119e-01,5.9062658747148546e-16,1.6200010949505857e-15,2.6419289188051326e-15,6.4217396379203033e-16,1.7291663365742553e-15,2.6723770323582208e-15,1.0304655116857598e-15,2.1732456171071242e-28,True,True,True,False,True,True,False,False,False,False,True,"The feature-space capacity fit can reproduce the local oracle correction, but it uses the target Jacobian for coefficient fitting and is not a target-free formula or h-sweep.",derive non-final nonlinear or second-differential source features for the coefficient-gradient law,"This is a capacity audit: the target Jacobian defines the oracle correction being projected, but the result is not an implemented target-free law. It distinguishes feature-space capacity from an actual formula for choosing coefficients."
cylindrical_sharp,0.04,universal_direction_capacity_value_full_nonfinal,paper_tfe_lower_pair_velocity_compression_direction_capacity_spans_not_full_tfe,,universal_direction_capacity_nonfinal_full_component_value_fit,all_case_h_direction_capacity_oracle_fit,source_plus_all_stage_velocity_rows,source_consistency_and_all_stage_velocity_upper_bound,"0,1",6,24,8,16,24,16,40,40,4.7426704189479565e+01,True,8,132,24,24,0,4.6902955323187186e+01,3.7137778489504708e-01,3.6458406683330119e-01,3.6458406683330108e-01,4.7995396520049010e-16,1.3164425131610030e-15,1.8934134474733265e-15,5.8400028308200479e-16,1.5725234702636986e-15,1.9369584691946358e-15,1.3266979705365842e-15,2.1732456171071242e-28,True,True,True,False,True,True,False,False,False,False,True,"The feature-space capacity fit can reproduce the local oracle correction, but it uses the target Jacobian for coefficient fitting and is not a target-free formula or h-sweep.",derive non-final nonlinear or second-differential source features for the coefficient-gradient law,"This is a capacity audit: the target Jacobian defines the oracle correction being projected, but the result is not an implemented target-free law. It distinguishes feature-space capacity from an actual formula for choosing coefficients."
cylindrical_sharp,0.02,case_local_direction_capacity_value_scalar_nonfinal,paper_tfe_lower_pair_velocity_compression_direction_capacity_gap_not_full_tfe,,case_local_direction_capacity_nonfinal_stage_scalar_value_fit,case_local_direction_capacity_oracle_fit,row_matched_active_velocity_rows,row_matched_active_nonfinal_velocity,"0,1",1,24,8,16,24,16,16,16,3.3776171241465627e+00,False,8,132,24,32,8,9.5794380090634851e+05,2.6043562229773637e-01,2.5970145206752637e-01,6.7673797840222020e-04,2.5970057033377941e-01,9.9999660481780162e-01,9.9999999932272576e-01,2.5970047996207768e-01,9.9717725889733222e-01,9.9993570959742806e-01,9.9139525438462195e-01,3.1541822023455162e-18,True,True,True,False,True,True,False,False,False,False,False,The tested source-derived feature space does not have enough linear capacity to reproduce the local oracle correction.,derive non-final nonlinear or second-differential source features for the coefficient-gradient law,"This is a capacity audit: the target Jacobian defines the oracle correction being projected, but the result is not an implemented target-free law. It distinguishes feature-space capacity from an actual formula for choosing coefficients."
cylindrical_sharp,0.02,case_local_direction_capacity_value_scalar_nonfinal,paper_tfe_lower_pair_velocity_compression_direction_capacity_gap_not_full_tfe,,case_local_direction_capacity_nonfinal_stage_scalar_value_fit,case_local_direction_capacity_oracle_fit,all_active_velocity_rows,all_active_nonfinal_velocity,"0,1",1,24,8,16,24,16,16,16,3.3776171241465627e+00,False,8,132,23,31,8,1.7116239818173529e+11,2.6043562229773637e-01,2.5970145206752637e-01,7.1061801926697321e-04,2.5970047983785555e-01,9.9999625635643130e-01,9.9999994601399489e-01,2.5970047983785555e-01,9.9717725842035387e-01,9.9993570959666334e-01,9.9139525160949371e-01,3.1541822023455162e-18,True,True,True,False,True,True,False,False,False,False,False,The tested source-derived feature space does not have enough linear capacity to reproduce the local oracle correction.,derive non-final nonlinear or second-differential source features for the coefficient-gradient law,"This is a capacity audit: the target Jacobian defines the oracle correction being projected, but the result is not an implemented target-free law. It distinguishes feature-space capacity from an actual formula for choosing coefficients."
cylindrical_sharp,0.02,case_local_direction_capacity_value_scalar_nonfinal,paper_tfe_lower_pair_velocity_compression_direction_capacity_gap_not_full_tfe,,case_local_direction_capacity_nonfinal_stage_scalar_value_fit,case_local_direction_capacity_oracle_fit,closure_plus_all_active_velocity_rows,closure_and_all_active_nonfinal_velocity,"0,1",1,24,8,16,24,16,24,16,3.3776171241464552e+00,False,8,132,23,31,8,1.7116239786739456e+11,2.6043562229773637e-01,2.5970145206752637e-01,7.1061801926697375e-04,2.5970047983785555e-01,9.9999625635643130e-01,9.9999994601399489e-01,2.5970047983785555e-01,9.9717725842035387e-01,9.9993570959666334e-01,9.9139525160949371e-01,3.1541822023455162e-18,True,True,True,False,True,True,False,False,False,False,False,The tested source-derived feature space does not have enough linear capacity to reproduce the local oracle correction.,derive non-final nonlinear or second-differential source features for the coefficient-gradient law,"This is a capacity audit: the target Jacobian defines the oracle correction being projected, but the result is not an implemented target-free law. It distinguishes feature-space capacity from an actual formula for choosing coefficients."
cylindrical_sharp,0.02,case_local_direction_capacity_value_scalar_nonfinal,paper_tfe_lower_pair_velocity_compression_direction_capacity_gap_not_full_tfe,,case_local_direction_capacity_nonfinal_stage_scalar_value_fit,case_local_direction_capacity_oracle_fit,source_plus_all_active_velocity_rows,source_consistency_and_active_nonfinal_velocity,"0,1",1,24,8,16,24,16,32,32,4.7395996455999018e+01,False,8,132,23,31,8,1.7116239899822833e+11,2.6043562229773637e-01,2.5970145206752637e-01,7.1061801926697288e-04,2.5970047983785555e-01,9.9999625635643130e-01,9.9999994601399489e-01,2.5970047983785555e-01,9.9717725842035387e-01,9.9993570959666334e-01,9.9139525160949382e-01,3.1541822023455162e-18,True,True,True,False,True,True,False,False,False,False,False,The tested source-derived feature space does not have enough linear capacity to reproduce the local oracle correction.,derive non-final nonlinear or second-differential source features for the coefficient-gradient law,"This is a capacity audit: the target Jacobian defines the oracle correction being projected, but the result is not an implemented target-free law. It distinguishes feature-space capacity from an actual formula for choosing coefficients."
cylindrical_sharp,0.02,case_local_direction_capacity_value_scalar_nonfinal,paper_tfe_lower_pair_velocity_compression_direction_capacity_spans_not_full_tfe,,case_local_direction_capacity_nonfinal_stage_scalar_value_fit,case_local_direction_capacity_oracle_fit,all_stage_velocity_rows,all_stage_velocity_upper_bound,"0,1",1,24,8,16,24,16,24,24,3.3788137899507436e+00,True,8,132,24,24,0,4.7311145524352376e+01,2.6043562229773637e-01,2.5970145206752637e-01,2.5970145206752615e-01,3.9647510798300714e-16,1.5266572628939999e-15,2.2492097780221105e-15,7.5092942982576908e-16,2.8833591319058810e-15,5.7302258318691247e-15,1.3067770655432329e-15,3.1541822023455162e-18,True,True,True,False,True,True,False,False,False,False,True,"The feature-space capacity fit can reproduce the local oracle correction, but it uses the target Jacobian for coefficient fitting and is not a target-free formula or h-sweep.",derive non-final nonlinear or second-differential source features for the coefficient-gradient law,"This is a capacity audit: the target Jacobian defines the oracle correction being projected, but the result is not an implemented target-free law. It distinguishes feature-space capacity from an actual formula for choosing coefficients."
cylindrical_sharp,0.02,case_local_direction_capacity_value_scalar_nonfinal,paper_tfe_lower_pair_velocity_compression_direction_capacity_spans_not_full_tfe,,case_local_direction_capacity_nonfinal_stage_scalar_value_fit,case_local_direction_capacity_oracle_fit,source_plus_all_stage_velocity_rows,source_consistency_and_all_stage_velocity_upper_bound,"0,1",1,24,8,16,24,16,40,40,4.7412778006780918e+01,True,8,132,24,24,0,4.7311145524352327e+01,2.6043562229773637e-01,2.5970145206752637e-01,2.5970145206752632e-01,6.2163886517597306e-16,2.3936672676529256e-15,3.8214837398936561e-15,9.4919856703618862e-16,3.6446572041939854e-15,5.9578389377025388e-15,1.3073272427809096e-15,3.1541822023455162e-18,True,True,True,False,True,True,False,False,False,False,True,"The feature-space capacity fit can reproduce the local oracle correction, but it uses the target Jacobian for coefficient fitting and is not a target-free formula or h-sweep.",derive non-final nonlinear or second-differential source features for the coefficient-gradient law,"This is a capacity audit: the target Jacobian defines the oracle correction being projected, but the result is not an implemented target-free law. It distinguishes feature-space capacity from an actual formula for choosing coefficients."
cylindrical_sharp,0.02,universal_direction_capacity_value_scalar_nonfinal,paper_tfe_lower_pair_velocity_compression_direction_capacity_gap_not_full_tfe,,universal_direction_capacity_nonfinal_stage_scalar_value_fit,all_case_h_direction_capacity_oracle_fit,row_matched_active_velocity_rows,row_matched_active_nonfinal_velocity,"0,1",6,24,8,16,24,16,16,16,3.3776171241465627e+00,False,8,132,24,32,8,9.5794380090634909e+05,2.6043562229773637e-01,2.5970145217160140e-01,6.7677791650075131e-04,2.5970057033377941e-01,9.9999660441705418e-01,9.9999999931370798e-01,2.5970047996207768e-01,9.9717725889733222e-01,9.9993570959742806e-01,9.9139525438462206e-01,3.3521064770341994e-18,True,True,True,False,True,True,False,False,False,False,False,The tested source-derived feature space does not have enough linear capacity to reproduce the local oracle correction.,derive non-final nonlinear or second-differential source features for the coefficient-gradient law,"This is a capacity audit: the target Jacobian defines the oracle correction being projected, but the result is not an implemented target-free law. It distinguishes feature-space capacity from an actual formula for choosing coefficients."
cylindrical_sharp,0.02,universal_direction_capacity_value_scalar_nonfinal,paper_tfe_lower_pair_velocity_compression_direction_capacity_gap_not_full_tfe,,universal_direction_capacity_nonfinal_stage_scalar_value_fit,all_case_h_direction_capacity_oracle_fit,all_active_velocity_rows,all_active_nonfinal_velocity,"0,1",6,24,8,16,24,16,16,16,3.3776171241465627e+00,False,8,132,23,31,8,1.7116239967716510e+11,2.6043562229773637e-01,2.5970145217160140e-01,7.1065605334654717e-04,2.5970047983785555e-01,9.9999625595568398e-01,9.9999994600497710e-01,2.5970047983785555e-01,9.9717725842035387e-01,9.9993570959666334e-01,9.9139525160949371e-01,3.3521064770341994e-18,True,True,True,False,True,True,False,False,False,False,False,The tested source-derived feature space does not have enough linear capacity to reproduce the local oracle correction.,derive non-final nonlinear or second-differential source features for the coefficient-gradient law,"This is a capacity audit: the target Jacobian defines the oracle correction being projected, but the result is not an implemented target-free law. It distinguishes feature-space capacity from an actual formula for choosing coefficients."
cylindrical_sharp,0.02,universal_direction_capacity_value_scalar_nonfinal,paper_tfe_lower_pair_velocity_compression_direction_capacity_gap_not_full_tfe,,universal_direction_capacity_nonfinal_stage_scalar_value_fit,all_case_h_direction_capacity_oracle_fit,closure_plus_all_active_velocity_rows,closure_and_all_active_nonfinal_velocity,"0,1",6,24,8,16,24,16,24,16,3.3776171241465613e+00,False,8,132,23,31,8,1.7116239921701498e+11,2.6043562229773637e-01,2.5970145217160140e-01,7.1065605334654771e-04,2.5970047983785555e-01,9.9999625595568398e-01,9.9999994600497710e-01,2.5970047983785555e-01,9.9717725842035387e-01,9.9993570959666334e-01,9.9139525160949371e-01,3.3521064770341994e-18,True,True,True,False,True,True,False,False,False,False,False,The tested source-derived feature space does not have enough linear capacity to reproduce the local oracle correction.,derive non-final nonlinear or second-differential source features for the coefficient-gradient law,"This is a capacity audit: the target Jacobian defines the oracle correction being projected, but the result is not an implemented target-free law. It distinguishes feature-space capacity from an actual formula for choosing coefficients."
cylindrical_sharp,0.02,universal_direction_capacity_value_scalar_nonfinal,paper_tfe_lower_pair_velocity_compression_direction_capacity_gap_not_full_tfe,,universal_direction_capacity_nonfinal_stage_scalar_value_fit,all_case_h_direction_capacity_oracle_fit,source_plus_all_active_velocity_rows,source_consistency_and_active_nonfinal_velocity,"0,1",6,24,8,16,24,16,32,32,4.7395996455999018e+01,False,8,132,23,31,8,1.7116239745666559e+11,2.6043562229773637e-01,2.5970145217160140e-01,7.1065605334654620e-04,2.5970047983785555e-01,9.9999625595568398e-01,9.9999994600497710e-01,2.5970047983785555e-01,9.9717725842035387e-01,9.9993570959666334e-01,9.9139525160949371e-01,3.3521064770341994e-18,True,True,True,False,True,True,False,False,False,False,False,The tested source-derived feature space does not have enough linear capacity to reproduce the local oracle correction.,derive non-final nonlinear or second-differential source features for the coefficient-gradient law,"This is a capacity audit: the target Jacobian defines the oracle correction being projected, but the result is not an implemented target-free law. It distinguishes feature-space capacity from an actual formula for choosing coefficients."
cylindrical_sharp,0.02,universal_direction_capacity_value_scalar_nonfinal,paper_tfe_lower_pair_velocity_compression_direction_capacity_spans_not_full_tfe,,universal_direction_capacity_nonfinal_stage_scalar_value_fit,all_case_h_direction_capacity_oracle_fit,all_stage_velocity_rows,all_stage_velocity_upper_bound,"0,1",6,24,8,16,24,16,24,24,3.3788137899507436e+00,True,8,132,24,24,0,4.7311145524352369e+01,2.6043562229773637e-01,2.5970145217160140e-01,2.5970145217160118e-01,3.9328866264151550e-16,1.5143876145199391e-15,2.4059457272775069e-15,2.8267690241749861e-16,1.0854002994042631e-15,1.5844077654864513e-15,8.0979043472750665e-16,3.3521064770341994e-18,True,True,True,False,True,True,False,False,False,False,True,"The feature-space capacity fit can reproduce the local oracle correction, but it uses the target Jacobian for coefficient fitting and is not a target-free formula or h-sweep.",derive non-final nonlinear or second-differential source features for the coefficient-gradient law,"This is a capacity audit: the target Jacobian defines the oracle correction being projected, but the result is not an implemented target-free law. It distinguishes feature-space capacity from an actual formula for choosing coefficients."
cylindrical_sharp,0.02,universal_direction_capacity_value_scalar_nonfinal,paper_tfe_lower_pair_velocity_compression_direction_capacity_spans_not_full_tfe,,universal_direction_capacity_nonfinal_stage_scalar_value_fit,all_case_h_direction_capacity_oracle_fit,source_plus_all_stage_velocity_rows,source_consistency_and_all_stage_velocity_upper_bound,"0,1",6,24,8,16,24,16,40,40,4.7412778006780918e+01,True,8,132,24,24,0,4.7311145524352348e+01,2.6043562229773637e-01,2.5970145217160140e-01,2.5970145217160134e-01,6.3362083463281934e-16,2.4398047424630705e-15,3.8414864154601772e-15,6.3117306264290127e-16,2.4235281528474196e-15,4.1317547632891035e-15,1.1449559959390055e-15,3.3521064770341994e-18,True,True,True,False,True,True,False,False,False,False,True,"The feature-space capacity fit can reproduce the local oracle correction, but it uses the target Jacobian for coefficient fitting and is not a target-free formula or h-sweep.",derive non-final nonlinear or second-differential source features for the coefficient-gradient law,"This is a capacity audit: the target Jacobian defines the oracle correction being projected, but the result is not an implemented target-free law. It distinguishes feature-space capacity from an actual formula for choosing coefficients."
cylindrical_sharp,0.02,case_local_direction_capacity_value_component_nonfinal,paper_tfe_lower_pair_velocity_compression_direction_capacity_gap_not_full_tfe,,case_local_direction_capacity_nonfinal_component_diagonal_value_fit,case_local_direction_capacity_oracle_fit,row_matched_active_velocity_rows,row_matched_active_nonfinal_velocity,"0,1",1,24,8,16,24,16,16,16,3.3776171241465627e+00,False,8,132,24,32,8,9.5794380092731293e+05,2.6043562229773637e-01,2.5992975651812394e-01,1.0912932322749995e-02,2.5970057033377941e-01,9.9911827646278528e-01,9.9999999931376915e-01,2.5970047996207768e-01,9.9717725889733222e-01,9.9993570959742806e-01,9.9139525438462206e-01,5.7878120260073902e-34,True,True,True,False,True,True,False,False,False,False,False,The tested source-derived feature space does not have enough linear capacity to reproduce the local oracle correction.,derive non-final nonlinear or second-differential source features for the coefficient-gradient law,"This is a capacity audit: the target Jacobian defines the oracle correction being projected, but the result is not an implemented target-free law. It distinguishes feature-space capacity from an actual formula for choosing coefficients."
cylindrical_sharp,0.02,case_local_direction_capacity_value_component_nonfinal,paper_tfe_lower_pair_velocity_compression_direction_capacity_gap_not_full_tfe,,case_local_direction_capacity_nonfinal_component_diagonal_value_fit,case_local_direction_capacity_oracle_fit,all_active_velocity_rows,all_active_nonfinal_velocity,"0,1",1,24,8,16,24,16,16,16,3.3776171241465627e+00,False,8,132,23,31,8,1.7116241003512491e+11,2.6043562229773637e-01,2.5992975651812394e-01,1.0915085687195339e-02,2.5970047983785555e-01,9.9911792830747947e-01,9.9999994600503828e-01,2.5970047983785555e-01,9.9717725842035387e-01,9.9993570959666334e-01,9.9139525160949382e-01,5.7878120260073902e-34,True,True,True,False,True,True,False,False,False,False,False,The tested source-derived feature space does not have enough linear capacity to reproduce the local oracle correction.,derive non-final nonlinear or second-differential source features for the coefficient-gradient law,"This is a capacity audit: the target Jacobian defines the oracle correction being projected, but the result is not an implemented target-free law. It distinguishes feature-space capacity from an actual formula for choosing coefficients."
cylindrical_sharp,0.02,case_local_direction_capacity_value_component_nonfinal,paper_tfe_lower_pair_velocity_compression_direction_capacity_gap_not_full_tfe,,case_local_direction_capacity_nonfinal_component_diagonal_value_fit,case_local_direction_capacity_oracle_fit,closure_plus_all_active_velocity_rows,closure_and_all_active_nonfinal_velocity,"0,1",1,24,8,16,24,16,24,16,3.3690179356755547e+00,False,8,132,23,31,8,1.7116241241868076e+11,2.6043562229773637e-01,2.5992975651812394e-01,1.0915085687195333e-02,2.5970047983785555e-01,9.9911792830747947e-01,9.9999994600503828e-01,2.5970047983785555e-01,9.9717725842035387e-01,9.9993570959666334e-01,9.9139525160949371e-01,5.7878120260073902e-34,True,True,True,False,True,True,False,False,False,False,False,The tested source-derived feature space does not have enough linear capacity to reproduce the local oracle correction.,derive non-final nonlinear or second-differential source features for the coefficient-gradient law,"This is a capacity audit: the target Jacobian defines the oracle correction being projected, but the result is not an implemented target-free law. It distinguishes feature-space capacity from an actual formula for choosing coefficients."
cylindrical_sharp,0.02,case_local_direction_capacity_value_component_nonfinal,paper_tfe_lower_pair_velocity_compression_direction_capacity_gap_not_full_tfe,,case_local_direction_capacity_nonfinal_component_diagonal_value_fit,case_local_direction_capacity_oracle_fit,source_plus_all_active_velocity_rows,source_consistency_and_active_nonfinal_velocity,"0,1",1,24,8,16,24,16,32,32,4.7395996455999018e+01,False,8,132,23,31,8,1.7116240550488266e+11,2.6043562229773637e-01,2.5992975651812394e-01,1.0915085687195328e-02,2.5970047983785555e-01,9.9911792830747947e-01,9.9999994600503828e-01,2.5970047983785555e-01,9.9717725842035387e-01,9.9993570959666334e-01,9.9139525160949382e-01,5.7878120260073902e-34,True,True,True,False,True,True,False,False,False,False,False,The tested source-derived feature space does not have enough linear capacity to reproduce the local oracle correction.,derive non-final nonlinear or second-differential source features for the coefficient-gradient law,"This is a capacity audit: the target Jacobian defines the oracle correction being projected, but the result is not an implemented target-free law. It distinguishes feature-space capacity from an actual formula for choosing coefficients."
cylindrical_sharp,0.02,case_local_direction_capacity_value_component_nonfinal,paper_tfe_lower_pair_velocity_compression_direction_capacity_spans_not_full_tfe,,case_local_direction_capacity_nonfinal_component_diagonal_value_fit,case_local_direction_capacity_oracle_fit,all_stage_velocity_rows,all_stage_velocity_upper_bound,"0,1",1,24,8,16,24,16,24,24,3.3788137899507436e+00,True,8,132,24,24,0,4.7311360427293202e+01,2.6043562229773637e-01,2.5992975651812394e-01,2.5992975651812383e-01,3.4058976262429669e-16,1.3103146295624241e-15,1.4873262553126604e-15,1.2014629336351683e-15,4.6132818661098006e-15,9.5349787121904044e-15,1.2479987709612617e-15,5.7878120260073902e-34,True,True,True,False,True,True,False,False,False,False,True,"The feature-space capacity fit can reproduce the local oracle correction, but it uses the target Jacobian for coefficient fitting and is not a target-free formula or h-sweep.",derive non-final nonlinear or second-differential source features for the coefficient-gradient law,"This is a capacity audit: the target Jacobian defines the oracle correction being projected, but the result is not an implemented target-free law. It distinguishes feature-space capacity from an actual formula for choosing coefficients."
cylindrical_sharp,0.02,case_local_direction_capacity_value_component_nonfinal,paper_tfe_lower_pair_velocity_compression_direction_capacity_spans_not_full_tfe,,case_local_direction_capacity_nonfinal_component_diagonal_value_fit,case_local_direction_capacity_oracle_fit,source_plus_all_stage_velocity_rows,source_consistency_and_all_stage_velocity_upper_bound,"0,1",1,24,8,16,24,16,40,40,4.7412778006780918e+01,True,8,132,24,24,0,4.7311360427293145e+01,2.6043562229773637e-01,2.5992975651812394e-01,2.5992975651812400e-01,6.3209033853554621e-16,2.4317736722516143e-15,3.8038119553841747e-15,1.3155041500916134e-15,5.0511682637166163e-15,9.8068669140140735e-15,1.4742052431162002e-15,5.7878120260073902e-34,True,True,True,False,True,True,False,False,False,False,True,"The feature-space capacity fit can reproduce the local oracle correction, but it uses the target Jacobian for coefficient fitting and is not a target-free formula or h-sweep.",derive non-final nonlinear or second-differential source features for the coefficient-gradient law,"This is a capacity audit: the target Jacobian defines the oracle correction being projected, but the result is not an implemented target-free law. It distinguishes feature-space capacity from an actual formula for choosing coefficients."
cylindrical_sharp,0.02,universal_direction_capacity_value_component_nonfinal,paper_tfe_lower_pair_velocity_compression_direction_capacity_gap_not_full_tfe,,universal_direction_capacity_nonfinal_component_diagonal_value_fit,all_case_h_direction_capacity_oracle_fit,row_matched_active_velocity_rows,row_matched_active_nonfinal_velocity,"0,1",6,24,8,16,24,16,16,16,3.3776171241465627e+00,False,8,132,24,32,8,9.5794380092206004e+05,2.6043562229773637e-01,2.6001651966512862e-01,1.2814221282462197e-02,2.5970057033377941e-01,9.9878488746885730e-01,9.9999999931370054e-01,2.5970047996207768e-01,9.9717725889733222e-01,9.9993570959742806e-01,9.9139525438462206e-01,3.3868279671505633e-18,True,True,True,False,True,True,False,False,False,False,False,The tested source-derived feature space does not have enough linear capacity to reproduce the local oracle correction.,derive non-final nonlinear or second-differential source features for the coefficient-gradient law,"This is a capacity audit: the target Jacobian defines the oracle correction being projected, but the result is not an implemented target-free law. It distinguishes feature-space capacity from an actual formula for choosing coefficients."
cylindrical_sharp,0.02,universal_direction_capacity_value_component_nonfinal,paper_tfe_lower_pair_velocity_compression_direction_capacity_gap_not_full_tfe,,universal_direction_capacity_nonfinal_component_diagonal_value_fit,all_case_h_direction_capacity_oracle_fit,all_active_velocity_rows,all_active_nonfinal_velocity,"0,1",6,24,8,16,24,16,16,16,3.3776171241465627e+00,False,8,132,23,31,8,1.7116241154264307e+11,2.6043562229773637e-01,2.6001651966512862e-01,1.2816055194708005e-02,2.5970047983785555e-01,9.9878453942972512e-01,9.9999994600496966e-01,2.5970047983785555e-01,9.9717725842035387e-01,9.9993570959666334e-01,9.9139525160949371e-01,3.3868279671505633e-18,True,True,True,False,True,True,False,False,False,False,False,The tested source-derived feature space does not have enough linear capacity to reproduce the local oracle correction.,derive non-final nonlinear or second-differential source features for the coefficient-gradient law,"This is a capacity audit: the target Jacobian defines the oracle correction being projected, but the result is not an implemented target-free law. It distinguishes feature-space capacity from an actual formula for choosing coefficients."
cylindrical_sharp,0.02,universal_direction_capacity_value_component_nonfinal,paper_tfe_lower_pair_velocity_compression_direction_capacity_gap_not_full_tfe,,universal_direction_capacity_nonfinal_component_diagonal_value_fit,all_case_h_direction_capacity_oracle_fit,closure_plus_all_active_velocity_rows,closure_and_all_active_nonfinal_velocity,"0,1",6,24,8,16,24,16,24,16,3.3661310772748796e+00,False,8,132,23,31,8,1.7116241243390240e+11,2.6043562229773637e-01,2.6001651966512862e-01,1.2816055194707998e-02,2.5970047983785555e-01,9.9878453942972512e-01,9.9999994600496966e-01,2.5970047983785555e-01,9.9717725842035387e-01,9.9993570959666334e-01,9.9139525160949371e-01,3.3868279671505633e-18,True,True,True,False,True,True,False,False,False,False,False,The tested source-derived feature space does not have enough linear capacity to reproduce the local oracle correction.,derive non-final nonlinear or second-differential source features for the coefficient-gradient law,"This is a capacity audit: the target Jacobian defines the oracle correction being projected, but the result is not an implemented target-free law. It distinguishes feature-space capacity from an actual formula for choosing coefficients."
cylindrical_sharp,0.02,universal_direction_capacity_value_component_nonfinal,paper_tfe_lower_pair_velocity_compression_direction_capacity_gap_not_full_tfe,,universal_direction_capacity_nonfinal_component_diagonal_value_fit,all_case_h_direction_capacity_oracle_fit,source_plus_all_active_velocity_rows,source_consistency_and_active_nonfinal_velocity,"0,1",6,24,8,16,24,16,32,32,4.7395996455999018e+01,False,8,132,23,31,8,1.7116241926164026e+11,2.6043562229773637e-01,2.6001651966512862e-01,1.2816055194707996e-02,2.5970047983785555e-01,9.9878453942972512e-01,9.9999994600496966e-01,2.5970047983785555e-01,9.9717725842035387e-01,9.9993570959666334e-01,9.9139525160949371e-01,3.3868279671505633e-18,True,True,True,False,True,True,False,False,False,False,False,The tested source-derived feature space does not have enough linear capacity to reproduce the local oracle correction.,derive non-final nonlinear or second-differential source features for the coefficient-gradient law,"This is a capacity audit: the target Jacobian defines the oracle correction being projected, but the result is not an implemented target-free law. It distinguishes feature-space capacity from an actual formula for choosing coefficients."
cylindrical_sharp,0.02,universal_direction_capacity_value_component_nonfinal,paper_tfe_lower_pair_velocity_compression_direction_capacity_spans_not_full_tfe,,universal_direction_capacity_nonfinal_component_diagonal_value_fit,all_case_h_direction_capacity_oracle_fit,all_stage_velocity_rows,all_stage_velocity_upper_bound,"0,1",6,24,8,16,24,16,24,24,3.3788137899507436e+00,True,8,132,24,24,0,4.7311497481484807e+01,2.6043562229773637e-01,2.6001651966512862e-01,2.6001651966512840e-01,3.4477621490304800e-16,1.3259781161100076e-15,1.5909697068213232e-15,4.0136949390546998e-16,1.5411466771109161e-15,2.6869479616886770e-15,8.3740178333789584e-16,3.3868279671505633e-18,True,True,True,False,True,True,False,False,False,False,True,"The feature-space capacity fit can reproduce the local oracle correction, but it uses the target Jacobian for coefficient fitting and is not a target-free formula or h-sweep.",derive non-final nonlinear or second-differential source features for the coefficient-gradient law,"This is a capacity audit: the target Jacobian defines the oracle correction being projected, but the result is not an implemented target-free law. It distinguishes feature-space capacity from an actual formula for choosing coefficients."
cylindrical_sharp,0.02,universal_direction_capacity_value_component_nonfinal,paper_tfe_lower_pair_velocity_compression_direction_capacity_spans_not_full_tfe,,universal_direction_capacity_nonfinal_component_diagonal_value_fit,all_case_h_direction_capacity_oracle_fit,source_plus_all_stage_velocity_rows,source_consistency_and_all_stage_velocity_upper_bound,"0,1",6,24,8,16,24,16,40,40,4.7412778006780918e+01,True,8,132,24,24,0,4.7311497481484800e+01,2.6043562229773637e-01,2.6001651966512862e-01,2.6001651966512856e-01,6.4277489483212478e-16,2.4720540666413999e-15,3.8231656061103053e-15,6.4713808947154933e-16,2.4848293937751928e-15,4.0271635625490390e-15,7.6082711639081769e-16,3.3868279671505633e-18,True,True,True,False,True,True,False,False,False,False,True,"The feature-space capacity fit can reproduce the local oracle correction, but it uses the target Jacobian for coefficient fitting and is not a target-free formula or h-sweep.",derive non-final nonlinear or second-differential source features for the coefficient-gradient law,"This is a capacity audit: the target Jacobian defines the oracle correction being projected, but the result is not an implemented target-free law. It distinguishes feature-space capacity from an actual formula for choosing coefficients."
cylindrical_sharp,0.02,case_local_direction_capacity_value_full_nonfinal,paper_tfe_lower_pair_velocity_compression_direction_capacity_gap_not_full_tfe,,case_local_direction_capacity_nonfinal_full_component_value_fit,case_local_direction_capacity_oracle_fit,row_matched_active_velocity_rows,row_matched_active_nonfinal_velocity,"0,1",1,24,8,16,24,16,16,16,3.3776171241465627e+00,False,8,132,24,32,8,9.5794957591821451e+05,2.6043562229773637e-01,2.5970145217120505e-01,6.7677778310992569e-04,2.5970057033373067e-01,9.9999660441839278e-01,9.9999999931371708e-01,2.5970047996208029e-01,9.9717725889734221e-01,9.9993570959742861e-01,9.9139525438465625e-01,4.9278503444992840e-34,True,True,True,False,True,True,False,False,False,False,False,The tested source-derived feature space does not have enough linear capacity to reproduce the local oracle correction.,derive non-final nonlinear or second-differential source features for the coefficient-gradient law,"This is a capacity audit: the target Jacobian defines the oracle correction being projected, but the result is not an implemented target-free law. It distinguishes feature-space capacity from an actual formula for choosing coefficients."
cylindrical_sharp,0.02,case_local_direction_capacity_value_full_nonfinal,paper_tfe_lower_pair_velocity_compression_direction_capacity_gap_not_full_tfe,,case_local_direction_capacity_nonfinal_full_component_value_fit,case_local_direction_capacity_oracle_fit,all_active_velocity_rows,all_active_nonfinal_velocity,"0,1",1,24,8,16,24,16,16,16,3.3776171241465627e+00,False,8,132,23,31,8,1.7116239920554749e+11,2.6043562229773637e-01,2.5970145217120505e-01,7.1065590851431513e-04,2.5970047983785555e-01,9.9999625595721020e-01,9.9999994600503084e-01,2.5970047983785555e-01,9.9717725842035387e-01,9.9993570959666334e-01,9.9139525160949371e-01,4.9278503444992840e-34,True,True,True,False,True,True,False,False,False,False,False,The tested source-derived feature space does not have enough linear capacity to reproduce the local oracle correction.,derive non-final nonlinear or second-differential source features for the coefficient-gradient law,"This is a capacity audit: the target Jacobian defines the oracle correction being projected, but the result is not an implemented target-free law. It distinguishes feature-space capacity from an actual formula for choosing coefficients."
cylindrical_sharp,0.02,case_local_direction_capacity_value_full_nonfinal,paper_tfe_lower_pair_velocity_compression_direction_capacity_gap_not_full_tfe,,case_local_direction_capacity_nonfinal_full_component_value_fit,case_local_direction_capacity_oracle_fit,closure_plus_all_active_velocity_rows,closure_and_all_active_nonfinal_velocity,"0,1",1,24,8,16,24,16,24,16,3.3776171241465587e+00,False,8,132,23,31,8,1.7116239960686908e+11,2.6043562229773637e-01,2.5970145217120505e-01,7.1065590851431589e-04,2.5970047983785555e-01,9.9999625595721020e-01,9.9999994600503084e-01,2.5970047983785555e-01,9.9717725842035387e-01,9.9993570959666334e-01,9.9139525160949371e-01,4.9278503444992840e-34,True,True,True,False,True,True,False,False,False,False,False,The tested source-derived feature space does not have enough linear capacity to reproduce the local oracle correction.,derive non-final nonlinear or second-differential source features for the coefficient-gradient law,"This is a capacity audit: the target Jacobian defines the oracle correction being projected, but the result is not an implemented target-free law. It distinguishes feature-space capacity from an actual formula for choosing coefficients."
cylindrical_sharp,0.02,case_local_direction_capacity_value_full_nonfinal,paper_tfe_lower_pair_velocity_compression_direction_capacity_gap_not_full_tfe,,case_local_direction_capacity_nonfinal_full_component_value_fit,case_local_direction_capacity_oracle_fit,source_plus_all_active_velocity_rows,source_consistency_and_active_nonfinal_velocity,"0,1",1,24,8,16,24,16,32,32,4.7395996455999018e+01,False,8,132,23,31,8,1.7116239923645273e+11,2.6043562229773637e-01,2.5970145217120505e-01,7.1065590851431448e-04,2.5970047983785555e-01,9.9999625595721020e-01,9.9999994600503084e-01,2.5970047983785555e-01,9.9717725842035387e-01,9.9993570959666334e-01,9.9139525160949371e-01,4.9278503444992840e-34,True,True,True,False,True,True,False,False,False,False,False,The tested source-derived feature space does not have enough linear capacity to reproduce the local oracle correction.,derive non-final nonlinear or second-differential source features for the coefficient-gradient law,"This is a capacity audit: the target Jacobian defines the oracle correction being projected, but the result is not an implemented target-free law. It distinguishes feature-space capacity from an actual formula for choosing coefficients."
cylindrical_sharp,0.02,case_local_direction_capacity_value_full_nonfinal,paper_tfe_lower_pair_velocity_compression_direction_capacity_spans_not_full_tfe,,case_local_direction_capacity_nonfinal_full_component_value_fit,case_local_direction_capacity_oracle_fit,all_stage_velocity_rows,all_stage_velocity_upper_bound,"0,1",1,24,8,16,24,16,24,24,3.3788137899507436e+00,True,8,132,24,24,0,4.7311145524352398e+01,2.6043562229773637e-01,2.5970145217120505e-01,2.5970145217120488e-01,3.4209719895195119e-16,1.3172710282976305e-15,1.5944293251686374e-15,1.2600544020808147e-15,4.8382567291055513e-15,1.0176676037199150e-14,1.1685737152389419e-15,4.9278503444992840e-34,True,True,True,False,True,True,False,False,False,False,True,"The feature-space capacity fit can reproduce the local oracle correction, but it uses the target Jacobian for coefficient fitting and is not a target-free formula or h-sweep.",derive non-final nonlinear or second-differential source features for the coefficient-gradient law,"This is a capacity audit: the target Jacobian defines the oracle correction being projected, but the result is not an implemented target-free law. It distinguishes feature-space capacity from an actual formula for choosing coefficients."
cylindrical_sharp,0.02,case_local_direction_capacity_value_full_nonfinal,paper_tfe_lower_pair_velocity_compression_direction_capacity_spans_not_full_tfe,,case_local_direction_capacity_nonfinal_full_component_value_fit,case_local_direction_capacity_oracle_fit,source_plus_all_stage_velocity_rows,source_consistency_and_all_stage_velocity_upper_bound,"0,1",1,24,8,16,24,16,40,40,4.7412778006780918e+01,True,8,132,24,24,0,4.7311145524352348e+01,2.6043562229773637e-01,2.5970145217120505e-01,2.5970145217120499e-01,6.3788618919466531e-16,2.4562288114359350e-15,3.8086568437531916e-15,1.3299394450705569e-15,5.1065957618890463e-15,1.0070769619576278e-14,1.4119320857109290e-15,4.9278503444992840e-34,True,True,True,False,True,True,False,False,False,False,True,"The feature-space capacity fit can reproduce the local oracle correction, but it uses the target Jacobian for coefficient fitting and is not a target-free formula or h-sweep.",derive non-final nonlinear or second-differential source features for the coefficient-gradient law,"This is a capacity audit: the target Jacobian defines the oracle correction being projected, but the result is not an implemented target-free law. It distinguishes feature-space capacity from an actual formula for choosing coefficients."
cylindrical_sharp,0.02,universal_direction_capacity_value_full_nonfinal,paper_tfe_lower_pair_velocity_compression_direction_capacity_gap_not_full_tfe,,universal_direction_capacity_nonfinal_full_component_value_fit,all_case_h_direction_capacity_oracle_fit,row_matched_active_velocity_rows,row_matched_active_nonfinal_velocity,"0,1",6,24,8,16,24,16,16,16,3.3776171241465627e+00,False,8,132,24,32,8,5.6059964757763792e+05,2.6043562229773637e-01,2.5970145446109977e-01,6.7711667453333583e-04,2.5970057174026351e-01,9.9999660101697119e-01,9.9999999831495268e-01,2.5970048099226972e-01,9.9717726285298169e-01,9.9993570983635904e-01,9.9139527237079472e-01,5.4817986714822987e-30,True,True,True,False,True,True,False,False,False,False,False,The tested source-derived feature space does not have enough linear capacity to reproduce the local oracle correction.,derive non-final nonlinear or second-differential source features for the coefficient-gradient law,"This is a capacity audit: the target Jacobian defines the oracle correction being projected, but the result is not an implemented target-free law. It distinguishes feature-space capacity from an actual formula for choosing coefficients."
cylindrical_sharp,0.02,universal_direction_capacity_value_full_nonfinal,paper_tfe_lower_pair_velocity_compression_direction_capacity_gap_not_full_tfe,,universal_direction_capacity_nonfinal_full_component_value_fit,all_case_h_direction_capacity_oracle_fit,all_active_velocity_rows,all_active_nonfinal_velocity,"0,1",6,24,8,16,24,16,16,16,3.3776171241465627e+00,False,8,132,23,31,8,1.7116239695266858e+11,2.6043562229773637e-01,2.5970145446109977e-01,7.1149223345816956e-04,2.5970047983785555e-01,9.9999624713983126e-01,9.9999994537359271e-01,2.5970047983785555e-01,9.9717725842035387e-01,9.9993570959666334e-01,9.9139525160949371e-01,5.4817986714822987e-30,True,True,True,False,True,True,False,False,False,False,False,The tested source-derived feature space does not have enough linear capacity to reproduce the local oracle correction.,derive non-final nonlinear or second-differential source features for the coefficient-gradient law,"This is a capacity audit: the target Jacobian defines the oracle correction being projected, but the result is not an implemented target-free law. It distinguishes feature-space capacity from an actual formula for choosing coefficients."
cylindrical_sharp,0.02,universal_direction_capacity_value_full_nonfinal,paper_tfe_lower_pair_velocity_compression_direction_capacity_gap_not_full_tfe,,universal_direction_capacity_nonfinal_full_component_value_fit,all_case_h_direction_capacity_oracle_fit,closure_plus_all_active_velocity_rows,closure_and_all_active_nonfinal_velocity,"0,1",6,24,8,16,24,16,24,16,3.3776171246573745e+00,False,8,132,23,31,8,1.7116239690629544e+11,2.6043562229773637e-01,2.5970145446109977e-01,7.1149223345817053e-04,2.5970047983785555e-01,9.9999624713983126e-01,9.9999994537359271e-01,2.5970047983785555e-01,9.9717725842035387e-01,9.9993570959666334e-01,9.9139525160949371e-01,5.4817986714822987e-30,True,True,True,False,True,True,False,False,False,False,False,The tested source-derived feature space does not have enough linear capacity to reproduce the local oracle correction.,derive non-final nonlinear or second-differential source features for the coefficient-gradient law,"This is a capacity audit: the target Jacobian defines the oracle correction being projected, but the result is not an implemented target-free law. It distinguishes feature-space capacity from an actual formula for choosing coefficients."
cylindrical_sharp,0.02,universal_direction_capacity_value_full_nonfinal,paper_tfe_lower_pair_velocity_compression_direction_capacity_gap_not_full_tfe,,universal_direction_capacity_nonfinal_full_component_value_fit,all_case_h_direction_capacity_oracle_fit,source_plus_all_active_velocity_rows,source_consistency_and_active_nonfinal_velocity,"0,1",6,24,8,16,24,16,32,32,4.7395996455999018e+01,False,8,132,23,31,8,1.7116239867062912e+11,2.6043562229773637e-01,2.5970145446109977e-01,7.1149223345816923e-04,2.5970047983785555e-01,9.9999624713983126e-01,9.9999994537359271e-01,2.5970047983785555e-01,9.9717725842035387e-01,9.9993570959666334e-01,9.9139525160949371e-01,5.4817986714822987e-30,True,True,True,False,True,True,False,False,False,False,False,The tested source-derived feature space does not have enough linear capacity to reproduce the local oracle correction.,derive non-final nonlinear or second-differential source features for the coefficient-gradient law,"This is a capacity audit: the target Jacobian defines the oracle correction being projected, but the result is not an implemented target-free law. It distinguishes feature-space capacity from an actual formula for choosing coefficients."
cylindrical_sharp,0.02,universal_direction_capacity_value_full_nonfinal,paper_tfe_lower_pair_velocity_compression_direction_capacity_spans_not_full_tfe,,universal_direction_capacity_nonfinal_full_component_value_fit,all_case_h_direction_capacity_oracle_fit,all_stage_velocity_rows,all_stage_velocity_upper_bound,"0,1",6,24,8,16,24,16,24,24,3.3788137899507436e+00,True,8,132,24,24,0,4.7311145524355261e+01,2.6043562229773637e-01,2.5970145446109977e-01,2.5970145446109960e-01,3.3037892989024672e-16,1.2721489395421680e-15,1.9094117645872815e-15,3.7776448658201453e-16,1.4505100463950547e-15,1.8831510964275985e-15,1.0464005315900205e-15,5.4817986714822987e-30,True,True,True,False,True,True,False,False,False,False,True,"The feature-space capacity fit can reproduce the local oracle correction, but it uses the target Jacobian for coefficient fitting and is not a target-free formula or h-sweep.",derive non-final nonlinear or second-differential source features for the coefficient-gradient law,"This is a capacity audit: the target Jacobian defines the oracle correction being projected, but the result is not an implemented target-free law. It distinguishes feature-space capacity from an actual formula for choosing coefficients."
cylindrical_sharp,0.02,universal_direction_capacity_value_full_nonfinal,paper_tfe_lower_pair_velocity_compression_direction_capacity_spans_not_full_tfe,,universal_direction_capacity_nonfinal_full_component_value_fit,all_case_h_direction_capacity_oracle_fit,source_plus_all_stage_velocity_rows,source_consistency_and_all_stage_velocity_upper_bound,"0,1",6,24,8,16,24,16,40,40,4.7412778006780918e+01,True,8,132,24,24,0,4.7311145524355226e+01,2.6043562229773637e-01,2.5970145446109977e-01,2.5970145446109971e-01,6.3858837435082564e-16,2.4589326065806795e-15,3.7954546933577231e-15,6.4897406603239995e-16,2.4918790306284480e-15,3.9603385892107796e-15,1.1821858956200117e-15,5.4817986714822987e-30,True,True,True,False,True,True,False,False,False,False,True,"The feature-space capacity fit can reproduce the local oracle correction, but it uses the target Jacobian for coefficient fitting and is not a target-free formula or h-sweep.",derive non-final nonlinear or second-differential source features for the coefficient-gradient law,"This is a capacity audit: the target Jacobian defines the oracle correction being projected, but the result is not an implemented target-free law. It distinguishes feature-space capacity from an actual formula for choosing coefficients."
cylindrical_sharp,0.01,case_local_direction_capacity_value_scalar_nonfinal,paper_tfe_lower_pair_velocity_compression_direction_capacity_gap_not_full_tfe,,case_local_direction_capacity_nonfinal_stage_scalar_value_fit,case_local_direction_capacity_oracle_fit,row_matched_active_velocity_rows,row_matched_active_nonfinal_velocity,"0,1",1,24,8,16,24,16,16,16,3.3771747158100625e+00,False,8,132,24,32,8,7.2911793277015155e+06,1.8390370753258983e-01,1.8388557844972300e-01,5.6644934206930213e-05,1.8388556972514367e-01,9.9999995255430352e-01,9.9999999871134526e-01,1.8388556869308242e-01,9.9990136773341454e-01,9.9999775363521892e-01,9.9969767919584807e-01,1.0044055051631692e-18,True,True,True,False,True,True,False,False,False,False,False,The tested source-derived feature space does not have enough linear capacity to reproduce the local oracle correction.,derive non-final nonlinear or second-differential source features for the coefficient-gradient law,"This is a capacity audit: the target Jacobian defines the oracle correction being projected, but the result is not an implemented target-free law. It distinguishes feature-space capacity from an actual formula for choosing coefficients."
cylindrical_sharp,0.01,case_local_direction_capacity_value_scalar_nonfinal,paper_tfe_lower_pair_velocity_compression_direction_capacity_gap_not_full_tfe,,case_local_direction_capacity_nonfinal_stage_scalar_value_fit,case_local_direction_capacity_oracle_fit,all_active_velocity_rows,all_active_nonfinal_velocity,"0,1",1,24,8,16,24,16,16,16,3.3771747158100620e+00,False,8,132,23,31,8,2.0083162966870281e+14,1.8390370753258983e-01,1.8388557844972300e-01,5.9905406130088398e-05,1.8388556869186756e-01,9.9999994693517824e-01,9.9999999644767479e-01,1.8388556869186756e-01,9.9990136772680860e-01,9.9999775363521459e-01,9.9969767915771479e-01,1.0044055051631692e-18,True,True,True,False,True,True,False,False,False,False,False,The tested source-derived feature space does not have enough linear capacity to reproduce the local oracle correction.,derive non-final nonlinear or second-differential source features for the coefficient-gradient law,"This is a capacity audit: the target Jacobian defines the oracle correction being projected, but the result is not an implemented target-free law. It distinguishes feature-space capacity from an actual formula for choosing coefficients."
cylindrical_sharp,0.01,case_local_direction_capacity_value_scalar_nonfinal,paper_tfe_lower_pair_velocity_compression_direction_capacity_gap_not_full_tfe,,case_local_direction_capacity_nonfinal_stage_scalar_value_fit,case_local_direction_capacity_oracle_fit,closure_plus_all_active_velocity_rows,closure_and_all_active_nonfinal_velocity,"0,1",1,24,8,16,24,16,24,16,3.3771747139476020e+00,False,8,132,23,31,8,2.0083160765066772e+14,1.8390370753258983e-01,1.8388557844972300e-01,5.9905406130088296e-05,1.8388556869186756e-01,9.9999994693517824e-01,9.9999999644767479e-01,1.8388556869186756e-01,9.9990136772680860e-01,9.9999775363521459e-01,9.9969767915771479e-01,1.0044055051631692e-18,True,True,True,False,True,True,False,False,False,False,False,The tested source-derived feature space does not have enough linear capacity to reproduce the local oracle correction.,derive non-final nonlinear or second-differential source features for the coefficient-gradient law,"This is a capacity audit: the target Jacobian defines the oracle correction being projected, but the result is not an implemented target-free law. It distinguishes feature-space capacity from an actual formula for choosing coefficients."
cylindrical_sharp,0.01,case_local_direction_capacity_value_scalar_nonfinal,paper_tfe_lower_pair_velocity_compression_direction_capacity_gap_not_full_tfe,,case_local_direction_capacity_nonfinal_stage_scalar_value_fit,case_local_direction_capacity_oracle_fit,source_plus_all_active_velocity_rows,source_consistency_and_active_nonfinal_velocity,"0,1",1,24,8,16,24,16,32,32,4.7386319718360902e+01,False,8,132,23,31,8,2.0083125416887134e+14,1.8390370753258983e-01,1.8388557844972300e-01,5.9905406130088262e-05,1.8388556869186756e-01,9.9999994693517824e-01,9.9999999644767479e-01,1.8388556869186756e-01,9.9990136772680860e-01,9.9999775363521459e-01,9.9969767915771479e-01,1.0044055051631692e-18,True,True,True,False,True,True,False,False,False,False,False,The tested source-derived feature space does not have enough linear capacity to reproduce the local oracle correction.,derive non-final nonlinear or second-differential source features for the coefficient-gradient law,"This is a capacity audit: the target Jacobian defines the oracle correction being projected, but the result is not an implemented target-free law. It distinguishes feature-space capacity from an actual formula for choosing coefficients."
cylindrical_sharp,0.01,case_local_direction_capacity_value_scalar_nonfinal,paper_tfe_lower_pair_velocity_compression_direction_capacity_spans_not_full_tfe,,case_local_direction_capacity_nonfinal_stage_scalar_value_fit,case_local_direction_capacity_oracle_fit,all_stage_velocity_rows,all_stage_velocity_upper_bound,"0,1",1,24,8,16,24,16,24,24,3.3786400703273558e+00,True,8,132,24,24,0,4.7393576503537723e+01,1.8390370753258983e-01,1.8388557844972300e-01,1.8388557844972298e-01,4.0361115804941870e-16,2.1949038171026113e-15,3.9033912094540959e-15,9.0708063578744591e-16,4.9323673130771490e-15,9.6123972170363871e-15,1.6183768144250516e-15,1.0044055051631692e-18,True,True,True,False,True,True,False,False,False,False,True,"The feature-space capacity fit can reproduce the local oracle correction, but it uses the target Jacobian for coefficient fitting and is not a target-free formula or h-sweep.",derive non-final nonlinear or second-differential source features for the coefficient-gradient law,"This is a capacity audit: the target Jacobian defines the oracle correction being projected, but the result is not an implemented target-free law. It distinguishes feature-space capacity from an actual formula for choosing coefficients."
cylindrical_sharp,0.01,case_local_direction_capacity_value_scalar_nonfinal,paper_tfe_lower_pair_velocity_compression_direction_capacity_spans_not_full_tfe,,case_local_direction_capacity_nonfinal_stage_scalar_value_fit,case_local_direction_capacity_oracle_fit,source_plus_all_stage_velocity_rows,source_consistency_and_all_stage_velocity_upper_bound,"0,1",1,24,8,16,24,16,40,40,4.7406880617040137e+01,True,8,132,24,24,0,4.7393576503537673e+01,1.8390370753258983e-01,1.8388557844972300e-01,1.8388557844972295e-01,5.7323816015701710e-16,3.1173633353403446e-15,5.8725238432917023e-15,9.9793024248565612e-16,5.4263737032534351e-15,9.6867852899990287e-15,1.8655744152438626e-15,1.0044055051631692e-18,True,True,True,False,True,True,False,False,False,False,True,"The feature-space capacity fit can reproduce the local oracle correction, but it uses the target Jacobian for coefficient fitting and is not a target-free formula or h-sweep.",derive non-final nonlinear or second-differential source features for the coefficient-gradient law,"This is a capacity audit: the target Jacobian defines the oracle correction being projected, but the result is not an implemented target-free law. It distinguishes feature-space capacity from an actual formula for choosing coefficients."
cylindrical_sharp,0.01,universal_direction_capacity_value_scalar_nonfinal,paper_tfe_lower_pair_velocity_compression_direction_capacity_gap_not_full_tfe,,universal_direction_capacity_nonfinal_stage_scalar_value_fit,all_case_h_direction_capacity_oracle_fit,row_matched_active_velocity_rows,row_matched_active_nonfinal_velocity,"0,1",6,24,8,16,24,16,16,16,3.3771747158100625e+00,False,8,132,24,32,8,7.2911793277015658e+06,1.8390370753258983e-01,1.8388558020327053e-01,6.2076990697998620e-05,1.8388556972514367e-01,9.9999994301822437e-01,9.9999999998814004e-01,1.8388556869308242e-01,9.9990136773341454e-01,9.9999775363521892e-01,9.9969767919584807e-01,1.1683695253089600e-18,True,True,True,False,True,True,False,False,False,False,False,The tested source-derived feature space does not have enough linear capacity to reproduce the local oracle correction.,derive non-final nonlinear or second-differential source features for the coefficient-gradient law,"This is a capacity audit: the target Jacobian defines the oracle correction being projected, but the result is not an implemented target-free law. It distinguishes feature-space capacity from an actual formula for choosing coefficients."
cylindrical_sharp,0.01,universal_direction_capacity_value_scalar_nonfinal,paper_tfe_lower_pair_velocity_compression_direction_capacity_gap_not_full_tfe,,universal_direction_capacity_nonfinal_stage_scalar_value_fit,all_case_h_direction_capacity_oracle_fit,all_active_velocity_rows,all_active_nonfinal_velocity,"0,1",6,24,8,16,24,16,16,16,3.3771747158100620e+00,False,8,132,23,31,8,2.0083171848745662e+14,1.8390370753258983e-01,1.8388558020327053e-01,6.5065827332193288e-05,1.8388556869186756e-01,9.9999993739909920e-01,9.9999999906297543e-01,1.8388556869186756e-01,9.9990136772680860e-01,9.9999775363521459e-01,9.9969767915771479e-01,1.1683695253089600e-18,True,True,True,False,True,True,False,False,False,False,False,The tested source-derived feature space does not have enough linear capacity to reproduce the local oracle correction.,derive non-final nonlinear or second-differential source features for the coefficient-gradient law,"This is a capacity audit: the target Jacobian defines the oracle correction being projected, but the result is not an implemented target-free law. It distinguishes feature-space capacity from an actual formula for choosing coefficients."
cylindrical_sharp,0.01,universal_direction_capacity_value_scalar_nonfinal,paper_tfe_lower_pair_velocity_compression_direction_capacity_gap_not_full_tfe,,universal_direction_capacity_nonfinal_stage_scalar_value_fit,all_case_h_direction_capacity_oracle_fit,closure_plus_all_active_velocity_rows,closure_and_all_active_nonfinal_velocity,"0,1",6,24,8,16,24,16,24,16,3.3771747158100647e+00,False,8,132,23,31,8,2.0083170029107972e+14,1.8390370753258983e-01,1.8388558020327053e-01,6.5065827332193220e-05,1.8388556869186756e-01,9.9999993739909920e-01,9.9999999906297543e-01,1.8388556869186756e-01,9.9990136772680860e-01,9.9999775363521459e-01,9.9969767915771479e-01,1.1683695253089600e-18,True,True,True,False,True,True,False,False,False,False,False,The tested source-derived feature space does not have enough linear capacity to reproduce the local oracle correction.,derive non-final nonlinear or second-differential source features for the coefficient-gradient law,"This is a capacity audit: the target Jacobian defines the oracle correction being projected, but the result is not an implemented target-free law. It distinguishes feature-space capacity from an actual formula for choosing coefficients."
cylindrical_sharp,0.01,universal_direction_capacity_value_scalar_nonfinal,paper_tfe_lower_pair_velocity_compression_direction_capacity_gap_not_full_tfe,,universal_direction_capacity_nonfinal_stage_scalar_value_fit,all_case_h_direction_capacity_oracle_fit,source_plus_all_active_velocity_rows,source_consistency_and_active_nonfinal_velocity,"0,1",6,24,8,16,24,16,32,32,4.7386319718360902e+01,False,8,132,23,31,8,2.0083212525040012e+14,1.8390370753258983e-01,1.8388558020327053e-01,6.5065827332193139e-05,1.8388556869186756e-01,9.9999993739909920e-01,9.9999999906297543e-01,1.8388556869186756e-01,9.9990136772680860e-01,9.9999775363521459e-01,9.9969767915771479e-01,1.1683695253089600e-18,True,True,True,False,True,True,False,False,False,False,False,The tested source-derived feature space does not have enough linear capacity to reproduce the local oracle correction.,derive non-final nonlinear or second-differential source features for the coefficient-gradient law,"This is a capacity audit: the target Jacobian defines the oracle correction being projected, but the result is not an implemented target-free law. It distinguishes feature-space capacity from an actual formula for choosing coefficients."
cylindrical_sharp,0.01,universal_direction_capacity_value_scalar_nonfinal,paper_tfe_lower_pair_velocity_compression_direction_capacity_spans_not_full_tfe,,universal_direction_capacity_nonfinal_stage_scalar_value_fit,all_case_h_direction_capacity_oracle_fit,all_stage_velocity_rows,all_stage_velocity_upper_bound,"0,1",6,24,8,16,24,16,24,24,3.3786400703273558e+00,True,8,132,24,24,0,4.7393576503526766e+01,1.8390370753258983e-01,1.8388558020327053e-01,1.8388558020327053e-01,3.9682816910565988e-16,2.1580167877600769e-15,3.6491936633428057e-15,3.7887853975584777e-16,2.0602006606566436e-15,3.6023699442409007e-15,7.5140797564147850e-16,1.1683695253089600e-18,True,True,True,False,True,True,False,False,False,False,True,"The feature-space capacity fit can reproduce the local oracle correction, but it uses the target Jacobian for coefficient fitting and is not a target-free formula or h-sweep.",derive non-final nonlinear or second-differential source features for the coefficient-gradient law,"This is a capacity audit: the target Jacobian defines the oracle correction being projected, but the result is not an implemented target-free law. It distinguishes feature-space capacity from an actual formula for choosing coefficients."
cylindrical_sharp,0.01,universal_direction_capacity_value_scalar_nonfinal,paper_tfe_lower_pair_velocity_compression_direction_capacity_spans_not_full_tfe,,universal_direction_capacity_nonfinal_stage_scalar_value_fit,all_case_h_direction_capacity_oracle_fit,source_plus_all_stage_velocity_rows,source_consistency_and_all_stage_velocity_upper_bound,"0,1",6,24,8,16,24,16,40,40,4.7406880617040137e+01,True,8,132,24,24,0,4.7393576503526766e+01,1.8390370753258983e-01,1.8388558020327053e-01,1.8388558020327045e-01,5.7743895342968427e-16,3.1402079096760742e-15,6.0173555355784390e-15,5.7893442870969593e-16,3.1480302190596245e-15,5.8972791369952308e-15,8.3191458616797415e-16,1.1683695253089600e-18,True,True,True,False,True,True,False,False,False,False,True,"The feature-space capacity fit can reproduce the local oracle correction, but it uses the target Jacobian for coefficient fitting and is not a target-free formula or h-sweep.",derive non-final nonlinear or second-differential source features for the coefficient-gradient law,"This is a capacity audit: the target Jacobian defines the oracle correction being projected, but the result is not an implemented target-free law. It distinguishes feature-space capacity from an actual formula for choosing coefficients."
cylindrical_sharp,0.01,case_local_direction_capacity_value_component_nonfinal,paper_tfe_lower_pair_velocity_compression_direction_capacity_gap_not_full_tfe,,case_local_direction_capacity_nonfinal_component_diagonal_value_fit,case_local_direction_capacity_oracle_fit,row_matched_active_velocity_rows,row_matched_active_nonfinal_velocity,"0,1",1,24,8,16,24,16,16,16,3.3771747158100625e+00,False,8,132,24,32,8,7.2911793277257169e+06,1.8390370753258983e-01,1.8393788717788728e-01,4.3867512266506830e-03,1.8388556972514367e-01,9.9971557000275302e-01,9.9999999998880362e-01,1.8388556869308242e-01,9.9990136773341454e-01,9.9999775363521892e-01,9.9969767919584807e-01,3.1716002775823931e-34,True,True,True,False,True,True,False,False,False,False,False,The tested source-derived feature space does not have enough linear capacity to reproduce the local oracle correction.,derive non-final nonlinear or second-differential source features for the coefficient-gradient law,"This is a capacity audit: the target Jacobian defines the oracle correction being projected, but the result is not an implemented target-free law. It distinguishes feature-space capacity from an actual formula for choosing coefficients."
cylindrical_sharp,0.01,case_local_direction_capacity_value_component_nonfinal,paper_tfe_lower_pair_velocity_compression_direction_capacity_gap_not_full_tfe,,case_local_direction_capacity_nonfinal_component_diagonal_value_fit,case_local_direction_capacity_oracle_fit,all_active_velocity_rows,all_active_nonfinal_velocity,"0,1",1,24,8,16,24,16,16,16,3.3771747158100620e+00,False,8,132,23,31,8,2.0083160058369869e+14,1.8390370753258983e-01,1.8393788717788728e-01,4.3867945397104736e-03,1.8388556869186756e-01,9.9971556438522580e-01,9.9999999906363901e-01,1.8388556869186756e-01,9.9990136772680860e-01,9.9999775363521459e-01,9.9969767915771457e-01,3.1716002775823931e-34,True,True,True,False,True,True,False,False,False,False,False,The tested source-derived feature space does not have enough linear capacity to reproduce the local oracle correction.,derive non-final nonlinear or second-differential source features for the coefficient-gradient law,"This is a capacity audit: the target Jacobian defines the oracle correction being projected, but the result is not an implemented target-free law. It distinguishes feature-space capacity from an actual formula for choosing coefficients."
cylindrical_sharp,0.01,case_local_direction_capacity_value_component_nonfinal,paper_tfe_lower_pair_velocity_compression_direction_capacity_gap_not_full_tfe,,case_local_direction_capacity_nonfinal_component_diagonal_value_fit,case_local_direction_capacity_oracle_fit,closure_plus_all_active_velocity_rows,closure_and_all_active_nonfinal_velocity,"0,1",1,24,8,16,24,16,24,16,3.3751816607633582e+00,False,8,132,23,31,8,2.0083313283371144e+14,1.8390370753258983e-01,1.8393788717788728e-01,4.3867945397104693e-03,1.8388556869186756e-01,9.9971556438522580e-01,9.9999999906363901e-01,1.8388556869186756e-01,9.9990136772680860e-01,9.9999775363521459e-01,9.9969767915771457e-01,3.1716002775823931e-34,True,True,True,False,True,True,False,False,False,False,False,The tested source-derived feature space does not have enough linear capacity to reproduce the local oracle correction.,derive non-final nonlinear or second-differential source features for the coefficient-gradient law,"This is a capacity audit: the target Jacobian defines the oracle correction being projected, but the result is not an implemented target-free law. It distinguishes feature-space capacity from an actual formula for choosing coefficients."
cylindrical_sharp,0.01,case_local_direction_capacity_value_component_nonfinal,paper_tfe_lower_pair_velocity_compression_direction_capacity_gap_not_full_tfe,,case_local_direction_capacity_nonfinal_component_diagonal_value_fit,case_local_direction_capacity_oracle_fit,source_plus_all_active_velocity_rows,source_consistency_and_active_nonfinal_velocity,"0,1",1,24,8,16,24,16,32,32,4.7386319718360902e+01,False,8,132,23,31,8,2.0083233206348650e+14,1.8390370753258983e-01,1.8393788717788728e-01,4.3867945397104693e-03,1.8388556869186756e-01,9.9971556438522580e-01,9.9999999906363901e-01,1.8388556869186756e-01,9.9990136772680860e-01,9.9999775363521459e-01,9.9969767915771457e-01,3.1716002775823931e-34,True,True,True,False,True,True,False,False,False,False,False,The tested source-derived feature space does not have enough linear capacity to reproduce the local oracle correction.,derive non-final nonlinear or second-differential source features for the coefficient-gradient law,"This is a capacity audit: the target Jacobian defines the oracle correction being projected, but the result is not an implemented target-free law. It distinguishes feature-space capacity from an actual formula for choosing coefficients."
cylindrical_sharp,0.01,case_local_direction_capacity_value_component_nonfinal,paper_tfe_lower_pair_velocity_compression_direction_capacity_spans_not_full_tfe,,case_local_direction_capacity_nonfinal_component_diagonal_value_fit,case_local_direction_capacity_oracle_fit,all_stage_velocity_rows,all_stage_velocity_upper_bound,"0,1",1,24,8,16,24,16,24,24,3.3786400703273558e+00,True,8,132,24,24,0,4.7393597798151355e+01,1.8390370753258983e-01,1.8393788717788728e-01,1.8393788717788734e-01,4.1798112330451411e-16,2.2724036342783604e-15,3.7727610347705645e-15,4.8121860845014087e-16,2.6166879118783586e-15,4.1087998239310146e-15,9.7208858187133095e-16,3.1716002775823931e-34,True,True,True,False,True,True,False,False,False,False,True,"The feature-space capacity fit can reproduce the local oracle correction, but it uses the target Jacobian for coefficient fitting and is not a target-free formula or h-sweep.",derive non-final nonlinear or second-differential source features for the coefficient-gradient law,"This is a capacity audit: the target Jacobian defines the oracle correction being projected, but the result is not an implemented target-free law. It distinguishes feature-space capacity from an actual formula for choosing coefficients."
cylindrical_sharp,0.01,case_local_direction_capacity_value_component_nonfinal,paper_tfe_lower_pair_velocity_compression_direction_capacity_spans_not_full_tfe,,case_local_direction_capacity_nonfinal_component_diagonal_value_fit,case_local_direction_capacity_oracle_fit,source_plus_all_stage_velocity_rows,source_consistency_and_all_stage_velocity_upper_bound,"0,1",1,24,8,16,24,16,40,40,4.7406880617040137e+01,True,8,132,24,24,0,4.7393597798151298e+01,1.8390370753258983e-01,1.8393788717788728e-01,1.8393788717788723e-01,5.6651720503378355e-16,3.0799375469932513e-15,5.8416797122667523e-15,5.9373896574084674e-16,3.2285317882219936e-15,5.8591536089836899e-15,9.4120512034292203e-16,3.1716002775823931e-34,True,True,True,False,True,True,False,False,False,False,True,"The feature-space capacity fit can reproduce the local oracle correction, but it uses the target Jacobian for coefficient fitting and is not a target-free formula or h-sweep.",derive non-final nonlinear or second-differential source features for the coefficient-gradient law,"This is a capacity audit: the target Jacobian defines the oracle correction being projected, but the result is not an implemented target-free law. It distinguishes feature-space capacity from an actual formula for choosing coefficients."
cylindrical_sharp,0.01,universal_direction_capacity_value_component_nonfinal,paper_tfe_lower_pair_velocity_compression_direction_capacity_gap_not_full_tfe,,universal_direction_capacity_nonfinal_component_diagonal_value_fit,all_case_h_direction_capacity_oracle_fit,row_matched_active_velocity_rows,row_matched_active_nonfinal_velocity,"0,1",6,24,8,16,24,16,16,16,3.3771747158100625e+00,False,8,132,24,32,8,7.2911793278609971e+06,1.8390370753258983e-01,1.8411563974505604e-01,9.2014154123479328e-03,1.8388556972514367e-01,9.9875040479868549e-01,9.9999999998814271e-01,1.8388556869308242e-01,9.9990136773341454e-01,9.9999775363521892e-01,9.9969767919584807e-01,1.1691914586183223e-18,True,True,True,False,True,True,False,False,False,False,False,The tested source-derived feature space does not have enough linear capacity to reproduce the local oracle correction.,derive non-final nonlinear or second-differential source features for the coefficient-gradient law,"This is a capacity audit: the target Jacobian defines the oracle correction being projected, but the result is not an implemented target-free law. It distinguishes feature-space capacity from an actual formula for choosing coefficients."
cylindrical_sharp,0.01,universal_direction_capacity_value_component_nonfinal,paper_tfe_lower_pair_velocity_compression_direction_capacity_gap_not_full_tfe,,universal_direction_capacity_nonfinal_component_diagonal_value_fit,all_case_h_direction_capacity_oracle_fit,all_active_velocity_rows,all_active_nonfinal_velocity,"0,1",6,24,8,16,24,16,16,16,3.3771747158100620e+00,False,8,132,23,31,8,2.0083559720374438e+14,1.8390370753258983e-01,1.8411563974505604e-01,9.2014360618170084e-03,1.8388556869186756e-01,9.9875039918658159e-01,9.9999999906297798e-01,1.8388556869186756e-01,9.9990136772680860e-01,9.9999775363521459e-01,9.9969767915771479e-01,1.1691914586183223e-18,True,True,True,False,True,True,False,False,False,False,False,The tested source-derived feature space does not have enough linear capacity to reproduce the local oracle correction.,derive non-final nonlinear or second-differential source features for the coefficient-gradient law,"This is a capacity audit: the target Jacobian defines the oracle correction being projected, but the result is not an implemented target-free law. It distinguishes feature-space capacity from an actual formula for choosing coefficients."
cylindrical_sharp,0.01,universal_direction_capacity_value_component_nonfinal,paper_tfe_lower_pair_velocity_compression_direction_capacity_gap_not_full_tfe,,universal_direction_capacity_nonfinal_component_diagonal_value_fit,all_case_h_direction_capacity_oracle_fit,closure_plus_all_active_velocity_rows,closure_and_all_active_nonfinal_velocity,"0,1",6,24,8,16,24,16,24,16,3.3656692428303736e+00,False,8,132,23,31,8,2.0082885374006278e+14,1.8390370753258983e-01,1.8411563974505604e-01,9.2014360618169980e-03,1.8388556869186756e-01,9.9875039918658159e-01,9.9999999906297798e-01,1.8388556869186756e-01,9.9990136772680860e-01,9.9999775363521459e-01,9.9969767915771479e-01,1.1691914586183223e-18,True,True,True,False,True,True,False,False,False,False,False,The tested source-derived feature space does not have enough linear capacity to reproduce the local oracle correction.,derive non-final nonlinear or second-differential source features for the coefficient-gradient law,"This is a capacity audit: the target Jacobian defines the oracle correction being projected, but the result is not an implemented target-free law. It distinguishes feature-space capacity from an actual formula for choosing coefficients."
cylindrical_sharp,0.01,universal_direction_capacity_value_component_nonfinal,paper_tfe_lower_pair_velocity_compression_direction_capacity_gap_not_full_tfe,,universal_direction_capacity_nonfinal_component_diagonal_value_fit,all_case_h_direction_capacity_oracle_fit,source_plus_all_active_velocity_rows,source_consistency_and_active_nonfinal_velocity,"0,1",6,24,8,16,24,16,32,32,4.7386319718360902e+01,False,8,132,23,31,8,2.0083505343958928e+14,1.8390370753258983e-01,1.8411563974505604e-01,9.2014360618170050e-03,1.8388556869186756e-01,9.9875039918658159e-01,9.9999999906297798e-01,1.8388556869186756e-01,9.9990136772680860e-01,9.9999775363521459e-01,9.9969767915771479e-01,1.1691914586183223e-18,True,True,True,False,True,True,False,False,False,False,False,The tested source-derived feature space does not have enough linear capacity to reproduce the local oracle correction.,derive non-final nonlinear or second-differential source features for the coefficient-gradient law,"This is a capacity audit: the target Jacobian defines the oracle correction being projected, but the result is not an implemented target-free law. It distinguishes feature-space capacity from an actual formula for choosing coefficients."
cylindrical_sharp,0.01,universal_direction_capacity_value_component_nonfinal,paper_tfe_lower_pair_velocity_compression_direction_capacity_spans_not_full_tfe,,universal_direction_capacity_nonfinal_component_diagonal_value_fit,all_case_h_direction_capacity_oracle_fit,all_stage_velocity_rows,all_stage_velocity_upper_bound,"0,1",6,24,8,16,24,16,24,24,3.3786400703273558e+00,True,8,132,24,24,0,4.7393694008510238e+01,1.8390370753258983e-01,1.8411563974505604e-01,1.8411563974505607e-01,4.0978447106467790e-16,2.2256907215058116e-15,3.7213640513169499e-15,4.2344502101521978e-16,2.3025366192803943e-15,3.8025513764012954e-15,9.3868871051654978e-16,1.1691914586183223e-18,True,True,True,False,True,True,False,False,False,False,True,"The feature-space capacity fit can reproduce the local oracle correction, but it uses the target Jacobian for coefficient fitting and is not a target-free formula or h-sweep.",derive non-final nonlinear or second-differential source features for the coefficient-gradient law,"This is a capacity audit: the target Jacobian defines the oracle correction being projected, but the result is not an implemented target-free law. It distinguishes feature-space capacity from an actual formula for choosing coefficients."
cylindrical_sharp,0.01,universal_direction_capacity_value_component_nonfinal,paper_tfe_lower_pair_velocity_compression_direction_capacity_spans_not_full_tfe,,universal_direction_capacity_nonfinal_component_diagonal_value_fit,all_case_h_direction_capacity_oracle_fit,source_plus_all_stage_velocity_rows,source_consistency_and_all_stage_velocity_upper_bound,"0,1",6,24,8,16,24,16,40,40,4.7406880617040137e+01,True,8,132,24,24,0,4.7393694008510209e+01,1.8390370753258983e-01,1.8411563974505604e-01,1.8411563974505601e-01,5.6190012423816951e-16,3.0518869826388984e-15,5.8424734621587800e-15,5.8039120891056212e-16,3.1559516482706592e-15,5.8392009701054870e-15,9.0848857761787116e-16,1.1691914586183223e-18,True,True,True,False,True,True,False,False,False,False,True,"The feature-space capacity fit can reproduce the local oracle correction, but it uses the target Jacobian for coefficient fitting and is not a target-free formula or h-sweep.",derive non-final nonlinear or second-differential source features for the coefficient-gradient law,"This is a capacity audit: the target Jacobian defines the oracle correction being projected, but the result is not an implemented target-free law. It distinguishes feature-space capacity from an actual formula for choosing coefficients."
cylindrical_sharp,0.01,case_local_direction_capacity_value_full_nonfinal,paper_tfe_lower_pair_velocity_compression_direction_capacity_gap_not_full_tfe,,case_local_direction_capacity_nonfinal_full_component_value_fit,case_local_direction_capacity_oracle_fit,row_matched_active_velocity_rows,row_matched_active_nonfinal_velocity,"0,1",1,24,8,16,24,16,16,16,3.3771747158100625e+00,False,8,132,24,32,8,7.2819550404541092e+06,1.8390370753258983e-01,1.8388558020348772e-01,6.2077677574204855e-05,1.8388556972512898e-01,9.9999994301696349e-01,9.9999999998816591e-01,1.8388556869308495e-01,9.9990136773342830e-01,9.9999775363522159e-01,9.9969767919580266e-01,1.5237703619020713e-34,True,True,True,False,True,True,False,False,False,False,False,The tested source-derived feature space does not have enough linear capacity to reproduce the local oracle correction.,derive non-final nonlinear or second-differential source features for the coefficient-gradient law,"This is a capacity audit: the target Jacobian defines the oracle correction being projected, but the result is not an implemented target-free law. It distinguishes feature-space capacity from an actual formula for choosing coefficients."
cylindrical_sharp,0.01,case_local_direction_capacity_value_full_nonfinal,paper_tfe_lower_pair_velocity_compression_direction_capacity_gap_not_full_tfe,,case_local_direction_capacity_nonfinal_full_component_value_fit,case_local_direction_capacity_oracle_fit,all_active_velocity_rows,all_active_nonfinal_velocity,"0,1",1,24,8,16,24,16,16,16,3.3771747158100620e+00,False,8,132,23,31,8,2.0083170149094225e+14,1.8390370753258983e-01,1.8388558020348772e-01,6.5066441190903842e-05,1.8388556869186756e-01,9.9999993739791804e-01,9.9999999906361858e-01,1.8388556869186756e-01,9.9990136772680860e-01,9.9999775363521459e-01,9.9969767915771479e-01,1.5237703619020713e-34,True,True,True,False,True,True,False,False,False,False,False,The tested source-derived feature space does not have enough linear capacity to reproduce the local oracle correction.,derive non-final nonlinear or second-differential source features for the coefficient-gradient law,"This is a capacity audit: the target Jacobian defines the oracle correction being projected, but the result is not an implemented target-free law. It distinguishes feature-space capacity from an actual formula for choosing coefficients."
cylindrical_sharp,0.01,case_local_direction_capacity_value_full_nonfinal,paper_tfe_lower_pair_velocity_compression_direction_capacity_gap_not_full_tfe,,case_local_direction_capacity_nonfinal_full_component_value_fit,case_local_direction_capacity_oracle_fit,closure_plus_all_active_velocity_rows,closure_and_all_active_nonfinal_velocity,"0,1",1,24,8,16,24,16,24,16,3.3771747158100625e+00,False,8,132,23,31,8,2.0083167033066797e+14,1.8390370753258983e-01,1.8388558020348772e-01,6.5066441190903787e-05,1.8388556869186756e-01,9.9999993739791804e-01,9.9999999906361858e-01,1.8388556869186756e-01,9.9990136772680860e-01,9.9999775363521459e-01,9.9969767915771479e-01,1.5237703619020713e-34,True,True,True,False,True,True,False,False,False,False,False,The tested source-derived feature space does not have enough linear capacity to reproduce the local oracle correction.,derive non-final nonlinear or second-differential source features for the coefficient-gradient law,"This is a capacity audit: the target Jacobian defines the oracle correction being projected, but the result is not an implemented target-free law. It distinguishes feature-space capacity from an actual formula for choosing coefficients."
cylindrical_sharp,0.01,case_local_direction_capacity_value_full_nonfinal,paper_tfe_lower_pair_velocity_compression_direction_capacity_gap_not_full_tfe,,case_local_direction_capacity_nonfinal_full_component_value_fit,case_local_direction_capacity_oracle_fit,source_plus_all_active_velocity_rows,source_consistency_and_active_nonfinal_velocity,"0,1",1,24,8,16,24,16,32,32,4.7386319718360902e+01,False,8,132,23,31,8,2.0083193432522538e+14,1.8390370753258983e-01,1.8388558020348772e-01,6.5066441190903733e-05,1.8388556869186756e-01,9.9999993739791804e-01,9.9999999906361858e-01,1.8388556869186756e-01,9.9990136772680860e-01,9.9999775363521459e-01,9.9969767915771479e-01,1.5237703619020713e-34,True,True,True,False,True,True,False,False,False,False,False,The tested source-derived feature space does not have enough linear capacity to reproduce the local oracle correction.,derive non-final nonlinear or second-differential source features for the coefficient-gradient law,"This is a capacity audit: the target Jacobian defines the oracle correction being projected, but the result is not an implemented target-free law. It distinguishes feature-space capacity from an actual formula for choosing coefficients."
cylindrical_sharp,0.01,case_local_direction_capacity_value_full_nonfinal,paper_tfe_lower_pair_velocity_compression_direction_capacity_spans_not_full_tfe,,case_local_direction_capacity_nonfinal_full_component_value_fit,case_local_direction_capacity_oracle_fit,all_stage_velocity_rows,all_stage_velocity_upper_bound,"0,1",1,24,8,16,24,16,24,24,3.3786400703273558e+00,True,8,132,24,24,0,4.7393576503526759e+01,1.8390370753258983e-01,1.8388558020348772e-01,1.8388558020348775e-01,4.0012183283028506e-16,2.1759282722849196e-15,3.6744496254567801e-15,4.1596673301169569e-16,2.2618724689820710e-15,3.7013061611272263e-15,1.2976142994719018e-15,1.5237703619020713e-34,True,True,True,False,True,True,False,False,False,False,True,"The feature-space capacity fit can reproduce the local oracle correction, but it uses the target Jacobian for coefficient fitting and is not a target-free formula or h-sweep.",derive non-final nonlinear or second-differential source features for the coefficient-gradient law,"This is a capacity audit: the target Jacobian defines the oracle correction being projected, but the result is not an implemented target-free law. It distinguishes feature-space capacity from an actual formula for choosing coefficients."
cylindrical_sharp,0.01,case_local_direction_capacity_value_full_nonfinal,paper_tfe_lower_pair_velocity_compression_direction_capacity_spans_not_full_tfe,,case_local_direction_capacity_nonfinal_full_component_value_fit,case_local_direction_capacity_oracle_fit,source_plus_all_stage_velocity_rows,source_consistency_and_all_stage_velocity_upper_bound,"0,1",1,24,8,16,24,16,40,40,4.7406880617040137e+01,True,8,132,24,24,0,4.7393576503526724e+01,1.8390370753258983e-01,1.8388558020348772e-01,1.8388558020348769e-01,5.6586847135564784e-16,3.0772857269692271e-15,5.8337049303888935e-15,6.4119363416112996e-16,3.4865726350160893e-15,6.7254348394242089e-15,1.2935021073090470e-15,1.5237703619020713e-34,True,True,True,False,True,True,False,False,False,False,True,"The feature-space capacity fit can reproduce the local oracle correction, but it uses the target Jacobian for coefficient fitting and is not a target-free formula or h-sweep.",derive non-final nonlinear or second-differential source features for the coefficient-gradient law,"This is a capacity audit: the target Jacobian defines the oracle correction being projected, but the result is not an implemented target-free law. It distinguishes feature-space capacity from an actual formula for choosing coefficients."
cylindrical_sharp,0.01,universal_direction_capacity_value_full_nonfinal,paper_tfe_lower_pair_velocity_compression_direction_capacity_gap_not_full_tfe,,universal_direction_capacity_nonfinal_full_component_value_fit,all_case_h_direction_capacity_oracle_fit,row_matched_active_velocity_rows,row_matched_active_nonfinal_velocity,"0,1",6,24,8,16,24,16,16,16,3.3771747158100625e+00,False,8,132,24,32,8,1.0943950314495561e+06,1.8390370753258983e-01,1.8388558191675508e-01,6.3738369462059381e-05,1.8388557087026680e-01,9.9999993992738223e-01,9.9999999984543531e-01,1.8388556876428383e-01,9.9990136812058128e-01,9.9999775365528798e-01,9.9969768098980683e-01,4.5145606179748471e-32,True,True,True,False,True,True,False,False,False,False,False,The tested source-derived feature space does not have enough linear capacity to reproduce the local oracle correction.,derive non-final nonlinear or second-differential source features for the coefficient-gradient law,"This is a capacity audit: the target Jacobian defines the oracle correction being projected, but the result is not an implemented target-free law. It distinguishes feature-space capacity from an actual formula for choosing coefficients."
cylindrical_sharp,0.01,universal_direction_capacity_value_full_nonfinal,paper_tfe_lower_pair_velocity_compression_direction_capacity_gap_not_full_tfe,,universal_direction_capacity_nonfinal_full_component_value_fit,all_case_h_direction_capacity_oracle_fit,all_active_velocity_rows,all_active_nonfinal_velocity,"0,1",6,24,8,16,24,16,16,16,3.3771747158100620e+00,False,8,132,23,31,8,2.0083165535409791e+14,1.8390370753258983e-01,1.8388558191675508e-01,6.9740462434790757e-05,1.8388556869186756e-01,9.9999992808088933e-01,9.9999999509560333e-01,1.8388556869186756e-01,9.9990136772680860e-01,9.9999775363521459e-01,9.9969767915771479e-01,4.5145606179748471e-32,True,True,True,False,True,True,False,False,False,False,False,The tested source-derived feature space does not have enough linear capacity to reproduce the local oracle correction.,derive non-final nonlinear or second-differential source features for the coefficient-gradient law,"This is a capacity audit: the target Jacobian defines the oracle correction being projected, but the result is not an implemented target-free law. It distinguishes feature-space capacity from an actual formula for choosing coefficients."
cylindrical_sharp,0.01,universal_direction_capacity_value_full_nonfinal,paper_tfe_lower_pair_velocity_compression_direction_capacity_gap_not_full_tfe,,universal_direction_capacity_nonfinal_full_component_value_fit,all_case_h_direction_capacity_oracle_fit,closure_plus_all_active_velocity_rows,closure_and_all_active_nonfinal_velocity,"0,1",6,24,8,16,24,16,24,16,3.3771747163277062e+00,False,8,132,23,31,8,2.0083163650443947e+14,1.8390370753258983e-01,1.8388558191675508e-01,6.9740462434790675e-05,1.8388556869186756e-01,9.9999992808088933e-01,9.9999999509560333e-01,1.8388556869186756e-01,9.9990136772680860e-01,9.9999775363521459e-01,9.9969767915771479e-01,4.5145606179748471e-32,True,True,True,False,True,True,False,False,False,False,False,The tested source-derived feature space does not have enough linear capacity to reproduce the local oracle correction.,derive non-final nonlinear or second-differential source features for the coefficient-gradient law,"This is a capacity audit: the target Jacobian defines the oracle correction being projected, but the result is not an implemented target-free law. It distinguishes feature-space capacity from an actual formula for choosing coefficients."
cylindrical_sharp,0.01,universal_direction_capacity_value_full_nonfinal,paper_tfe_lower_pair_velocity_compression_direction_capacity_gap_not_full_tfe,,universal_direction_capacity_nonfinal_full_component_value_fit,all_case_h_direction_capacity_oracle_fit,source_plus_all_active_velocity_rows,source_consistency_and_active_nonfinal_velocity,"0,1",6,24,8,16,24,16,32,32,4.7386319718360902e+01,False,8,132,23,31,8,2.0083247477059816e+14,1.8390370753258983e-01,1.8388558191675508e-01,6.9740462434790594e-05,1.8388556869186756e-01,9.9999992808088933e-01,9.9999999509560333e-01,1.8388556869186756e-01,9.9990136772680860e-01,9.9999775363521459e-01,9.9969767915771479e-01,4.5145606179748471e-32,True,True,True,False,True,True,False,False,False,False,False,The tested source-derived feature space does not have enough linear capacity to reproduce the local oracle correction.,derive non-final nonlinear or second-differential source features for the coefficient-gradient law,"This is a capacity audit: the target Jacobian defines the oracle correction being projected, but the result is not an implemented target-free law. It distinguishes feature-space capacity from an actual formula for choosing coefficients."
cylindrical_sharp,0.01,universal_direction_capacity_value_full_nonfinal,paper_tfe_lower_pair_velocity_compression_direction_capacity_spans_not_full_tfe,,universal_direction_capacity_nonfinal_full_component_value_fit,all_case_h_direction_capacity_oracle_fit,all_stage_velocity_rows,all_stage_velocity_upper_bound,"0,1",6,24,8,16,24,16,24,24,3.3786400703273558e+00,True,8,132,24,24,0,4.7393576503527470e+01,1.8390370753258983e-01,1.8388558191675508e-01,1.8388558191675516e-01,4.0778910026059974e-16,2.2176241117436043e-15,3.6928352096605456e-15,4.3116566468336322e-16,2.3445186095933153e-15,3.8192532293282614e-15,1.2334250172284499e-15,4.5145606179748471e-32,True,True,True,False,True,True,False,False,False,False,True,"The feature-space capacity fit can reproduce the local oracle correction, but it uses the target Jacobian for coefficient fitting and is not a target-free formula or h-sweep.",derive non-final nonlinear or second-differential source features for the coefficient-gradient law,"This is a capacity audit: the target Jacobian defines the oracle correction being projected, but the result is not an implemented target-free law. It distinguishes feature-space capacity from an actual formula for choosing coefficients."
cylindrical_sharp,0.01,universal_direction_capacity_value_full_nonfinal,paper_tfe_lower_pair_velocity_compression_direction_capacity_spans_not_full_tfe,,universal_direction_capacity_nonfinal_full_component_value_fit,all_case_h_direction_capacity_oracle_fit,source_plus_all_stage_velocity_rows,source_consistency_and_all_stage_velocity_upper_bound,"0,1",6,24,8,16,24,16,40,40,4.7406880617040137e+01,True,8,132,24,24,0,4.7393576503527434e+01,1.8390370753258983e-01,1.8388558191675508e-01,1.8388558191675508e-01,5.6914912321485545e-16,3.0951264219970709e-15,5.8836310296335145e-15,5.6620565850900159e-16,3.0788158983073437e-15,5.8243174126034323e-15,1.0739708681679976e-15,4.5145606179748471e-32,True,True,True,False,True,True,False,False,False,False,True,"The feature-space capacity fit can reproduce the local oracle correction, but it uses the target Jacobian for coefficient fitting and is not a target-free formula or h-sweep.",derive non-final nonlinear or second-differential source features for the coefficient-gradient law,"This is a capacity audit: the target Jacobian defines the oracle correction being projected, but the result is not an implemented target-free law. It distinguishes feature-space capacity from an actual formula for choosing coefficients."
