case,h,candidate_basis,status,error_message,candidate_kind,fit_scope,feature_family,feature_scope,active_stage_rows,training_sample_count,basis_row_count,compression_row_count,source_consistency_rows,velocity_stage_rows,active_velocity_rows,higher_order_feature_rows,higher_order_feature_rank,higher_order_feature_condition,finite_difference_eps,finite_difference_direction_count,source_row_second_differential_used,source_row_third_differential_used,nonlocal_source_feature_used,all_row_second_differential_used,all_row_third_differential_used,uses_final_stage_velocity_feature,target_row_count,stage_unknown_count,basis_rank,augmented_rank,independent_target_rank,basis_condition,target_jacobian_norm,oracle_correction_norm,higher_order_projected_correction_norm,higher_order_correction_residual_norm,higher_order_correction_relative_residual,max_higher_order_row_relative_residual,projection_residual_norm,projection_relative_residual,max_row_relative_residual,min_row_relative_residual,value_residual_norm,value_level_balance_ok,meaningful_nonfinal_energy,target_jacobian_used_for_capacity_fit,target_direction_oracle_used_for_formula,endpoint_boundary_source_removed,target_terminal_boundary_row_used,terminal_row_replacement_used,projection_used,accepted_h_sweep_present,full_tfe_stage_replacement,higher_order_capacity_spans_target,blocking_gap,next_repair_target,notes
cylindrical_smooth,0.04,case_local_higher_order_capacity_value_scalar_nonfinal,paper_tfe_lower_pair_velocity_compression_higher_order_capacity_gap_not_full_tfe,,case_local_higher_order_capacity_nonfinal_stage_scalar_value_fit,case_local_higher_order_capacity_oracle_fit,third_diff_source_rows_perp_along_active_velocity,source-row third differential along active non-final velocity rows,"0,1",1,24,8,16,24,16,256,46,6.0906529938790365e+05,1.0000000000000001e-05,16,False,True,False,False,False,False,8,132,24,28,4,8.6132133764729554e+02,3.7127280938507345e-01,3.6464473006524034e-01,2.5748614039927092e-01,2.5819888974716110e-01,7.0808342602665753e-01,9.9214876648145423e-01,2.5819888974716110e-01,6.9544249732375274e-01,9.9030198830521510e-01,2.3796091438681311e-13,6.7406137997733683e-18,True,True,True,False,True,True,False,False,False,False,False,The tested higher-order/nonlocal non-final source features do not reproduce the local correction.,derive a different nonlocal or history-dependent non-final source law for the coefficient-gradient closure,This capacity audit extends the second-differential probe with third finite differences of the source-free lower-pair row Jacobian and same-case cross-step source-row deltas. It is not a formula and not a trajectory h-sweep.
cylindrical_smooth,0.04,case_local_higher_order_capacity_value_scalar_nonfinal,paper_tfe_lower_pair_velocity_compression_higher_order_capacity_gap_not_full_tfe,,case_local_higher_order_capacity_nonfinal_stage_scalar_value_fit,case_local_higher_order_capacity_oracle_fit,active_plus_third_diff_source_rows_perp,active non-final velocity plus source-row third differential,"0,1",1,24,8,16,24,16,272,54,6.0870591055868950e+05,1.0000000000000001e-05,16,False,True,False,False,False,False,8,132,24,28,4,8.6132133763569198e+02,3.7127280938507345e-01,3.6464473006524034e-01,2.5748614039922924e-01,2.5819888974716110e-01,7.0808342602665753e-01,9.9214876648145423e-01,2.5819888974716110e-01,6.9544249732375274e-01,9.9030198830521510e-01,2.4980396448860174e-13,6.7406137997733683e-18,True,True,True,False,True,True,False,False,False,False,False,The tested higher-order/nonlocal non-final source features do not reproduce the local correction.,derive a different nonlocal or history-dependent non-final source law for the coefficient-gradient closure,This capacity audit extends the second-differential probe with third finite differences of the source-free lower-pair row Jacobian and same-case cross-step source-row deltas. It is not a formula and not a trajectory h-sweep.
cylindrical_smooth,0.04,case_local_higher_order_capacity_value_scalar_nonfinal,paper_tfe_lower_pair_velocity_compression_higher_order_capacity_gap_not_full_tfe,,case_local_higher_order_capacity_nonfinal_stage_scalar_value_fit,case_local_higher_order_capacity_oracle_fit,second_plus_third_diff_source_rows_perp_along_active_velocity,source-row second and third differentials along active non-final velocity rows,"0,1",1,24,8,16,24,16,512,46,1.9172867175673669e+04,1.0000000000000001e-05,16,True,True,False,False,False,False,8,132,24,28,4,8.6132133764566231e+02,3.7127280938507345e-01,3.6464473006524034e-01,2.5748614039921747e-01,2.5819888974716110e-01,7.0808342602665753e-01,9.9214876648145423e-01,2.5819888974716110e-01,6.9544249732375274e-01,9.9030198830521510e-01,7.9161705956121230e-15,6.7406137997733683e-18,True,True,True,False,True,True,False,False,False,False,False,The tested higher-order/nonlocal non-final source features do not reproduce the local correction.,derive a different nonlocal or history-dependent non-final source law for the coefficient-gradient closure,This capacity audit extends the second-differential probe with third finite differences of the source-free lower-pair row Jacobian and same-case cross-step source-row deltas. It is not a formula and not a trajectory h-sweep.
cylindrical_smooth,0.04,case_local_higher_order_capacity_value_scalar_nonfinal,paper_tfe_lower_pair_velocity_compression_higher_order_capacity_gap_not_full_tfe,,case_local_higher_order_capacity_nonfinal_stage_scalar_value_fit,case_local_higher_order_capacity_oracle_fit,nonlocal_same_case_source_delta_rows_perp,same-case cross-step source-row deltas residualized against local source rows,"0,1",1,24,8,16,24,16,32,32,1.3175562190012651e+05,1.0000000000000001e-05,32,False,False,True,False,False,False,8,132,24,30,6,8.7702859084000011e+02,3.7127280938507345e-01,3.6464473006524034e-01,2.5452890944787565e-01,2.6111455995342731e-01,7.1607934634544157e-01,9.9214876692055731e-01,2.6111455995342731e-01,7.0329567195050580e-01,9.9030198874350073e-01,5.1728768867312086e-12,6.7406137997733683e-18,True,True,True,False,True,True,False,False,False,False,False,The tested higher-order/nonlocal non-final source features do not reproduce the local correction.,derive a different nonlocal or history-dependent non-final source law for the coefficient-gradient closure,This capacity audit extends the second-differential probe with third finite differences of the source-free lower-pair row Jacobian and same-case cross-step source-row deltas. It is not a formula and not a trajectory h-sweep.
cylindrical_smooth,0.04,case_local_higher_order_capacity_value_scalar_nonfinal,paper_tfe_lower_pair_velocity_compression_higher_order_capacity_gap_not_full_tfe,,case_local_higher_order_capacity_nonfinal_stage_scalar_value_fit,case_local_higher_order_capacity_oracle_fit,active_plus_nonlocal_same_case_source_delta_rows_perp,active non-final velocity plus same-case nonlocal source-row deltas,"0,1",1,24,8,16,24,16,48,44,6.1813589096060710e+05,1.0000000000000001e-05,48,False,False,True,False,False,False,8,132,24,30,6,8.7409494299254482e+02,3.7127280938507345e-01,3.6464473006524034e-01,2.5745337642331756e-01,2.5823155913363316e-01,7.0817301839911884e-01,9.9214876691662290e-01,2.5823155913363316e-01,6.9553049026491687e-01,9.9030198873957376e-01,2.8268562506381145e-15,6.7406137997733683e-18,True,True,True,False,True,True,False,False,False,False,False,The tested higher-order/nonlocal non-final source features do not reproduce the local correction.,derive a different nonlocal or history-dependent non-final source law for the coefficient-gradient closure,This capacity audit extends the second-differential probe with third finite differences of the source-free lower-pair row Jacobian and same-case cross-step source-row deltas. It is not a formula and not a trajectory h-sweep.
cylindrical_smooth,0.04,case_local_higher_order_capacity_value_scalar_nonfinal,paper_tfe_lower_pair_velocity_compression_higher_order_capacity_gap_not_full_tfe,,case_local_higher_order_capacity_nonfinal_stage_scalar_value_fit,case_local_higher_order_capacity_oracle_fit,higher_order_plus_nonlocal_source_rows_perp,source-row second/third differentials plus same-case nonlocal source-row deltas,"0,1",1,24,8,16,24,16,544,46,3.4124765016253918e+03,1.0000000000000001e-05,48,True,True,True,False,False,False,8,132,24,28,4,8.6132133764576042e+02,3.7127280938507345e-01,3.6464473006524034e-01,2.5748614039921719e-01,2.5819888974716110e-01,7.0808342602665753e-01,9.9214876648145423e-01,2.5819888974716110e-01,6.9544249732375274e-01,9.9030198830521510e-01,2.3264563961785004e-15,6.7406137997733683e-18,True,True,True,False,True,True,False,False,False,False,False,The tested higher-order/nonlocal non-final source features do not reproduce the local correction.,derive a different nonlocal or history-dependent non-final source law for the coefficient-gradient closure,This capacity audit extends the second-differential probe with third finite differences of the source-free lower-pair row Jacobian and same-case cross-step source-row deltas. It is not a formula and not a trajectory h-sweep.
cylindrical_smooth,0.04,universal_higher_order_capacity_value_scalar_nonfinal,paper_tfe_lower_pair_velocity_compression_higher_order_capacity_gap_not_full_tfe,,universal_higher_order_capacity_nonfinal_stage_scalar_value_fit,all_case_h_higher_order_capacity_oracle_fit,third_diff_source_rows_perp_along_active_velocity,source-row third differential along active non-final velocity rows,"0,1",6,24,8,16,24,16,256,46,6.0906529938790365e+05,1.0000000000000001e-05,16,False,True,False,False,False,False,8,132,24,28,4,8.6132133764119385e+02,3.7127280938507345e-01,3.6464473007478193e-01,2.5748614041270540e-01,2.5819888974716110e-01,7.0808342600812924e-01,9.9214876647879036e-01,2.5819888974716110e-01,6.9544249732375274e-01,9.9030198830521510e-01,2.0722732920948615e-13,7.6071816433064978e-18,True,True,True,False,True,True,False,False,False,False,False,The tested higher-order/nonlocal non-final source features do not reproduce the local correction.,derive a different nonlocal or history-dependent non-final source law for the coefficient-gradient closure,This capacity audit extends the second-differential probe with third finite differences of the source-free lower-pair row Jacobian and same-case cross-step source-row deltas. It is not a formula and not a trajectory h-sweep.
cylindrical_smooth,0.04,universal_higher_order_capacity_value_scalar_nonfinal,paper_tfe_lower_pair_velocity_compression_higher_order_capacity_gap_not_full_tfe,,universal_higher_order_capacity_nonfinal_stage_scalar_value_fit,all_case_h_higher_order_capacity_oracle_fit,active_plus_third_diff_source_rows_perp,active non-final velocity plus source-row third differential,"0,1",6,24,8,16,24,16,272,54,6.0870591055868950e+05,1.0000000000000001e-05,16,False,True,False,False,False,False,8,132,24,28,4,8.6132133763235947e+02,3.7127280938507345e-01,3.6464473007478193e-01,2.5748614041271778e-01,2.5819888974716110e-01,7.0808342600812924e-01,9.9214876647879036e-01,2.5819888974716110e-01,6.9544249732375274e-01,9.9030198830521510e-01,2.8170297267211792e-13,7.6071816433064978e-18,True,True,True,False,True,True,False,False,False,False,False,The tested higher-order/nonlocal non-final source features do not reproduce the local correction.,derive a different nonlocal or history-dependent non-final source law for the coefficient-gradient closure,This capacity audit extends the second-differential probe with third finite differences of the source-free lower-pair row Jacobian and same-case cross-step source-row deltas. It is not a formula and not a trajectory h-sweep.
cylindrical_smooth,0.04,universal_higher_order_capacity_value_scalar_nonfinal,paper_tfe_lower_pair_velocity_compression_higher_order_capacity_gap_not_full_tfe,,universal_higher_order_capacity_nonfinal_stage_scalar_value_fit,all_case_h_higher_order_capacity_oracle_fit,second_plus_third_diff_source_rows_perp_along_active_velocity,source-row second and third differentials along active non-final velocity rows,"0,1",6,24,8,16,24,16,512,46,1.9172867175673669e+04,1.0000000000000001e-05,16,True,True,False,False,False,False,8,132,24,28,4,8.6132133764569710e+02,3.7127280938507345e-01,3.6464473007478193e-01,2.5748614041272971e-01,2.5819888974716110e-01,7.0808342600812924e-01,9.9214876647879036e-01,2.5819888974716110e-01,6.9544249732375274e-01,9.9030198830521510e-01,7.6478973363208245e-15,7.6071816433064978e-18,True,True,True,False,True,True,False,False,False,False,False,The tested higher-order/nonlocal non-final source features do not reproduce the local correction.,derive a different nonlocal or history-dependent non-final source law for the coefficient-gradient closure,This capacity audit extends the second-differential probe with third finite differences of the source-free lower-pair row Jacobian and same-case cross-step source-row deltas. It is not a formula and not a trajectory h-sweep.
cylindrical_smooth,0.04,universal_higher_order_capacity_value_scalar_nonfinal,paper_tfe_lower_pair_velocity_compression_higher_order_capacity_gap_not_full_tfe,,universal_higher_order_capacity_nonfinal_stage_scalar_value_fit,all_case_h_higher_order_capacity_oracle_fit,nonlocal_same_case_source_delta_rows_perp,same-case cross-step source-row deltas residualized against local source rows,"0,1",6,24,8,16,24,16,32,32,1.3175562190012651e+05,1.0000000000000001e-05,32,False,False,True,False,False,False,8,132,24,30,6,8.7702859084034162e+02,3.7127280938507345e-01,3.6464473007478193e-01,2.5452890939723682e-01,2.6111456001600930e-01,7.1607934649832872e-01,9.9214876691789344e-01,2.6111456001600930e-01,7.0329567211906652e-01,9.9030198874350073e-01,5.7135179844292520e-12,7.6071816433064978e-18,True,True,True,False,True,True,False,False,False,False,False,The tested higher-order/nonlocal non-final source features do not reproduce the local correction.,derive a different nonlocal or history-dependent non-final source law for the coefficient-gradient closure,This capacity audit extends the second-differential probe with third finite differences of the source-free lower-pair row Jacobian and same-case cross-step source-row deltas. It is not a formula and not a trajectory h-sweep.
cylindrical_smooth,0.04,universal_higher_order_capacity_value_scalar_nonfinal,paper_tfe_lower_pair_velocity_compression_higher_order_capacity_gap_not_full_tfe,,universal_higher_order_capacity_nonfinal_stage_scalar_value_fit,all_case_h_higher_order_capacity_oracle_fit,active_plus_nonlocal_same_case_source_delta_rows_perp,active non-final velocity plus same-case nonlocal source-row deltas,"0,1",6,24,8,16,24,16,48,44,6.1813589096060710e+05,1.0000000000000001e-05,48,False,False,True,False,False,False,8,132,24,30,6,8.7409494299224343e+02,3.7127280938507345e-01,3.6464473007478193e-01,2.5745337643683064e-01,2.5823155913363316e-01,7.0817301838058822e-01,9.9214876691395903e-01,2.5823155913363316e-01,6.9553049026491687e-01,9.9030198873957376e-01,2.4950451028993986e-15,7.6071816433064978e-18,True,True,True,False,True,True,False,False,False,False,False,The tested higher-order/nonlocal non-final source features do not reproduce the local correction.,derive a different nonlocal or history-dependent non-final source law for the coefficient-gradient closure,This capacity audit extends the second-differential probe with third finite differences of the source-free lower-pair row Jacobian and same-case cross-step source-row deltas. It is not a formula and not a trajectory h-sweep.
cylindrical_smooth,0.04,universal_higher_order_capacity_value_scalar_nonfinal,paper_tfe_lower_pair_velocity_compression_higher_order_capacity_gap_not_full_tfe,,universal_higher_order_capacity_nonfinal_stage_scalar_value_fit,all_case_h_higher_order_capacity_oracle_fit,higher_order_plus_nonlocal_source_rows_perp,source-row second/third differentials plus same-case nonlocal source-row deltas,"0,1",6,24,8,16,24,16,544,46,3.4124765016253918e+03,1.0000000000000001e-05,48,True,True,True,False,False,False,8,132,24,28,4,8.6132133764576577e+02,3.7127280938507345e-01,3.6464473007478193e-01,2.5748614041272977e-01,2.5819888974716110e-01,7.0808342600812924e-01,9.9214876647879036e-01,2.5819888974716110e-01,6.9544249732375274e-01,9.9030198830521510e-01,3.4854359821807946e-15,7.6071816433064978e-18,True,True,True,False,True,True,False,False,False,False,False,The tested higher-order/nonlocal non-final source features do not reproduce the local correction.,derive a different nonlocal or history-dependent non-final source law for the coefficient-gradient closure,This capacity audit extends the second-differential probe with third finite differences of the source-free lower-pair row Jacobian and same-case cross-step source-row deltas. It is not a formula and not a trajectory h-sweep.
cylindrical_smooth,0.04,case_local_higher_order_capacity_value_component_nonfinal,paper_tfe_lower_pair_velocity_compression_higher_order_capacity_gap_not_full_tfe,,case_local_higher_order_capacity_nonfinal_component_diagonal_value_fit,case_local_higher_order_capacity_oracle_fit,third_diff_source_rows_perp_along_active_velocity,source-row third differential along active non-final velocity rows,"0,1",1,24,8,16,24,16,256,46,6.0906529938790365e+05,1.0000000000000001e-05,16,False,True,False,False,False,False,8,132,24,28,4,8.6132135806520296e+02,3.7127280938507345e-01,3.6505364663439654e-01,2.5806491093212319e-01,2.5819888974716110e-01,7.0729026302741982e-01,9.9214876647800720e-01,2.5819888974716110e-01,6.9544249732375274e-01,9.9030198830521510e-01,1.9114885930456449e-13,1.0969092796788381e-33,True,True,True,False,True,True,False,False,False,False,False,The tested higher-order/nonlocal non-final source features do not reproduce the local correction.,derive a different nonlocal or history-dependent non-final source law for the coefficient-gradient closure,This capacity audit extends the second-differential probe with third finite differences of the source-free lower-pair row Jacobian and same-case cross-step source-row deltas. It is not a formula and not a trajectory h-sweep.
cylindrical_smooth,0.04,case_local_higher_order_capacity_value_component_nonfinal,paper_tfe_lower_pair_velocity_compression_higher_order_capacity_gap_not_full_tfe,,case_local_higher_order_capacity_nonfinal_component_diagonal_value_fit,case_local_higher_order_capacity_oracle_fit,active_plus_third_diff_source_rows_perp,active non-final velocity plus source-row third differential,"0,1",1,24,8,16,24,16,272,54,6.0870591055868950e+05,1.0000000000000001e-05,16,False,True,False,False,False,False,8,132,24,28,4,8.6132135804235975e+02,3.7127280938507345e-01,3.6505364663439654e-01,2.5806491093209932e-01,2.5819888974716110e-01,7.0729026302741982e-01,9.9214876647800720e-01,2.5819888974716110e-01,6.9544249732375274e-01,9.9030198830521510e-01,2.3378786810942171e-13,1.0969092796788381e-33,True,True,True,False,True,True,False,False,False,False,False,The tested higher-order/nonlocal non-final source features do not reproduce the local correction.,derive a different nonlocal or history-dependent non-final source law for the coefficient-gradient closure,This capacity audit extends the second-differential probe with third finite differences of the source-free lower-pair row Jacobian and same-case cross-step source-row deltas. It is not a formula and not a trajectory h-sweep.
cylindrical_smooth,0.04,case_local_higher_order_capacity_value_component_nonfinal,paper_tfe_lower_pair_velocity_compression_higher_order_capacity_gap_not_full_tfe,,case_local_higher_order_capacity_nonfinal_component_diagonal_value_fit,case_local_higher_order_capacity_oracle_fit,second_plus_third_diff_source_rows_perp_along_active_velocity,source-row second and third differentials along active non-final velocity rows,"0,1",1,24,8,16,24,16,512,46,1.9172867175673669e+04,1.0000000000000001e-05,16,True,True,False,False,False,False,8,132,24,28,4,8.6132135806194117e+02,3.7127280938507345e-01,3.6505364663439654e-01,2.5806491093212247e-01,2.5819888974716110e-01,7.0729026302741982e-01,9.9214876647800720e-01,2.5819888974716110e-01,6.9544249732375274e-01,9.9030198830521510e-01,5.0611093714877223e-15,1.0969092796788381e-33,True,True,True,False,True,True,False,False,False,False,False,The tested higher-order/nonlocal non-final source features do not reproduce the local correction.,derive a different nonlocal or history-dependent non-final source law for the coefficient-gradient closure,This capacity audit extends the second-differential probe with third finite differences of the source-free lower-pair row Jacobian and same-case cross-step source-row deltas. It is not a formula and not a trajectory h-sweep.
cylindrical_smooth,0.04,case_local_higher_order_capacity_value_component_nonfinal,paper_tfe_lower_pair_velocity_compression_higher_order_capacity_gap_not_full_tfe,,case_local_higher_order_capacity_nonfinal_component_diagonal_value_fit,case_local_higher_order_capacity_oracle_fit,nonlocal_same_case_source_delta_rows_perp,same-case cross-step source-row deltas residualized against local source rows,"0,1",1,24,8,16,24,16,32,32,1.3175562190012651e+05,1.0000000000000001e-05,32,False,False,True,False,False,False,8,132,24,30,6,8.7702861222003025e+02,3.7127280938507345e-01,3.6505364663439654e-01,2.5511438892570593e-01,2.6111456007683015e-01,7.1527722701627461e-01,9.9214876691711029e-01,2.6111456007683015e-01,7.0329567228288370e-01,9.9030198874350073e-01,1.7298169162074946e-12,1.0969092796788381e-33,True,True,True,False,True,True,False,False,False,False,False,The tested higher-order/nonlocal non-final source features do not reproduce the local correction.,derive a different nonlocal or history-dependent non-final source law for the coefficient-gradient closure,This capacity audit extends the second-differential probe with third finite differences of the source-free lower-pair row Jacobian and same-case cross-step source-row deltas. It is not a formula and not a trajectory h-sweep.
cylindrical_smooth,0.04,case_local_higher_order_capacity_value_component_nonfinal,paper_tfe_lower_pair_velocity_compression_higher_order_capacity_gap_not_full_tfe,,case_local_higher_order_capacity_nonfinal_component_diagonal_value_fit,case_local_higher_order_capacity_oracle_fit,active_plus_nonlocal_same_case_source_delta_rows_perp,active non-final velocity plus same-case nonlocal source-row deltas,"0,1",1,24,8,16,24,16,48,44,6.1813589096060710e+05,1.0000000000000001e-05,48,False,False,True,False,False,False,8,132,24,30,6,8.7409496385195268e+02,3.7127280938507345e-01,3.6505364663439654e-01,2.5803222044637059e-01,2.5823155913363316e-01,7.0737975504256134e-01,9.9214876691317588e-01,2.5823155913363322e-01,6.9553049026491698e-01,9.9030198873957376e-01,2.4572030006260775e-15,1.0969092796788381e-33,True,True,True,False,True,True,False,False,False,False,False,The tested higher-order/nonlocal non-final source features do not reproduce the local correction.,derive a different nonlocal or history-dependent non-final source law for the coefficient-gradient closure,This capacity audit extends the second-differential probe with third finite differences of the source-free lower-pair row Jacobian and same-case cross-step source-row deltas. It is not a formula and not a trajectory h-sweep.
cylindrical_smooth,0.04,case_local_higher_order_capacity_value_component_nonfinal,paper_tfe_lower_pair_velocity_compression_higher_order_capacity_gap_not_full_tfe,,case_local_higher_order_capacity_nonfinal_component_diagonal_value_fit,case_local_higher_order_capacity_oracle_fit,higher_order_plus_nonlocal_source_rows_perp,source-row second/third differentials plus same-case nonlocal source-row deltas,"0,1",1,24,8,16,24,16,544,46,3.4124765016253918e+03,1.0000000000000001e-05,48,True,True,True,False,False,False,8,132,24,28,4,8.6132135806198721e+02,3.7127280938507345e-01,3.6505364663439654e-01,2.5806491093212242e-01,2.5819888974716110e-01,7.0729026302741982e-01,9.9214876647800720e-01,2.5819888974716110e-01,6.9544249732375274e-01,9.9030198830521510e-01,2.5716111040982998e-15,1.0969092796788381e-33,True,True,True,False,True,True,False,False,False,False,False,The tested higher-order/nonlocal non-final source features do not reproduce the local correction.,derive a different nonlocal or history-dependent non-final source law for the coefficient-gradient closure,This capacity audit extends the second-differential probe with third finite differences of the source-free lower-pair row Jacobian and same-case cross-step source-row deltas. It is not a formula and not a trajectory h-sweep.
cylindrical_smooth,0.04,universal_higher_order_capacity_value_component_nonfinal,paper_tfe_lower_pair_velocity_compression_higher_order_capacity_gap_not_full_tfe,,universal_higher_order_capacity_nonfinal_component_diagonal_value_fit,all_case_h_higher_order_capacity_oracle_fit,third_diff_source_rows_perp_along_active_velocity,source-row third differential along active non-final velocity rows,"0,1",6,24,8,16,24,16,256,46,6.0906529938790365e+05,1.0000000000000001e-05,16,False,True,False,False,False,False,8,132,24,28,4,8.6132143303159546e+02,3.7127280938507345e-01,3.6499396871481160e-01,2.5798048478811619e-01,2.5819888974716138e-01,7.0740590770941025e-01,9.9214876647798067e-01,2.5819888974716138e-01,6.9544249732375352e-01,9.9030198830521510e-01,1.2365858019425484e-13,2.6003532570117728e-19,True,True,True,False,True,True,False,False,False,False,False,The tested higher-order/nonlocal non-final source features do not reproduce the local correction.,derive a different nonlocal or history-dependent non-final source law for the coefficient-gradient closure,This capacity audit extends the second-differential probe with third finite differences of the source-free lower-pair row Jacobian and same-case cross-step source-row deltas. It is not a formula and not a trajectory h-sweep.
cylindrical_smooth,0.04,universal_higher_order_capacity_value_component_nonfinal,paper_tfe_lower_pair_velocity_compression_higher_order_capacity_gap_not_full_tfe,,universal_higher_order_capacity_nonfinal_component_diagonal_value_fit,all_case_h_higher_order_capacity_oracle_fit,active_plus_third_diff_source_rows_perp,active non-final velocity plus source-row third differential,"0,1",6,24,8,16,24,16,272,54,6.0870591055868950e+05,1.0000000000000001e-05,16,False,True,False,False,False,False,8,132,24,28,4,8.6132143301880967e+02,3.7127280938507345e-01,3.6499396871481160e-01,2.5798048478808117e-01,2.5819888974716110e-01,7.0740590770940948e-01,9.9214876647798067e-01,2.5819888974716110e-01,6.9544249732375274e-01,9.9030198830521510e-01,1.7995601275554496e-13,2.6003532570117728e-19,True,True,True,False,True,True,False,False,False,False,False,The tested higher-order/nonlocal non-final source features do not reproduce the local correction.,derive a different nonlocal or history-dependent non-final source law for the coefficient-gradient closure,This capacity audit extends the second-differential probe with third finite differences of the source-free lower-pair row Jacobian and same-case cross-step source-row deltas. It is not a formula and not a trajectory h-sweep.
cylindrical_smooth,0.04,universal_higher_order_capacity_value_component_nonfinal,paper_tfe_lower_pair_velocity_compression_higher_order_capacity_gap_not_full_tfe,,universal_higher_order_capacity_nonfinal_component_diagonal_value_fit,all_case_h_higher_order_capacity_oracle_fit,second_plus_third_diff_source_rows_perp_along_active_velocity,source-row second and third differentials along active non-final velocity rows,"0,1",6,24,8,16,24,16,512,46,1.9172867175673669e+04,1.0000000000000001e-05,16,True,True,False,False,False,False,8,132,24,28,4,8.6132143302218401e+02,3.7127280938507345e-01,3.6499396871481160e-01,2.5798048478813701e-01,2.5819888974716138e-01,7.0740590770941025e-01,9.9214876647798067e-01,2.5819888974716138e-01,6.9544249732375352e-01,9.9030198830521510e-01,7.8643018346098027e-15,2.6003532570117728e-19,True,True,True,False,True,True,False,False,False,False,False,The tested higher-order/nonlocal non-final source features do not reproduce the local correction.,derive a different nonlocal or history-dependent non-final source law for the coefficient-gradient closure,This capacity audit extends the second-differential probe with third finite differences of the source-free lower-pair row Jacobian and same-case cross-step source-row deltas. It is not a formula and not a trajectory h-sweep.
cylindrical_smooth,0.04,universal_higher_order_capacity_value_component_nonfinal,paper_tfe_lower_pair_velocity_compression_higher_order_capacity_gap_not_full_tfe,,universal_higher_order_capacity_nonfinal_component_diagonal_value_fit,all_case_h_higher_order_capacity_oracle_fit,nonlocal_same_case_source_delta_rows_perp,same-case cross-step source-row deltas residualized against local source rows,"0,1",6,24,8,16,24,16,32,32,1.3175562190012651e+05,1.0000000000000001e-05,32,False,False,True,False,False,False,8,132,24,30,6,8.7702868477085485e+02,3.7127280938507345e-01,3.6499396871481160e-01,2.5502898585284262e-01,2.6111456024723345e-01,7.1539417806450267e-01,9.9214876691708365e-01,2.6111456024723345e-01,7.0329567274185423e-01,9.9030198874350073e-01,4.1417526719321577e-12,2.6003532570117728e-19,True,True,True,False,True,True,False,False,False,False,False,The tested higher-order/nonlocal non-final source features do not reproduce the local correction.,derive a different nonlocal or history-dependent non-final source law for the coefficient-gradient closure,This capacity audit extends the second-differential probe with third finite differences of the source-free lower-pair row Jacobian and same-case cross-step source-row deltas. It is not a formula and not a trajectory h-sweep.
cylindrical_smooth,0.04,universal_higher_order_capacity_value_component_nonfinal,paper_tfe_lower_pair_velocity_compression_higher_order_capacity_gap_not_full_tfe,,universal_higher_order_capacity_nonfinal_component_diagonal_value_fit,all_case_h_higher_order_capacity_oracle_fit,active_plus_nonlocal_same_case_source_delta_rows_perp,active non-final velocity plus same-case nonlocal source-row deltas,"0,1",6,24,8,16,24,16,48,44,6.1813589096060710e+05,1.0000000000000001e-05,48,False,False,True,False,False,False,8,132,24,30,6,8.7409503704537008e+02,3.7127280938507345e-01,3.6499396871481160e-01,2.5794778360281084e-01,2.5823155913363316e-01,7.0749541435684005e-01,9.9214876691314935e-01,2.5823155913363316e-01,6.9553049026491687e-01,9.9030198873957376e-01,4.5641954581417178e-15,2.6003532570117728e-19,True,True,True,False,True,True,False,False,False,False,False,The tested higher-order/nonlocal non-final source features do not reproduce the local correction.,derive a different nonlocal or history-dependent non-final source law for the coefficient-gradient closure,This capacity audit extends the second-differential probe with third finite differences of the source-free lower-pair row Jacobian and same-case cross-step source-row deltas. It is not a formula and not a trajectory h-sweep.
cylindrical_smooth,0.04,universal_higher_order_capacity_value_component_nonfinal,paper_tfe_lower_pair_velocity_compression_higher_order_capacity_gap_not_full_tfe,,universal_higher_order_capacity_nonfinal_component_diagonal_value_fit,all_case_h_higher_order_capacity_oracle_fit,higher_order_plus_nonlocal_source_rows_perp,source-row second/third differentials plus same-case nonlocal source-row deltas,"0,1",6,24,8,16,24,16,544,46,3.4124765016253918e+03,1.0000000000000001e-05,48,True,True,True,False,False,False,8,132,24,28,4,8.6132143302211523e+02,3.7127280938507345e-01,3.6499396871481160e-01,2.5798048478813701e-01,2.5819888974716138e-01,7.0740590770941025e-01,9.9214876647798067e-01,2.5819888974716138e-01,6.9544249732375352e-01,9.9030198830521510e-01,5.0062259761013485e-15,2.6003532570117728e-19,True,True,True,False,True,True,False,False,False,False,False,The tested higher-order/nonlocal non-final source features do not reproduce the local correction.,derive a different nonlocal or history-dependent non-final source law for the coefficient-gradient closure,This capacity audit extends the second-differential probe with third finite differences of the source-free lower-pair row Jacobian and same-case cross-step source-row deltas. It is not a formula and not a trajectory h-sweep.
cylindrical_smooth,0.04,case_local_higher_order_capacity_value_full_nonfinal,paper_tfe_lower_pair_velocity_compression_higher_order_capacity_gap_not_full_tfe,,case_local_higher_order_capacity_nonfinal_full_component_value_fit,case_local_higher_order_capacity_oracle_fit,third_diff_source_rows_perp_along_active_velocity,source-row third differential along active non-final velocity rows,"0,1",1,24,8,16,24,16,256,46,6.0906529938790365e+05,1.0000000000000001e-05,16,False,True,False,False,False,False,8,132,24,28,4,8.6132133764951993e+02,3.7127280938507345e-01,3.6464473007330461e-01,2.5748614041064549e-01,2.5819888974716110e-01,7.0808342601099794e-01,9.9214876647920236e-01,2.5819888974716110e-01,6.9544249732375274e-01,9.9030198830521510e-01,7.1066752288399982e-13,1.8913227921974338e-33,True,True,True,False,True,True,False,False,False,False,False,The tested higher-order/nonlocal non-final source features do not reproduce the local correction.,derive a different nonlocal or history-dependent non-final source law for the coefficient-gradient closure,This capacity audit extends the second-differential probe with third finite differences of the source-free lower-pair row Jacobian and same-case cross-step source-row deltas. It is not a formula and not a trajectory h-sweep.
cylindrical_smooth,0.04,case_local_higher_order_capacity_value_full_nonfinal,paper_tfe_lower_pair_velocity_compression_higher_order_capacity_gap_not_full_tfe,,case_local_higher_order_capacity_nonfinal_full_component_value_fit,case_local_higher_order_capacity_oracle_fit,active_plus_third_diff_source_rows_perp,active non-final velocity plus source-row third differential,"0,1",1,24,8,16,24,16,272,54,6.0870591055868950e+05,1.0000000000000001e-05,16,False,True,False,False,False,False,8,132,24,28,4,8.6132133763837430e+02,3.7127280938507345e-01,3.6464473007330461e-01,2.5748614041063378e-01,2.5819888974716110e-01,7.0808342601099794e-01,9.9214876647920236e-01,2.5819888974716110e-01,6.9544249732375274e-01,9.9030198830521510e-01,2.5375130791165005e-13,1.8913227921974338e-33,True,True,True,False,True,True,False,False,False,False,False,The tested higher-order/nonlocal non-final source features do not reproduce the local correction.,derive a different nonlocal or history-dependent non-final source law for the coefficient-gradient closure,This capacity audit extends the second-differential probe with third finite differences of the source-free lower-pair row Jacobian and same-case cross-step source-row deltas. It is not a formula and not a trajectory h-sweep.
cylindrical_smooth,0.04,case_local_higher_order_capacity_value_full_nonfinal,paper_tfe_lower_pair_velocity_compression_higher_order_capacity_gap_not_full_tfe,,case_local_higher_order_capacity_nonfinal_full_component_value_fit,case_local_higher_order_capacity_oracle_fit,second_plus_third_diff_source_rows_perp_along_active_velocity,source-row second and third differentials along active non-final velocity rows,"0,1",1,24,8,16,24,16,512,46,1.9172867175673669e+04,1.0000000000000001e-05,16,True,True,False,False,False,False,8,132,24,28,4,8.6132133764572632e+02,3.7127280938507345e-01,3.6464473007330461e-01,2.5748614041063789e-01,2.5819888974716110e-01,7.0808342601099794e-01,9.9214876647920236e-01,2.5819888974716110e-01,6.9544249732375274e-01,9.9030198830521510e-01,6.4586761749087934e-13,1.8913227921974338e-33,True,True,True,False,True,True,False,False,False,False,False,The tested higher-order/nonlocal non-final source features do not reproduce the local correction.,derive a different nonlocal or history-dependent non-final source law for the coefficient-gradient closure,This capacity audit extends the second-differential probe with third finite differences of the source-free lower-pair row Jacobian and same-case cross-step source-row deltas. It is not a formula and not a trajectory h-sweep.
cylindrical_smooth,0.04,case_local_higher_order_capacity_value_full_nonfinal,paper_tfe_lower_pair_velocity_compression_higher_order_capacity_gap_not_full_tfe,,case_local_higher_order_capacity_nonfinal_full_component_value_fit,case_local_higher_order_capacity_oracle_fit,nonlocal_same_case_source_delta_rows_perp,same-case cross-step source-row deltas residualized against local source rows,"0,1",1,24,8,16,24,16,32,32,1.3175562190012651e+05,1.0000000000000001e-05,32,False,False,True,False,False,False,8,132,24,30,6,8.7702859083963870e+02,3.7127280938507345e-01,3.6464473007330461e-01,2.5452890940413453e-01,2.6111456000719141e-01,7.1607934647704763e-01,9.9214876691830534e-01,2.6111456000719141e-01,7.0329567209531607e-01,9.9030198874350073e-01,5.5202710485014053e-12,1.8913227921974338e-33,True,True,True,False,True,True,False,False,False,False,False,The tested higher-order/nonlocal non-final source features do not reproduce the local correction.,derive a different nonlocal or history-dependent non-final source law for the coefficient-gradient closure,This capacity audit extends the second-differential probe with third finite differences of the source-free lower-pair row Jacobian and same-case cross-step source-row deltas. It is not a formula and not a trajectory h-sweep.
cylindrical_smooth,0.04,case_local_higher_order_capacity_value_full_nonfinal,paper_tfe_lower_pair_velocity_compression_higher_order_capacity_gap_not_full_tfe,,case_local_higher_order_capacity_nonfinal_full_component_value_fit,case_local_higher_order_capacity_oracle_fit,active_plus_nonlocal_same_case_source_delta_rows_perp,active non-final velocity plus same-case nonlocal source-row deltas,"0,1",1,24,8,16,24,16,48,44,6.1813589096060710e+05,1.0000000000000001e-05,48,False,False,True,False,False,False,8,132,24,30,6,8.7409494299295375e+02,3.7127280938507345e-01,3.6464473007330461e-01,2.5745337643473709e-01,2.5823155913363316e-01,7.0817301838345725e-01,9.9214876691437104e-01,2.5823155913363322e-01,6.9553049026491698e-01,9.9030198873957376e-01,2.3510420674460278e-15,1.8913227921974338e-33,True,True,True,False,True,True,False,False,False,False,False,The tested higher-order/nonlocal non-final source features do not reproduce the local correction.,derive a different nonlocal or history-dependent non-final source law for the coefficient-gradient closure,This capacity audit extends the second-differential probe with third finite differences of the source-free lower-pair row Jacobian and same-case cross-step source-row deltas. It is not a formula and not a trajectory h-sweep.
cylindrical_smooth,0.04,case_local_higher_order_capacity_value_full_nonfinal,paper_tfe_lower_pair_velocity_compression_higher_order_capacity_gap_not_full_tfe,,case_local_higher_order_capacity_nonfinal_full_component_value_fit,case_local_higher_order_capacity_oracle_fit,higher_order_plus_nonlocal_source_rows_perp,source-row second/third differentials plus same-case nonlocal source-row deltas,"0,1",1,24,8,16,24,16,544,46,3.4124765016253918e+03,1.0000000000000001e-05,48,True,True,True,False,False,False,8,132,24,28,4,8.6132133764577281e+02,3.7127280938507345e-01,3.6464473007330461e-01,2.5748614041063761e-01,2.5819888974716110e-01,7.0808342601099794e-01,9.9214876647920236e-01,2.5819888974716110e-01,6.9544249732375274e-01,9.9030198830521510e-01,6.4581872117120666e-13,1.8913227921974338e-33,True,True,True,False,True,True,False,False,False,False,False,The tested higher-order/nonlocal non-final source features do not reproduce the local correction.,derive a different nonlocal or history-dependent non-final source law for the coefficient-gradient closure,This capacity audit extends the second-differential probe with third finite differences of the source-free lower-pair row Jacobian and same-case cross-step source-row deltas. It is not a formula and not a trajectory h-sweep.
cylindrical_smooth,0.04,universal_higher_order_capacity_value_full_nonfinal,paper_tfe_lower_pair_velocity_compression_higher_order_capacity_gap_not_full_tfe,,universal_higher_order_capacity_nonfinal_full_component_value_fit,all_case_h_higher_order_capacity_oracle_fit,third_diff_source_rows_perp_along_active_velocity,source-row third differential along active non-final velocity rows,"0,1",6,24,8,16,24,16,256,46,6.0906529938790365e+05,1.0000000000000001e-05,16,False,True,False,False,False,False,8,132,24,31,7,8.6132117349416887e+02,3.7127280938507345e-01,3.6464472482720589e-01,2.5748613133069959e-01,2.5819889139313540e-01,7.0808344071201923e-01,9.9214869370241221e-01,2.5819889139311375e-01,6.9544250175702282e-01,9.9030200126209422e-01,1.5438571163052771e-06,3.0619550613943693e-28,True,True,True,False,True,True,False,False,False,False,False,The tested higher-order/nonlocal non-final source features do not reproduce the local correction.,derive a different nonlocal or history-dependent non-final source law for the coefficient-gradient closure,This capacity audit extends the second-differential probe with third finite differences of the source-free lower-pair row Jacobian and same-case cross-step source-row deltas. It is not a formula and not a trajectory h-sweep.
cylindrical_smooth,0.04,universal_higher_order_capacity_value_full_nonfinal,paper_tfe_lower_pair_velocity_compression_higher_order_capacity_gap_not_full_tfe,,universal_higher_order_capacity_nonfinal_full_component_value_fit,all_case_h_higher_order_capacity_oracle_fit,active_plus_third_diff_source_rows_perp,active non-final velocity plus source-row third differential,"0,1",6,24,8,16,24,16,272,54,6.0870591055868950e+05,1.0000000000000001e-05,16,False,True,False,False,False,False,8,132,24,28,4,8.6132133765182073e+02,3.7127280938507345e-01,3.6464472482720589e-01,2.5748613298125594e-01,2.5819888974716110e-01,7.0808343619810687e-01,9.9214868072120055e-01,2.5819888974716110e-01,6.9544249732375274e-01,9.9030198830521510e-01,3.1651349094646961e-13,3.0619550613943693e-28,True,True,True,False,True,True,False,False,False,False,False,The tested higher-order/nonlocal non-final source features do not reproduce the local correction.,derive a different nonlocal or history-dependent non-final source law for the coefficient-gradient closure,This capacity audit extends the second-differential probe with third finite differences of the source-free lower-pair row Jacobian and same-case cross-step source-row deltas. It is not a formula and not a trajectory h-sweep.
cylindrical_smooth,0.04,universal_higher_order_capacity_value_full_nonfinal,paper_tfe_lower_pair_velocity_compression_higher_order_capacity_gap_not_full_tfe,,universal_higher_order_capacity_nonfinal_full_component_value_fit,all_case_h_higher_order_capacity_oracle_fit,second_plus_third_diff_source_rows_perp_along_active_velocity,source-row second and third differentials along active non-final velocity rows,"0,1",6,24,8,16,24,16,512,46,1.9172867175673669e+04,1.0000000000000001e-05,16,True,True,False,False,False,False,8,132,24,31,7,8.6132117349152668e+02,3.7127280938507345e-01,3.6464472482720589e-01,2.5748613133072751e-01,2.5819889139313540e-01,7.0808344071201923e-01,9.9214869370241221e-01,2.5819889139311375e-01,6.9544250175702282e-01,9.9030200126209422e-01,1.5438571163050331e-06,3.0619550613943693e-28,True,True,True,False,True,True,False,False,False,False,False,The tested higher-order/nonlocal non-final source features do not reproduce the local correction.,derive a different nonlocal or history-dependent non-final source law for the coefficient-gradient closure,This capacity audit extends the second-differential probe with third finite differences of the source-free lower-pair row Jacobian and same-case cross-step source-row deltas. It is not a formula and not a trajectory h-sweep.
cylindrical_smooth,0.04,universal_higher_order_capacity_value_full_nonfinal,paper_tfe_lower_pair_velocity_compression_higher_order_capacity_gap_not_full_tfe,,universal_higher_order_capacity_nonfinal_full_component_value_fit,all_case_h_higher_order_capacity_oracle_fit,nonlocal_same_case_source_delta_rows_perp,same-case cross-step source-row deltas residualized against local source rows,"0,1",6,24,8,16,24,16,32,32,1.3175562190012651e+05,1.0000000000000001e-05,32,False,False,True,False,False,False,8,132,24,32,8,8.7702834753057095e+02,3.7127280938507345e-01,3.6464472482720589e-01,2.5452945625753559e-01,2.6111401961902658e-01,7.1607787482119922e-01,9.9214869785979676e-01,2.6111401473913054e-01,7.0329420345003135e-01,9.9030200541162217e-01,1.7313429391525822e-06,3.0619550613943693e-28,True,True,True,False,True,True,False,False,False,False,False,The tested higher-order/nonlocal non-final source features do not reproduce the local correction.,derive a different nonlocal or history-dependent non-final source law for the coefficient-gradient closure,This capacity audit extends the second-differential probe with third finite differences of the source-free lower-pair row Jacobian and same-case cross-step source-row deltas. It is not a formula and not a trajectory h-sweep.
cylindrical_smooth,0.04,universal_higher_order_capacity_value_full_nonfinal,paper_tfe_lower_pair_velocity_compression_higher_order_capacity_gap_not_full_tfe,,universal_higher_order_capacity_nonfinal_full_component_value_fit,all_case_h_higher_order_capacity_oracle_fit,active_plus_nonlocal_same_case_source_delta_rows_perp,active non-final velocity plus same-case nonlocal source-row deltas,"0,1",6,24,8,16,24,16,48,44,6.1813589096060710e+05,1.0000000000000001e-05,48,False,False,True,False,False,False,8,132,24,30,6,8.7409494299259904e+02,3.7127280938507345e-01,3.6464472482720589e-01,2.5745336900441179e-01,2.5823155913363316e-01,7.0817302857185527e-01,9.9214868115636912e-01,2.5823155913363316e-01,6.9553049026491687e-01,9.9030198873957376e-01,2.5091703033226577e-15,3.0619550613943693e-28,True,True,True,False,True,True,False,False,False,False,False,The tested higher-order/nonlocal non-final source features do not reproduce the local correction.,derive a different nonlocal or history-dependent non-final source law for the coefficient-gradient closure,This capacity audit extends the second-differential probe with third finite differences of the source-free lower-pair row Jacobian and same-case cross-step source-row deltas. It is not a formula and not a trajectory h-sweep.
cylindrical_smooth,0.04,universal_higher_order_capacity_value_full_nonfinal,paper_tfe_lower_pair_velocity_compression_higher_order_capacity_gap_not_full_tfe,,universal_higher_order_capacity_nonfinal_full_component_value_fit,all_case_h_higher_order_capacity_oracle_fit,higher_order_plus_nonlocal_source_rows_perp,source-row second/third differentials plus same-case nonlocal source-row deltas,"0,1",6,24,8,16,24,16,544,46,3.4124765016253918e+03,1.0000000000000001e-05,48,True,True,True,False,False,False,8,132,24,31,7,8.6132117349152043e+02,3.7127280938507345e-01,3.6464472482720589e-01,2.5748613133072751e-01,2.5819889139313540e-01,7.0808344071201923e-01,9.9214869370241221e-01,2.5819889139311375e-01,6.9544250175702282e-01,9.9030200126209422e-01,1.5438571163009788e-06,3.0619550613943693e-28,True,True,True,False,True,True,False,False,False,False,False,The tested higher-order/nonlocal non-final source features do not reproduce the local correction.,derive a different nonlocal or history-dependent non-final source law for the coefficient-gradient closure,This capacity audit extends the second-differential probe with third finite differences of the source-free lower-pair row Jacobian and same-case cross-step source-row deltas. It is not a formula and not a trajectory h-sweep.
cylindrical_smooth,0.02,case_local_higher_order_capacity_value_scalar_nonfinal,paper_tfe_lower_pair_velocity_compression_higher_order_capacity_gap_not_full_tfe,,case_local_higher_order_capacity_nonfinal_stage_scalar_value_fit,case_local_higher_order_capacity_oracle_fit,third_diff_source_rows_perp_along_active_velocity,source-row third differential along active non-final velocity rows,"0,1",1,24,8,16,24,16,256,46,4.2000932252631765e+06,1.0000000000000001e-05,16,False,True,False,False,False,False,8,132,24,28,4,2.0637615856529860e+03,2.6042001459760067e-01,2.5971476305788754e-01,1.8471173437761262e-01,1.8257418583505580e-01,7.0297962151024140e-01,9.9256681659545776e-01,1.8257418583505580e-01,7.0107586053694171e-01,9.9229799549029063e-01,3.9408144753365266e-12,5.2364152976339945e-18,True,True,True,False,True,True,False,False,False,False,False,The tested higher-order/nonlocal non-final source features do not reproduce the local correction.,derive a different nonlocal or history-dependent non-final source law for the coefficient-gradient closure,This capacity audit extends the second-differential probe with third finite differences of the source-free lower-pair row Jacobian and same-case cross-step source-row deltas. It is not a formula and not a trajectory h-sweep.
cylindrical_smooth,0.02,case_local_higher_order_capacity_value_scalar_nonfinal,paper_tfe_lower_pair_velocity_compression_higher_order_capacity_gap_not_full_tfe,,case_local_higher_order_capacity_nonfinal_stage_scalar_value_fit,case_local_higher_order_capacity_oracle_fit,active_plus_third_diff_source_rows_perp,active non-final velocity plus source-row third differential,"0,1",1,24,8,16,24,16,272,54,4.1381895577911157e+06,1.0000000000000001e-05,16,False,True,False,False,False,False,8,132,24,28,4,2.0637615852954436e+03,2.6042001459760067e-01,2.5971476305788754e-01,1.8471173437780450e-01,1.8257418583505539e-01,7.0297962151023974e-01,9.9256681659545543e-01,1.8257418583505539e-01,7.0107586053694004e-01,9.9229799549028819e-01,4.8297660186562187e-12,5.2364152976339945e-18,True,True,True,False,True,True,False,False,False,False,False,The tested higher-order/nonlocal non-final source features do not reproduce the local correction.,derive a different nonlocal or history-dependent non-final source law for the coefficient-gradient closure,This capacity audit extends the second-differential probe with third finite differences of the source-free lower-pair row Jacobian and same-case cross-step source-row deltas. It is not a formula and not a trajectory h-sweep.
cylindrical_smooth,0.02,case_local_higher_order_capacity_value_scalar_nonfinal,paper_tfe_lower_pair_velocity_compression_higher_order_capacity_gap_not_full_tfe,,case_local_higher_order_capacity_nonfinal_stage_scalar_value_fit,case_local_higher_order_capacity_oracle_fit,second_plus_third_diff_source_rows_perp_along_active_velocity,source-row second and third differentials along active non-final velocity rows,"0,1",1,24,8,16,24,16,512,46,9.9324943910223068e+04,1.0000000000000001e-05,16,True,True,False,False,False,False,8,132,24,28,4,2.0637615854258888e+03,2.6042001459760067e-01,2.5971476305788754e-01,1.8471173437787028e-01,1.8257418583505580e-01,7.0297962151024140e-01,9.9256681659545776e-01,1.8257418583505580e-01,7.0107586053694171e-01,9.9229799549029063e-01,3.7104468732652330e-14,5.2364152976339945e-18,True,True,True,False,True,True,False,False,False,False,False,The tested higher-order/nonlocal non-final source features do not reproduce the local correction.,derive a different nonlocal or history-dependent non-final source law for the coefficient-gradient closure,This capacity audit extends the second-differential probe with third finite differences of the source-free lower-pair row Jacobian and same-case cross-step source-row deltas. It is not a formula and not a trajectory h-sweep.
cylindrical_smooth,0.02,case_local_higher_order_capacity_value_scalar_nonfinal,paper_tfe_lower_pair_velocity_compression_higher_order_capacity_gap_not_full_tfe,,case_local_higher_order_capacity_nonfinal_stage_scalar_value_fit,case_local_higher_order_capacity_oracle_fit,nonlocal_same_case_source_delta_rows_perp,same-case cross-step source-row deltas residualized against local source rows,"0,1",1,24,8,16,24,16,32,32,9.4740211873548047e+04,1.0000000000000001e-05,32,False,False,True,False,False,False,8,132,24,30,6,2.1006773159139693e+03,2.6042001459760067e-01,2.5971476305788754e-01,1.8268964258232059e-01,1.8459754235463097e-01,7.1077030886182713e-01,9.9256681702789640e-01,1.8459754235463094e-01,7.0884544968584640e-01,9.9229799592261214e-01,2.1030695959739480e-12,5.2364152976339945e-18,True,True,True,False,True,True,False,False,False,False,False,The tested higher-order/nonlocal non-final source features do not reproduce the local correction.,derive a different nonlocal or history-dependent non-final source law for the coefficient-gradient closure,This capacity audit extends the second-differential probe with third finite differences of the source-free lower-pair row Jacobian and same-case cross-step source-row deltas. It is not a formula and not a trajectory h-sweep.
cylindrical_smooth,0.02,case_local_higher_order_capacity_value_scalar_nonfinal,paper_tfe_lower_pair_velocity_compression_higher_order_capacity_gap_not_full_tfe,,case_local_higher_order_capacity_nonfinal_stage_scalar_value_fit,case_local_higher_order_capacity_oracle_fit,active_plus_nonlocal_same_case_source_delta_rows_perp,active non-final velocity plus same-case nonlocal source-row deltas,"0,1",1,24,8,16,24,16,48,44,3.4002780008190416e+05,1.0000000000000001e-05,48,False,False,True,False,False,False,8,132,24,30,6,2.0950279042901184e+03,2.6042001459760067e-01,2.5971476305788754e-01,1.8469520519293403e-01,1.8259090702703371e-01,7.0304400441932602e-01,9.9256681702403171e-01,1.8259090702703373e-01,7.0114006908866833e-01,9.9229799591874857e-01,2.9048202099213810e-15,5.2364152976339945e-18,True,True,True,False,True,True,False,False,False,False,False,The tested higher-order/nonlocal non-final source features do not reproduce the local correction.,derive a different nonlocal or history-dependent non-final source law for the coefficient-gradient closure,This capacity audit extends the second-differential probe with third finite differences of the source-free lower-pair row Jacobian and same-case cross-step source-row deltas. It is not a formula and not a trajectory h-sweep.
cylindrical_smooth,0.02,case_local_higher_order_capacity_value_scalar_nonfinal,paper_tfe_lower_pair_velocity_compression_higher_order_capacity_gap_not_full_tfe,,case_local_higher_order_capacity_nonfinal_stage_scalar_value_fit,case_local_higher_order_capacity_oracle_fit,higher_order_plus_nonlocal_source_rows_perp,source-row second/third differentials plus same-case nonlocal source-row deltas,"0,1",1,24,8,16,24,16,544,46,9.5123192049851423e+03,1.0000000000000001e-05,48,True,True,True,False,False,False,8,132,24,28,4,2.0637615854257638e+03,2.6042001459760067e-01,2.5971476305788754e-01,1.8471173437787081e-01,1.8257418583505580e-01,7.0297962151024140e-01,9.9256681659545776e-01,1.8257418583505580e-01,7.0107586053694171e-01,9.9229799549029063e-01,3.6556005261284856e-15,5.2364152976339945e-18,True,True,True,False,True,True,False,False,False,False,False,The tested higher-order/nonlocal non-final source features do not reproduce the local correction.,derive a different nonlocal or history-dependent non-final source law for the coefficient-gradient closure,This capacity audit extends the second-differential probe with third finite differences of the source-free lower-pair row Jacobian and same-case cross-step source-row deltas. It is not a formula and not a trajectory h-sweep.
cylindrical_smooth,0.02,universal_higher_order_capacity_value_scalar_nonfinal,paper_tfe_lower_pair_velocity_compression_higher_order_capacity_gap_not_full_tfe,,universal_higher_order_capacity_nonfinal_stage_scalar_value_fit,all_case_h_higher_order_capacity_oracle_fit,third_diff_source_rows_perp_along_active_velocity,source-row third differential along active non-final velocity rows,"0,1",6,24,8,16,24,16,256,46,4.2000932252631765e+06,1.0000000000000001e-05,16,False,True,False,False,False,False,8,132,24,28,4,2.0637615860314281e+03,2.6042001459760067e-01,2.5971476306639779e-01,1.8471173438963101e-01,1.8257418583505539e-01,7.0297962148720472e-01,9.9256681659216806e-01,1.8257418583505539e-01,7.0107586053694004e-01,9.9229799549028819e-01,2.8495248295574503e-12,5.6547069701932444e-18,True,True,True,False,True,True,False,False,False,False,False,The tested higher-order/nonlocal non-final source features do not reproduce the local correction.,derive a different nonlocal or history-dependent non-final source law for the coefficient-gradient closure,This capacity audit extends the second-differential probe with third finite differences of the source-free lower-pair row Jacobian and same-case cross-step source-row deltas. It is not a formula and not a trajectory h-sweep.
cylindrical_smooth,0.02,universal_higher_order_capacity_value_scalar_nonfinal,paper_tfe_lower_pair_velocity_compression_higher_order_capacity_gap_not_full_tfe,,universal_higher_order_capacity_nonfinal_stage_scalar_value_fit,all_case_h_higher_order_capacity_oracle_fit,active_plus_third_diff_source_rows_perp,active non-final velocity plus source-row third differential,"0,1",6,24,8,16,24,16,272,54,4.1381895577911157e+06,1.0000000000000001e-05,16,False,True,False,False,False,False,8,132,24,28,4,2.0637615844737761e+03,2.6042001459760067e-01,2.5971476306639779e-01,1.8471173438997479e-01,1.8257418583505539e-01,7.0297962148720472e-01,9.9256681659216806e-01,1.8257418583505539e-01,7.0107586053694004e-01,9.9229799549028819e-01,3.4877346671344959e-12,5.6547069701932444e-18,True,True,True,False,True,True,False,False,False,False,False,The tested higher-order/nonlocal non-final source features do not reproduce the local correction.,derive a different nonlocal or history-dependent non-final source law for the coefficient-gradient closure,This capacity audit extends the second-differential probe with third finite differences of the source-free lower-pair row Jacobian and same-case cross-step source-row deltas. It is not a formula and not a trajectory h-sweep.
cylindrical_smooth,0.02,universal_higher_order_capacity_value_scalar_nonfinal,paper_tfe_lower_pair_velocity_compression_higher_order_capacity_gap_not_full_tfe,,universal_higher_order_capacity_nonfinal_stage_scalar_value_fit,all_case_h_higher_order_capacity_oracle_fit,second_plus_third_diff_source_rows_perp_along_active_velocity,source-row second and third differentials along active non-final velocity rows,"0,1",6,24,8,16,24,16,512,46,9.9324943910223068e+04,1.0000000000000001e-05,16,True,True,False,False,False,False,8,132,24,28,4,2.0637615854613750e+03,2.6042001459760067e-01,2.5971476306639779e-01,1.8471173438983668e-01,1.8257418583505539e-01,7.0297962148720472e-01,9.9256681659216806e-01,1.8257418583505539e-01,7.0107586053694004e-01,9.9229799549028819e-01,3.5957889481393482e-14,5.6547069701932444e-18,True,True,True,False,True,True,False,False,False,False,False,The tested higher-order/nonlocal non-final source features do not reproduce the local correction.,derive a different nonlocal or history-dependent non-final source law for the coefficient-gradient closure,This capacity audit extends the second-differential probe with third finite differences of the source-free lower-pair row Jacobian and same-case cross-step source-row deltas. It is not a formula and not a trajectory h-sweep.
cylindrical_smooth,0.02,universal_higher_order_capacity_value_scalar_nonfinal,paper_tfe_lower_pair_velocity_compression_higher_order_capacity_gap_not_full_tfe,,universal_higher_order_capacity_nonfinal_stage_scalar_value_fit,all_case_h_higher_order_capacity_oracle_fit,nonlocal_same_case_source_delta_rows_perp,same-case cross-step source-row deltas residualized against local source rows,"0,1",6,24,8,16,24,16,32,32,9.4740211873548047e+04,1.0000000000000001e-05,32,False,False,True,False,False,False,8,132,24,30,6,2.1006773159531517e+03,2.6042001459760067e-01,2.5971476306639779e-01,1.8268964158922352e-01,1.8459754334945422e-01,7.1077031266898227e-01,9.9256681702460658e-01,1.8459754334945422e-01,7.0884545350591877e-01,9.9229799592260959e-01,2.0239091311455904e-12,5.6547069701932444e-18,True,True,True,False,True,True,False,False,False,False,False,The tested higher-order/nonlocal non-final source features do not reproduce the local correction.,derive a different nonlocal or history-dependent non-final source law for the coefficient-gradient closure,This capacity audit extends the second-differential probe with third finite differences of the source-free lower-pair row Jacobian and same-case cross-step source-row deltas. It is not a formula and not a trajectory h-sweep.
cylindrical_smooth,0.02,universal_higher_order_capacity_value_scalar_nonfinal,paper_tfe_lower_pair_velocity_compression_higher_order_capacity_gap_not_full_tfe,,universal_higher_order_capacity_nonfinal_stage_scalar_value_fit,all_case_h_higher_order_capacity_oracle_fit,active_plus_nonlocal_same_case_source_delta_rows_perp,active non-final velocity plus same-case nonlocal source-row deltas,"0,1",6,24,8,16,24,16,48,44,3.4002780008190416e+05,1.0000000000000001e-05,48,False,False,True,False,False,False,8,132,24,30,6,2.0950279042905995e+03,2.6042001459760067e-01,2.5971476306639779e-01,1.8469520520490110e-01,1.8259090702703371e-01,7.0304400439628889e-01,9.9256681702074445e-01,1.8259090702703373e-01,7.0114006908866833e-01,9.9229799591874857e-01,2.2120435205796508e-15,5.6547069701932444e-18,True,True,True,False,True,True,False,False,False,False,False,The tested higher-order/nonlocal non-final source features do not reproduce the local correction.,derive a different nonlocal or history-dependent non-final source law for the coefficient-gradient closure,This capacity audit extends the second-differential probe with third finite differences of the source-free lower-pair row Jacobian and same-case cross-step source-row deltas. It is not a formula and not a trajectory h-sweep.
cylindrical_smooth,0.02,universal_higher_order_capacity_value_scalar_nonfinal,paper_tfe_lower_pair_velocity_compression_higher_order_capacity_gap_not_full_tfe,,universal_higher_order_capacity_nonfinal_stage_scalar_value_fit,all_case_h_higher_order_capacity_oracle_fit,higher_order_plus_nonlocal_source_rows_perp,source-row second/third differentials plus same-case nonlocal source-row deltas,"0,1",6,24,8,16,24,16,544,46,9.5123192049851423e+03,1.0000000000000001e-05,48,True,True,True,False,False,False,8,132,24,28,4,2.0637615854630344e+03,2.6042001459760067e-01,2.5971476306639779e-01,1.8471173438983710e-01,1.8257418583505539e-01,7.0297962148720472e-01,9.9256681659216806e-01,1.8257418583505539e-01,7.0107586053694004e-01,9.9229799549028819e-01,3.7861438387046310e-15,5.6547069701932444e-18,True,True,True,False,True,True,False,False,False,False,False,The tested higher-order/nonlocal non-final source features do not reproduce the local correction.,derive a different nonlocal or history-dependent non-final source law for the coefficient-gradient closure,This capacity audit extends the second-differential probe with third finite differences of the source-free lower-pair row Jacobian and same-case cross-step source-row deltas. It is not a formula and not a trajectory h-sweep.
cylindrical_smooth,0.02,case_local_higher_order_capacity_value_component_nonfinal,paper_tfe_lower_pair_velocity_compression_higher_order_capacity_gap_not_full_tfe,,case_local_higher_order_capacity_nonfinal_component_diagonal_value_fit,case_local_higher_order_capacity_oracle_fit,third_diff_source_rows_perp_along_active_velocity,source-row third differential along active non-final velocity rows,"0,1",1,24,8,16,24,16,256,46,4.2000932252631765e+06,1.0000000000000001e-05,16,False,True,False,False,False,False,8,132,24,28,4,2.0637615989076326e+03,2.6042001459760067e-01,2.5976201820512657e-01,1.8477817178589478e-01,1.8257418583505544e-01,7.0285173751184005e-01,9.9256681660017532e-01,1.8257418583505544e-01,7.0107586053694027e-01,9.9229799549028952e-01,3.3594389228517452e-12,8.6140718810505691e-34,True,True,True,False,True,True,False,False,False,False,False,The tested higher-order/nonlocal non-final source features do not reproduce the local correction.,derive a different nonlocal or history-dependent non-final source law for the coefficient-gradient closure,This capacity audit extends the second-differential probe with third finite differences of the source-free lower-pair row Jacobian and same-case cross-step source-row deltas. It is not a formula and not a trajectory h-sweep.
cylindrical_smooth,0.02,case_local_higher_order_capacity_value_component_nonfinal,paper_tfe_lower_pair_velocity_compression_higher_order_capacity_gap_not_full_tfe,,case_local_higher_order_capacity_nonfinal_component_diagonal_value_fit,case_local_higher_order_capacity_oracle_fit,active_plus_third_diff_source_rows_perp,active non-final velocity plus source-row third differential,"0,1",1,24,8,16,24,16,272,54,4.1381895577911157e+06,1.0000000000000001e-05,16,False,True,False,False,False,False,8,132,24,28,4,2.0637615971919927e+03,2.6042001459760067e-01,2.5976201820512657e-01,1.8477817178637754e-01,1.8257418583505539e-01,7.0285173751183982e-01,9.9256681660017398e-01,1.8257418583505539e-01,7.0107586053694004e-01,9.9229799549028819e-01,5.2075380793693606e-12,8.6140718810505691e-34,True,True,True,False,True,True,False,False,False,False,False,The tested higher-order/nonlocal non-final source features do not reproduce the local correction.,derive a different nonlocal or history-dependent non-final source law for the coefficient-gradient closure,This capacity audit extends the second-differential probe with third finite differences of the source-free lower-pair row Jacobian and same-case cross-step source-row deltas. It is not a formula and not a trajectory h-sweep.
cylindrical_smooth,0.02,case_local_higher_order_capacity_value_component_nonfinal,paper_tfe_lower_pair_velocity_compression_higher_order_capacity_gap_not_full_tfe,,case_local_higher_order_capacity_nonfinal_component_diagonal_value_fit,case_local_higher_order_capacity_oracle_fit,second_plus_third_diff_source_rows_perp_along_active_velocity,source-row second and third differentials along active non-final velocity rows,"0,1",1,24,8,16,24,16,512,46,9.9324943910223068e+04,1.0000000000000001e-05,16,True,True,False,False,False,False,8,132,24,28,4,2.0637615973386555e+03,2.6042001459760067e-01,2.5976201820512657e-01,1.8477817178624464e-01,1.8257418583505544e-01,7.0285173751184005e-01,9.9256681660017532e-01,1.8257418583505544e-01,7.0107586053694027e-01,9.9229799549028952e-01,3.8318833251861252e-14,8.6140718810505691e-34,True,True,True,False,True,True,False,False,False,False,False,The tested higher-order/nonlocal non-final source features do not reproduce the local correction.,derive a different nonlocal or history-dependent non-final source law for the coefficient-gradient closure,This capacity audit extends the second-differential probe with third finite differences of the source-free lower-pair row Jacobian and same-case cross-step source-row deltas. It is not a formula and not a trajectory h-sweep.
cylindrical_smooth,0.02,case_local_higher_order_capacity_value_component_nonfinal,paper_tfe_lower_pair_velocity_compression_higher_order_capacity_gap_not_full_tfe,,case_local_higher_order_capacity_nonfinal_component_diagonal_value_fit,case_local_higher_order_capacity_oracle_fit,nonlocal_same_case_source_delta_rows_perp,same-case cross-step source-row deltas residualized against local source rows,"0,1",1,24,8,16,24,16,32,32,9.4740211873548047e+04,1.0000000000000001e-05,32,False,False,True,False,False,False,8,132,24,30,6,2.1006773282873992e+03,2.6042001459760067e-01,2.5976201820512657e-01,1.8275681441498229e-01,1.8459754301427814e-01,7.1064101014378012e-01,9.9256681703261396e-01,1.8459754301427808e-01,7.0884545221885886e-01,9.9229799592261103e-01,2.0469345815290136e-12,8.6140718810505691e-34,True,True,True,False,True,True,False,False,False,False,False,The tested higher-order/nonlocal non-final source features do not reproduce the local correction.,derive a different nonlocal or history-dependent non-final source law for the coefficient-gradient closure,This capacity audit extends the second-differential probe with third finite differences of the source-free lower-pair row Jacobian and same-case cross-step source-row deltas. It is not a formula and not a trajectory h-sweep.
cylindrical_smooth,0.02,case_local_higher_order_capacity_value_component_nonfinal,paper_tfe_lower_pair_velocity_compression_higher_order_capacity_gap_not_full_tfe,,case_local_higher_order_capacity_nonfinal_component_diagonal_value_fit,case_local_higher_order_capacity_oracle_fit,active_plus_nonlocal_same_case_source_delta_rows_perp,active non-final velocity plus same-case nonlocal source-row deltas,"0,1",1,24,8,16,24,16,48,44,3.4002780008190416e+05,1.0000000000000001e-05,48,False,False,True,False,False,False,8,132,24,30,6,2.0950279164855915e+03,2.6042001459760067e-01,2.5976201820512657e-01,1.8476164854494553e-01,1.8259090702703371e-01,7.0291610870857546e-01,9.9256681702875038e-01,1.8259090702703371e-01,7.0114006908866822e-01,9.9229799591874857e-01,2.6296874535218100e-15,8.6140718810505691e-34,True,True,True,False,True,True,False,False,False,False,False,The tested higher-order/nonlocal non-final source features do not reproduce the local correction.,derive a different nonlocal or history-dependent non-final source law for the coefficient-gradient closure,This capacity audit extends the second-differential probe with third finite differences of the source-free lower-pair row Jacobian and same-case cross-step source-row deltas. It is not a formula and not a trajectory h-sweep.
cylindrical_smooth,0.02,case_local_higher_order_capacity_value_component_nonfinal,paper_tfe_lower_pair_velocity_compression_higher_order_capacity_gap_not_full_tfe,,case_local_higher_order_capacity_nonfinal_component_diagonal_value_fit,case_local_higher_order_capacity_oracle_fit,higher_order_plus_nonlocal_source_rows_perp,source-row second/third differentials plus same-case nonlocal source-row deltas,"0,1",1,24,8,16,24,16,544,46,9.5123192049851423e+03,1.0000000000000001e-05,48,True,True,True,False,False,False,8,132,24,28,4,2.0637615973389024e+03,2.6042001459760067e-01,2.5976201820512657e-01,1.8477817178624495e-01,1.8257418583505544e-01,7.0285173751184005e-01,9.9256681660017532e-01,1.8257418583505544e-01,7.0107586053694027e-01,9.9229799549028952e-01,3.9366371806362602e-15,8.6140718810505691e-34,True,True,True,False,True,True,False,False,False,False,False,The tested higher-order/nonlocal non-final source features do not reproduce the local correction.,derive a different nonlocal or history-dependent non-final source law for the coefficient-gradient closure,This capacity audit extends the second-differential probe with third finite differences of the source-free lower-pair row Jacobian and same-case cross-step source-row deltas. It is not a formula and not a trajectory h-sweep.
cylindrical_smooth,0.02,universal_higher_order_capacity_value_component_nonfinal,paper_tfe_lower_pair_velocity_compression_higher_order_capacity_gap_not_full_tfe,,universal_higher_order_capacity_nonfinal_component_diagonal_value_fit,all_case_h_higher_order_capacity_oracle_fit,third_diff_source_rows_perp_along_active_velocity,source-row third differential along active non-final velocity rows,"0,1",6,24,8,16,24,16,256,46,4.2000932252631765e+06,1.0000000000000001e-05,16,False,True,False,False,False,False,8,132,24,28,4,2.0637616187652543e+03,2.6042001459760067e-01,2.6003035716321488e-01,1.8515521411224276e-01,1.8257418583505555e-01,7.0212642795571012e-01,9.9256681659208112e-01,1.8257418583505555e-01,7.0107586053694071e-01,9.9229799549028819e-01,3.9814153694841100e-12,5.6396941262862447e-18,True,True,True,False,True,True,False,False,False,False,False,The tested higher-order/nonlocal non-final source features do not reproduce the local correction.,derive a different nonlocal or history-dependent non-final source law for the coefficient-gradient closure,This capacity audit extends the second-differential probe with third finite differences of the source-free lower-pair row Jacobian and same-case cross-step source-row deltas. It is not a formula and not a trajectory h-sweep.
cylindrical_smooth,0.02,universal_higher_order_capacity_value_component_nonfinal,paper_tfe_lower_pair_velocity_compression_higher_order_capacity_gap_not_full_tfe,,universal_higher_order_capacity_nonfinal_component_diagonal_value_fit,all_case_h_higher_order_capacity_oracle_fit,active_plus_third_diff_source_rows_perp,active non-final velocity plus source-row third differential,"0,1",6,24,8,16,24,16,272,54,4.1381895577911157e+06,1.0000000000000001e-05,16,False,True,False,False,False,False,8,132,24,28,4,2.0637616178028202e+03,2.6042001459760067e-01,2.6003035716321488e-01,1.8515521411274805e-01,1.8257418583505539e-01,7.0212642795570945e-01,9.9256681659208112e-01,1.8257418583505539e-01,7.0107586053694004e-01,9.9229799549028819e-01,5.3604166187749590e-12,5.6396941262862447e-18,True,True,True,False,True,True,False,False,False,False,False,The tested higher-order/nonlocal non-final source features do not reproduce the local correction.,derive a different nonlocal or history-dependent non-final source law for the coefficient-gradient closure,This capacity audit extends the second-differential probe with third finite differences of the source-free lower-pair row Jacobian and same-case cross-step source-row deltas. It is not a formula and not a trajectory h-sweep.
cylindrical_smooth,0.02,universal_higher_order_capacity_value_component_nonfinal,paper_tfe_lower_pair_velocity_compression_higher_order_capacity_gap_not_full_tfe,,universal_higher_order_capacity_nonfinal_component_diagonal_value_fit,all_case_h_higher_order_capacity_oracle_fit,second_plus_third_diff_source_rows_perp_along_active_velocity,source-row second and third differentials along active non-final velocity rows,"0,1",6,24,8,16,24,16,512,46,9.9324943910223068e+04,1.0000000000000001e-05,16,True,True,False,False,False,False,8,132,24,28,4,2.0637616185801853e+03,2.6042001459760067e-01,2.6003035716321488e-01,1.8515521411263466e-01,1.8257418583505555e-01,7.0212642795571012e-01,9.9256681659208112e-01,1.8257418583505555e-01,7.0107586053694071e-01,9.9229799549028819e-01,4.8147269440697771e-14,5.6396941262862447e-18,True,True,True,False,True,True,False,False,False,False,False,The tested higher-order/nonlocal non-final source features do not reproduce the local correction.,derive a different nonlocal or history-dependent non-final source law for the coefficient-gradient closure,This capacity audit extends the second-differential probe with third finite differences of the source-free lower-pair row Jacobian and same-case cross-step source-row deltas. It is not a formula and not a trajectory h-sweep.
cylindrical_smooth,0.02,universal_higher_order_capacity_value_component_nonfinal,paper_tfe_lower_pair_velocity_compression_higher_order_capacity_gap_not_full_tfe,,universal_higher_order_capacity_nonfinal_component_diagonal_value_fit,all_case_h_higher_order_capacity_oracle_fit,nonlocal_same_case_source_delta_rows_perp,same-case cross-step source-row deltas residualized against local source rows,"0,1",6,24,8,16,24,16,32,32,9.4740211873548047e+04,1.0000000000000001e-05,32,False,False,True,False,False,False,8,132,24,30,6,2.1006773490338137e+03,2.6042001459760067e-01,2.6003035716321488e-01,1.8313801783154507e-01,1.8459754351334726e-01,7.0990766434812747e-01,9.9256681702451965e-01,1.8459754351334715e-01,7.0884545413525946e-01,9.9229799592260959e-01,1.3527147812028949e-12,5.6396941262862447e-18,True,True,True,False,True,True,False,False,False,False,False,The tested higher-order/nonlocal non-final source features do not reproduce the local correction.,derive a different nonlocal or history-dependent non-final source law for the coefficient-gradient closure,This capacity audit extends the second-differential probe with third finite differences of the source-free lower-pair row Jacobian and same-case cross-step source-row deltas. It is not a formula and not a trajectory h-sweep.
cylindrical_smooth,0.02,universal_higher_order_capacity_value_component_nonfinal,paper_tfe_lower_pair_velocity_compression_higher_order_capacity_gap_not_full_tfe,,universal_higher_order_capacity_nonfinal_component_diagonal_value_fit,all_case_h_higher_order_capacity_oracle_fit,active_plus_nonlocal_same_case_source_delta_rows_perp,active non-final velocity plus same-case nonlocal source-row deltas,"0,1",6,24,8,16,24,16,48,44,3.4002780008190416e+05,1.0000000000000001e-05,48,False,False,True,False,False,False,8,132,24,30,6,2.0950279372552700e+03,2.6042001459760067e-01,2.6003035716321488e-01,1.8513872452157193e-01,1.8259090702703371e-01,7.0219073272443233e-01,9.9256681702065752e-01,1.8259090702703371e-01,7.0114006908866822e-01,9.9229799591874857e-01,2.3240502601781547e-15,5.6396941262862447e-18,True,True,True,False,True,True,False,False,False,False,False,The tested higher-order/nonlocal non-final source features do not reproduce the local correction.,derive a different nonlocal or history-dependent non-final source law for the coefficient-gradient closure,This capacity audit extends the second-differential probe with third finite differences of the source-free lower-pair row Jacobian and same-case cross-step source-row deltas. It is not a formula and not a trajectory h-sweep.
cylindrical_smooth,0.02,universal_higher_order_capacity_value_component_nonfinal,paper_tfe_lower_pair_velocity_compression_higher_order_capacity_gap_not_full_tfe,,universal_higher_order_capacity_nonfinal_component_diagonal_value_fit,all_case_h_higher_order_capacity_oracle_fit,higher_order_plus_nonlocal_source_rows_perp,source-row second/third differentials plus same-case nonlocal source-row deltas,"0,1",6,24,8,16,24,16,544,46,9.5123192049851423e+03,1.0000000000000001e-05,48,True,True,True,False,False,False,8,132,24,28,4,2.0637616185775028e+03,2.6042001459760067e-01,2.6003035716321488e-01,1.8515521411263469e-01,1.8257418583505555e-01,7.0212642795571012e-01,9.9256681659208112e-01,1.8257418583505555e-01,7.0107586053694071e-01,9.9229799549028819e-01,4.3425219735224326e-15,5.6396941262862447e-18,True,True,True,False,True,True,False,False,False,False,False,The tested higher-order/nonlocal non-final source features do not reproduce the local correction.,derive a different nonlocal or history-dependent non-final source law for the coefficient-gradient closure,This capacity audit extends the second-differential probe with third finite differences of the source-free lower-pair row Jacobian and same-case cross-step source-row deltas. It is not a formula and not a trajectory h-sweep.
cylindrical_smooth,0.02,case_local_higher_order_capacity_value_full_nonfinal,paper_tfe_lower_pair_velocity_compression_higher_order_capacity_gap_not_full_tfe,,case_local_higher_order_capacity_nonfinal_full_component_value_fit,case_local_higher_order_capacity_oracle_fit,third_diff_source_rows_perp_along_active_velocity,source-row third differential along active non-final velocity rows,"0,1",1,24,8,16,24,16,256,46,4.2000932252631765e+06,1.0000000000000001e-05,16,False,True,False,False,False,False,8,132,24,29,5,2.0637615863446986e+03,2.6042001459760067e-01,2.5971476306666380e-01,1.8471173438995850e-01,1.8257418583505539e-01,7.0297962148648474e-01,9.9256681659154733e-01,1.8257418583505539e-01,7.0107586053694004e-01,9.9229799549028819e-01,9.4562004516160639e-11,3.8518598887744717e-34,True,True,True,False,True,True,False,False,False,False,False,The tested higher-order/nonlocal non-final source features do not reproduce the local correction.,derive a different nonlocal or history-dependent non-final source law for the coefficient-gradient closure,This capacity audit extends the second-differential probe with third finite differences of the source-free lower-pair row Jacobian and same-case cross-step source-row deltas. It is not a formula and not a trajectory h-sweep.
cylindrical_smooth,0.02,case_local_higher_order_capacity_value_full_nonfinal,paper_tfe_lower_pair_velocity_compression_higher_order_capacity_gap_not_full_tfe,,case_local_higher_order_capacity_nonfinal_full_component_value_fit,case_local_higher_order_capacity_oracle_fit,active_plus_third_diff_source_rows_perp,active non-final velocity plus source-row third differential,"0,1",1,24,8,16,24,16,272,54,4.1381895577911157e+06,1.0000000000000001e-05,16,False,True,False,False,False,False,8,132,24,28,4,2.0637615844111579e+03,2.6042001459760067e-01,2.5971476306666380e-01,1.8471173439027425e-01,1.8257418583505539e-01,7.0297962148648474e-01,9.9256681659154733e-01,1.8257418583505539e-01,7.0107586053694004e-01,9.9229799549028819e-01,3.8211577914536271e-12,3.8518598887744717e-34,True,True,True,False,True,True,False,False,False,False,False,The tested higher-order/nonlocal non-final source features do not reproduce the local correction.,derive a different nonlocal or history-dependent non-final source law for the coefficient-gradient closure,This capacity audit extends the second-differential probe with third finite differences of the source-free lower-pair row Jacobian and same-case cross-step source-row deltas. It is not a formula and not a trajectory h-sweep.
cylindrical_smooth,0.02,case_local_higher_order_capacity_value_full_nonfinal,paper_tfe_lower_pair_velocity_compression_higher_order_capacity_gap_not_full_tfe,,case_local_higher_order_capacity_nonfinal_full_component_value_fit,case_local_higher_order_capacity_oracle_fit,second_plus_third_diff_source_rows_perp_along_active_velocity,source-row second and third differentials along active non-final velocity rows,"0,1",1,24,8,16,24,16,512,46,9.9324943910223068e+04,1.0000000000000001e-05,16,True,True,False,False,False,False,8,132,24,29,5,2.0637615854584496e+03,2.6042001459760067e-01,2.5971476306666380e-01,1.8471173439021055e-01,1.8257418583505539e-01,7.0297962148648474e-01,9.9256681659154733e-01,1.8257418583505539e-01,7.0107586053694004e-01,9.9229799549028819e-01,9.4469603514138926e-11,3.8518598887744717e-34,True,True,True,False,True,True,False,False,False,False,False,The tested higher-order/nonlocal non-final source features do not reproduce the local correction.,derive a different nonlocal or history-dependent non-final source law for the coefficient-gradient closure,This capacity audit extends the second-differential probe with third finite differences of the source-free lower-pair row Jacobian and same-case cross-step source-row deltas. It is not a formula and not a trajectory h-sweep.
cylindrical_smooth,0.02,case_local_higher_order_capacity_value_full_nonfinal,paper_tfe_lower_pair_velocity_compression_higher_order_capacity_gap_not_full_tfe,,case_local_higher_order_capacity_nonfinal_full_component_value_fit,case_local_higher_order_capacity_oracle_fit,nonlocal_same_case_source_delta_rows_perp,same-case cross-step source-row deltas residualized against local source rows,"0,1",1,24,8,16,24,16,32,32,9.4740211873548047e+04,1.0000000000000001e-05,32,False,False,True,False,False,False,8,132,24,30,6,2.1006773159541881e+03,2.6042001459760067e-01,2.5971476306666380e-01,1.8268964159665801e-01,1.8459754334246467e-01,7.1077031264134194e-01,9.9256681702398675e-01,1.8459754334246464e-01,7.0884545347907912e-01,9.9229799592261048e-01,9.5566247141810653e-11,3.8518598887744717e-34,True,True,True,False,True,True,False,False,False,False,False,The tested higher-order/nonlocal non-final source features do not reproduce the local correction.,derive a different nonlocal or history-dependent non-final source law for the coefficient-gradient closure,This capacity audit extends the second-differential probe with third finite differences of the source-free lower-pair row Jacobian and same-case cross-step source-row deltas. It is not a formula and not a trajectory h-sweep.
cylindrical_smooth,0.02,case_local_higher_order_capacity_value_full_nonfinal,paper_tfe_lower_pair_velocity_compression_higher_order_capacity_gap_not_full_tfe,,case_local_higher_order_capacity_nonfinal_full_component_value_fit,case_local_higher_order_capacity_oracle_fit,active_plus_nonlocal_same_case_source_delta_rows_perp,active non-final velocity plus same-case nonlocal source-row deltas,"0,1",1,24,8,16,24,16,48,44,3.4002780008190416e+05,1.0000000000000001e-05,48,False,False,True,False,False,False,8,132,24,30,6,2.0950279042897919e+03,2.6042001459760067e-01,2.5971476306666380e-01,1.8469520520527519e-01,1.8259090702703371e-01,7.0304400439556880e-01,9.9256681702012373e-01,1.8259090702703371e-01,7.0114006908866822e-01,9.9229799591874857e-01,2.4656101154947363e-15,3.8518598887744717e-34,True,True,True,False,True,True,False,False,False,False,False,The tested higher-order/nonlocal non-final source features do not reproduce the local correction.,derive a different nonlocal or history-dependent non-final source law for the coefficient-gradient closure,This capacity audit extends the second-differential probe with third finite differences of the source-free lower-pair row Jacobian and same-case cross-step source-row deltas. It is not a formula and not a trajectory h-sweep.
cylindrical_smooth,0.02,case_local_higher_order_capacity_value_full_nonfinal,paper_tfe_lower_pair_velocity_compression_higher_order_capacity_gap_not_full_tfe,,case_local_higher_order_capacity_nonfinal_full_component_value_fit,case_local_higher_order_capacity_oracle_fit,higher_order_plus_nonlocal_source_rows_perp,source-row second/third differentials plus same-case nonlocal source-row deltas,"0,1",1,24,8,16,24,16,544,46,9.5123192049851423e+03,1.0000000000000001e-05,48,True,True,True,False,False,False,8,132,24,29,5,2.0637615854625860e+03,2.6042001459760067e-01,2.5971476306666380e-01,1.8471173439021102e-01,1.8257418583505539e-01,7.0297962148648474e-01,9.9256681659154733e-01,1.8257418583505539e-01,7.0107586053694004e-01,9.9229799549028819e-01,9.4469590059031635e-11,3.8518598887744717e-34,True,True,True,False,True,True,False,False,False,False,False,The tested higher-order/nonlocal non-final source features do not reproduce the local correction.,derive a different nonlocal or history-dependent non-final source law for the coefficient-gradient closure,This capacity audit extends the second-differential probe with third finite differences of the source-free lower-pair row Jacobian and same-case cross-step source-row deltas. It is not a formula and not a trajectory h-sweep.
cylindrical_smooth,0.02,universal_higher_order_capacity_value_full_nonfinal,paper_tfe_lower_pair_velocity_compression_higher_order_capacity_gap_not_full_tfe,,universal_higher_order_capacity_nonfinal_full_component_value_fit,all_case_h_higher_order_capacity_oracle_fit,third_diff_source_rows_perp_along_active_velocity,source-row third differential along active non-final velocity rows,"0,1",6,24,8,16,24,16,256,46,4.2000932252631765e+06,1.0000000000000001e-05,16,False,True,False,False,False,False,8,132,24,31,7,2.0637505367556842e+03,2.6042001459760067e-01,2.5971476539207483e-01,1.8471173650917039e-01,1.8257418699893493e-01,7.0297961967358424e-01,9.9256679242029022e-01,1.8257418699884304e-01,7.0107586500582719e-01,9.9229800847242300e-01,1.5438302558811001e-06,1.8174507740069540e-29,True,True,True,False,True,True,False,False,False,False,False,The tested higher-order/nonlocal non-final source features do not reproduce the local correction.,derive a different nonlocal or history-dependent non-final source law for the coefficient-gradient closure,This capacity audit extends the second-differential probe with third finite differences of the source-free lower-pair row Jacobian and same-case cross-step source-row deltas. It is not a formula and not a trajectory h-sweep.
cylindrical_smooth,0.02,universal_higher_order_capacity_value_full_nonfinal,paper_tfe_lower_pair_velocity_compression_higher_order_capacity_gap_not_full_tfe,,universal_higher_order_capacity_nonfinal_full_component_value_fit,all_case_h_higher_order_capacity_oracle_fit,active_plus_third_diff_source_rows_perp,active non-final velocity plus source-row third differential,"0,1",6,24,8,16,24,16,272,54,4.1381895577911157e+06,1.0000000000000001e-05,16,False,True,False,False,False,False,8,132,24,28,4,2.0637615852099175e+03,2.6042001459760067e-01,2.5971476539207483e-01,1.8471173765974680e-01,1.8257418583505539e-01,7.0297961519220820e-01,9.9256677943360805e-01,1.8257418583505539e-01,7.0107586053694004e-01,9.9229799549028819e-01,3.0419270227674662e-12,1.8174507740069540e-29,True,True,True,False,True,True,False,False,False,False,False,The tested higher-order/nonlocal non-final source features do not reproduce the local correction.,derive a different nonlocal or history-dependent non-final source law for the coefficient-gradient closure,This capacity audit extends the second-differential probe with third finite differences of the source-free lower-pair row Jacobian and same-case cross-step source-row deltas. It is not a formula and not a trajectory h-sweep.
cylindrical_smooth,0.02,universal_higher_order_capacity_value_full_nonfinal,paper_tfe_lower_pair_velocity_compression_higher_order_capacity_gap_not_full_tfe,,universal_higher_order_capacity_nonfinal_full_component_value_fit,all_case_h_higher_order_capacity_oracle_fit,second_plus_third_diff_source_rows_perp_along_active_velocity,source-row second and third differentials along active non-final velocity rows,"0,1",6,24,8,16,24,16,512,46,9.9324943910223068e+04,1.0000000000000001e-05,16,True,True,False,False,False,False,8,132,24,31,7,2.0637505374129387e+03,2.6042001459760067e-01,2.5971476539207483e-01,1.8471173650945438e-01,1.8257418699893493e-01,7.0297961967358424e-01,9.9256679242029022e-01,1.8257418699884304e-01,7.0107586500582719e-01,9.9229800847242300e-01,1.5438302573375682e-06,1.8174507740069540e-29,True,True,True,False,True,True,False,False,False,False,False,The tested higher-order/nonlocal non-final source features do not reproduce the local correction.,derive a different nonlocal or history-dependent non-final source law for the coefficient-gradient closure,This capacity audit extends the second-differential probe with third finite differences of the source-free lower-pair row Jacobian and same-case cross-step source-row deltas. It is not a formula and not a trajectory h-sweep.
cylindrical_smooth,0.02,universal_higher_order_capacity_value_full_nonfinal,paper_tfe_lower_pair_velocity_compression_higher_order_capacity_gap_not_full_tfe,,universal_higher_order_capacity_nonfinal_full_component_value_fit,all_case_h_higher_order_capacity_oracle_fit,nonlocal_same_case_source_delta_rows_perp,same-case cross-step source-row deltas residualized against local source rows,"0,1",6,24,8,16,24,16,32,32,9.4740211873548047e+04,1.0000000000000001e-05,32,False,False,True,False,False,False,8,132,24,32,8,2.1006604622435048e+03,2.6042001459760067e-01,2.5971476539207483e-01,1.8269002306920229e-01,1.8459716908352580e-01,7.1076886523895255e-01,9.9256679655235225e-01,1.8459714854276923e-01,7.0884393746773866e-01,9.9229801260265804e-01,1.7302674295607348e-06,1.8174507740069540e-29,True,True,True,False,True,True,False,False,False,False,False,The tested higher-order/nonlocal non-final source features do not reproduce the local correction.,derive a different nonlocal or history-dependent non-final source law for the coefficient-gradient closure,This capacity audit extends the second-differential probe with third finite differences of the source-free lower-pair row Jacobian and same-case cross-step source-row deltas. It is not a formula and not a trajectory h-sweep.
cylindrical_smooth,0.02,universal_higher_order_capacity_value_full_nonfinal,paper_tfe_lower_pair_velocity_compression_higher_order_capacity_gap_not_full_tfe,,universal_higher_order_capacity_nonfinal_full_component_value_fit,all_case_h_higher_order_capacity_oracle_fit,active_plus_nonlocal_same_case_source_delta_rows_perp,active non-final velocity plus same-case nonlocal source-row deltas,"0,1",6,24,8,16,24,16,48,44,3.4002780008190416e+05,1.0000000000000001e-05,48,False,False,True,False,False,False,8,132,24,30,6,2.0950279042900529e+03,2.6042001459760067e-01,2.5971476539207483e-01,1.8469520847522253e-01,1.8259090702703371e-01,7.0304399810071583e-01,9.9256677986218445e-01,1.8259090702703371e-01,7.0114006908866822e-01,9.9229799591874857e-01,2.6319053302713637e-15,1.8174507740069540e-29,True,True,True,False,True,True,False,False,False,False,False,The tested higher-order/nonlocal non-final source features do not reproduce the local correction.,derive a different nonlocal or history-dependent non-final source law for the coefficient-gradient closure,This capacity audit extends the second-differential probe with third finite differences of the source-free lower-pair row Jacobian and same-case cross-step source-row deltas. It is not a formula and not a trajectory h-sweep.
cylindrical_smooth,0.02,universal_higher_order_capacity_value_full_nonfinal,paper_tfe_lower_pair_velocity_compression_higher_order_capacity_gap_not_full_tfe,,universal_higher_order_capacity_nonfinal_full_component_value_fit,all_case_h_higher_order_capacity_oracle_fit,higher_order_plus_nonlocal_source_rows_perp,source-row second/third differentials plus same-case nonlocal source-row deltas,"0,1",6,24,8,16,24,16,544,46,9.5123192049851423e+03,1.0000000000000001e-05,48,True,True,True,False,False,False,8,132,24,31,7,2.0637505374113316e+03,2.6042001459760067e-01,2.5971476539207483e-01,1.8471173650945494e-01,1.8257418699893493e-01,7.0297961967358424e-01,9.9256679242029022e-01,1.8257418699884304e-01,7.0107586500582719e-01,9.9229800847242300e-01,1.5438302573949739e-06,1.8174507740069540e-29,True,True,True,False,True,True,False,False,False,False,False,The tested higher-order/nonlocal non-final source features do not reproduce the local correction.,derive a different nonlocal or history-dependent non-final source law for the coefficient-gradient closure,This capacity audit extends the second-differential probe with third finite differences of the source-free lower-pair row Jacobian and same-case cross-step source-row deltas. It is not a formula and not a trajectory h-sweep.
cylindrical_smooth,0.01,case_local_higher_order_capacity_value_scalar_nonfinal,paper_tfe_lower_pair_velocity_compression_higher_order_capacity_gap_not_full_tfe,,case_local_higher_order_capacity_nonfinal_stage_scalar_value_fit,case_local_higher_order_capacity_oracle_fit,third_diff_source_rows_perp_along_active_velocity,source-row third differential along active non-final velocity rows,"0,1",1,24,8,16,24,16,256,46,3.9277456655375540e+07,1.0000000000000001e-05,16,False,True,False,False,False,False,8,132,24,28,4,1.1525155803506645e+04,1.8390267947137043e-01,1.8388667796229685e-01,1.3094901169768597e-01,1.2909944487639252e-01,7.0205980284695979e-01,9.9263212788147992e-01,1.2909944487639249e-01,7.0199871610076470e-01,9.9262348048964033e-01,4.0741339208483335e-11,1.4501435478675553e-18,True,True,True,False,True,True,False,False,False,False,False,The tested higher-order/nonlocal non-final source features do not reproduce the local correction.,derive a different nonlocal or history-dependent non-final source law for the coefficient-gradient closure,This capacity audit extends the second-differential probe with third finite differences of the source-free lower-pair row Jacobian and same-case cross-step source-row deltas. It is not a formula and not a trajectory h-sweep.
cylindrical_smooth,0.01,case_local_higher_order_capacity_value_scalar_nonfinal,paper_tfe_lower_pair_velocity_compression_higher_order_capacity_gap_not_full_tfe,,case_local_higher_order_capacity_nonfinal_stage_scalar_value_fit,case_local_higher_order_capacity_oracle_fit,active_plus_third_diff_source_rows_perp,active non-final velocity plus source-row third differential,"0,1",1,24,8,16,24,16,272,54,3.9148259784882419e+07,1.0000000000000001e-05,16,False,True,False,False,False,False,8,132,24,29,5,1.1525216215964821e+04,1.8390267947137043e-01,1.8388667796229685e-01,1.3094901170029816e-01,1.2909944487358055e-01,7.0205980283166791e-01,9.9263212785985910e-01,1.2909944487358055e-01,7.0199871608547426e-01,9.9262348046801974e-01,6.9391071642428527e-11,1.4501435478675553e-18,True,True,True,False,True,True,False,False,False,False,False,The tested higher-order/nonlocal non-final source features do not reproduce the local correction.,derive a different nonlocal or history-dependent non-final source law for the coefficient-gradient closure,This capacity audit extends the second-differential probe with third finite differences of the source-free lower-pair row Jacobian and same-case cross-step source-row deltas. It is not a formula and not a trajectory h-sweep.
cylindrical_smooth,0.01,case_local_higher_order_capacity_value_scalar_nonfinal,paper_tfe_lower_pair_velocity_compression_higher_order_capacity_gap_not_full_tfe,,case_local_higher_order_capacity_nonfinal_stage_scalar_value_fit,case_local_higher_order_capacity_oracle_fit,second_plus_third_diff_source_rows_perp_along_active_velocity,source-row second and third differentials along active non-final velocity rows,"0,1",1,24,8,16,24,16,512,46,1.2419215589946485e+06,1.0000000000000001e-05,16,True,True,False,False,False,False,8,132,24,28,4,1.1525155889720654e+04,1.8390267947137043e-01,1.8388667796229685e-01,1.3094901169774675e-01,1.2909944487639252e-01,7.0205980284695979e-01,9.9263212788147992e-01,1.2909944487639249e-01,7.0199871610076470e-01,9.9262348048964033e-01,8.9944774515231648e-13,1.4501435478675553e-18,True,True,True,False,True,True,False,False,False,False,False,The tested higher-order/nonlocal non-final source features do not reproduce the local correction.,derive a different nonlocal or history-dependent non-final source law for the coefficient-gradient closure,This capacity audit extends the second-differential probe with third finite differences of the source-free lower-pair row Jacobian and same-case cross-step source-row deltas. It is not a formula and not a trajectory h-sweep.
cylindrical_smooth,0.01,case_local_higher_order_capacity_value_scalar_nonfinal,paper_tfe_lower_pair_velocity_compression_higher_order_capacity_gap_not_full_tfe,,case_local_higher_order_capacity_nonfinal_stage_scalar_value_fit,case_local_higher_order_capacity_oracle_fit,nonlocal_same_case_source_delta_rows_perp,same-case cross-step source-row deltas residualized against local source rows,"0,1",1,24,8,16,24,16,32,32,1.4704674775183277e+05,1.0000000000000001e-05,32,False,False,True,False,False,False,8,132,24,30,6,1.1729406701902564e+04,1.8390267947137043e-01,1.8388667796229685e-01,1.2953247320501823e-01,1.3052068310190185e-01,7.0978868370585890e-01,9.9263212831353420e-01,1.3052068310184928e-01,7.0972692446369956e-01,9.9262348092169084e-01,2.9019768131917349e-12,1.4501435478675553e-18,True,True,True,False,True,True,False,False,False,False,False,The tested higher-order/nonlocal non-final source features do not reproduce the local correction.,derive a different nonlocal or history-dependent non-final source law for the coefficient-gradient closure,This capacity audit extends the second-differential probe with third finite differences of the source-free lower-pair row Jacobian and same-case cross-step source-row deltas. It is not a formula and not a trajectory h-sweep.
cylindrical_smooth,0.01,case_local_higher_order_capacity_value_scalar_nonfinal,paper_tfe_lower_pair_velocity_compression_higher_order_capacity_gap_not_full_tfe,,case_local_higher_order_capacity_nonfinal_stage_scalar_value_fit,case_local_higher_order_capacity_oracle_fit,active_plus_nonlocal_same_case_source_delta_rows_perp,active non-final velocity plus same-case nonlocal source-row deltas,"0,1",1,24,8,16,24,16,48,44,2.0288289640885638e+05,1.0000000000000001e-05,48,False,False,True,False,False,False,8,132,24,30,6,1.1690259327027552e+04,1.8390267947137043e-01,1.8388667796229685e-01,1.3093756103236301e-01,1.2911105856163455e-01,7.0212295959855664e-01,9.9263212828814529e-01,1.2911105856163455e-01,7.0206186735704568e-01,9.9262348089630226e-01,6.6186537323265651e-15,1.4501435478675553e-18,True,True,True,False,True,True,False,False,False,False,False,The tested higher-order/nonlocal non-final source features do not reproduce the local correction.,derive a different nonlocal or history-dependent non-final source law for the coefficient-gradient closure,This capacity audit extends the second-differential probe with third finite differences of the source-free lower-pair row Jacobian and same-case cross-step source-row deltas. It is not a formula and not a trajectory h-sweep.
cylindrical_smooth,0.01,case_local_higher_order_capacity_value_scalar_nonfinal,paper_tfe_lower_pair_velocity_compression_higher_order_capacity_gap_not_full_tfe,,case_local_higher_order_capacity_nonfinal_stage_scalar_value_fit,case_local_higher_order_capacity_oracle_fit,higher_order_plus_nonlocal_source_rows_perp,source-row second/third differentials plus same-case nonlocal source-row deltas,"0,1",1,24,8,16,24,16,544,46,1.0326984411885800e+04,1.0000000000000001e-05,48,True,True,True,False,False,False,8,132,24,28,4,1.1525155891280798e+04,1.8390267947137043e-01,1.8388667796229685e-01,1.3094901169774731e-01,1.2909944487639252e-01,7.0205980284695979e-01,9.9263212788147992e-01,1.2909944487639249e-01,7.0199871610076470e-01,9.9262348048964033e-01,4.4096089940890775e-15,1.4501435478675553e-18,True,True,True,False,True,True,False,False,False,False,False,The tested higher-order/nonlocal non-final source features do not reproduce the local correction.,derive a different nonlocal or history-dependent non-final source law for the coefficient-gradient closure,This capacity audit extends the second-differential probe with third finite differences of the source-free lower-pair row Jacobian and same-case cross-step source-row deltas. It is not a formula and not a trajectory h-sweep.
cylindrical_smooth,0.01,universal_higher_order_capacity_value_scalar_nonfinal,paper_tfe_lower_pair_velocity_compression_higher_order_capacity_gap_not_full_tfe,,universal_higher_order_capacity_nonfinal_stage_scalar_value_fit,all_case_h_higher_order_capacity_oracle_fit,third_diff_source_rows_perp_along_active_velocity,source-row third differential along active non-final velocity rows,"0,1",6,24,8,16,24,16,256,46,3.9277456655375540e+07,1.0000000000000001e-05,16,False,True,False,False,False,False,8,132,24,28,4,1.1525215575002412e+04,1.8390267947137043e-01,1.8388667815555412e-01,1.3094901197179315e-01,1.2909944487358055e-01,7.0205980209383223e-01,9.9263212777494936e-01,1.2909944487358055e-01,7.0199871608547426e-01,9.9262348046801974e-01,4.4266037039380840e-11,1.6433765094034822e-18,True,True,True,False,True,True,False,False,False,False,False,The tested higher-order/nonlocal non-final source features do not reproduce the local correction.,derive a different nonlocal or history-dependent non-final source law for the coefficient-gradient closure,This capacity audit extends the second-differential probe with third finite differences of the source-free lower-pair row Jacobian and same-case cross-step source-row deltas. It is not a formula and not a trajectory h-sweep.
cylindrical_smooth,0.01,universal_higher_order_capacity_value_scalar_nonfinal,paper_tfe_lower_pair_velocity_compression_higher_order_capacity_gap_not_full_tfe,,universal_higher_order_capacity_nonfinal_stage_scalar_value_fit,all_case_h_higher_order_capacity_oracle_fit,active_plus_third_diff_source_rows_perp,active non-final velocity plus source-row third differential,"0,1",6,24,8,16,24,16,272,54,3.9148259784882419e+07,1.0000000000000001e-05,16,False,True,False,False,False,False,8,132,24,29,5,1.1525215807563258e+04,1.8390267947137043e-01,1.8388667815555412e-01,1.3094901197173658e-01,1.2909944487358055e-01,7.0205980209383223e-01,9.9263212777494936e-01,1.2909944487358055e-01,7.0199871608547426e-01,9.9262348046801974e-01,7.1127275060253336e-11,1.6433765094034822e-18,True,True,True,False,True,True,False,False,False,False,False,The tested higher-order/nonlocal non-final source features do not reproduce the local correction.,derive a different nonlocal or history-dependent non-final source law for the coefficient-gradient closure,This capacity audit extends the second-differential probe with third finite differences of the source-free lower-pair row Jacobian and same-case cross-step source-row deltas. It is not a formula and not a trajectory h-sweep.
cylindrical_smooth,0.01,universal_higher_order_capacity_value_scalar_nonfinal,paper_tfe_lower_pair_velocity_compression_higher_order_capacity_gap_not_full_tfe,,universal_higher_order_capacity_nonfinal_stage_scalar_value_fit,all_case_h_higher_order_capacity_oracle_fit,second_plus_third_diff_source_rows_perp_along_active_velocity,source-row second and third differentials along active non-final velocity rows,"0,1",6,24,8,16,24,16,512,46,1.2419215589946485e+06,1.0000000000000001e-05,16,True,True,False,False,False,False,8,132,24,28,4,1.1525215929175072e+04,1.8390267947137043e-01,1.8388667815555412e-01,1.3094901197190131e-01,1.2909944487358055e-01,7.0205980209383223e-01,9.9263212777494936e-01,1.2909944487358055e-01,7.0199871608547426e-01,9.9262348046801974e-01,7.0041439268976130e-13,1.6433765094034822e-18,True,True,True,False,True,True,False,False,False,False,False,The tested higher-order/nonlocal non-final source features do not reproduce the local correction.,derive a different nonlocal or history-dependent non-final source law for the coefficient-gradient closure,This capacity audit extends the second-differential probe with third finite differences of the source-free lower-pair row Jacobian and same-case cross-step source-row deltas. It is not a formula and not a trajectory h-sweep.
cylindrical_smooth,0.01,universal_higher_order_capacity_value_scalar_nonfinal,paper_tfe_lower_pair_velocity_compression_higher_order_capacity_gap_not_full_tfe,,universal_higher_order_capacity_nonfinal_stage_scalar_value_fit,all_case_h_higher_order_capacity_oracle_fit,nonlocal_same_case_source_delta_rows_perp,same-case cross-step source-row deltas residualized against local source rows,"0,1",6,24,8,16,24,16,32,32,1.4704674775183277e+05,1.0000000000000001e-05,32,False,False,True,False,False,False,8,132,24,30,6,1.1729470761302062e+04,1.8390267947137043e-01,1.8388667815555412e-01,1.2953253804653736e-01,1.3052061902357290e-01,7.0978833449349932e-01,9.9263212820701374e-01,1.3052061902357293e-01,7.0972657602790445e-01,9.9262348090008046e-01,2.7585157710035987e-12,1.6433765094034822e-18,True,True,True,False,True,True,False,False,False,False,False,The tested higher-order/nonlocal non-final source features do not reproduce the local correction.,derive a different nonlocal or history-dependent non-final source law for the coefficient-gradient closure,This capacity audit extends the second-differential probe with third finite differences of the source-free lower-pair row Jacobian and same-case cross-step source-row deltas. It is not a formula and not a trajectory h-sweep.
cylindrical_smooth,0.01,universal_higher_order_capacity_value_scalar_nonfinal,paper_tfe_lower_pair_velocity_compression_higher_order_capacity_gap_not_full_tfe,,universal_higher_order_capacity_nonfinal_stage_scalar_value_fit,all_case_h_higher_order_capacity_oracle_fit,active_plus_nonlocal_same_case_source_delta_rows_perp,active non-final velocity plus same-case nonlocal source-row deltas,"0,1",6,24,8,16,24,16,48,44,2.0288289640885638e+05,1.0000000000000001e-05,48,False,False,True,False,False,False,8,132,24,30,6,1.1690259327001982e+04,1.8390267947137043e-01,1.8388667815555412e-01,1.3093756130377071e-01,1.2911105856163455e-01,7.0212295886065457e-01,9.9263212820323554e-01,1.2911105856163455e-01,7.0206186735704568e-01,9.9262348089630226e-01,2.3857694160247964e-15,1.6433765094034822e-18,True,True,True,False,True,True,False,False,False,False,False,The tested higher-order/nonlocal non-final source features do not reproduce the local correction.,derive a different nonlocal or history-dependent non-final source law for the coefficient-gradient closure,This capacity audit extends the second-differential probe with third finite differences of the source-free lower-pair row Jacobian and same-case cross-step source-row deltas. It is not a formula and not a trajectory h-sweep.
cylindrical_smooth,0.01,universal_higher_order_capacity_value_scalar_nonfinal,paper_tfe_lower_pair_velocity_compression_higher_order_capacity_gap_not_full_tfe,,universal_higher_order_capacity_nonfinal_stage_scalar_value_fit,all_case_h_higher_order_capacity_oracle_fit,higher_order_plus_nonlocal_source_rows_perp,source-row second/third differentials plus same-case nonlocal source-row deltas,"0,1",6,24,8,16,24,16,544,46,1.0326984411885800e+04,1.0000000000000001e-05,48,True,True,True,False,False,False,8,132,24,28,4,1.1525215929725196e+04,1.8390267947137043e-01,1.8388667815555412e-01,1.3094901197190342e-01,1.2909944487358055e-01,7.0205980209383223e-01,9.9263212777494936e-01,1.2909944487358055e-01,7.0199871608547426e-01,9.9262348046801974e-01,4.3720760861680716e-15,1.6433765094034822e-18,True,True,True,False,True,True,False,False,False,False,False,The tested higher-order/nonlocal non-final source features do not reproduce the local correction.,derive a different nonlocal or history-dependent non-final source law for the coefficient-gradient closure,This capacity audit extends the second-differential probe with third finite differences of the source-free lower-pair row Jacobian and same-case cross-step source-row deltas. It is not a formula and not a trajectory h-sweep.
cylindrical_smooth,0.01,case_local_higher_order_capacity_value_component_nonfinal,paper_tfe_lower_pair_velocity_compression_higher_order_capacity_gap_not_full_tfe,,case_local_higher_order_capacity_nonfinal_component_diagonal_value_fit,case_local_higher_order_capacity_oracle_fit,third_diff_source_rows_perp_along_active_velocity,source-row third differential along active non-final velocity rows,"0,1",1,24,8,16,24,16,256,46,3.9277456655375540e+07,1.0000000000000001e-05,16,False,True,False,False,False,False,8,132,24,28,4,1.1525215394948602e+04,1.8390267947137043e-01,1.8401235660084056e-01,1.3112543885556935e-01,1.2909944487362404e-01,7.0158030285795669e-01,9.9263212778446475e-01,1.2909944487362404e-01,7.0199871608571074e-01,9.9262348046859727e-01,3.3898737408324670e-11,9.7232345226756130e-35,True,True,True,False,True,True,False,False,False,False,False,The tested higher-order/nonlocal non-final source features do not reproduce the local correction.,derive a different nonlocal or history-dependent non-final source law for the coefficient-gradient closure,This capacity audit extends the second-differential probe with third finite differences of the source-free lower-pair row Jacobian and same-case cross-step source-row deltas. It is not a formula and not a trajectory h-sweep.
cylindrical_smooth,0.01,case_local_higher_order_capacity_value_component_nonfinal,paper_tfe_lower_pair_velocity_compression_higher_order_capacity_gap_not_full_tfe,,case_local_higher_order_capacity_nonfinal_component_diagonal_value_fit,case_local_higher_order_capacity_oracle_fit,active_plus_third_diff_source_rows_perp,active non-final velocity plus source-row third differential,"0,1",1,24,8,16,24,16,272,54,3.9148259784882419e+07,1.0000000000000001e-05,16,False,True,False,False,False,False,8,132,24,29,5,1.1525215680065452e+04,1.8390267947137043e-01,1.8401235660084056e-01,1.3112543885563946e-01,1.2909944487358055e-01,7.0158030285772033e-01,9.9263212778388721e-01,1.2909944487358055e-01,7.0199871608547426e-01,9.9262348046801974e-01,6.0543066151275337e-11,9.7232345226756130e-35,True,True,True,False,True,True,False,False,False,False,False,The tested higher-order/nonlocal non-final source features do not reproduce the local correction.,derive a different nonlocal or history-dependent non-final source law for the coefficient-gradient closure,This capacity audit extends the second-differential probe with third finite differences of the source-free lower-pair row Jacobian and same-case cross-step source-row deltas. It is not a formula and not a trajectory h-sweep.
cylindrical_smooth,0.01,case_local_higher_order_capacity_value_component_nonfinal,paper_tfe_lower_pair_velocity_compression_higher_order_capacity_gap_not_full_tfe,,case_local_higher_order_capacity_nonfinal_component_diagonal_value_fit,case_local_higher_order_capacity_oracle_fit,second_plus_third_diff_source_rows_perp_along_active_velocity,source-row second and third differentials along active non-final velocity rows,"0,1",1,24,8,16,24,16,512,46,1.2419215589946485e+06,1.0000000000000001e-05,16,True,True,False,False,False,False,8,132,24,28,4,1.1525215354237909e+04,1.8390267947137043e-01,1.8401235660084056e-01,1.3112543885576480e-01,1.2909944487362404e-01,7.0158030285795669e-01,9.9263212778446475e-01,1.2909944487362404e-01,7.0199871608571074e-01,9.9262348046859727e-01,1.1137761886193514e-12,9.7232345226756130e-35,True,True,True,False,True,True,False,False,False,False,False,The tested higher-order/nonlocal non-final source features do not reproduce the local correction.,derive a different nonlocal or history-dependent non-final source law for the coefficient-gradient closure,This capacity audit extends the second-differential probe with third finite differences of the source-free lower-pair row Jacobian and same-case cross-step source-row deltas. It is not a formula and not a trajectory h-sweep.
cylindrical_smooth,0.01,case_local_higher_order_capacity_value_component_nonfinal,paper_tfe_lower_pair_velocity_compression_higher_order_capacity_gap_not_full_tfe,,case_local_higher_order_capacity_nonfinal_component_diagonal_value_fit,case_local_higher_order_capacity_oracle_fit,nonlocal_same_case_source_delta_rows_perp,same-case cross-step source-row deltas residualized against local source rows,"0,1",1,24,8,16,24,16,32,32,1.4704674775183277e+05,1.0000000000000001e-05,32,False,False,True,False,False,False,8,132,24,30,6,1.1729470145284318e+04,1.8390267947137043e-01,1.8401235660084056e-01,1.2971088979917278e-01,1.3052062078189611e-01,7.0930356630898062e-01,9.9263212821652691e-01,1.3052062078184012e-01,7.0972658558876134e-01,9.9262348090065555e-01,2.5940083370805799e-12,9.7232345226756130e-35,True,True,True,False,True,True,False,False,False,False,False,The tested higher-order/nonlocal non-final source features do not reproduce the local correction.,derive a different nonlocal or history-dependent non-final source law for the coefficient-gradient closure,This capacity audit extends the second-differential probe with third finite differences of the source-free lower-pair row Jacobian and same-case cross-step source-row deltas. It is not a formula and not a trajectory h-sweep.
cylindrical_smooth,0.01,case_local_higher_order_capacity_value_component_nonfinal,paper_tfe_lower_pair_velocity_compression_higher_order_capacity_gap_not_full_tfe,,case_local_higher_order_capacity_nonfinal_component_diagonal_value_fit,case_local_higher_order_capacity_oracle_fit,active_plus_nonlocal_same_case_source_delta_rows_perp,active non-final velocity plus same-case nonlocal source-row deltas,"0,1",1,24,8,16,24,16,48,44,2.0288289640885638e+05,1.0000000000000001e-05,48,False,False,True,False,False,False,8,132,24,30,6,1.1690259360068716e+04,1.8390267947137043e-01,1.8401235660084056e-01,1.3111400359568490e-01,1.2911105856163455e-01,7.0164341648915529e-01,9.9263212821217350e-01,1.2911105856163455e-01,7.0206186735704568e-01,9.9262348089630226e-01,2.0810758937374031e-15,9.7232345226756130e-35,True,True,True,False,True,True,False,False,False,False,False,The tested higher-order/nonlocal non-final source features do not reproduce the local correction.,derive a different nonlocal or history-dependent non-final source law for the coefficient-gradient closure,This capacity audit extends the second-differential probe with third finite differences of the source-free lower-pair row Jacobian and same-case cross-step source-row deltas. It is not a formula and not a trajectory h-sweep.
cylindrical_smooth,0.01,case_local_higher_order_capacity_value_component_nonfinal,paper_tfe_lower_pair_velocity_compression_higher_order_capacity_gap_not_full_tfe,,case_local_higher_order_capacity_nonfinal_component_diagonal_value_fit,case_local_higher_order_capacity_oracle_fit,higher_order_plus_nonlocal_source_rows_perp,source-row second/third differentials plus same-case nonlocal source-row deltas,"0,1",1,24,8,16,24,16,544,46,1.0326984411885800e+04,1.0000000000000001e-05,48,True,True,True,False,False,False,8,132,24,28,4,1.1525215353671858e+04,1.8390267947137043e-01,1.8401235660084056e-01,1.3112543885576525e-01,1.2909944487362404e-01,7.0158030285795669e-01,9.9263212778446475e-01,1.2909944487362404e-01,7.0199871608571074e-01,9.9262348046859727e-01,2.5901823257210001e-15,9.7232345226756130e-35,True,True,True,False,True,True,False,False,False,False,False,The tested higher-order/nonlocal non-final source features do not reproduce the local correction.,derive a different nonlocal or history-dependent non-final source law for the coefficient-gradient closure,This capacity audit extends the second-differential probe with third finite differences of the source-free lower-pair row Jacobian and same-case cross-step source-row deltas. It is not a formula and not a trajectory h-sweep.
cylindrical_smooth,0.01,universal_higher_order_capacity_value_component_nonfinal,paper_tfe_lower_pair_velocity_compression_higher_order_capacity_gap_not_full_tfe,,universal_higher_order_capacity_nonfinal_component_diagonal_value_fit,all_case_h_higher_order_capacity_oracle_fit,third_diff_source_rows_perp_along_active_velocity,source-row third differential along active non-final velocity rows,"0,1",6,24,8,16,24,16,256,46,3.9277456655375540e+07,1.0000000000000001e-05,16,False,True,False,False,False,False,8,132,24,28,4,1.1525216004972119e+04,1.8390267947137043e-01,1.8411674096983208e-01,1.3127188441790430e-01,1.2909944487358069e-01,7.0118254425725424e-01,9.9263212777495424e-01,1.2909944487358069e-01,7.0199871608547504e-01,9.9262348046801974e-01,2.6177730091685606e-11,1.6450722467175256e-18,True,True,True,False,True,True,False,False,False,False,False,The tested higher-order/nonlocal non-final source features do not reproduce the local correction.,derive a different nonlocal or history-dependent non-final source law for the coefficient-gradient closure,This capacity audit extends the second-differential probe with third finite differences of the source-free lower-pair row Jacobian and same-case cross-step source-row deltas. It is not a formula and not a trajectory h-sweep.
cylindrical_smooth,0.01,universal_higher_order_capacity_value_component_nonfinal,paper_tfe_lower_pair_velocity_compression_higher_order_capacity_gap_not_full_tfe,,universal_higher_order_capacity_nonfinal_component_diagonal_value_fit,all_case_h_higher_order_capacity_oracle_fit,active_plus_third_diff_source_rows_perp,active non-final velocity plus source-row third differential,"0,1",6,24,8,16,24,16,272,54,3.9148259784882419e+07,1.0000000000000001e-05,16,False,True,False,False,False,False,8,132,24,29,5,1.1525215962797376e+04,1.8390267947137043e-01,1.8411674096983208e-01,1.3127188441805840e-01,1.2909944487358055e-01,7.0118254425725346e-01,9.9263212777495424e-01,1.2909944487358055e-01,7.0199871608547426e-01,9.9262348046801974e-01,1.2066281162987555e-10,1.6450722467175256e-18,True,True,True,False,True,True,False,False,False,False,False,The tested higher-order/nonlocal non-final source features do not reproduce the local correction.,derive a different nonlocal or history-dependent non-final source law for the coefficient-gradient closure,This capacity audit extends the second-differential probe with third finite differences of the source-free lower-pair row Jacobian and same-case cross-step source-row deltas. It is not a formula and not a trajectory h-sweep.
cylindrical_smooth,0.01,universal_higher_order_capacity_value_component_nonfinal,paper_tfe_lower_pair_velocity_compression_higher_order_capacity_gap_not_full_tfe,,universal_higher_order_capacity_nonfinal_component_diagonal_value_fit,all_case_h_higher_order_capacity_oracle_fit,second_plus_third_diff_source_rows_perp_along_active_velocity,source-row second and third differentials along active non-final velocity rows,"0,1",6,24,8,16,24,16,512,46,1.2419215589946485e+06,1.0000000000000001e-05,16,True,True,False,False,False,False,8,132,24,28,4,1.1525216148435387e+04,1.8390267947137043e-01,1.8411674096983208e-01,1.3127188441812424e-01,1.2909944487358069e-01,7.0118254425725424e-01,9.9263212777495424e-01,1.2909944487358069e-01,7.0199871608547504e-01,9.9262348046801974e-01,9.8049230822339295e-13,1.6450722467175256e-18,True,True,True,False,True,True,False,False,False,False,False,The tested higher-order/nonlocal non-final source features do not reproduce the local correction.,derive a different nonlocal or history-dependent non-final source law for the coefficient-gradient closure,This capacity audit extends the second-differential probe with third finite differences of the source-free lower-pair row Jacobian and same-case cross-step source-row deltas. It is not a formula and not a trajectory h-sweep.
cylindrical_smooth,0.01,universal_higher_order_capacity_value_component_nonfinal,paper_tfe_lower_pair_velocity_compression_higher_order_capacity_gap_not_full_tfe,,universal_higher_order_capacity_nonfinal_component_diagonal_value_fit,all_case_h_higher_order_capacity_oracle_fit,nonlocal_same_case_source_delta_rows_perp,same-case cross-step source-row deltas residualized against local source rows,"0,1",6,24,8,16,24,16,32,32,1.4704674775183277e+05,1.0000000000000001e-05,32,False,False,True,False,False,False,8,132,24,30,6,1.1729470992083709e+04,1.8390267947137043e-01,1.8411674096983208e-01,1.2985893224870212e-01,1.3052061913955565e-01,7.0890142011009050e-01,9.9263212820701874e-01,1.3052061913955290e-01,7.0972657665856398e-01,9.9262348090008046e-01,1.6893019109718008e-12,1.6450722467175256e-18,True,True,True,False,True,True,False,False,False,False,False,The tested higher-order/nonlocal non-final source features do not reproduce the local correction.,derive a different nonlocal or history-dependent non-final source law for the coefficient-gradient closure,This capacity audit extends the second-differential probe with third finite differences of the source-free lower-pair row Jacobian and same-case cross-step source-row deltas. It is not a formula and not a trajectory h-sweep.
cylindrical_smooth,0.01,universal_higher_order_capacity_value_component_nonfinal,paper_tfe_lower_pair_velocity_compression_higher_order_capacity_gap_not_full_tfe,,universal_higher_order_capacity_nonfinal_component_diagonal_value_fit,all_case_h_higher_order_capacity_oracle_fit,active_plus_nonlocal_same_case_source_delta_rows_perp,active non-final velocity plus same-case nonlocal source-row deltas,"0,1",6,24,8,16,24,16,48,44,2.0288289640885638e+05,1.0000000000000001e-05,48,False,False,True,False,False,False,8,132,24,30,6,1.1690259558636682e+04,1.8390267947137043e-01,1.8411674096983208e-01,1.3126046191617111e-01,1.2911105856163455e-01,7.0124562210662678e-01,9.9263212820324043e-01,1.2911105856163452e-01,7.0206186735704545e-01,9.9262348089630226e-01,2.1087268067138974e-15,1.6450722467175256e-18,True,True,True,False,True,True,False,False,False,False,False,The tested higher-order/nonlocal non-final source features do not reproduce the local correction.,derive a different nonlocal or history-dependent non-final source law for the coefficient-gradient closure,This capacity audit extends the second-differential probe with third finite differences of the source-free lower-pair row Jacobian and same-case cross-step source-row deltas. It is not a formula and not a trajectory h-sweep.
cylindrical_smooth,0.01,universal_higher_order_capacity_value_component_nonfinal,paper_tfe_lower_pair_velocity_compression_higher_order_capacity_gap_not_full_tfe,,universal_higher_order_capacity_nonfinal_component_diagonal_value_fit,all_case_h_higher_order_capacity_oracle_fit,higher_order_plus_nonlocal_source_rows_perp,source-row second/third differentials plus same-case nonlocal source-row deltas,"0,1",6,24,8,16,24,16,544,46,1.0326984411885800e+04,1.0000000000000001e-05,48,True,True,True,False,False,False,8,132,24,28,4,1.1525216152283811e+04,1.8390267947137043e-01,1.8411674096983208e-01,1.3127188441812496e-01,1.2909944487358069e-01,7.0118254425725424e-01,9.9263212777495424e-01,1.2909944487358069e-01,7.0199871608547504e-01,9.9262348046801974e-01,2.7681861838689845e-15,1.6450722467175256e-18,True,True,True,False,True,True,False,False,False,False,False,The tested higher-order/nonlocal non-final source features do not reproduce the local correction.,derive a different nonlocal or history-dependent non-final source law for the coefficient-gradient closure,This capacity audit extends the second-differential probe with third finite differences of the source-free lower-pair row Jacobian and same-case cross-step source-row deltas. It is not a formula and not a trajectory h-sweep.
cylindrical_smooth,0.01,case_local_higher_order_capacity_value_full_nonfinal,paper_tfe_lower_pair_velocity_compression_higher_order_capacity_gap_not_full_tfe,,case_local_higher_order_capacity_nonfinal_full_component_value_fit,case_local_higher_order_capacity_oracle_fit,third_diff_source_rows_perp_along_active_velocity,source-row third differential along active non-final velocity rows,"0,1",1,24,8,16,24,16,256,46,3.9277456655375540e+07,1.0000000000000001e-05,16,False,True,False,False,False,False,8,132,24,29,5,1.1525216463300054e+04,1.8390267947137043e-01,1.8388667815553009e-01,1.3094901197150463e-01,1.2909944487358124e-01,7.0205980209392782e-01,9.9263212777407961e-01,1.2909944487358124e-01,7.0199871608547804e-01,9.9262348046802729e-01,2.6958631253101158e-09,1.6692610498525925e-34,True,True,True,False,True,True,False,False,False,False,False,The tested higher-order/nonlocal non-final source features do not reproduce the local correction.,derive a different nonlocal or history-dependent non-final source law for the coefficient-gradient closure,This capacity audit extends the second-differential probe with third finite differences of the source-free lower-pair row Jacobian and same-case cross-step source-row deltas. It is not a formula and not a trajectory h-sweep.
cylindrical_smooth,0.01,case_local_higher_order_capacity_value_full_nonfinal,paper_tfe_lower_pair_velocity_compression_higher_order_capacity_gap_not_full_tfe,,case_local_higher_order_capacity_nonfinal_full_component_value_fit,case_local_higher_order_capacity_oracle_fit,active_plus_third_diff_source_rows_perp,active non-final velocity plus source-row third differential,"0,1",1,24,8,16,24,16,272,54,3.9148259784882419e+07,1.0000000000000001e-05,16,False,True,False,False,False,False,8,132,24,29,5,1.1525215742836182e+04,1.8390267947137043e-01,1.8388667815553009e-01,1.3094901197167694e-01,1.2909944487358055e-01,7.0205980209392405e-01,9.9263212777407217e-01,1.2909944487358055e-01,7.0199871608547426e-01,9.9262348046801974e-01,6.3625458237740490e-11,1.6692610498525925e-34,True,True,True,False,True,True,False,False,False,False,False,The tested higher-order/nonlocal non-final source features do not reproduce the local correction.,derive a different nonlocal or history-dependent non-final source law for the coefficient-gradient closure,This capacity audit extends the second-differential probe with third finite differences of the source-free lower-pair row Jacobian and same-case cross-step source-row deltas. It is not a formula and not a trajectory h-sweep.
cylindrical_smooth,0.01,case_local_higher_order_capacity_value_full_nonfinal,paper_tfe_lower_pair_velocity_compression_higher_order_capacity_gap_not_full_tfe,,case_local_higher_order_capacity_nonfinal_full_component_value_fit,case_local_higher_order_capacity_oracle_fit,second_plus_third_diff_source_rows_perp_along_active_velocity,source-row second and third differentials along active non-final velocity rows,"0,1",1,24,8,16,24,16,512,46,1.2419215589946485e+06,1.0000000000000001e-05,16,True,True,False,False,False,False,8,132,24,29,5,1.1525215930863622e+04,1.8390267947137043e-01,1.8388667815553009e-01,1.3094901197186756e-01,1.2909944487358124e-01,7.0205980209392782e-01,9.9263212777407961e-01,1.2909944487358124e-01,7.0199871608547804e-01,9.9262348046802729e-01,2.6948264793548785e-09,1.6692610498525925e-34,True,True,True,False,True,True,False,False,False,False,False,The tested higher-order/nonlocal non-final source features do not reproduce the local correction.,derive a different nonlocal or history-dependent non-final source law for the coefficient-gradient closure,This capacity audit extends the second-differential probe with third finite differences of the source-free lower-pair row Jacobian and same-case cross-step source-row deltas. It is not a formula and not a trajectory h-sweep.
cylindrical_smooth,0.01,case_local_higher_order_capacity_value_full_nonfinal,paper_tfe_lower_pair_velocity_compression_higher_order_capacity_gap_not_full_tfe,,case_local_higher_order_capacity_nonfinal_full_component_value_fit,case_local_higher_order_capacity_oracle_fit,nonlocal_same_case_source_delta_rows_perp,same-case cross-step source-row deltas residualized against local source rows,"0,1",1,24,8,16,24,16,32,32,1.4704674775183277e+05,1.0000000000000001e-05,32,False,False,True,False,False,False,8,132,24,31,7,1.1729470761410943e+04,1.8390267947137043e-01,1.8388667815553009e-01,1.2953253805698159e-01,1.3052061901319809e-01,7.0978833443717249e-01,9.9263212820616042e-01,1.3052061901318918e-01,7.0972657597144118e-01,9.9262348090010433e-01,2.7185215830236457e-09,1.6692610498525925e-34,True,True,True,False,True,True,False,False,False,False,False,The tested higher-order/nonlocal non-final source features do not reproduce the local correction.,derive a different nonlocal or history-dependent non-final source law for the coefficient-gradient closure,This capacity audit extends the second-differential probe with third finite differences of the source-free lower-pair row Jacobian and same-case cross-step source-row deltas. It is not a formula and not a trajectory h-sweep.
cylindrical_smooth,0.01,case_local_higher_order_capacity_value_full_nonfinal,paper_tfe_lower_pair_velocity_compression_higher_order_capacity_gap_not_full_tfe,,case_local_higher_order_capacity_nonfinal_full_component_value_fit,case_local_higher_order_capacity_oracle_fit,active_plus_nonlocal_same_case_source_delta_rows_perp,active non-final velocity plus same-case nonlocal source-row deltas,"0,1",1,24,8,16,24,16,48,44,2.0288289640885638e+05,1.0000000000000001e-05,48,False,False,True,False,False,False,8,132,24,30,6,1.1690259327012522e+04,1.8390267947137043e-01,1.8388667815553009e-01,1.3093756130373704e-01,1.2911105856163455e-01,7.0212295886074627e-01,9.9263212820235835e-01,1.2911105856163455e-01,7.0206186735704568e-01,9.9262348089630226e-01,2.7175362551997099e-15,1.6692610498525925e-34,True,True,True,False,True,True,False,False,False,False,False,The tested higher-order/nonlocal non-final source features do not reproduce the local correction.,derive a different nonlocal or history-dependent non-final source law for the coefficient-gradient closure,This capacity audit extends the second-differential probe with third finite differences of the source-free lower-pair row Jacobian and same-case cross-step source-row deltas. It is not a formula and not a trajectory h-sweep.
cylindrical_smooth,0.01,case_local_higher_order_capacity_value_full_nonfinal,paper_tfe_lower_pair_velocity_compression_higher_order_capacity_gap_not_full_tfe,,case_local_higher_order_capacity_nonfinal_full_component_value_fit,case_local_higher_order_capacity_oracle_fit,higher_order_plus_nonlocal_source_rows_perp,source-row second/third differentials plus same-case nonlocal source-row deltas,"0,1",1,24,8,16,24,16,544,46,1.0326984411885800e+04,1.0000000000000001e-05,48,True,True,True,False,False,False,8,132,24,29,5,1.1525215929709360e+04,1.8390267947137043e-01,1.8388667815553009e-01,1.3094901197186895e-01,1.2909944487358124e-01,7.0205980209392782e-01,9.9263212777407961e-01,1.2909944487358124e-01,7.0199871608547804e-01,9.9262348046802729e-01,2.6948263593552348e-09,1.6692610498525925e-34,True,True,True,False,True,True,False,False,False,False,False,The tested higher-order/nonlocal non-final source features do not reproduce the local correction.,derive a different nonlocal or history-dependent non-final source law for the coefficient-gradient closure,This capacity audit extends the second-differential probe with third finite differences of the source-free lower-pair row Jacobian and same-case cross-step source-row deltas. It is not a formula and not a trajectory h-sweep.
cylindrical_smooth,0.01,universal_higher_order_capacity_value_full_nonfinal,paper_tfe_lower_pair_velocity_compression_higher_order_capacity_gap_not_full_tfe,,universal_higher_order_capacity_nonfinal_full_component_value_fit,all_case_h_higher_order_capacity_oracle_fit,third_diff_source_rows_perp_along_active_velocity,source-row third differential along active non-final velocity rows,"0,1",6,24,8,16,24,16,256,46,3.9277456655375540e+07,1.0000000000000001e-05,16,False,True,False,False,False,False,8,132,24,31,7,1.1522613208540100e+04,1.8390267947137043e-01,1.8388667986011836e-01,1.3094901355414129e-01,1.2909944569656770e-01,7.0205980006149971e-01,9.9263210709966343e-01,1.2909944569457396e-01,7.0199872054975621e-01,9.9262349342380640e-01,1.5428710266576440e-06,6.4630228833806393e-32,True,True,True,False,True,True,False,False,False,False,False,The tested higher-order/nonlocal non-final source features do not reproduce the local correction.,derive a different nonlocal or history-dependent non-final source law for the coefficient-gradient closure,This capacity audit extends the second-differential probe with third finite differences of the source-free lower-pair row Jacobian and same-case cross-step source-row deltas. It is not a formula and not a trajectory h-sweep.
cylindrical_smooth,0.01,universal_higher_order_capacity_value_full_nonfinal,paper_tfe_lower_pair_velocity_compression_higher_order_capacity_gap_not_full_tfe,,universal_higher_order_capacity_nonfinal_full_component_value_fit,all_case_h_higher_order_capacity_oracle_fit,active_plus_third_diff_source_rows_perp,active non-final velocity plus source-row third differential,"0,1",6,24,8,16,24,16,272,54,3.9148259784882419e+07,1.0000000000000001e-05,16,False,True,False,False,False,False,8,132,24,29,5,1.1525215691746711e+04,1.8390267947137043e-01,1.8388667986011836e-01,1.3094901436543857e-01,1.2909944487358055e-01,7.0205979558598708e-01,9.9263209411212672e-01,1.2909944487358055e-01,7.0199871608547426e-01,9.9262348046801974e-01,8.9544674853791625e-11,6.4630228833806393e-32,True,True,True,False,True,True,False,False,False,False,False,The tested higher-order/nonlocal non-final source features do not reproduce the local correction.,derive a different nonlocal or history-dependent non-final source law for the coefficient-gradient closure,This capacity audit extends the second-differential probe with third finite differences of the source-free lower-pair row Jacobian and same-case cross-step source-row deltas. It is not a formula and not a trajectory h-sweep.
cylindrical_smooth,0.01,universal_higher_order_capacity_value_full_nonfinal,paper_tfe_lower_pair_velocity_compression_higher_order_capacity_gap_not_full_tfe,,universal_higher_order_capacity_nonfinal_full_component_value_fit,all_case_h_higher_order_capacity_oracle_fit,second_plus_third_diff_source_rows_perp_along_active_velocity,source-row second and third differentials along active non-final velocity rows,"0,1",6,24,8,16,24,16,512,46,1.2419215589946485e+06,1.0000000000000001e-05,16,True,True,False,False,False,False,8,132,24,31,7,1.1522612592196972e+04,1.8390267947137043e-01,1.8388667986011836e-01,1.3094901355419261e-01,1.2909944569656770e-01,7.0205980006149971e-01,9.9263210709966343e-01,1.2909944569457399e-01,7.0199872054975643e-01,9.9262349342380640e-01,1.5428709251889063e-06,6.4630228833806393e-32,True,True,True,False,True,True,False,False,False,False,False,The tested higher-order/nonlocal non-final source features do not reproduce the local correction.,derive a different nonlocal or history-dependent non-final source law for the coefficient-gradient closure,This capacity audit extends the second-differential probe with third finite differences of the source-free lower-pair row Jacobian and same-case cross-step source-row deltas. It is not a formula and not a trajectory h-sweep.
cylindrical_smooth,0.01,universal_higher_order_capacity_value_full_nonfinal,paper_tfe_lower_pair_velocity_compression_higher_order_capacity_gap_not_full_tfe,,universal_higher_order_capacity_nonfinal_full_component_value_fit,all_case_h_higher_order_capacity_oracle_fit,nonlocal_same_case_source_delta_rows_perp,same-case cross-step source-row deltas residualized against local source rows,"0,1",6,24,8,16,24,16,32,32,1.4704674775183277e+05,1.0000000000000001e-05,32,False,False,True,False,False,False,8,132,24,32,8,1.1725572656928010e+04,1.8390267947137043e-01,1.8388667986011836e-01,1.2953280439589965e-01,1.3052035709153140e-01,7.0978690349305096e-01,9.9263211122189599e-01,1.3051991422011897e-01,7.0972274354729037e-01,9.9262349752436463e-01,1.7281144410589522e-06,6.4630228833806393e-32,True,True,True,False,True,True,False,False,False,False,False,The tested higher-order/nonlocal non-final source features do not reproduce the local correction.,derive a different nonlocal or history-dependent non-final source law for the coefficient-gradient closure,This capacity audit extends the second-differential probe with third finite differences of the source-free lower-pair row Jacobian and same-case cross-step source-row deltas. It is not a formula and not a trajectory h-sweep.
cylindrical_smooth,0.01,universal_higher_order_capacity_value_full_nonfinal,paper_tfe_lower_pair_velocity_compression_higher_order_capacity_gap_not_full_tfe,,universal_higher_order_capacity_nonfinal_full_component_value_fit,all_case_h_higher_order_capacity_oracle_fit,active_plus_nonlocal_same_case_source_delta_rows_perp,active non-final velocity plus same-case nonlocal source-row deltas,"0,1",6,24,8,16,24,16,48,44,2.0288289640885638e+05,1.0000000000000001e-05,48,False,False,True,False,False,False,8,132,24,30,6,1.1690259327015207e+04,1.8390267947137043e-01,1.8388667986011836e-01,1.3093756369763407e-01,1.2911105856163455e-01,7.0212295235222399e-01,9.9263209454041290e-01,1.2911105856163452e-01,7.0206186735704545e-01,9.9262348089630226e-01,1.9396839308382985e-15,6.4630228833806393e-32,True,True,True,False,True,True,False,False,False,False,False,The tested higher-order/nonlocal non-final source features do not reproduce the local correction.,derive a different nonlocal or history-dependent non-final source law for the coefficient-gradient closure,This capacity audit extends the second-differential probe with third finite differences of the source-free lower-pair row Jacobian and same-case cross-step source-row deltas. It is not a formula and not a trajectory h-sweep.
cylindrical_smooth,0.01,universal_higher_order_capacity_value_full_nonfinal,paper_tfe_lower_pair_velocity_compression_higher_order_capacity_gap_not_full_tfe,,universal_higher_order_capacity_nonfinal_full_component_value_fit,all_case_h_higher_order_capacity_oracle_fit,higher_order_plus_nonlocal_source_rows_perp,source-row second/third differentials plus same-case nonlocal source-row deltas,"0,1",6,24,8,16,24,16,544,46,1.0326984411885800e+04,1.0000000000000001e-05,48,True,True,True,False,False,False,8,132,24,31,7,1.1522612593413965e+04,1.8390267947137043e-01,1.8388667986011836e-01,1.3094901355419458e-01,1.2909944569656770e-01,7.0205980006149971e-01,9.9263210709966343e-01,1.2909944569457399e-01,7.0199872054975643e-01,9.9262349342380640e-01,1.5428709234249083e-06,6.4630228833806393e-32,True,True,True,False,True,True,False,False,False,False,False,The tested higher-order/nonlocal non-final source features do not reproduce the local correction.,derive a different nonlocal or history-dependent non-final source law for the coefficient-gradient closure,This capacity audit extends the second-differential probe with third finite differences of the source-free lower-pair row Jacobian and same-case cross-step source-row deltas. It is not a formula and not a trajectory h-sweep.
cylindrical_sharp,0.04,case_local_higher_order_capacity_value_scalar_nonfinal,paper_tfe_lower_pair_velocity_compression_higher_order_capacity_gap_not_full_tfe,,case_local_higher_order_capacity_nonfinal_stage_scalar_value_fit,case_local_higher_order_capacity_oracle_fit,third_diff_source_rows_perp_along_active_velocity,source-row third differential along active non-final velocity rows,"0,1",1,24,8,16,24,16,256,46,6.5163924919469119e+05,1.0000000000000001e-05,16,False,True,False,False,False,False,8,132,24,28,4,8.6529322206788356e+02,3.7137778489504708e-01,3.6458407253839792e-01,2.5740023170547621e-01,2.5819888974716110e-01,7.0820123311878258e-01,9.9213015521046355e-01,2.5819888974716110e-01,6.9524592005450514e-01,9.9023103246073607e-01,8.6261641326705650e-14,1.1640035118717464e-17,True,True,True,False,True,True,False,False,False,False,False,The tested higher-order/nonlocal non-final source features do not reproduce the local correction.,derive a different nonlocal or history-dependent non-final source law for the coefficient-gradient closure,This capacity audit extends the second-differential probe with third finite differences of the source-free lower-pair row Jacobian and same-case cross-step source-row deltas. It is not a formula and not a trajectory h-sweep.
cylindrical_sharp,0.04,case_local_higher_order_capacity_value_scalar_nonfinal,paper_tfe_lower_pair_velocity_compression_higher_order_capacity_gap_not_full_tfe,,case_local_higher_order_capacity_nonfinal_stage_scalar_value_fit,case_local_higher_order_capacity_oracle_fit,active_plus_third_diff_source_rows_perp,active non-final velocity plus source-row third differential,"0,1",1,24,8,16,24,16,272,54,6.5017339228143997e+05,1.0000000000000001e-05,16,False,True,False,False,False,False,8,132,24,28,4,8.6529322206255506e+02,3.7137778489504708e-01,3.6458407253839792e-01,2.5740023170543613e-01,2.5819888974716110e-01,7.0820123311878258e-01,9.9213015521046355e-01,2.5819888974716110e-01,6.9524592005450514e-01,9.9023103246073607e-01,1.2301466216464111e-13,1.1640035118717464e-17,True,True,True,False,True,True,False,False,False,False,False,The tested higher-order/nonlocal non-final source features do not reproduce the local correction.,derive a different nonlocal or history-dependent non-final source law for the coefficient-gradient closure,This capacity audit extends the second-differential probe with third finite differences of the source-free lower-pair row Jacobian and same-case cross-step source-row deltas. It is not a formula and not a trajectory h-sweep.
cylindrical_sharp,0.04,case_local_higher_order_capacity_value_scalar_nonfinal,paper_tfe_lower_pair_velocity_compression_higher_order_capacity_gap_not_full_tfe,,case_local_higher_order_capacity_nonfinal_stage_scalar_value_fit,case_local_higher_order_capacity_oracle_fit,second_plus_third_diff_source_rows_perp_along_active_velocity,source-row second and third differentials along active non-final velocity rows,"0,1",1,24,8,16,24,16,512,46,1.9637042775460272e+04,1.0000000000000001e-05,16,True,True,False,False,False,False,8,132,24,28,4,8.6529322206014012e+02,3.7137778489504708e-01,3.6458407253839792e-01,2.5740023170544574e-01,2.5819888974716110e-01,7.0820123311878258e-01,9.9213015521046355e-01,2.5819888974716110e-01,6.9524592005450514e-01,9.9023103246073607e-01,6.2722909811876844e-15,1.1640035118717464e-17,True,True,True,False,True,True,False,False,False,False,False,The tested higher-order/nonlocal non-final source features do not reproduce the local correction.,derive a different nonlocal or history-dependent non-final source law for the coefficient-gradient closure,This capacity audit extends the second-differential probe with third finite differences of the source-free lower-pair row Jacobian and same-case cross-step source-row deltas. It is not a formula and not a trajectory h-sweep.
cylindrical_sharp,0.04,case_local_higher_order_capacity_value_scalar_nonfinal,paper_tfe_lower_pair_velocity_compression_higher_order_capacity_gap_not_full_tfe,,case_local_higher_order_capacity_nonfinal_stage_scalar_value_fit,case_local_higher_order_capacity_oracle_fit,nonlocal_same_case_source_delta_rows_perp,same-case cross-step source-row deltas residualized against local source rows,"0,1",1,24,8,16,24,16,32,32,1.3425835456384154e+05,1.0000000000000001e-05,32,False,False,True,False,False,False,8,132,24,30,6,8.9514713009541663e+02,3.7137778489504708e-01,3.6458407253839792e-01,2.5448116899286516e-01,2.6107638839351877e-01,7.1609378483209041e-01,9.9213015565392970e-01,2.6107638839351877e-01,7.0299409122519285e-01,9.9023103290335324e-01,4.7425075018593909e-12,1.1640035118717464e-17,True,True,True,False,True,True,False,False,False,False,False,The tested higher-order/nonlocal non-final source features do not reproduce the local correction.,derive a different nonlocal or history-dependent non-final source law for the coefficient-gradient closure,This capacity audit extends the second-differential probe with third finite differences of the source-free lower-pair row Jacobian and same-case cross-step source-row deltas. It is not a formula and not a trajectory h-sweep.
cylindrical_sharp,0.04,case_local_higher_order_capacity_value_scalar_nonfinal,paper_tfe_lower_pair_velocity_compression_higher_order_capacity_gap_not_full_tfe,,case_local_higher_order_capacity_nonfinal_stage_scalar_value_fit,case_local_higher_order_capacity_oracle_fit,active_plus_nonlocal_same_case_source_delta_rows_perp,active non-final velocity plus same-case nonlocal source-row deltas,"0,1",1,24,8,16,24,16,48,44,5.9842789514769521e+05,1.0000000000000001e-05,48,False,False,True,False,False,False,8,132,24,30,6,8.7551081650619346e+02,3.7137778489504708e-01,3.6458407253839792e-01,2.5737302116613664e-01,2.5822601326067118e-01,7.0827562889071316e-01,9.9213015565123619e-01,2.5822601326067124e-01,6.9531895488484052e-01,9.9023103290066494e-01,2.0588020406368149e-15,1.1640035118717464e-17,True,True,True,False,True,True,False,False,False,False,False,The tested higher-order/nonlocal non-final source features do not reproduce the local correction.,derive a different nonlocal or history-dependent non-final source law for the coefficient-gradient closure,This capacity audit extends the second-differential probe with third finite differences of the source-free lower-pair row Jacobian and same-case cross-step source-row deltas. It is not a formula and not a trajectory h-sweep.
cylindrical_sharp,0.04,case_local_higher_order_capacity_value_scalar_nonfinal,paper_tfe_lower_pair_velocity_compression_higher_order_capacity_gap_not_full_tfe,,case_local_higher_order_capacity_nonfinal_stage_scalar_value_fit,case_local_higher_order_capacity_oracle_fit,higher_order_plus_nonlocal_source_rows_perp,source-row second/third differentials plus same-case nonlocal source-row deltas,"0,1",1,24,8,16,24,16,544,46,3.3764191761376883e+03,1.0000000000000001e-05,48,True,True,True,False,False,False,8,132,24,28,4,8.6529322206005440e+02,3.7137778489504708e-01,3.6458407253839792e-01,2.5740023170544574e-01,2.5819888974716110e-01,7.0820123311878258e-01,9.9213015521046355e-01,2.5819888974716110e-01,6.9524592005450514e-01,9.9023103246073607e-01,3.7402209889312849e-15,1.1640035118717464e-17,True,True,True,False,True,True,False,False,False,False,False,The tested higher-order/nonlocal non-final source features do not reproduce the local correction.,derive a different nonlocal or history-dependent non-final source law for the coefficient-gradient closure,This capacity audit extends the second-differential probe with third finite differences of the source-free lower-pair row Jacobian and same-case cross-step source-row deltas. It is not a formula and not a trajectory h-sweep.
cylindrical_sharp,0.04,universal_higher_order_capacity_value_scalar_nonfinal,paper_tfe_lower_pair_velocity_compression_higher_order_capacity_gap_not_full_tfe,,universal_higher_order_capacity_nonfinal_stage_scalar_value_fit,all_case_h_higher_order_capacity_oracle_fit,third_diff_source_rows_perp_along_active_velocity,source-row third differential along active non-final velocity rows,"0,1",6,24,8,16,24,16,256,46,6.5163924919469119e+05,1.0000000000000001e-05,16,False,True,False,False,False,False,8,132,24,28,4,8.6529322204900666e+02,3.7137778489504708e-01,3.6458407253007830e-01,2.5740023169368431e-01,2.5819888974716110e-01,7.0820123313494343e-01,9.9213015521280012e-01,2.5819888974716110e-01,6.9524592005450514e-01,9.9023103246073607e-01,5.2648106290117118e-14,1.1858915487241241e-17,True,True,True,False,True,True,False,False,False,False,False,The tested higher-order/nonlocal non-final source features do not reproduce the local correction.,derive a different nonlocal or history-dependent non-final source law for the coefficient-gradient closure,This capacity audit extends the second-differential probe with third finite differences of the source-free lower-pair row Jacobian and same-case cross-step source-row deltas. It is not a formula and not a trajectory h-sweep.
cylindrical_sharp,0.04,universal_higher_order_capacity_value_scalar_nonfinal,paper_tfe_lower_pair_velocity_compression_higher_order_capacity_gap_not_full_tfe,,universal_higher_order_capacity_nonfinal_stage_scalar_value_fit,all_case_h_higher_order_capacity_oracle_fit,active_plus_third_diff_source_rows_perp,active non-final velocity plus source-row third differential,"0,1",6,24,8,16,24,16,272,54,6.5017339228143997e+05,1.0000000000000001e-05,16,False,True,False,False,False,False,8,132,24,28,4,8.6529322205003962e+02,3.7137778489504708e-01,3.6458407253007830e-01,2.5740023169366100e-01,2.5819888974716110e-01,7.0820123313494343e-01,9.9213015521280012e-01,2.5819888974716110e-01,6.9524592005450514e-01,9.9023103246073607e-01,1.4414567752652011e-13,1.1858915487241241e-17,True,True,True,False,True,True,False,False,False,False,False,The tested higher-order/nonlocal non-final source features do not reproduce the local correction.,derive a different nonlocal or history-dependent non-final source law for the coefficient-gradient closure,This capacity audit extends the second-differential probe with third finite differences of the source-free lower-pair row Jacobian and same-case cross-step source-row deltas. It is not a formula and not a trajectory h-sweep.
cylindrical_sharp,0.04,universal_higher_order_capacity_value_scalar_nonfinal,paper_tfe_lower_pair_velocity_compression_higher_order_capacity_gap_not_full_tfe,,universal_higher_order_capacity_nonfinal_stage_scalar_value_fit,all_case_h_higher_order_capacity_oracle_fit,second_plus_third_diff_source_rows_perp_along_active_velocity,source-row second and third differentials along active non-final velocity rows,"0,1",6,24,8,16,24,16,512,46,1.9637042775460272e+04,1.0000000000000001e-05,16,True,True,False,False,False,False,8,132,24,28,4,8.6529322205998528e+02,3.7137778489504708e-01,3.6458407253007830e-01,2.5740023169366150e-01,2.5819888974716110e-01,7.0820123313494343e-01,9.9213015521280012e-01,2.5819888974716110e-01,6.9524592005450514e-01,9.9023103246073607e-01,6.4272902561055187e-15,1.1858915487241241e-17,True,True,True,False,True,True,False,False,False,False,False,The tested higher-order/nonlocal non-final source features do not reproduce the local correction.,derive a different nonlocal or history-dependent non-final source law for the coefficient-gradient closure,This capacity audit extends the second-differential probe with third finite differences of the source-free lower-pair row Jacobian and same-case cross-step source-row deltas. It is not a formula and not a trajectory h-sweep.
cylindrical_sharp,0.04,universal_higher_order_capacity_value_scalar_nonfinal,paper_tfe_lower_pair_velocity_compression_higher_order_capacity_gap_not_full_tfe,,universal_higher_order_capacity_nonfinal_stage_scalar_value_fit,all_case_h_higher_order_capacity_oracle_fit,nonlocal_same_case_source_delta_rows_perp,same-case cross-step source-row deltas residualized against local source rows,"0,1",6,24,8,16,24,16,32,32,1.3425835456384154e+05,1.0000000000000001e-05,32,False,False,True,False,False,False,8,132,24,30,6,8.9514713009312072e+02,3.7137778489504708e-01,3.6458407253007830e-01,2.5448116903116164e-01,2.6107638834455710e-01,7.1609378471413676e-01,9.9213015565626617e-01,2.6107638834455710e-01,7.0299409109335498e-01,9.9023103290335324e-01,4.3185715269055013e-12,1.1858915487241241e-17,True,True,True,False,True,True,False,False,False,False,False,The tested higher-order/nonlocal non-final source features do not reproduce the local correction.,derive a different nonlocal or history-dependent non-final source law for the coefficient-gradient closure,This capacity audit extends the second-differential probe with third finite differences of the source-free lower-pair row Jacobian and same-case cross-step source-row deltas. It is not a formula and not a trajectory h-sweep.
cylindrical_sharp,0.04,universal_higher_order_capacity_value_scalar_nonfinal,paper_tfe_lower_pair_velocity_compression_higher_order_capacity_gap_not_full_tfe,,universal_higher_order_capacity_nonfinal_stage_scalar_value_fit,all_case_h_higher_order_capacity_oracle_fit,active_plus_nonlocal_same_case_source_delta_rows_perp,active non-final velocity plus same-case nonlocal source-row deltas,"0,1",6,24,8,16,24,16,48,44,5.9842789514769521e+05,1.0000000000000001e-05,48,False,False,True,False,False,False,8,132,24,30,6,8.7551081650591073e+02,3.7137778489504708e-01,3.6458407253007830e-01,2.5737302115435196e-01,2.5822601326067118e-01,7.0827562890687568e-01,9.9213015565357265e-01,2.5822601326067124e-01,6.9531895488484052e-01,9.9023103290066494e-01,2.4877853791750927e-15,1.1858915487241241e-17,True,True,True,False,True,True,False,False,False,False,False,The tested higher-order/nonlocal non-final source features do not reproduce the local correction.,derive a different nonlocal or history-dependent non-final source law for the coefficient-gradient closure,This capacity audit extends the second-differential probe with third finite differences of the source-free lower-pair row Jacobian and same-case cross-step source-row deltas. It is not a formula and not a trajectory h-sweep.
cylindrical_sharp,0.04,universal_higher_order_capacity_value_scalar_nonfinal,paper_tfe_lower_pair_velocity_compression_higher_order_capacity_gap_not_full_tfe,,universal_higher_order_capacity_nonfinal_stage_scalar_value_fit,all_case_h_higher_order_capacity_oracle_fit,higher_order_plus_nonlocal_source_rows_perp,source-row second/third differentials plus same-case nonlocal source-row deltas,"0,1",6,24,8,16,24,16,544,46,3.3764191761376883e+03,1.0000000000000001e-05,48,True,True,True,False,False,False,8,132,24,28,4,8.6529322206005827e+02,3.7137778489504708e-01,3.6458407253007830e-01,2.5740023169366172e-01,2.5819888974716110e-01,7.0820123313494343e-01,9.9213015521280012e-01,2.5819888974716110e-01,6.9524592005450514e-01,9.9023103246073607e-01,3.0764489968884414e-15,1.1858915487241241e-17,True,True,True,False,True,True,False,False,False,False,False,The tested higher-order/nonlocal non-final source features do not reproduce the local correction.,derive a different nonlocal or history-dependent non-final source law for the coefficient-gradient closure,This capacity audit extends the second-differential probe with third finite differences of the source-free lower-pair row Jacobian and same-case cross-step source-row deltas. It is not a formula and not a trajectory h-sweep.
cylindrical_sharp,0.04,case_local_higher_order_capacity_value_component_nonfinal,paper_tfe_lower_pair_velocity_compression_higher_order_capacity_gap_not_full_tfe,,case_local_higher_order_capacity_nonfinal_component_diagonal_value_fit,case_local_higher_order_capacity_oracle_fit,third_diff_source_rows_perp_along_active_velocity,source-row third differential along active non-final velocity rows,"0,1",1,24,8,16,24,16,256,46,6.5163924919469119e+05,1.0000000000000001e-05,16,False,True,False,False,False,False,8,132,24,28,4,8.6529372710449968e+02,3.7137778489504708e-01,3.6654316047024932e-01,2.6016768020041792e-01,2.5819888974716110e-01,7.0441606226101705e-01,9.9213015521287706e-01,2.5819888974716110e-01,6.9524592005450514e-01,9.9023103246073607e-01,1.3549905865443785e-13,4.6444969609303800e-33,True,True,True,False,True,True,False,False,False,False,False,The tested higher-order/nonlocal non-final source features do not reproduce the local correction.,derive a different nonlocal or history-dependent non-final source law for the coefficient-gradient closure,This capacity audit extends the second-differential probe with third finite differences of the source-free lower-pair row Jacobian and same-case cross-step source-row deltas. It is not a formula and not a trajectory h-sweep.
cylindrical_sharp,0.04,case_local_higher_order_capacity_value_component_nonfinal,paper_tfe_lower_pair_velocity_compression_higher_order_capacity_gap_not_full_tfe,,case_local_higher_order_capacity_nonfinal_component_diagonal_value_fit,case_local_higher_order_capacity_oracle_fit,active_plus_third_diff_source_rows_perp,active non-final velocity plus source-row third differential,"0,1",1,24,8,16,24,16,272,54,6.5017339228143997e+05,1.0000000000000001e-05,16,False,True,False,False,False,False,8,132,24,28,4,8.6529372712210068e+02,3.7137778489504708e-01,3.6654316047024932e-01,2.6016768020038467e-01,2.5819888974716110e-01,7.0441606226101705e-01,9.9213015521287706e-01,2.5819888974716110e-01,6.9524592005450514e-01,9.9023103246073607e-01,1.6307795274750769e-13,4.6444969609303800e-33,True,True,True,False,True,True,False,False,False,False,False,The tested higher-order/nonlocal non-final source features do not reproduce the local correction.,derive a different nonlocal or history-dependent non-final source law for the coefficient-gradient closure,This capacity audit extends the second-differential probe with third finite differences of the source-free lower-pair row Jacobian and same-case cross-step source-row deltas. It is not a formula and not a trajectory h-sweep.
cylindrical_sharp,0.04,case_local_higher_order_capacity_value_component_nonfinal,paper_tfe_lower_pair_velocity_compression_higher_order_capacity_gap_not_full_tfe,,case_local_higher_order_capacity_nonfinal_component_diagonal_value_fit,case_local_higher_order_capacity_oracle_fit,second_plus_third_diff_source_rows_perp_along_active_velocity,source-row second and third differentials along active non-final velocity rows,"0,1",1,24,8,16,24,16,512,46,1.9637042775460272e+04,1.0000000000000001e-05,16,True,True,False,False,False,False,8,132,24,28,4,8.6529372712119107e+02,3.7137778489504708e-01,3.6654316047024932e-01,2.6016768020038961e-01,2.5819888974716110e-01,7.0441606226101705e-01,9.9213015521287706e-01,2.5819888974716110e-01,6.9524592005450514e-01,9.9023103246073607e-01,5.9299080027257871e-15,4.6444969609303800e-33,True,True,True,False,True,True,False,False,False,False,False,The tested higher-order/nonlocal non-final source features do not reproduce the local correction.,derive a different nonlocal or history-dependent non-final source law for the coefficient-gradient closure,This capacity audit extends the second-differential probe with third finite differences of the source-free lower-pair row Jacobian and same-case cross-step source-row deltas. It is not a formula and not a trajectory h-sweep.
cylindrical_sharp,0.04,case_local_higher_order_capacity_value_component_nonfinal,paper_tfe_lower_pair_velocity_compression_higher_order_capacity_gap_not_full_tfe,,case_local_higher_order_capacity_nonfinal_component_diagonal_value_fit,case_local_higher_order_capacity_oracle_fit,nonlocal_same_case_source_delta_rows_perp,same-case cross-step source-row deltas residualized against local source rows,"0,1",1,24,8,16,24,16,32,32,1.3425835456384154e+05,1.0000000000000001e-05,32,False,False,True,False,False,False,8,132,24,30,6,8.9514764695385145e+02,3.7137778489504708e-01,3.6654316047024932e-01,2.5728001853594412e-01,2.6107638834178737e-01,7.1226642998015455e-01,9.9213015565634322e-01,2.6107638834178742e-01,7.0299409108589705e-01,9.9023103290335324e-01,8.8726472966011009e-13,4.6444969609303800e-33,True,True,True,False,True,True,False,False,False,False,False,The tested higher-order/nonlocal non-final source features do not reproduce the local correction.,derive a different nonlocal or history-dependent non-final source law for the coefficient-gradient closure,This capacity audit extends the second-differential probe with third finite differences of the source-free lower-pair row Jacobian and same-case cross-step source-row deltas. It is not a formula and not a trajectory h-sweep.
cylindrical_sharp,0.04,case_local_higher_order_capacity_value_component_nonfinal,paper_tfe_lower_pair_velocity_compression_higher_order_capacity_gap_not_full_tfe,,case_local_higher_order_capacity_nonfinal_component_diagonal_value_fit,case_local_higher_order_capacity_oracle_fit,active_plus_nonlocal_same_case_source_delta_rows_perp,active non-final velocity plus same-case nonlocal source-row deltas,"0,1",1,24,8,16,24,16,48,44,5.9842789514769521e+05,1.0000000000000001e-05,48,False,False,True,False,False,False,8,132,24,30,6,8.7551131790124316e+02,3.7137778489504708e-01,3.6654316047024932e-01,2.6014075913439533e-01,2.5822601326067118e-01,7.0449006040485163e-01,9.9213015565364970e-01,2.5822601326067124e-01,6.9531895488484052e-01,9.9023103290066494e-01,2.8236595065635293e-15,4.6444969609303800e-33,True,True,True,False,True,True,False,False,False,False,False,The tested higher-order/nonlocal non-final source features do not reproduce the local correction.,derive a different nonlocal or history-dependent non-final source law for the coefficient-gradient closure,This capacity audit extends the second-differential probe with third finite differences of the source-free lower-pair row Jacobian and same-case cross-step source-row deltas. It is not a formula and not a trajectory h-sweep.
cylindrical_sharp,0.04,case_local_higher_order_capacity_value_component_nonfinal,paper_tfe_lower_pair_velocity_compression_higher_order_capacity_gap_not_full_tfe,,case_local_higher_order_capacity_nonfinal_component_diagonal_value_fit,case_local_higher_order_capacity_oracle_fit,higher_order_plus_nonlocal_source_rows_perp,source-row second/third differentials plus same-case nonlocal source-row deltas,"0,1",1,24,8,16,24,16,544,46,3.3764191761376883e+03,1.0000000000000001e-05,48,True,True,True,False,False,False,8,132,24,28,4,8.6529372712113138e+02,3.7137778489504708e-01,3.6654316047024932e-01,2.6016768020038972e-01,2.5819888974716110e-01,7.0441606226101705e-01,9.9213015521287706e-01,2.5819888974716110e-01,6.9524592005450514e-01,9.9023103246073607e-01,3.9744177897736490e-15,4.6444969609303800e-33,True,True,True,False,True,True,False,False,False,False,False,The tested higher-order/nonlocal non-final source features do not reproduce the local correction.,derive a different nonlocal or history-dependent non-final source law for the coefficient-gradient closure,This capacity audit extends the second-differential probe with third finite differences of the source-free lower-pair row Jacobian and same-case cross-step source-row deltas. It is not a formula and not a trajectory h-sweep.
cylindrical_sharp,0.04,universal_higher_order_capacity_value_component_nonfinal,paper_tfe_lower_pair_velocity_compression_higher_order_capacity_gap_not_full_tfe,,universal_higher_order_capacity_nonfinal_component_diagonal_value_fit,all_case_h_higher_order_capacity_oracle_fit,third_diff_source_rows_perp_along_active_velocity,source-row third differential along active non-final velocity rows,"0,1",6,24,8,16,24,16,256,46,6.5163924919469119e+05,1.0000000000000001e-05,16,False,True,False,False,False,False,8,132,24,28,4,8.6529331985891827e+02,3.7137778489504708e-01,3.6492988180991714e-01,2.5788980586900057e-01,2.5819888974716138e-01,7.0753013830106337e-01,9.9213015521196113e-01,2.5819888974716138e-01,6.9524592005450581e-01,9.9023103246073607e-01,8.6754116922428208e-14,4.0313416495214741e-19,True,True,True,False,True,True,False,False,False,False,False,The tested higher-order/nonlocal non-final source features do not reproduce the local correction.,derive a different nonlocal or history-dependent non-final source law for the coefficient-gradient closure,This capacity audit extends the second-differential probe with third finite differences of the source-free lower-pair row Jacobian and same-case cross-step source-row deltas. It is not a formula and not a trajectory h-sweep.
cylindrical_sharp,0.04,universal_higher_order_capacity_value_component_nonfinal,paper_tfe_lower_pair_velocity_compression_higher_order_capacity_gap_not_full_tfe,,universal_higher_order_capacity_nonfinal_component_diagonal_value_fit,all_case_h_higher_order_capacity_oracle_fit,active_plus_third_diff_source_rows_perp,active non-final velocity plus source-row third differential,"0,1",6,24,8,16,24,16,272,54,6.5017339228143997e+05,1.0000000000000001e-05,16,False,True,False,False,False,False,8,132,24,28,4,8.6529331985669774e+02,3.7137778489504708e-01,3.6492988180991714e-01,2.5788980586896632e-01,2.5819888974716110e-01,7.0753013830106259e-01,9.9213015521196113e-01,2.5819888974716110e-01,6.9524592005450514e-01,9.9023103246073607e-01,1.6902023391206346e-13,4.0313416495214741e-19,True,True,True,False,True,True,False,False,False,False,False,The tested higher-order/nonlocal non-final source features do not reproduce the local correction.,derive a different nonlocal or history-dependent non-final source law for the coefficient-gradient closure,This capacity audit extends the second-differential probe with third finite differences of the source-free lower-pair row Jacobian and same-case cross-step source-row deltas. It is not a formula and not a trajectory h-sweep.
cylindrical_sharp,0.04,universal_higher_order_capacity_value_component_nonfinal,paper_tfe_lower_pair_velocity_compression_higher_order_capacity_gap_not_full_tfe,,universal_higher_order_capacity_nonfinal_component_diagonal_value_fit,all_case_h_higher_order_capacity_oracle_fit,second_plus_third_diff_source_rows_perp_along_active_velocity,source-row second and third differentials along active non-final velocity rows,"0,1",6,24,8,16,24,16,512,46,1.9637042775460272e+04,1.0000000000000001e-05,16,True,True,False,False,False,False,8,132,24,28,4,8.6529331986050488e+02,3.7137778489504708e-01,3.6492988180991714e-01,2.5788980586896665e-01,2.5819888974716138e-01,7.0753013830106337e-01,9.9213015521196113e-01,2.5819888974716138e-01,6.9524592005450581e-01,9.9023103246073607e-01,6.5286145909078947e-15,4.0313416495214741e-19,True,True,True,False,True,True,False,False,False,False,False,The tested higher-order/nonlocal non-final source features do not reproduce the local correction.,derive a different nonlocal or history-dependent non-final source law for the coefficient-gradient closure,This capacity audit extends the second-differential probe with third finite differences of the source-free lower-pair row Jacobian and same-case cross-step source-row deltas. It is not a formula and not a trajectory h-sweep.
cylindrical_sharp,0.04,universal_higher_order_capacity_value_component_nonfinal,paper_tfe_lower_pair_velocity_compression_higher_order_capacity_gap_not_full_tfe,,universal_higher_order_capacity_nonfinal_component_diagonal_value_fit,all_case_h_higher_order_capacity_oracle_fit,nonlocal_same_case_source_delta_rows_perp,same-case cross-step source-row deltas residualized against local source rows,"0,1",6,24,8,16,24,16,32,32,1.3425835456384154e+05,1.0000000000000001e-05,32,False,False,True,False,False,False,8,132,24,30,6,8.9514721801983467e+02,3.7137778489504708e-01,3.6492988180991714e-01,2.5497634786032108e-01,2.6107638857149279e-01,7.1541521148295817e-01,9.9213015565542728e-01,2.6107638857149273e-01,7.0299409170441907e-01,9.9023103290335324e-01,3.2626855800602741e-12,4.0313416495214741e-19,True,True,True,False,True,True,False,False,False,False,False,The tested higher-order/nonlocal non-final source features do not reproduce the local correction.,derive a different nonlocal or history-dependent non-final source law for the coefficient-gradient closure,This capacity audit extends the second-differential probe with third finite differences of the source-free lower-pair row Jacobian and same-case cross-step source-row deltas. It is not a formula and not a trajectory h-sweep.
cylindrical_sharp,0.04,universal_higher_order_capacity_value_component_nonfinal,paper_tfe_lower_pair_velocity_compression_higher_order_capacity_gap_not_full_tfe,,universal_higher_order_capacity_nonfinal_component_diagonal_value_fit,all_case_h_higher_order_capacity_oracle_fit,active_plus_nonlocal_same_case_source_delta_rows_perp,active non-final velocity plus same-case nonlocal source-row deltas,"0,1",6,24,8,16,24,16,48,44,5.9842789514769521e+05,1.0000000000000001e-05,48,False,False,True,False,False,False,8,132,24,30,6,8.7551091446516432e+02,3.7137778489504708e-01,3.6492988180991714e-01,2.5786264699118477e-01,2.5822601326067118e-01,7.0760446357520990e-01,9.9213015565273377e-01,2.5822601326067124e-01,6.9531895488484052e-01,9.9023103290066494e-01,3.6992287009754133e-15,4.0313416495214741e-19,True,True,True,False,True,True,False,False,False,False,False,The tested higher-order/nonlocal non-final source features do not reproduce the local correction.,derive a different nonlocal or history-dependent non-final source law for the coefficient-gradient closure,This capacity audit extends the second-differential probe with third finite differences of the source-free lower-pair row Jacobian and same-case cross-step source-row deltas. It is not a formula and not a trajectory h-sweep.
cylindrical_sharp,0.04,universal_higher_order_capacity_value_component_nonfinal,paper_tfe_lower_pair_velocity_compression_higher_order_capacity_gap_not_full_tfe,,universal_higher_order_capacity_nonfinal_component_diagonal_value_fit,all_case_h_higher_order_capacity_oracle_fit,higher_order_plus_nonlocal_source_rows_perp,source-row second/third differentials plus same-case nonlocal source-row deltas,"0,1",6,24,8,16,24,16,544,46,3.3764191761376883e+03,1.0000000000000001e-05,48,True,True,True,False,False,False,8,132,24,28,4,8.6529331986055638e+02,3.7137778489504708e-01,3.6492988180991714e-01,2.5788980586896665e-01,2.5819888974716138e-01,7.0753013830106337e-01,9.9213015521196113e-01,2.5819888974716138e-01,6.9524592005450581e-01,9.9023103246073607e-01,4.8063733647234974e-15,4.0313416495214741e-19,True,True,True,False,True,True,False,False,False,False,False,The tested higher-order/nonlocal non-final source features do not reproduce the local correction.,derive a different nonlocal or history-dependent non-final source law for the coefficient-gradient closure,This capacity audit extends the second-differential probe with third finite differences of the source-free lower-pair row Jacobian and same-case cross-step source-row deltas. It is not a formula and not a trajectory h-sweep.
cylindrical_sharp,0.04,case_local_higher_order_capacity_value_full_nonfinal,paper_tfe_lower_pair_velocity_compression_higher_order_capacity_gap_not_full_tfe,,case_local_higher_order_capacity_nonfinal_full_component_value_fit,case_local_higher_order_capacity_oracle_fit,third_diff_source_rows_perp_along_active_velocity,source-row third differential along active non-final velocity rows,"0,1",1,24,8,16,24,16,256,46,6.5163924919469119e+05,1.0000000000000001e-05,16,False,True,False,False,False,False,8,132,24,28,4,8.6529322203089782e+02,3.7137778489504708e-01,3.6458407252842701e-01,2.5740023169137721e-01,2.5819888974716110e-01,7.0820123313815098e-01,9.9213015521316472e-01,2.5819888974716110e-01,6.9524592005450514e-01,9.9023103246073607e-01,2.9444671374102641e-12,1.5997975634355494e-33,True,True,True,False,True,True,False,False,False,False,False,The tested higher-order/nonlocal non-final source features do not reproduce the local correction.,derive a different nonlocal or history-dependent non-final source law for the coefficient-gradient closure,This capacity audit extends the second-differential probe with third finite differences of the source-free lower-pair row Jacobian and same-case cross-step source-row deltas. It is not a formula and not a trajectory h-sweep.
cylindrical_sharp,0.04,case_local_higher_order_capacity_value_full_nonfinal,paper_tfe_lower_pair_velocity_compression_higher_order_capacity_gap_not_full_tfe,,case_local_higher_order_capacity_nonfinal_full_component_value_fit,case_local_higher_order_capacity_oracle_fit,active_plus_third_diff_source_rows_perp,active non-final velocity plus source-row third differential,"0,1",1,24,8,16,24,16,272,54,6.5017339228143997e+05,1.0000000000000001e-05,16,False,True,False,False,False,False,8,132,24,28,4,8.6529322206030508e+02,3.7137778489504708e-01,3.6458407252842701e-01,2.5740023169131571e-01,2.5819888974716110e-01,7.0820123313815098e-01,9.9213015521316472e-01,2.5819888974716110e-01,6.9524592005450514e-01,9.9023103246073607e-01,1.4769471347547156e-13,1.5997975634355494e-33,True,True,True,False,True,True,False,False,False,False,False,The tested higher-order/nonlocal non-final source features do not reproduce the local correction.,derive a different nonlocal or history-dependent non-final source law for the coefficient-gradient closure,This capacity audit extends the second-differential probe with third finite differences of the source-free lower-pair row Jacobian and same-case cross-step source-row deltas. It is not a formula and not a trajectory h-sweep.
cylindrical_sharp,0.04,case_local_higher_order_capacity_value_full_nonfinal,paper_tfe_lower_pair_velocity_compression_higher_order_capacity_gap_not_full_tfe,,case_local_higher_order_capacity_nonfinal_full_component_value_fit,case_local_higher_order_capacity_oracle_fit,second_plus_third_diff_source_rows_perp_along_active_velocity,source-row second and third differentials along active non-final velocity rows,"0,1",1,24,8,16,24,16,512,46,1.9637042775460272e+04,1.0000000000000001e-05,16,True,True,False,False,False,False,8,132,24,28,4,8.6529322205994174e+02,3.7137778489504708e-01,3.6458407252842701e-01,2.5740023169132281e-01,2.5819888974716110e-01,7.0820123313815098e-01,9.9213015521316472e-01,2.5819888974716110e-01,6.9524592005450514e-01,9.9023103246073607e-01,1.0594720384948710e-12,1.5997975634355494e-33,True,True,True,False,True,True,False,False,False,False,False,The tested higher-order/nonlocal non-final source features do not reproduce the local correction.,derive a different nonlocal or history-dependent non-final source law for the coefficient-gradient closure,This capacity audit extends the second-differential probe with third finite differences of the source-free lower-pair row Jacobian and same-case cross-step source-row deltas. It is not a formula and not a trajectory h-sweep.
cylindrical_sharp,0.04,case_local_higher_order_capacity_value_full_nonfinal,paper_tfe_lower_pair_velocity_compression_higher_order_capacity_gap_not_full_tfe,,case_local_higher_order_capacity_nonfinal_full_component_value_fit,case_local_higher_order_capacity_oracle_fit,nonlocal_same_case_source_delta_rows_perp,same-case cross-step source-row deltas residualized against local source rows,"0,1",1,24,8,16,24,16,32,32,1.3425835456384154e+05,1.0000000000000001e-05,32,False,False,True,False,False,False,8,132,24,30,6,8.9514713009364732e+02,3.7137778489504708e-01,3.6458407252842701e-01,2.5448116903754880e-01,2.6107638833608476e-01,7.1609378469414176e-01,9.9213015565663076e-01,2.6107638833608476e-01,7.0299409107054167e-01,9.9023103290335324e-01,7.2234106879881749e-12,1.5997975634355494e-33,True,True,True,False,True,True,False,False,False,False,False,The tested higher-order/nonlocal non-final source features do not reproduce the local correction.,derive a different nonlocal or history-dependent non-final source law for the coefficient-gradient closure,This capacity audit extends the second-differential probe with third finite differences of the source-free lower-pair row Jacobian and same-case cross-step source-row deltas. It is not a formula and not a trajectory h-sweep.
cylindrical_sharp,0.04,case_local_higher_order_capacity_value_full_nonfinal,paper_tfe_lower_pair_velocity_compression_higher_order_capacity_gap_not_full_tfe,,case_local_higher_order_capacity_nonfinal_full_component_value_fit,case_local_higher_order_capacity_oracle_fit,active_plus_nonlocal_same_case_source_delta_rows_perp,active non-final velocity plus same-case nonlocal source-row deltas,"0,1",1,24,8,16,24,16,48,44,5.9842789514769521e+05,1.0000000000000001e-05,48,False,False,True,False,False,False,8,132,24,30,6,8.7551081650587537e+02,3.7137778489504708e-01,3.6458407252842701e-01,2.5737302115200977e-01,2.5822601326067118e-01,7.0827562891008367e-01,9.9213015565393725e-01,2.5822601326067124e-01,6.9531895488484052e-01,9.9023103290066494e-01,2.6399401603293080e-15,1.5997975634355494e-33,True,True,True,False,True,True,False,False,False,False,False,The tested higher-order/nonlocal non-final source features do not reproduce the local correction.,derive a different nonlocal or history-dependent non-final source law for the coefficient-gradient closure,This capacity audit extends the second-differential probe with third finite differences of the source-free lower-pair row Jacobian and same-case cross-step source-row deltas. It is not a formula and not a trajectory h-sweep.
cylindrical_sharp,0.04,case_local_higher_order_capacity_value_full_nonfinal,paper_tfe_lower_pair_velocity_compression_higher_order_capacity_gap_not_full_tfe,,case_local_higher_order_capacity_nonfinal_full_component_value_fit,case_local_higher_order_capacity_oracle_fit,higher_order_plus_nonlocal_source_rows_perp,source-row second/third differentials plus same-case nonlocal source-row deltas,"0,1",1,24,8,16,24,16,544,46,3.3764191761376883e+03,1.0000000000000001e-05,48,True,True,True,False,False,False,8,132,24,28,4,8.6529322206005770e+02,3.7137778489504708e-01,3.6458407252842701e-01,2.5740023169132281e-01,2.5819888974716110e-01,7.0820123313815098e-01,9.9213015521316472e-01,2.5819888974716110e-01,6.9524592005450514e-01,9.9023103246073607e-01,1.0580549374080512e-12,1.5997975634355494e-33,True,True,True,False,True,True,False,False,False,False,False,The tested higher-order/nonlocal non-final source features do not reproduce the local correction.,derive a different nonlocal or history-dependent non-final source law for the coefficient-gradient closure,This capacity audit extends the second-differential probe with third finite differences of the source-free lower-pair row Jacobian and same-case cross-step source-row deltas. It is not a formula and not a trajectory h-sweep.
cylindrical_sharp,0.04,universal_higher_order_capacity_value_full_nonfinal,paper_tfe_lower_pair_velocity_compression_higher_order_capacity_gap_not_full_tfe,,universal_higher_order_capacity_nonfinal_full_component_value_fit,all_case_h_higher_order_capacity_oracle_fit,third_diff_source_rows_perp_along_active_velocity,source-row third differential along active non-final velocity rows,"0,1",6,24,8,16,24,16,256,46,6.5163924919469119e+05,1.0000000000000001e-05,16,False,True,False,False,False,False,8,132,24,31,7,8.6529305624953201e+02,3.7137778489504708e-01,3.6458406683330119e-01,2.5740022197367007e-01,2.5819889139313540e-01,7.0820124871554435e-01,9.9213008045911988e-01,2.5819889139311425e-01,6.9524592448652345e-01,9.9023104541669038e-01,1.5438572292772772e-06,2.1732456171071242e-28,True,True,True,False,True,True,False,False,False,False,False,The tested higher-order/nonlocal non-final source features do not reproduce the local correction.,derive a different nonlocal or history-dependent non-final source law for the coefficient-gradient closure,This capacity audit extends the second-differential probe with third finite differences of the source-free lower-pair row Jacobian and same-case cross-step source-row deltas. It is not a formula and not a trajectory h-sweep.
cylindrical_sharp,0.04,universal_higher_order_capacity_value_full_nonfinal,paper_tfe_lower_pair_velocity_compression_higher_order_capacity_gap_not_full_tfe,,universal_higher_order_capacity_nonfinal_full_component_value_fit,all_case_h_higher_order_capacity_oracle_fit,active_plus_third_diff_source_rows_perp,active non-final velocity plus source-row third differential,"0,1",6,24,8,16,24,16,272,54,6.5017339228143997e+05,1.0000000000000001e-05,16,False,True,False,False,False,False,8,132,24,28,4,8.6529322205568985e+02,3.7137778489504708e-01,3.6458406683330119e-01,2.5740022362468307e-01,2.5819888974716110e-01,7.0820124420088115e-01,9.9213006747815169e-01,2.5819888974716110e-01,6.9524592005450514e-01,9.9023103246073607e-01,1.5713198539287194e-13,2.1732456171071242e-28,True,True,True,False,True,True,False,False,False,False,False,The tested higher-order/nonlocal non-final source features do not reproduce the local correction.,derive a different nonlocal or history-dependent non-final source law for the coefficient-gradient closure,This capacity audit extends the second-differential probe with third finite differences of the source-free lower-pair row Jacobian and same-case cross-step source-row deltas. It is not a formula and not a trajectory h-sweep.
cylindrical_sharp,0.04,universal_higher_order_capacity_value_full_nonfinal,paper_tfe_lower_pair_velocity_compression_higher_order_capacity_gap_not_full_tfe,,universal_higher_order_capacity_nonfinal_full_component_value_fit,all_case_h_higher_order_capacity_oracle_fit,second_plus_third_diff_source_rows_perp_along_active_velocity,source-row second and third differentials along active non-final velocity rows,"0,1",6,24,8,16,24,16,512,46,1.9637042775460272e+04,1.0000000000000001e-05,16,True,True,False,False,False,False,8,132,24,31,7,8.6529305624085555e+02,3.7137778489504708e-01,3.6458406683330119e-01,2.5740022197361229e-01,2.5819889139313540e-01,7.0820124871554435e-01,9.9213008045911988e-01,2.5819889139311425e-01,6.9524592448652345e-01,9.9023104541669038e-01,1.5438572292407377e-06,2.1732456171071242e-28,True,True,True,False,True,True,False,False,False,False,False,The tested higher-order/nonlocal non-final source features do not reproduce the local correction.,derive a different nonlocal or history-dependent non-final source law for the coefficient-gradient closure,This capacity audit extends the second-differential probe with third finite differences of the source-free lower-pair row Jacobian and same-case cross-step source-row deltas. It is not a formula and not a trajectory h-sweep.
cylindrical_sharp,0.04,universal_higher_order_capacity_value_full_nonfinal,paper_tfe_lower_pair_velocity_compression_higher_order_capacity_gap_not_full_tfe,,universal_higher_order_capacity_nonfinal_full_component_value_fit,all_case_h_higher_order_capacity_oracle_fit,nonlocal_same_case_source_delta_rows_perp,same-case cross-step source-row deltas residualized against local source rows,"0,1",6,24,8,16,24,16,32,32,1.3425835456384154e+05,1.0000000000000001e-05,32,False,False,True,False,False,False,8,132,24,32,8,8.9514678787370349e+02,3.7137778489504708e-01,3.6458406683330119e-01,2.5448165491674568e-01,2.6107590677704179e-01,7.1609247503515716e-01,9.9213008442887329e-01,2.6107590241137613e-01,7.0299278263280418e-01,9.9023104937872997e-01,1.7232559780485562e-06,2.1732456171071242e-28,True,True,True,False,True,True,False,False,False,False,False,The tested higher-order/nonlocal non-final source features do not reproduce the local correction.,derive a different nonlocal or history-dependent non-final source law for the coefficient-gradient closure,This capacity audit extends the second-differential probe with third finite differences of the source-free lower-pair row Jacobian and same-case cross-step source-row deltas. It is not a formula and not a trajectory h-sweep.
cylindrical_sharp,0.04,universal_higher_order_capacity_value_full_nonfinal,paper_tfe_lower_pair_velocity_compression_higher_order_capacity_gap_not_full_tfe,,universal_higher_order_capacity_nonfinal_full_component_value_fit,all_case_h_higher_order_capacity_oracle_fit,active_plus_nonlocal_same_case_source_delta_rows_perp,active non-final velocity plus same-case nonlocal source-row deltas,"0,1",6,24,8,16,24,16,48,44,5.9842789514769521e+05,1.0000000000000001e-05,48,False,False,True,False,False,False,8,132,24,30,6,8.7551081650729157e+02,3.7137778489504708e-01,3.6458406683330119e-01,2.5737301308453048e-01,2.5822601326067118e-01,7.0827563997397580e-01,9.9213006791892422e-01,2.5822601326067124e-01,6.9531895488484052e-01,9.9023103290066494e-01,1.8002100498795067e-15,2.1732456171071242e-28,True,True,True,False,True,True,False,False,False,False,False,The tested higher-order/nonlocal non-final source features do not reproduce the local correction.,derive a different nonlocal or history-dependent non-final source law for the coefficient-gradient closure,This capacity audit extends the second-differential probe with third finite differences of the source-free lower-pair row Jacobian and same-case cross-step source-row deltas. It is not a formula and not a trajectory h-sweep.
cylindrical_sharp,0.04,universal_higher_order_capacity_value_full_nonfinal,paper_tfe_lower_pair_velocity_compression_higher_order_capacity_gap_not_full_tfe,,universal_higher_order_capacity_nonfinal_full_component_value_fit,all_case_h_higher_order_capacity_oracle_fit,higher_order_plus_nonlocal_source_rows_perp,source-row second/third differentials plus same-case nonlocal source-row deltas,"0,1",6,24,8,16,24,16,544,46,3.3764191761376883e+03,1.0000000000000001e-05,48,True,True,True,False,False,False,8,132,24,31,7,8.6529305624091899e+02,3.7137778489504708e-01,3.6458406683330119e-01,2.5740022197361240e-01,2.5819889139313540e-01,7.0820124871554435e-01,9.9213008045911988e-01,2.5819889139311425e-01,6.9524592448652345e-01,9.9023104541669038e-01,1.5438572292358939e-06,2.1732456171071242e-28,True,True,True,False,True,True,False,False,False,False,False,The tested higher-order/nonlocal non-final source features do not reproduce the local correction.,derive a different nonlocal or history-dependent non-final source law for the coefficient-gradient closure,This capacity audit extends the second-differential probe with third finite differences of the source-free lower-pair row Jacobian and same-case cross-step source-row deltas. It is not a formula and not a trajectory h-sweep.
cylindrical_sharp,0.02,case_local_higher_order_capacity_value_scalar_nonfinal,paper_tfe_lower_pair_velocity_compression_higher_order_capacity_gap_not_full_tfe,,case_local_higher_order_capacity_nonfinal_stage_scalar_value_fit,case_local_higher_order_capacity_oracle_fit,third_diff_source_rows_perp_along_active_velocity,source-row third differential along active non-final velocity rows,"0,1",1,24,8,16,24,16,256,46,5.4603740766818775e+06,1.0000000000000001e-05,16,False,True,False,False,False,False,8,132,24,28,4,2.0617121931590323e+03,2.6043562229773637e-01,2.5970145206752637e-01,1.8469301793158480e-01,1.8257418583508347e-01,7.0301565271037214e-01,9.9256381751308731e-01,1.8257418583508347e-01,7.0103384561717219e-01,9.9228287537058335e-01,2.2548577845674608e-12,3.1541822023455162e-18,True,True,True,False,True,True,False,False,False,False,False,The tested higher-order/nonlocal non-final source features do not reproduce the local correction.,derive a different nonlocal or history-dependent non-final source law for the coefficient-gradient closure,This capacity audit extends the second-differential probe with third finite differences of the source-free lower-pair row Jacobian and same-case cross-step source-row deltas. It is not a formula and not a trajectory h-sweep.
cylindrical_sharp,0.02,case_local_higher_order_capacity_value_scalar_nonfinal,paper_tfe_lower_pair_velocity_compression_higher_order_capacity_gap_not_full_tfe,,case_local_higher_order_capacity_nonfinal_stage_scalar_value_fit,case_local_higher_order_capacity_oracle_fit,active_plus_third_diff_source_rows_perp,active non-final velocity plus source-row third differential,"0,1",1,24,8,16,24,16,272,54,5.4179881641395316e+06,1.0000000000000001e-05,16,False,True,False,False,False,False,8,132,24,28,4,2.0617121927599551e+03,2.6043562229773637e-01,2.5970145206752637e-01,1.8469301793143636e-01,1.8257418583505539e-01,7.0301565271026401e-01,9.9256381751293465e-01,1.8257418583505539e-01,7.0103384561706428e-01,9.9228287537043081e-01,2.3553986698281775e-12,3.1541822023455162e-18,True,True,True,False,True,True,False,False,False,False,False,The tested higher-order/nonlocal non-final source features do not reproduce the local correction.,derive a different nonlocal or history-dependent non-final source law for the coefficient-gradient closure,This capacity audit extends the second-differential probe with third finite differences of the source-free lower-pair row Jacobian and same-case cross-step source-row deltas. It is not a formula and not a trajectory h-sweep.
cylindrical_sharp,0.02,case_local_higher_order_capacity_value_scalar_nonfinal,paper_tfe_lower_pair_velocity_compression_higher_order_capacity_gap_not_full_tfe,,case_local_higher_order_capacity_nonfinal_stage_scalar_value_fit,case_local_higher_order_capacity_oracle_fit,second_plus_third_diff_source_rows_perp_along_active_velocity,source-row second and third differentials along active non-final velocity rows,"0,1",1,24,8,16,24,16,512,46,8.7997184291076584e+04,1.0000000000000001e-05,16,True,True,False,False,False,False,8,132,24,28,4,2.0617121907592586e+03,2.6043562229773637e-01,2.5970145206752637e-01,1.8469301793148030e-01,1.8257418583508347e-01,7.0301565271037214e-01,9.9256381751308731e-01,1.8257418583508347e-01,7.0103384561717219e-01,9.9228287537058335e-01,2.2679124842380972e-14,3.1541822023455162e-18,True,True,True,False,True,True,False,False,False,False,False,The tested higher-order/nonlocal non-final source features do not reproduce the local correction.,derive a different nonlocal or history-dependent non-final source law for the coefficient-gradient closure,This capacity audit extends the second-differential probe with third finite differences of the source-free lower-pair row Jacobian and same-case cross-step source-row deltas. It is not a formula and not a trajectory h-sweep.
cylindrical_sharp,0.02,case_local_higher_order_capacity_value_scalar_nonfinal,paper_tfe_lower_pair_velocity_compression_higher_order_capacity_gap_not_full_tfe,,case_local_higher_order_capacity_nonfinal_stage_scalar_value_fit,case_local_higher_order_capacity_oracle_fit,nonlocal_same_case_source_delta_rows_perp,same-case cross-step source-row deltas residualized against local source rows,"0,1",1,24,8,16,24,16,32,32,9.6380722436508746e+04,1.0000000000000001e-05,32,False,False,True,False,False,False,8,132,24,30,6,2.1369606332592844e+03,2.6043562229773637e-01,2.5970145206752637e-01,1.8267757228108142e-01,1.8459076030901686e-01,7.1078062459589342e-01,9.9256381794972393e-01,1.8459076030901639e-01,7.0877692798102598e-01,9.9228287580709651e-01,1.4489915552429562e-12,3.1541822023455162e-18,True,True,True,False,True,True,False,False,False,False,False,The tested higher-order/nonlocal non-final source features do not reproduce the local correction.,derive a different nonlocal or history-dependent non-final source law for the coefficient-gradient closure,This capacity audit extends the second-differential probe with third finite differences of the source-free lower-pair row Jacobian and same-case cross-step source-row deltas. It is not a formula and not a trajectory h-sweep.
cylindrical_sharp,0.02,case_local_higher_order_capacity_value_scalar_nonfinal,paper_tfe_lower_pair_velocity_compression_higher_order_capacity_gap_not_full_tfe,,case_local_higher_order_capacity_nonfinal_stage_scalar_value_fit,case_local_higher_order_capacity_oracle_fit,active_plus_nonlocal_same_case_source_delta_rows_perp,active non-final velocity plus same-case nonlocal source-row deltas,"0,1",1,24,8,16,24,16,48,44,3.3056793522037973e+05,1.0000000000000001e-05,48,False,False,True,False,False,False,8,132,24,30,6,2.0924153460430025e+03,2.6043562229773637e-01,2.5970145206752637e-01,1.8467638664539060e-01,1.8259100860005084e-01,7.0308043003384657e-01,9.9256381794672122e-01,1.8259100860005087e-01,7.0109844033282198e-01,9.9228287580409458e-01,2.7210124137458902e-15,3.1541822023455162e-18,True,True,True,False,True,True,False,False,False,False,False,The tested higher-order/nonlocal non-final source features do not reproduce the local correction.,derive a different nonlocal or history-dependent non-final source law for the coefficient-gradient closure,This capacity audit extends the second-differential probe with third finite differences of the source-free lower-pair row Jacobian and same-case cross-step source-row deltas. It is not a formula and not a trajectory h-sweep.
cylindrical_sharp,0.02,case_local_higher_order_capacity_value_scalar_nonfinal,paper_tfe_lower_pair_velocity_compression_higher_order_capacity_gap_not_full_tfe,,case_local_higher_order_capacity_nonfinal_stage_scalar_value_fit,case_local_higher_order_capacity_oracle_fit,higher_order_plus_nonlocal_source_rows_perp,source-row second/third differentials plus same-case nonlocal source-row deltas,"0,1",1,24,8,16,24,16,544,46,9.4338225813040372e+03,1.0000000000000001e-05,48,True,True,True,False,False,False,8,132,24,28,4,2.0617121907539513e+03,2.6043562229773637e-01,2.5970145206752637e-01,1.8469301793148030e-01,1.8257418583508347e-01,7.0301565271037214e-01,9.9256381751308731e-01,1.8257418583508347e-01,7.0103384561717219e-01,9.9228287537058335e-01,3.4832123062283042e-15,3.1541822023455162e-18,True,True,True,False,True,True,False,False,False,False,False,The tested higher-order/nonlocal non-final source features do not reproduce the local correction.,derive a different nonlocal or history-dependent non-final source law for the coefficient-gradient closure,This capacity audit extends the second-differential probe with third finite differences of the source-free lower-pair row Jacobian and same-case cross-step source-row deltas. It is not a formula and not a trajectory h-sweep.
cylindrical_sharp,0.02,universal_higher_order_capacity_value_scalar_nonfinal,paper_tfe_lower_pair_velocity_compression_higher_order_capacity_gap_not_full_tfe,,universal_higher_order_capacity_nonfinal_stage_scalar_value_fit,all_case_h_higher_order_capacity_oracle_fit,third_diff_source_rows_perp_along_active_velocity,source-row third differential along active non-final velocity rows,"0,1",6,24,8,16,24,16,256,46,5.4603740766818775e+06,1.0000000000000001e-05,16,False,True,False,False,False,False,8,132,24,28,4,2.0617121913573933e+03,2.6043562229773637e-01,2.5970145217160140e-01,1.8469301807799021e-01,1.8257418583505539e-01,7.0301565242853137e-01,9.9256381747283129e-01,1.8257418583505539e-01,7.0103384561706428e-01,9.9228287537043081e-01,2.5520105671942803e-12,3.3521064770341994e-18,True,True,True,False,True,True,False,False,False,False,False,The tested higher-order/nonlocal non-final source features do not reproduce the local correction.,derive a different nonlocal or history-dependent non-final source law for the coefficient-gradient closure,This capacity audit extends the second-differential probe with third finite differences of the source-free lower-pair row Jacobian and same-case cross-step source-row deltas. It is not a formula and not a trajectory h-sweep.
cylindrical_sharp,0.02,universal_higher_order_capacity_value_scalar_nonfinal,paper_tfe_lower_pair_velocity_compression_higher_order_capacity_gap_not_full_tfe,,universal_higher_order_capacity_nonfinal_stage_scalar_value_fit,all_case_h_higher_order_capacity_oracle_fit,active_plus_third_diff_source_rows_perp,active non-final velocity plus source-row third differential,"0,1",6,24,8,16,24,16,272,54,5.4179881641395316e+06,1.0000000000000001e-05,16,False,True,False,False,False,False,8,132,24,28,4,2.0617121922697393e+03,2.6043562229773637e-01,2.5970145217160140e-01,1.8469301807803692e-01,1.8257418583505539e-01,7.0301565242853137e-01,9.9256381747283129e-01,1.8257418583505539e-01,7.0103384561706428e-01,9.9228287537043081e-01,4.9588550994162493e-12,3.3521064770341994e-18,True,True,True,False,True,True,False,False,False,False,False,The tested higher-order/nonlocal non-final source features do not reproduce the local correction.,derive a different nonlocal or history-dependent non-final source law for the coefficient-gradient closure,This capacity audit extends the second-differential probe with third finite differences of the source-free lower-pair row Jacobian and same-case cross-step source-row deltas. It is not a formula and not a trajectory h-sweep.
cylindrical_sharp,0.02,universal_higher_order_capacity_value_scalar_nonfinal,paper_tfe_lower_pair_velocity_compression_higher_order_capacity_gap_not_full_tfe,,universal_higher_order_capacity_nonfinal_stage_scalar_value_fit,all_case_h_higher_order_capacity_oracle_fit,second_plus_third_diff_source_rows_perp_along_active_velocity,source-row second and third differentials along active non-final velocity rows,"0,1",6,24,8,16,24,16,512,46,8.7997184291076584e+04,1.0000000000000001e-05,16,True,True,False,False,False,False,8,132,24,28,4,2.0617121931045062e+03,2.6043562229773637e-01,2.5970145217160140e-01,1.8469301807785024e-01,1.8257418583505539e-01,7.0301565242853137e-01,9.9256381747283129e-01,1.8257418583505539e-01,7.0103384561706428e-01,9.9228287537043081e-01,3.1517705816933541e-14,3.3521064770341994e-18,True,True,True,False,True,True,False,False,False,False,False,The tested higher-order/nonlocal non-final source features do not reproduce the local correction.,derive a different nonlocal or history-dependent non-final source law for the coefficient-gradient closure,This capacity audit extends the second-differential probe with third finite differences of the source-free lower-pair row Jacobian and same-case cross-step source-row deltas. It is not a formula and not a trajectory h-sweep.
cylindrical_sharp,0.02,universal_higher_order_capacity_value_scalar_nonfinal,paper_tfe_lower_pair_velocity_compression_higher_order_capacity_gap_not_full_tfe,,universal_higher_order_capacity_nonfinal_stage_scalar_value_fit,all_case_h_higher_order_capacity_oracle_fit,nonlocal_same_case_source_delta_rows_perp,same-case cross-step source-row deltas residualized against local source rows,"0,1",6,24,8,16,24,16,32,32,9.6380722436508746e+04,1.0000000000000001e-05,32,False,False,True,False,False,False,8,132,24,30,6,2.1369606359326322e+03,2.6043562229773637e-01,2.5970145217160140e-01,1.8267756484220202e-01,1.8459076781724251e-01,7.1078065322203732e-01,9.9256381790946702e-01,1.8459076781724251e-01,7.0877695681051589e-01,9.9228287580694297e-01,1.6290658392233461e-12,3.3521064770341994e-18,True,True,True,False,True,True,False,False,False,False,False,The tested higher-order/nonlocal non-final source features do not reproduce the local correction.,derive a different nonlocal or history-dependent non-final source law for the coefficient-gradient closure,This capacity audit extends the second-differential probe with third finite differences of the source-free lower-pair row Jacobian and same-case cross-step source-row deltas. It is not a formula and not a trajectory h-sweep.
cylindrical_sharp,0.02,universal_higher_order_capacity_value_scalar_nonfinal,paper_tfe_lower_pair_velocity_compression_higher_order_capacity_gap_not_full_tfe,,universal_higher_order_capacity_nonfinal_stage_scalar_value_fit,all_case_h_higher_order_capacity_oracle_fit,active_plus_nonlocal_same_case_source_delta_rows_perp,active non-final velocity plus same-case nonlocal source-row deltas,"0,1",6,24,8,16,24,16,48,44,3.3056793522037973e+05,1.0000000000000001e-05,48,False,False,True,False,False,False,8,132,24,30,6,2.0924153460428424e+03,2.6043562229773637e-01,2.5970145217160140e-01,1.8467638679174628e-01,1.8259100860005084e-01,7.0308042975208795e-01,9.9256381790661785e-01,1.8259100860005087e-01,7.0109844033282198e-01,9.9228287580409458e-01,5.0512967737163904e-15,3.3521064770341994e-18,True,True,True,False,True,True,False,False,False,False,False,The tested higher-order/nonlocal non-final source features do not reproduce the local correction.,derive a different nonlocal or history-dependent non-final source law for the coefficient-gradient closure,This capacity audit extends the second-differential probe with third finite differences of the source-free lower-pair row Jacobian and same-case cross-step source-row deltas. It is not a formula and not a trajectory h-sweep.
cylindrical_sharp,0.02,universal_higher_order_capacity_value_scalar_nonfinal,paper_tfe_lower_pair_velocity_compression_higher_order_capacity_gap_not_full_tfe,,universal_higher_order_capacity_nonfinal_stage_scalar_value_fit,all_case_h_higher_order_capacity_oracle_fit,higher_order_plus_nonlocal_source_rows_perp,source-row second/third differentials plus same-case nonlocal source-row deltas,"0,1",6,24,8,16,24,16,544,46,9.4338225813040372e+03,1.0000000000000001e-05,48,True,True,True,False,False,False,8,132,24,28,4,2.0617121930954531e+03,2.6043562229773637e-01,2.5970145217160140e-01,1.8469301807785055e-01,1.8257418583505539e-01,7.0301565242853137e-01,9.9256381747283129e-01,1.8257418583505539e-01,7.0103384561706428e-01,9.9228287537043081e-01,3.4356823324637181e-15,3.3521064770341994e-18,True,True,True,False,True,True,False,False,False,False,False,The tested higher-order/nonlocal non-final source features do not reproduce the local correction.,derive a different nonlocal or history-dependent non-final source law for the coefficient-gradient closure,This capacity audit extends the second-differential probe with third finite differences of the source-free lower-pair row Jacobian and same-case cross-step source-row deltas. It is not a formula and not a trajectory h-sweep.
cylindrical_sharp,0.02,case_local_higher_order_capacity_value_component_nonfinal,paper_tfe_lower_pair_velocity_compression_higher_order_capacity_gap_not_full_tfe,,case_local_higher_order_capacity_nonfinal_component_diagonal_value_fit,case_local_higher_order_capacity_oracle_fit,third_diff_source_rows_perp_along_active_velocity,source-row third differential along active non-final velocity rows,"0,1",1,24,8,16,24,16,256,46,5.4603740766818775e+06,1.0000000000000001e-05,16,False,True,False,False,False,False,8,132,24,28,4,2.0617122378677745e+03,2.6043562229773637e-01,2.5992975651812394e-01,1.8501390485666386e-01,1.8257418583505597e-01,7.0239817203201105e-01,9.9256381747481692e-01,1.8257418583505597e-01,7.0103384561706650e-01,9.9228287537043081e-01,4.5867783556086394e-12,5.7878120260073902e-34,True,True,True,False,True,True,False,False,False,False,False,The tested higher-order/nonlocal non-final source features do not reproduce the local correction.,derive a different nonlocal or history-dependent non-final source law for the coefficient-gradient closure,This capacity audit extends the second-differential probe with third finite differences of the source-free lower-pair row Jacobian and same-case cross-step source-row deltas. It is not a formula and not a trajectory h-sweep.
cylindrical_sharp,0.02,case_local_higher_order_capacity_value_component_nonfinal,paper_tfe_lower_pair_velocity_compression_higher_order_capacity_gap_not_full_tfe,,case_local_higher_order_capacity_nonfinal_component_diagonal_value_fit,case_local_higher_order_capacity_oracle_fit,active_plus_third_diff_source_rows_perp,active non-final velocity plus source-row third differential,"0,1",1,24,8,16,24,16,272,54,5.4179881641395316e+06,1.0000000000000001e-05,16,False,True,False,False,False,False,8,132,24,28,4,2.0617122365331920e+03,2.6043562229773637e-01,2.5992975651812394e-01,1.8501390485652089e-01,1.8257418583505539e-01,7.0239817203200883e-01,9.9256381747481692e-01,1.8257418583505539e-01,7.0103384561706428e-01,9.9228287537043081e-01,2.6996628691767376e-12,5.7878120260073902e-34,True,True,True,False,True,True,False,False,False,False,False,The tested higher-order/nonlocal non-final source features do not reproduce the local correction.,derive a different nonlocal or history-dependent non-final source law for the coefficient-gradient closure,This capacity audit extends the second-differential probe with third finite differences of the source-free lower-pair row Jacobian and same-case cross-step source-row deltas. It is not a formula and not a trajectory h-sweep.
cylindrical_sharp,0.02,case_local_higher_order_capacity_value_component_nonfinal,paper_tfe_lower_pair_velocity_compression_higher_order_capacity_gap_not_full_tfe,,case_local_higher_order_capacity_nonfinal_component_diagonal_value_fit,case_local_higher_order_capacity_oracle_fit,second_plus_third_diff_source_rows_perp_along_active_velocity,source-row second and third differentials along active non-final velocity rows,"0,1",1,24,8,16,24,16,512,46,8.7997184291076584e+04,1.0000000000000001e-05,16,True,True,False,False,False,False,8,132,24,28,4,2.0617122375523431e+03,2.6043562229773637e-01,2.5992975651812394e-01,1.8501390485646649e-01,1.8257418583505597e-01,7.0239817203201105e-01,9.9256381747481692e-01,1.8257418583505597e-01,7.0103384561706650e-01,9.9228287537043081e-01,2.1733312069414310e-14,5.7878120260073902e-34,True,True,True,False,True,True,False,False,False,False,False,The tested higher-order/nonlocal non-final source features do not reproduce the local correction.,derive a different nonlocal or history-dependent non-final source law for the coefficient-gradient closure,This capacity audit extends the second-differential probe with third finite differences of the source-free lower-pair row Jacobian and same-case cross-step source-row deltas. It is not a formula and not a trajectory h-sweep.
cylindrical_sharp,0.02,case_local_higher_order_capacity_value_component_nonfinal,paper_tfe_lower_pair_velocity_compression_higher_order_capacity_gap_not_full_tfe,,case_local_higher_order_capacity_nonfinal_component_diagonal_value_fit,case_local_higher_order_capacity_oracle_fit,nonlocal_same_case_source_delta_rows_perp,same-case cross-step source-row deltas residualized against local source rows,"0,1",1,24,8,16,24,16,32,32,9.6380722436508746e+04,1.0000000000000001e-05,32,False,False,True,False,False,False,8,132,24,30,6,2.1369606826710519e+03,2.6043562229773637e-01,2.5992975651812394e-01,1.8300198569448975e-01,1.8459076779583955e-01,7.1015635250275289e-01,9.9256381791145265e-01,1.8459076779583952e-01,7.0877695672833441e-01,9.9228287580694297e-01,1.0861582223133873e-12,5.7878120260073902e-34,True,True,True,False,True,True,False,False,False,False,False,The tested higher-order/nonlocal non-final source features do not reproduce the local correction.,derive a different nonlocal or history-dependent non-final source law for the coefficient-gradient closure,This capacity audit extends the second-differential probe with third finite differences of the source-free lower-pair row Jacobian and same-case cross-step source-row deltas. It is not a formula and not a trajectory h-sweep.
cylindrical_sharp,0.02,case_local_higher_order_capacity_value_component_nonfinal,paper_tfe_lower_pair_velocity_compression_higher_order_capacity_gap_not_full_tfe,,case_local_higher_order_capacity_nonfinal_component_diagonal_value_fit,case_local_higher_order_capacity_oracle_fit,active_plus_nonlocal_same_case_source_delta_rows_perp,active non-final velocity plus same-case nonlocal source-row deltas,"0,1",1,24,8,16,24,16,48,44,3.3056793522037973e+05,1.0000000000000001e-05,48,False,False,True,False,False,False,8,132,24,30,6,2.0924153916423338e+03,2.6043562229773637e-01,2.5992975651812394e-01,1.8499730241813617e-01,1.8259100860005087e-01,7.0246289245963833e-01,9.9256381790860349e-01,1.8259100860005084e-01,7.0109844033282187e-01,9.9228287580409458e-01,2.7370537255679182e-15,5.7878120260073902e-34,True,True,True,False,True,True,False,False,False,False,False,The tested higher-order/nonlocal non-final source features do not reproduce the local correction.,derive a different nonlocal or history-dependent non-final source law for the coefficient-gradient closure,This capacity audit extends the second-differential probe with third finite differences of the source-free lower-pair row Jacobian and same-case cross-step source-row deltas. It is not a formula and not a trajectory h-sweep.
cylindrical_sharp,0.02,case_local_higher_order_capacity_value_component_nonfinal,paper_tfe_lower_pair_velocity_compression_higher_order_capacity_gap_not_full_tfe,,case_local_higher_order_capacity_nonfinal_component_diagonal_value_fit,case_local_higher_order_capacity_oracle_fit,higher_order_plus_nonlocal_source_rows_perp,source-row second/third differentials plus same-case nonlocal source-row deltas,"0,1",1,24,8,16,24,16,544,46,9.4338225813040372e+03,1.0000000000000001e-05,48,True,True,True,False,False,False,8,132,24,28,4,2.0617122375471972e+03,2.6043562229773637e-01,2.5992975651812394e-01,1.8501390485646663e-01,1.8257418583505597e-01,7.0239817203201105e-01,9.9256381747481692e-01,1.8257418583505597e-01,7.0103384561706650e-01,9.9228287537043081e-01,2.7059001191664083e-15,5.7878120260073902e-34,True,True,True,False,True,True,False,False,False,False,False,The tested higher-order/nonlocal non-final source features do not reproduce the local correction.,derive a different nonlocal or history-dependent non-final source law for the coefficient-gradient closure,This capacity audit extends the second-differential probe with third finite differences of the source-free lower-pair row Jacobian and same-case cross-step source-row deltas. It is not a formula and not a trajectory h-sweep.
cylindrical_sharp,0.02,universal_higher_order_capacity_value_component_nonfinal,paper_tfe_lower_pair_velocity_compression_higher_order_capacity_gap_not_full_tfe,,universal_higher_order_capacity_nonfinal_component_diagonal_value_fit,all_case_h_higher_order_capacity_oracle_fit,third_diff_source_rows_perp_along_active_velocity,source-row third differential along active non-final velocity rows,"0,1",6,24,8,16,24,16,256,46,5.4603740766818775e+06,1.0000000000000001e-05,16,False,True,False,False,False,False,8,132,24,28,4,2.0617122274889525e+03,2.6043562229773637e-01,2.6001651966512862e-01,1.8513578034916175e-01,1.8257418583505555e-01,7.0216379355507919e-01,9.9256381747273914e-01,1.8257418583505555e-01,7.0103384561706494e-01,9.9228287537043081e-01,4.0942438630254592e-12,3.3868279671505633e-18,True,True,True,False,True,True,False,False,False,False,False,The tested higher-order/nonlocal non-final source features do not reproduce the local correction.,derive a different nonlocal or history-dependent non-final source law for the coefficient-gradient closure,This capacity audit extends the second-differential probe with third finite differences of the source-free lower-pair row Jacobian and same-case cross-step source-row deltas. It is not a formula and not a trajectory h-sweep.
cylindrical_sharp,0.02,universal_higher_order_capacity_value_component_nonfinal,paper_tfe_lower_pair_velocity_compression_higher_order_capacity_gap_not_full_tfe,,universal_higher_order_capacity_nonfinal_component_diagonal_value_fit,all_case_h_higher_order_capacity_oracle_fit,active_plus_third_diff_source_rows_perp,active non-final velocity plus source-row third differential,"0,1",6,24,8,16,24,16,272,54,5.4179881641395316e+06,1.0000000000000001e-05,16,False,True,False,False,False,False,8,132,24,28,4,2.0617122263245546e+03,2.6043562229773637e-01,2.6001651966512862e-01,1.8513578034912281e-01,1.8257418583505539e-01,7.0216379355507852e-01,9.9256381747273914e-01,1.8257418583505539e-01,7.0103384561706428e-01,9.9228287537043081e-01,3.1212208383103902e-12,3.3868279671505633e-18,True,True,True,False,True,True,False,False,False,False,False,The tested higher-order/nonlocal non-final source features do not reproduce the local correction.,derive a different nonlocal or history-dependent non-final source law for the coefficient-gradient closure,This capacity audit extends the second-differential probe with third finite differences of the source-free lower-pair row Jacobian and same-case cross-step source-row deltas. It is not a formula and not a trajectory h-sweep.
cylindrical_sharp,0.02,universal_higher_order_capacity_value_component_nonfinal,paper_tfe_lower_pair_velocity_compression_higher_order_capacity_gap_not_full_tfe,,universal_higher_order_capacity_nonfinal_component_diagonal_value_fit,all_case_h_higher_order_capacity_oracle_fit,second_plus_third_diff_source_rows_perp_along_active_velocity,source-row second and third differentials along active non-final velocity rows,"0,1",6,24,8,16,24,16,512,46,8.7997184291076584e+04,1.0000000000000001e-05,16,True,True,False,False,False,False,8,132,24,28,4,2.0617122268154058e+03,2.6043562229773637e-01,2.6001651966512862e-01,1.8513578034899886e-01,1.8257418583505555e-01,7.0216379355507919e-01,9.9256381747273914e-01,1.8257418583505555e-01,7.0103384561706494e-01,9.9228287537043081e-01,2.6092695078809413e-14,3.3868279671505633e-18,True,True,True,False,True,True,False,False,False,False,False,The tested higher-order/nonlocal non-final source features do not reproduce the local correction.,derive a different nonlocal or history-dependent non-final source law for the coefficient-gradient closure,This capacity audit extends the second-differential probe with third finite differences of the source-free lower-pair row Jacobian and same-case cross-step source-row deltas. It is not a formula and not a trajectory h-sweep.
cylindrical_sharp,0.02,universal_higher_order_capacity_value_component_nonfinal,paper_tfe_lower_pair_velocity_compression_higher_order_capacity_gap_not_full_tfe,,universal_higher_order_capacity_nonfinal_component_diagonal_value_fit,all_case_h_higher_order_capacity_oracle_fit,nonlocal_same_case_source_delta_rows_perp,same-case cross-step source-row deltas residualized against local source rows,"0,1",6,24,8,16,24,16,32,32,9.6380722436508746e+04,1.0000000000000001e-05,32,False,False,True,False,False,False,8,132,24,30,6,2.1369606688523945e+03,2.6043562229773637e-01,2.6001651966512862e-01,1.8312520000374194e-01,1.8459076797703289e-01,7.0991938594811044e-01,9.9256381790937498e-01,1.8459076797703278e-01,7.0877695742406577e-01,9.9228287580694297e-01,1.0832132683357132e-12,3.3868279671505633e-18,True,True,True,False,True,True,False,False,False,False,False,The tested higher-order/nonlocal non-final source features do not reproduce the local correction.,derive a different nonlocal or history-dependent non-final source law for the coefficient-gradient closure,This capacity audit extends the second-differential probe with third finite differences of the source-free lower-pair row Jacobian and same-case cross-step source-row deltas. It is not a formula and not a trajectory h-sweep.
cylindrical_sharp,0.02,universal_higher_order_capacity_value_component_nonfinal,paper_tfe_lower_pair_velocity_compression_higher_order_capacity_gap_not_full_tfe,,universal_higher_order_capacity_nonfinal_component_diagonal_value_fit,all_case_h_higher_order_capacity_oracle_fit,active_plus_nonlocal_same_case_source_delta_rows_perp,active non-final velocity plus same-case nonlocal source-row deltas,"0,1",6,24,8,16,24,16,48,44,3.3056793522037973e+05,1.0000000000000001e-05,48,False,False,True,False,False,False,8,132,24,30,6,2.0924153796236233e+03,2.6043562229773637e-01,2.6001651966512862e-01,1.8511918884108772e-01,1.8259100860005084e-01,7.0222849238658780e-01,9.9256381790652581e-01,1.8259100860005087e-01,7.0109844033282198e-01,9.9228287580409458e-01,5.4563045695502616e-15,3.3868279671505633e-18,True,True,True,False,True,True,False,False,False,False,False,The tested higher-order/nonlocal non-final source features do not reproduce the local correction.,derive a different nonlocal or history-dependent non-final source law for the coefficient-gradient closure,This capacity audit extends the second-differential probe with third finite differences of the source-free lower-pair row Jacobian and same-case cross-step source-row deltas. It is not a formula and not a trajectory h-sweep.
cylindrical_sharp,0.02,universal_higher_order_capacity_value_component_nonfinal,paper_tfe_lower_pair_velocity_compression_higher_order_capacity_gap_not_full_tfe,,universal_higher_order_capacity_nonfinal_component_diagonal_value_fit,all_case_h_higher_order_capacity_oracle_fit,higher_order_plus_nonlocal_source_rows_perp,source-row second/third differentials plus same-case nonlocal source-row deltas,"0,1",6,24,8,16,24,16,544,46,9.4338225813040372e+03,1.0000000000000001e-05,48,True,True,True,False,False,False,8,132,24,28,4,2.0617122268090393e+03,2.6043562229773637e-01,2.6001651966512862e-01,1.8513578034899897e-01,1.8257418583505555e-01,7.0216379355507919e-01,9.9256381747273914e-01,1.8257418583505555e-01,7.0103384561706494e-01,9.9228287537043081e-01,2.4232715175237472e-15,3.3868279671505633e-18,True,True,True,False,True,True,False,False,False,False,False,The tested higher-order/nonlocal non-final source features do not reproduce the local correction.,derive a different nonlocal or history-dependent non-final source law for the coefficient-gradient closure,This capacity audit extends the second-differential probe with third finite differences of the source-free lower-pair row Jacobian and same-case cross-step source-row deltas. It is not a formula and not a trajectory h-sweep.
cylindrical_sharp,0.02,case_local_higher_order_capacity_value_full_nonfinal,paper_tfe_lower_pair_velocity_compression_higher_order_capacity_gap_not_full_tfe,,case_local_higher_order_capacity_nonfinal_full_component_value_fit,case_local_higher_order_capacity_oracle_fit,third_diff_source_rows_perp_along_active_velocity,source-row third differential along active non-final velocity rows,"0,1",1,24,8,16,24,16,256,46,5.4603740766818775e+06,1.0000000000000001e-05,16,False,True,False,False,False,False,8,132,24,28,4,2.0617121922328397e+03,2.6043562229773637e-01,2.5970145217120505e-01,1.8469301807725014e-01,1.8257418583505539e-01,7.0301565242960429e-01,9.9256381747323963e-01,1.8257418583505539e-01,7.0103384561706428e-01,9.9228287537043081e-01,8.4292368955975294e-11,4.9278503444992840e-34,True,True,True,False,True,True,False,False,False,False,False,The tested higher-order/nonlocal non-final source features do not reproduce the local correction.,derive a different nonlocal or history-dependent non-final source law for the coefficient-gradient closure,This capacity audit extends the second-differential probe with third finite differences of the source-free lower-pair row Jacobian and same-case cross-step source-row deltas. It is not a formula and not a trajectory h-sweep.
cylindrical_sharp,0.02,case_local_higher_order_capacity_value_full_nonfinal,paper_tfe_lower_pair_velocity_compression_higher_order_capacity_gap_not_full_tfe,,case_local_higher_order_capacity_nonfinal_full_component_value_fit,case_local_higher_order_capacity_oracle_fit,active_plus_third_diff_source_rows_perp,active non-final velocity plus source-row third differential,"0,1",1,24,8,16,24,16,272,54,5.4179881641395316e+06,1.0000000000000001e-05,16,False,True,False,False,False,False,8,132,24,28,4,2.0617121920230466e+03,2.6043562229773637e-01,2.5970145217120505e-01,1.8469301807752372e-01,1.8257418583505539e-01,7.0301565242960429e-01,9.9256381747323963e-01,1.8257418583505539e-01,7.0103384561706428e-01,9.9228287537043081e-01,5.8518279562270380e-12,4.9278503444992840e-34,True,True,True,False,True,True,False,False,False,False,False,The tested higher-order/nonlocal non-final source features do not reproduce the local correction.,derive a different nonlocal or history-dependent non-final source law for the coefficient-gradient closure,This capacity audit extends the second-differential probe with third finite differences of the source-free lower-pair row Jacobian and same-case cross-step source-row deltas. It is not a formula and not a trajectory h-sweep.
cylindrical_sharp,0.02,case_local_higher_order_capacity_value_full_nonfinal,paper_tfe_lower_pair_velocity_compression_higher_order_capacity_gap_not_full_tfe,,case_local_higher_order_capacity_nonfinal_full_component_value_fit,case_local_higher_order_capacity_oracle_fit,second_plus_third_diff_source_rows_perp_along_active_velocity,source-row second and third differentials along active non-final velocity rows,"0,1",1,24,8,16,24,16,512,46,8.7997184291076584e+04,1.0000000000000001e-05,16,True,True,False,False,False,False,8,132,24,28,4,2.0617121930956537e+03,2.6043562229773637e-01,2.5970145217120505e-01,1.8469301807729308e-01,1.8257418583505539e-01,7.0301565242960429e-01,9.9256381747323963e-01,1.8257418583505539e-01,7.0103384561706428e-01,9.9228287537043081e-01,8.4189560001229578e-11,4.9278503444992840e-34,True,True,True,False,True,True,False,False,False,False,False,The tested higher-order/nonlocal non-final source features do not reproduce the local correction.,derive a different nonlocal or history-dependent non-final source law for the coefficient-gradient closure,This capacity audit extends the second-differential probe with third finite differences of the source-free lower-pair row Jacobian and same-case cross-step source-row deltas. It is not a formula and not a trajectory h-sweep.
cylindrical_sharp,0.02,case_local_higher_order_capacity_value_full_nonfinal,paper_tfe_lower_pair_velocity_compression_higher_order_capacity_gap_not_full_tfe,,case_local_higher_order_capacity_nonfinal_full_component_value_fit,case_local_higher_order_capacity_oracle_fit,nonlocal_same_case_source_delta_rows_perp,same-case cross-step source-row deltas residualized against local source rows,"0,1",1,24,8,16,24,16,32,32,9.6380722436508746e+04,1.0000000000000001e-05,32,False,False,True,False,False,False,8,132,24,30,6,2.1369606359317927e+03,2.6043562229773637e-01,2.5970145217120505e-01,1.8267756484720227e-01,1.8459076781173117e-01,7.1078065320190020e-01,9.9256381790987480e-01,1.8459076781173117e-01,7.0877695678935382e-01,9.9228287580694241e-01,1.0315565738539433e-10,4.9278503444992840e-34,True,True,True,False,True,True,False,False,False,False,False,The tested higher-order/nonlocal non-final source features do not reproduce the local correction.,derive a different nonlocal or history-dependent non-final source law for the coefficient-gradient closure,This capacity audit extends the second-differential probe with third finite differences of the source-free lower-pair row Jacobian and same-case cross-step source-row deltas. It is not a formula and not a trajectory h-sweep.
cylindrical_sharp,0.02,case_local_higher_order_capacity_value_full_nonfinal,paper_tfe_lower_pair_velocity_compression_higher_order_capacity_gap_not_full_tfe,,case_local_higher_order_capacity_nonfinal_full_component_value_fit,case_local_higher_order_capacity_oracle_fit,active_plus_nonlocal_same_case_source_delta_rows_perp,active non-final velocity plus same-case nonlocal source-row deltas,"0,1",1,24,8,16,24,16,48,44,3.3056793522037973e+05,1.0000000000000001e-05,48,False,False,True,False,False,False,8,132,24,30,6,2.0924153460436978e+03,2.6043562229773637e-01,2.5970145217120505e-01,1.8467638679118911e-01,1.8259100860005087e-01,7.0308042975316110e-01,9.9256381790702619e-01,1.8259100860005084e-01,7.0109844033282187e-01,9.9228287580409458e-01,2.9684629084804602e-15,4.9278503444992840e-34,True,True,True,False,True,True,False,False,False,False,False,The tested higher-order/nonlocal non-final source features do not reproduce the local correction.,derive a different nonlocal or history-dependent non-final source law for the coefficient-gradient closure,This capacity audit extends the second-differential probe with third finite differences of the source-free lower-pair row Jacobian and same-case cross-step source-row deltas. It is not a formula and not a trajectory h-sweep.
cylindrical_sharp,0.02,case_local_higher_order_capacity_value_full_nonfinal,paper_tfe_lower_pair_velocity_compression_higher_order_capacity_gap_not_full_tfe,,case_local_higher_order_capacity_nonfinal_full_component_value_fit,case_local_higher_order_capacity_oracle_fit,higher_order_plus_nonlocal_source_rows_perp,source-row second/third differentials plus same-case nonlocal source-row deltas,"0,1",1,24,8,16,24,16,544,46,9.4338225813040372e+03,1.0000000000000001e-05,48,True,True,True,False,False,False,8,132,24,28,4,2.0617121930954736e+03,2.6043562229773637e-01,2.5970145217120505e-01,1.8469301807729327e-01,1.8257418583505539e-01,7.0301565242960429e-01,9.9256381747323963e-01,1.8257418583505539e-01,7.0103384561706428e-01,9.9228287537043081e-01,8.4189549484576375e-11,4.9278503444992840e-34,True,True,True,False,True,True,False,False,False,False,False,The tested higher-order/nonlocal non-final source features do not reproduce the local correction.,derive a different nonlocal or history-dependent non-final source law for the coefficient-gradient closure,This capacity audit extends the second-differential probe with third finite differences of the source-free lower-pair row Jacobian and same-case cross-step source-row deltas. It is not a formula and not a trajectory h-sweep.
cylindrical_sharp,0.02,universal_higher_order_capacity_value_full_nonfinal,paper_tfe_lower_pair_velocity_compression_higher_order_capacity_gap_not_full_tfe,,universal_higher_order_capacity_nonfinal_full_component_value_fit,all_case_h_higher_order_capacity_oracle_fit,third_diff_source_rows_perp_along_active_velocity,source-row third differential along active non-final velocity rows,"0,1",6,24,8,16,24,16,256,46,5.4603740766818775e+06,1.0000000000000001e-05,16,False,True,False,False,False,False,8,132,24,31,7,2.0617010680465228e+03,2.6043562229773637e-01,2.5970145446109977e-01,1.8469302014674119e-01,1.8257418699893493e-01,7.0301565071243144e-01,9.9256379317188625e-01,1.8257418699884612e-01,7.0103385008569541e-01,9.9228288835240197e-01,1.5438312972319738e-06,5.4817986714822987e-30,True,True,True,False,True,True,False,False,False,False,False,The tested higher-order/nonlocal non-final source features do not reproduce the local correction.,derive a different nonlocal or history-dependent non-final source law for the coefficient-gradient closure,This capacity audit extends the second-differential probe with third finite differences of the source-free lower-pair row Jacobian and same-case cross-step source-row deltas. It is not a formula and not a trajectory h-sweep.
cylindrical_sharp,0.02,universal_higher_order_capacity_value_full_nonfinal,paper_tfe_lower_pair_velocity_compression_higher_order_capacity_gap_not_full_tfe,,universal_higher_order_capacity_nonfinal_full_component_value_fit,all_case_h_higher_order_capacity_oracle_fit,active_plus_third_diff_source_rows_perp,active non-final velocity plus source-row third differential,"0,1",6,24,8,16,24,16,272,54,5.4179881641395316e+06,1.0000000000000001e-05,16,False,True,False,False,False,False,8,132,24,28,4,2.0617121903057382e+03,2.6043562229773637e-01,2.5970145446109977e-01,1.8469302129710613e-01,1.8257418583505539e-01,7.0301564623082557e-01,9.9256378018524327e-01,1.8257418583505539e-01,7.0103384561706428e-01,9.9228287537043081e-01,4.7495678116283749e-12,5.4817986714822987e-30,True,True,True,False,True,True,False,False,False,False,False,The tested higher-order/nonlocal non-final source features do not reproduce the local correction.,derive a different nonlocal or history-dependent non-final source law for the coefficient-gradient closure,This capacity audit extends the second-differential probe with third finite differences of the source-free lower-pair row Jacobian and same-case cross-step source-row deltas. It is not a formula and not a trajectory h-sweep.
cylindrical_sharp,0.02,universal_higher_order_capacity_value_full_nonfinal,paper_tfe_lower_pair_velocity_compression_higher_order_capacity_gap_not_full_tfe,,universal_higher_order_capacity_nonfinal_full_component_value_fit,all_case_h_higher_order_capacity_oracle_fit,second_plus_third_diff_source_rows_perp_along_active_velocity,source-row second and third differentials along active non-final velocity rows,"0,1",6,24,8,16,24,16,512,46,8.7997184291076584e+04,1.0000000000000001e-05,16,True,True,False,False,False,False,8,132,24,31,7,2.0617010675472097e+03,2.6043562229773637e-01,2.5970145446109977e-01,1.8469302014664413e-01,1.8257418699893493e-01,7.0301565071243144e-01,9.9256379317188625e-01,1.8257418699884612e-01,7.0103385008569541e-01,9.9228288835240197e-01,1.5438312991109756e-06,5.4817986714822987e-30,True,True,True,False,True,True,False,False,False,False,False,The tested higher-order/nonlocal non-final source features do not reproduce the local correction.,derive a different nonlocal or history-dependent non-final source law for the coefficient-gradient closure,This capacity audit extends the second-differential probe with third finite differences of the source-free lower-pair row Jacobian and same-case cross-step source-row deltas. It is not a formula and not a trajectory h-sweep.
cylindrical_sharp,0.02,universal_higher_order_capacity_value_full_nonfinal,paper_tfe_lower_pair_velocity_compression_higher_order_capacity_gap_not_full_tfe,,universal_higher_order_capacity_nonfinal_full_component_value_fit,all_case_h_higher_order_capacity_oracle_fit,nonlocal_same_case_source_delta_rows_perp,same-case cross-step source-row deltas residualized against local source rows,"0,1",6,24,8,16,24,16,32,32,9.6380722436508746e+04,1.0000000000000001e-05,32,False,False,True,False,False,False,8,132,24,32,8,2.1369409846141743e+03,2.6043562229773637e-01,2.5970145446109977e-01,1.8267792546659453e-01,1.8459041415097843e-01,7.1077928513730337e-01,9.9256379716639731e-01,1.8459039532740060e-01,7.0877552655363074e-01,9.9228289234509415e-01,1.7243704343210995e-06,5.4817986714822987e-30,True,True,True,False,True,True,False,False,False,False,False,The tested higher-order/nonlocal non-final source features do not reproduce the local correction.,derive a different nonlocal or history-dependent non-final source law for the coefficient-gradient closure,This capacity audit extends the second-differential probe with third finite differences of the source-free lower-pair row Jacobian and same-case cross-step source-row deltas. It is not a formula and not a trajectory h-sweep.
cylindrical_sharp,0.02,universal_higher_order_capacity_value_full_nonfinal,paper_tfe_lower_pair_velocity_compression_higher_order_capacity_gap_not_full_tfe,,universal_higher_order_capacity_nonfinal_full_component_value_fit,all_case_h_higher_order_capacity_oracle_fit,active_plus_nonlocal_same_case_source_delta_rows_perp,active non-final velocity plus same-case nonlocal source-row deltas,"0,1",6,24,8,16,24,16,48,44,3.3056793522037973e+05,1.0000000000000001e-05,48,False,False,True,False,False,False,8,132,24,30,6,2.0924153460426323e+03,2.6043562229773637e-01,2.5970145446109977e-01,1.8467639001135716e-01,1.8259100860005087e-01,7.0308042355381128e-01,9.9256378061902995e-01,1.8259100860005084e-01,7.0109844033282187e-01,9.9228287580409458e-01,2.1724170719809165e-15,5.4817986714822987e-30,True,True,True,False,True,True,False,False,False,False,False,The tested higher-order/nonlocal non-final source features do not reproduce the local correction.,derive a different nonlocal or history-dependent non-final source law for the coefficient-gradient closure,This capacity audit extends the second-differential probe with third finite differences of the source-free lower-pair row Jacobian and same-case cross-step source-row deltas. It is not a formula and not a trajectory h-sweep.
cylindrical_sharp,0.02,universal_higher_order_capacity_value_full_nonfinal,paper_tfe_lower_pair_velocity_compression_higher_order_capacity_gap_not_full_tfe,,universal_higher_order_capacity_nonfinal_full_component_value_fit,all_case_h_higher_order_capacity_oracle_fit,higher_order_plus_nonlocal_source_rows_perp,source-row second/third differentials plus same-case nonlocal source-row deltas,"0,1",6,24,8,16,24,16,544,46,9.4338225813040372e+03,1.0000000000000001e-05,48,True,True,True,False,False,False,8,132,24,31,7,2.0617010675379634e+03,2.6043562229773637e-01,2.5970145446109977e-01,1.8469302014664393e-01,1.8257418699893493e-01,7.0301565071243144e-01,9.9256379317188625e-01,1.8257418699884612e-01,7.0103385008569541e-01,9.9228288835240197e-01,1.5438312991275025e-06,5.4817986714822987e-30,True,True,True,False,True,True,False,False,False,False,False,The tested higher-order/nonlocal non-final source features do not reproduce the local correction.,derive a different nonlocal or history-dependent non-final source law for the coefficient-gradient closure,This capacity audit extends the second-differential probe with third finite differences of the source-free lower-pair row Jacobian and same-case cross-step source-row deltas. It is not a formula and not a trajectory h-sweep.
cylindrical_sharp,0.01,case_local_higher_order_capacity_value_scalar_nonfinal,paper_tfe_lower_pair_velocity_compression_higher_order_capacity_gap_not_full_tfe,,case_local_higher_order_capacity_nonfinal_stage_scalar_value_fit,case_local_higher_order_capacity_oracle_fit,third_diff_source_rows_perp_along_active_velocity,source-row third differential along active non-final velocity rows,"0,1",1,24,8,16,24,16,256,46,2.9469380531643406e+07,1.0000000000000001e-05,16,False,True,False,False,False,False,8,132,24,28,4,1.1009284031800991e+04,1.8390370753258983e-01,1.8388557844972300e-01,1.3094746732306944e-01,1.2909944524823022e-01,7.0206400271638425e-01,9.9263177791184720e-01,1.2909944524799966e-01,7.0199479379784535e-01,9.9262199854950017e-01,3.5830683742647408e-11,1.0044055051631692e-18,True,True,True,False,True,True,False,False,False,False,False,The tested higher-order/nonlocal non-final source features do not reproduce the local correction.,derive a different nonlocal or history-dependent non-final source law for the coefficient-gradient closure,This capacity audit extends the second-differential probe with third finite differences of the source-free lower-pair row Jacobian and same-case cross-step source-row deltas. It is not a formula and not a trajectory h-sweep.
cylindrical_sharp,0.01,case_local_higher_order_capacity_value_scalar_nonfinal,paper_tfe_lower_pair_velocity_compression_higher_order_capacity_gap_not_full_tfe,,case_local_higher_order_capacity_nonfinal_stage_scalar_value_fit,case_local_higher_order_capacity_oracle_fit,active_plus_third_diff_source_rows_perp,active non-final velocity plus source-row third differential,"0,1",1,24,8,16,24,16,272,54,2.9339967758903071e+07,1.0000000000000001e-05,16,False,True,False,False,False,False,8,132,24,29,5,1.1016080726909975e+04,1.8390370753258983e-01,1.8388557844972300e-01,1.3094746769259724e-01,1.2909944487358055e-01,7.0206400067897778e-01,9.9263177503120603e-01,1.2909944487358055e-01,7.0199479176189339e-01,9.9262199567089682e-01,7.0273912937839597e-11,1.0044055051631692e-18,True,True,True,False,True,True,False,False,False,False,False,The tested higher-order/nonlocal non-final source features do not reproduce the local correction.,derive a different nonlocal or history-dependent non-final source law for the coefficient-gradient closure,This capacity audit extends the second-differential probe with third finite differences of the source-free lower-pair row Jacobian and same-case cross-step source-row deltas. It is not a formula and not a trajectory h-sweep.
cylindrical_sharp,0.01,case_local_higher_order_capacity_value_scalar_nonfinal,paper_tfe_lower_pair_velocity_compression_higher_order_capacity_gap_not_full_tfe,,case_local_higher_order_capacity_nonfinal_stage_scalar_value_fit,case_local_higher_order_capacity_oracle_fit,second_plus_third_diff_source_rows_perp_along_active_velocity,source-row second and third differentials along active non-final velocity rows,"0,1",1,24,8,16,24,16,512,46,1.0653824636093453e+06,1.0000000000000001e-05,16,True,True,False,False,False,False,8,132,24,28,4,1.1009283838767258e+04,1.8390370753258983e-01,1.8388557844972300e-01,1.3094746732330545e-01,1.2909944524823022e-01,7.0206400271638425e-01,9.9263177791184720e-01,1.2909944524799966e-01,7.0199479379784535e-01,9.9262199854950017e-01,7.9130775328960622e-13,1.0044055051631692e-18,True,True,True,False,True,True,False,False,False,False,False,The tested higher-order/nonlocal non-final source features do not reproduce the local correction.,derive a different nonlocal or history-dependent non-final source law for the coefficient-gradient closure,This capacity audit extends the second-differential probe with third finite differences of the source-free lower-pair row Jacobian and same-case cross-step source-row deltas. It is not a formula and not a trajectory h-sweep.
cylindrical_sharp,0.01,case_local_higher_order_capacity_value_scalar_nonfinal,paper_tfe_lower_pair_velocity_compression_higher_order_capacity_gap_not_full_tfe,,case_local_higher_order_capacity_nonfinal_stage_scalar_value_fit,case_local_higher_order_capacity_oracle_fit,nonlocal_same_case_source_delta_rows_perp,same-case cross-step source-row deltas residualized against local source rows,"0,1",1,24,8,16,24,16,32,32,1.4939586231845533e+05,1.0000000000000001e-05,32,False,False,True,False,False,False,8,132,24,30,6,1.1371766935355457e+04,1.8390370753258983e-01,1.8388557844972300e-01,1.2952769161039857e-01,1.3052387930130935e-01,7.0981030922442068e-01,9.9263177834798566e-01,1.3052387929448736e-01,7.0974033664523617e-01,9.9262199898556791e-01,1.2838041629755628e-12,1.0044055051631692e-18,True,True,True,False,True,True,False,False,False,False,False,The tested higher-order/nonlocal non-final source features do not reproduce the local correction.,derive a different nonlocal or history-dependent non-final source law for the coefficient-gradient closure,This capacity audit extends the second-differential probe with third finite differences of the source-free lower-pair row Jacobian and same-case cross-step source-row deltas. It is not a formula and not a trajectory h-sweep.
cylindrical_sharp,0.01,case_local_higher_order_capacity_value_scalar_nonfinal,paper_tfe_lower_pair_velocity_compression_higher_order_capacity_gap_not_full_tfe,,case_local_higher_order_capacity_nonfinal_stage_scalar_value_fit,case_local_higher_order_capacity_oracle_fit,active_plus_nonlocal_same_case_source_delta_rows_perp,active non-final velocity plus same-case nonlocal source-row deltas,"0,1",1,24,8,16,24,16,48,44,1.9712928413201211e+05,1.0000000000000001e-05,48,False,False,True,False,False,False,8,132,24,30,6,1.1254972753456319e+04,1.8390370753258983e-01,1.8388557844972300e-01,1.3093580430204585e-01,1.2911127415359788e-01,7.0212833024803400e-01,9.9263177546431625e-01,1.2911127415359788e-01,7.0205911498939133e-01,9.9262199610400281e-01,8.2177009391721970e-15,1.0044055051631692e-18,True,True,True,False,True,True,False,False,False,False,False,The tested higher-order/nonlocal non-final source features do not reproduce the local correction.,derive a different nonlocal or history-dependent non-final source law for the coefficient-gradient closure,This capacity audit extends the second-differential probe with third finite differences of the source-free lower-pair row Jacobian and same-case cross-step source-row deltas. It is not a formula and not a trajectory h-sweep.
cylindrical_sharp,0.01,case_local_higher_order_capacity_value_scalar_nonfinal,paper_tfe_lower_pair_velocity_compression_higher_order_capacity_gap_not_full_tfe,,case_local_higher_order_capacity_nonfinal_stage_scalar_value_fit,case_local_higher_order_capacity_oracle_fit,higher_order_plus_nonlocal_source_rows_perp,source-row second/third differentials plus same-case nonlocal source-row deltas,"0,1",1,24,8,16,24,16,544,46,1.0475811633172896e+04,1.0000000000000001e-05,48,True,True,True,False,False,False,8,132,24,28,4,1.1009283837412522e+04,1.8390370753258983e-01,1.8388557844972300e-01,1.3094746732330659e-01,1.2909944524823022e-01,7.0206400271638425e-01,9.9263177791184720e-01,1.2909944524799966e-01,7.0199479379784535e-01,9.9262199854950017e-01,2.8401203728188347e-15,1.0044055051631692e-18,True,True,True,False,True,True,False,False,False,False,False,The tested higher-order/nonlocal non-final source features do not reproduce the local correction.,derive a different nonlocal or history-dependent non-final source law for the coefficient-gradient closure,This capacity audit extends the second-differential probe with third finite differences of the source-free lower-pair row Jacobian and same-case cross-step source-row deltas. It is not a formula and not a trajectory h-sweep.
cylindrical_sharp,0.01,universal_higher_order_capacity_value_scalar_nonfinal,paper_tfe_lower_pair_velocity_compression_higher_order_capacity_gap_not_full_tfe,,universal_higher_order_capacity_nonfinal_stage_scalar_value_fit,all_case_h_higher_order_capacity_oracle_fit,third_diff_source_rows_perp_along_active_velocity,source-row third differential along active non-final velocity rows,"0,1",6,24,8,16,24,16,256,46,2.9469380531643406e+07,1.0000000000000001e-05,16,False,True,False,False,False,False,8,132,24,28,4,1.1016080546035493e+04,1.8390370753258983e-01,1.8388558020327053e-01,1.3094747015512989e-01,1.2909944487358055e-01,7.0206399398403962e-01,9.9263177666221658e-01,1.2909944487358055e-01,7.0199479176189339e-01,9.9262199567089682e-01,3.9909609870758479e-11,1.1683695253089600e-18,True,True,True,False,True,True,False,False,False,False,False,The tested higher-order/nonlocal non-final source features do not reproduce the local correction.,derive a different nonlocal or history-dependent non-final source law for the coefficient-gradient closure,This capacity audit extends the second-differential probe with third finite differences of the source-free lower-pair row Jacobian and same-case cross-step source-row deltas. It is not a formula and not a trajectory h-sweep.
cylindrical_sharp,0.01,universal_higher_order_capacity_value_scalar_nonfinal,paper_tfe_lower_pair_velocity_compression_higher_order_capacity_gap_not_full_tfe,,universal_higher_order_capacity_nonfinal_stage_scalar_value_fit,all_case_h_higher_order_capacity_oracle_fit,active_plus_third_diff_source_rows_perp,active non-final velocity plus source-row third differential,"0,1",6,24,8,16,24,16,272,54,2.9339967758903071e+07,1.0000000000000001e-05,16,False,True,False,False,False,False,8,132,24,29,5,1.1016080661782365e+04,1.8390370753258983e-01,1.8388558020327053e-01,1.3094747015518651e-01,1.2909944487358055e-01,7.0206399398403962e-01,9.9263177666221658e-01,1.2909944487358055e-01,7.0199479176189339e-01,9.9262199567089682e-01,9.1207124446148712e-11,1.1683695253089600e-18,True,True,True,False,True,True,False,False,False,False,False,The tested higher-order/nonlocal non-final source features do not reproduce the local correction.,derive a different nonlocal or history-dependent non-final source law for the coefficient-gradient closure,This capacity audit extends the second-differential probe with third finite differences of the source-free lower-pair row Jacobian and same-case cross-step source-row deltas. It is not a formula and not a trajectory h-sweep.
cylindrical_sharp,0.01,universal_higher_order_capacity_value_scalar_nonfinal,paper_tfe_lower_pair_velocity_compression_higher_order_capacity_gap_not_full_tfe,,universal_higher_order_capacity_nonfinal_stage_scalar_value_fit,all_case_h_higher_order_capacity_oracle_fit,second_plus_third_diff_source_rows_perp_along_active_velocity,source-row second and third differentials along active non-final velocity rows,"0,1",6,24,8,16,24,16,512,46,1.0653824636093453e+06,1.0000000000000001e-05,16,True,True,False,False,False,False,8,132,24,28,4,1.1016080701297153e+04,1.8390370753258983e-01,1.8388558020327053e-01,1.3094747015512290e-01,1.2909944487358055e-01,7.0206399398403962e-01,9.9263177666221658e-01,1.2909944487358055e-01,7.0199479176189339e-01,9.9262199567089682e-01,5.1371768163635214e-13,1.1683695253089600e-18,True,True,True,False,True,True,False,False,False,False,False,The tested higher-order/nonlocal non-final source features do not reproduce the local correction.,derive a different nonlocal or history-dependent non-final source law for the coefficient-gradient closure,This capacity audit extends the second-differential probe with third finite differences of the source-free lower-pair row Jacobian and same-case cross-step source-row deltas. It is not a formula and not a trajectory h-sweep.
cylindrical_sharp,0.01,universal_higher_order_capacity_value_scalar_nonfinal,paper_tfe_lower_pair_velocity_compression_higher_order_capacity_gap_not_full_tfe,,universal_higher_order_capacity_nonfinal_stage_scalar_value_fit,all_case_h_higher_order_capacity_oracle_fit,nonlocal_same_case_source_delta_rows_perp,same-case cross-step source-row deltas residualized against local source rows,"0,1",6,24,8,16,24,16,32,32,1.4939586231845533e+05,1.0000000000000001e-05,32,False,False,True,False,False,False,8,132,24,30,6,1.1379417540860202e+04,1.8390370753258983e-01,1.8388558020327053e-01,1.2952842517574242e-01,1.3052315380104418e-01,7.0980635706596173e-01,9.9263177709846240e-01,1.3052315380104421e-01,7.0973639168157621e-01,9.9262199610713830e-01,1.2407781669365312e-12,1.1683695253089600e-18,True,True,True,False,True,True,False,False,False,False,False,The tested higher-order/nonlocal non-final source features do not reproduce the local correction.,derive a different nonlocal or history-dependent non-final source law for the coefficient-gradient closure,This capacity audit extends the second-differential probe with third finite differences of the source-free lower-pair row Jacobian and same-case cross-step source-row deltas. It is not a formula and not a trajectory h-sweep.
cylindrical_sharp,0.01,universal_higher_order_capacity_value_scalar_nonfinal,paper_tfe_lower_pair_velocity_compression_higher_order_capacity_gap_not_full_tfe,,universal_higher_order_capacity_nonfinal_stage_scalar_value_fit,all_case_h_higher_order_capacity_oracle_fit,active_plus_nonlocal_same_case_source_delta_rows_perp,active non-final velocity plus same-case nonlocal source-row deltas,"0,1",6,24,8,16,24,16,48,44,1.9712928413201211e+05,1.0000000000000001e-05,48,False,False,True,False,False,False,8,132,24,30,6,1.1254972753420587e+04,1.8390370753258983e-01,1.8388558020327053e-01,1.3093580676471897e-01,1.2911127415359788e-01,7.0212832355248234e-01,9.9263177709532679e-01,1.2911127415359788e-01,7.0205911498939133e-01,9.9262199610400281e-01,2.0362207777162525e-15,1.1683695253089600e-18,True,True,True,False,True,True,False,False,False,False,False,The tested higher-order/nonlocal non-final source features do not reproduce the local correction.,derive a different nonlocal or history-dependent non-final source law for the coefficient-gradient closure,This capacity audit extends the second-differential probe with third finite differences of the source-free lower-pair row Jacobian and same-case cross-step source-row deltas. It is not a formula and not a trajectory h-sweep.
cylindrical_sharp,0.01,universal_higher_order_capacity_value_scalar_nonfinal,paper_tfe_lower_pair_velocity_compression_higher_order_capacity_gap_not_full_tfe,,universal_higher_order_capacity_nonfinal_stage_scalar_value_fit,all_case_h_higher_order_capacity_oracle_fit,higher_order_plus_nonlocal_source_rows_perp,source-row second/third differentials plus same-case nonlocal source-row deltas,"0,1",6,24,8,16,24,16,544,46,1.0475811633172896e+04,1.0000000000000001e-05,48,True,True,True,False,False,False,8,132,24,28,4,1.1016080698716412e+04,1.8390370753258983e-01,1.8388558020327053e-01,1.3094747015512276e-01,1.2909944487358055e-01,7.0206399398403962e-01,9.9263177666221658e-01,1.2909944487358055e-01,7.0199479176189339e-01,9.9262199567089682e-01,3.2607763125701404e-15,1.1683695253089600e-18,True,True,True,False,True,True,False,False,False,False,False,The tested higher-order/nonlocal non-final source features do not reproduce the local correction.,derive a different nonlocal or history-dependent non-final source law for the coefficient-gradient closure,This capacity audit extends the second-differential probe with third finite differences of the source-free lower-pair row Jacobian and same-case cross-step source-row deltas. It is not a formula and not a trajectory h-sweep.
cylindrical_sharp,0.01,case_local_higher_order_capacity_value_component_nonfinal,paper_tfe_lower_pair_velocity_compression_higher_order_capacity_gap_not_full_tfe,,case_local_higher_order_capacity_nonfinal_component_diagonal_value_fit,case_local_higher_order_capacity_oracle_fit,third_diff_source_rows_perp_along_active_velocity,source-row third differential along active non-final velocity rows,"0,1",1,24,8,16,24,16,256,46,2.9469380531643406e+07,1.0000000000000001e-05,16,False,True,False,False,False,False,8,132,24,28,4,1.1016079045517630e+04,1.8390370753258983e-01,1.8393788717788728e-01,1.3102091311230565e-01,1.2909944487369393e-01,7.0186434591825653e-01,9.9263177666587088e-01,1.2909944487369393e-01,7.0199479176250990e-01,9.9262199567097065e-01,2.3649243301593754e-11,3.1716002775823931e-34,True,True,True,False,True,True,False,False,False,False,False,The tested higher-order/nonlocal non-final source features do not reproduce the local correction.,derive a different nonlocal or history-dependent non-final source law for the coefficient-gradient closure,This capacity audit extends the second-differential probe with third finite differences of the source-free lower-pair row Jacobian and same-case cross-step source-row deltas. It is not a formula and not a trajectory h-sweep.
cylindrical_sharp,0.01,case_local_higher_order_capacity_value_component_nonfinal,paper_tfe_lower_pair_velocity_compression_higher_order_capacity_gap_not_full_tfe,,case_local_higher_order_capacity_nonfinal_component_diagonal_value_fit,case_local_higher_order_capacity_oracle_fit,active_plus_third_diff_source_rows_perp,active non-final velocity plus source-row third differential,"0,1",1,24,8,16,24,16,272,54,2.9339967758903071e+07,1.0000000000000001e-05,16,False,True,False,False,False,False,8,132,24,29,5,1.1016080635115259e+04,1.8390370753258983e-01,1.8393788717788728e-01,1.3102091311249842e-01,1.2909944487358055e-01,7.0186434591764013e-01,9.9263177666579705e-01,1.2909944487358055e-01,7.0199479176189339e-01,9.9262199567089682e-01,9.4842987482928842e-11,3.1716002775823931e-34,True,True,True,False,True,True,False,False,False,False,False,The tested higher-order/nonlocal non-final source features do not reproduce the local correction.,derive a different nonlocal or history-dependent non-final source law for the coefficient-gradient closure,This capacity audit extends the second-differential probe with third finite differences of the source-free lower-pair row Jacobian and same-case cross-step source-row deltas. It is not a formula and not a trajectory h-sweep.
cylindrical_sharp,0.01,case_local_higher_order_capacity_value_component_nonfinal,paper_tfe_lower_pair_velocity_compression_higher_order_capacity_gap_not_full_tfe,,case_local_higher_order_capacity_nonfinal_component_diagonal_value_fit,case_local_higher_order_capacity_oracle_fit,second_plus_third_diff_source_rows_perp_along_active_velocity,source-row second and third differentials along active non-final velocity rows,"0,1",1,24,8,16,24,16,512,46,1.0653824636093453e+06,1.0000000000000001e-05,16,True,True,False,False,False,False,8,132,24,28,4,1.1016078965045210e+04,1.8390370753258983e-01,1.8393788717788728e-01,1.3102091311225567e-01,1.2909944487369393e-01,7.0186434591825653e-01,9.9263177666587088e-01,1.2909944487369393e-01,7.0199479176250990e-01,9.9262199567097065e-01,6.4650068826429763e-13,3.1716002775823931e-34,True,True,True,False,True,True,False,False,False,False,False,The tested higher-order/nonlocal non-final source features do not reproduce the local correction.,derive a different nonlocal or history-dependent non-final source law for the coefficient-gradient closure,This capacity audit extends the second-differential probe with third finite differences of the source-free lower-pair row Jacobian and same-case cross-step source-row deltas. It is not a formula and not a trajectory h-sweep.
cylindrical_sharp,0.01,case_local_higher_order_capacity_value_component_nonfinal,paper_tfe_lower_pair_velocity_compression_higher_order_capacity_gap_not_full_tfe,,case_local_higher_order_capacity_nonfinal_component_diagonal_value_fit,case_local_higher_order_capacity_oracle_fit,nonlocal_same_case_source_delta_rows_perp,same-case cross-step source-row deltas residualized against local source rows,"0,1",1,24,8,16,24,16,32,32,1.4939586231845533e+05,1.0000000000000001e-05,32,False,False,True,False,False,False,8,132,24,30,6,1.1379415576488906e+04,1.8390370753258983e-01,1.8393788717788728e-01,1.2960267206981566e-01,1.3052315400653891e-01,7.0960450839749667e-01,9.9263177710211570e-01,1.3052315400648876e-01,7.0973639279870726e-01,9.9262199610721114e-01,1.4383563252915919e-12,3.1716002775823931e-34,True,True,True,False,True,True,False,False,False,False,False,The tested higher-order/nonlocal non-final source features do not reproduce the local correction.,derive a different nonlocal or history-dependent non-final source law for the coefficient-gradient closure,This capacity audit extends the second-differential probe with third finite differences of the source-free lower-pair row Jacobian and same-case cross-step source-row deltas. It is not a formula and not a trajectory h-sweep.
cylindrical_sharp,0.01,case_local_higher_order_capacity_value_component_nonfinal,paper_tfe_lower_pair_velocity_compression_higher_order_capacity_gap_not_full_tfe,,case_local_higher_order_capacity_nonfinal_component_diagonal_value_fit,case_local_higher_order_capacity_oracle_fit,active_plus_nonlocal_same_case_source_delta_rows_perp,active non-final velocity plus same-case nonlocal source-row deltas,"0,1",1,24,8,16,24,16,48,44,1.9712928413201211e+05,1.0000000000000001e-05,48,False,False,True,False,False,False,8,132,24,30,6,1.1254972787918459e+04,1.8390370753258983e-01,1.8393788717788728e-01,1.3100925626038645e-01,1.2911127415359788e-01,7.0192865719248854e-01,9.9263177709890726e-01,1.2911127415359788e-01,7.0205911498939133e-01,9.9262199610400281e-01,1.9077226747593332e-15,3.1716002775823931e-34,True,True,True,False,True,True,False,False,False,False,False,The tested higher-order/nonlocal non-final source features do not reproduce the local correction.,derive a different nonlocal or history-dependent non-final source law for the coefficient-gradient closure,This capacity audit extends the second-differential probe with third finite differences of the source-free lower-pair row Jacobian and same-case cross-step source-row deltas. It is not a formula and not a trajectory h-sweep.
cylindrical_sharp,0.01,case_local_higher_order_capacity_value_component_nonfinal,paper_tfe_lower_pair_velocity_compression_higher_order_capacity_gap_not_full_tfe,,case_local_higher_order_capacity_nonfinal_component_diagonal_value_fit,case_local_higher_order_capacity_oracle_fit,higher_order_plus_nonlocal_source_rows_perp,source-row second/third differentials plus same-case nonlocal source-row deltas,"0,1",1,24,8,16,24,16,544,46,1.0475811633172896e+04,1.0000000000000001e-05,48,True,True,True,False,False,False,8,132,24,28,4,1.1016078961805557e+04,1.8390370753258983e-01,1.8393788717788728e-01,1.3102091311225567e-01,1.2909944487369393e-01,7.0186434591825653e-01,9.9263177666587088e-01,1.2909944487369393e-01,7.0199479176250990e-01,9.9262199567097065e-01,2.9307379735509382e-15,3.1716002775823931e-34,True,True,True,False,True,True,False,False,False,False,False,The tested higher-order/nonlocal non-final source features do not reproduce the local correction.,derive a different nonlocal or history-dependent non-final source law for the coefficient-gradient closure,This capacity audit extends the second-differential probe with third finite differences of the source-free lower-pair row Jacobian and same-case cross-step source-row deltas. It is not a formula and not a trajectory h-sweep.
cylindrical_sharp,0.01,universal_higher_order_capacity_value_component_nonfinal,paper_tfe_lower_pair_velocity_compression_higher_order_capacity_gap_not_full_tfe,,universal_higher_order_capacity_nonfinal_component_diagonal_value_fit,all_case_h_higher_order_capacity_oracle_fit,third_diff_source_rows_perp_along_active_velocity,source-row third differential along active non-final velocity rows,"0,1",6,24,8,16,24,16,256,46,2.9469380531643406e+07,1.0000000000000001e-05,16,False,True,False,False,False,False,8,132,24,28,4,1.1016080791371151e+04,1.8390370753258983e-01,1.8411563974505604e-01,1.3127033987939196e-01,1.2909944487358069e-01,7.0118673814100752e-01,9.9263177666222158e-01,1.2909944487358069e-01,7.0199479176189417e-01,9.9262199567089682e-01,3.1073067659832063e-11,1.1691914586183223e-18,True,True,True,False,True,True,False,False,False,False,False,The tested higher-order/nonlocal non-final source features do not reproduce the local correction.,derive a different nonlocal or history-dependent non-final source law for the coefficient-gradient closure,This capacity audit extends the second-differential probe with third finite differences of the source-free lower-pair row Jacobian and same-case cross-step source-row deltas. It is not a formula and not a trajectory h-sweep.
cylindrical_sharp,0.01,universal_higher_order_capacity_value_component_nonfinal,paper_tfe_lower_pair_velocity_compression_higher_order_capacity_gap_not_full_tfe,,universal_higher_order_capacity_nonfinal_component_diagonal_value_fit,all_case_h_higher_order_capacity_oracle_fit,active_plus_third_diff_source_rows_perp,active non-final velocity plus source-row third differential,"0,1",6,24,8,16,24,16,272,54,2.9339967758903071e+07,1.0000000000000001e-05,16,False,True,False,False,False,False,8,132,24,29,5,1.1016080957183400e+04,1.8390370753258983e-01,1.8411563974505604e-01,1.3127033987962350e-01,1.2909944487358055e-01,7.0118673814100674e-01,9.9263177666222158e-01,1.2909944487358055e-01,7.0199479176189339e-01,9.9262199567089682e-01,9.0400958452721497e-11,1.1691914586183223e-18,True,True,True,False,True,True,False,False,False,False,False,The tested higher-order/nonlocal non-final source features do not reproduce the local correction.,derive a different nonlocal or history-dependent non-final source law for the coefficient-gradient closure,This capacity audit extends the second-differential probe with third finite differences of the source-free lower-pair row Jacobian and same-case cross-step source-row deltas. It is not a formula and not a trajectory h-sweep.
cylindrical_sharp,0.01,universal_higher_order_capacity_value_component_nonfinal,paper_tfe_lower_pair_velocity_compression_higher_order_capacity_gap_not_full_tfe,,universal_higher_order_capacity_nonfinal_component_diagonal_value_fit,all_case_h_higher_order_capacity_oracle_fit,second_plus_third_diff_source_rows_perp_along_active_velocity,source-row second and third differentials along active non-final velocity rows,"0,1",6,24,8,16,24,16,512,46,1.0653824636093453e+06,1.0000000000000001e-05,16,True,True,False,False,False,False,8,132,24,28,4,1.1016080909897139e+04,1.8390370753258983e-01,1.8411563974505604e-01,1.3127033987944273e-01,1.2909944487358069e-01,7.0118673814100752e-01,9.9263177666222158e-01,1.2909944487358069e-01,7.0199479176189417e-01,9.9262199567089682e-01,5.4461284214223601e-13,1.1691914586183223e-18,True,True,True,False,True,True,False,False,False,False,False,The tested higher-order/nonlocal non-final source features do not reproduce the local correction.,derive a different nonlocal or history-dependent non-final source law for the coefficient-gradient closure,This capacity audit extends the second-differential probe with third finite differences of the source-free lower-pair row Jacobian and same-case cross-step source-row deltas. It is not a formula and not a trajectory h-sweep.
cylindrical_sharp,0.01,universal_higher_order_capacity_value_component_nonfinal,paper_tfe_lower_pair_velocity_compression_higher_order_capacity_gap_not_full_tfe,,universal_higher_order_capacity_nonfinal_component_diagonal_value_fit,all_case_h_higher_order_capacity_oracle_fit,nonlocal_same_case_source_delta_rows_perp,same-case cross-step source-row deltas residualized against local source rows,"0,1",6,24,8,16,24,16,32,32,1.4939586231845533e+05,1.0000000000000001e-05,32,False,False,True,False,False,False,8,132,24,30,6,1.1379417763991800e+04,1.8390370753258983e-01,1.8411563974505604e-01,1.2985482313393282e-01,1.3052315391371308e-01,7.0891942745574366e-01,9.9263177709846728e-01,1.3052315391371058e-01,7.0973639229421404e-01,9.9262199610713830e-01,1.6933019634898399e-12,1.1691914586183223e-18,True,True,True,False,True,True,False,False,False,False,False,The tested higher-order/nonlocal non-final source features do not reproduce the local correction.,derive a different nonlocal or history-dependent non-final source law for the coefficient-gradient closure,This capacity audit extends the second-differential probe with third finite differences of the source-free lower-pair row Jacobian and same-case cross-step source-row deltas. It is not a formula and not a trajectory h-sweep.
cylindrical_sharp,0.01,universal_higher_order_capacity_value_component_nonfinal,paper_tfe_lower_pair_velocity_compression_higher_order_capacity_gap_not_full_tfe,,universal_higher_order_capacity_nonfinal_component_diagonal_value_fit,all_case_h_higher_order_capacity_oracle_fit,active_plus_nonlocal_same_case_source_delta_rows_perp,active non-final velocity plus same-case nonlocal source-row deltas,"0,1",6,24,8,16,24,16,48,44,1.9712928413201211e+05,1.0000000000000001e-05,48,False,False,True,False,False,False,8,132,24,30,6,1.1254972974888722e+04,1.8390370753258983e-01,1.8411563974505604e-01,1.3125870517861174e-01,1.2911127415359788e-01,7.0125098732719060e-01,9.9263177709533179e-01,1.2911127415359788e-01,7.0205911498939133e-01,9.9262199610400281e-01,1.5284181854228742e-15,1.1691914586183223e-18,True,True,True,False,True,True,False,False,False,False,False,The tested higher-order/nonlocal non-final source features do not reproduce the local correction.,derive a different nonlocal or history-dependent non-final source law for the coefficient-gradient closure,This capacity audit extends the second-differential probe with third finite differences of the source-free lower-pair row Jacobian and same-case cross-step source-row deltas. It is not a formula and not a trajectory h-sweep.
cylindrical_sharp,0.01,universal_higher_order_capacity_value_component_nonfinal,paper_tfe_lower_pair_velocity_compression_higher_order_capacity_gap_not_full_tfe,,universal_higher_order_capacity_nonfinal_component_diagonal_value_fit,all_case_h_higher_order_capacity_oracle_fit,higher_order_plus_nonlocal_source_rows_perp,source-row second/third differentials plus same-case nonlocal source-row deltas,"0,1",6,24,8,16,24,16,544,46,1.0475811633172896e+04,1.0000000000000001e-05,48,True,True,True,False,False,False,8,132,24,28,4,1.1016080908570320e+04,1.8390370753258983e-01,1.8411563974505604e-01,1.3127033987944334e-01,1.2909944487358069e-01,7.0118673814100752e-01,9.9263177666222158e-01,1.2909944487358069e-01,7.0199479176189417e-01,9.9262199567089682e-01,2.8842340005565067e-15,1.1691914586183223e-18,True,True,True,False,True,True,False,False,False,False,False,The tested higher-order/nonlocal non-final source features do not reproduce the local correction.,derive a different nonlocal or history-dependent non-final source law for the coefficient-gradient closure,This capacity audit extends the second-differential probe with third finite differences of the source-free lower-pair row Jacobian and same-case cross-step source-row deltas. It is not a formula and not a trajectory h-sweep.
cylindrical_sharp,0.01,case_local_higher_order_capacity_value_full_nonfinal,paper_tfe_lower_pair_velocity_compression_higher_order_capacity_gap_not_full_tfe,,case_local_higher_order_capacity_nonfinal_full_component_value_fit,case_local_higher_order_capacity_oracle_fit,third_diff_source_rows_perp_along_active_velocity,source-row third differential along active non-final velocity rows,"0,1",1,24,8,16,24,16,256,46,2.9469380531643406e+07,1.0000000000000001e-05,16,False,True,False,False,False,False,8,132,24,29,5,1.1016080746614027e+04,1.8390370753258983e-01,1.8388558020348772e-01,1.3094747015536046e-01,1.2909944487358058e-01,7.0206399398321051e-01,9.9263177666290525e-01,1.2909944487358058e-01,7.0199479176189361e-01,9.9262199567089726e-01,1.5522727928189162e-09,1.5237703619020713e-34,True,True,True,False,True,True,False,False,False,False,False,The tested higher-order/nonlocal non-final source features do not reproduce the local correction.,derive a different nonlocal or history-dependent non-final source law for the coefficient-gradient closure,This capacity audit extends the second-differential probe with third finite differences of the source-free lower-pair row Jacobian and same-case cross-step source-row deltas. It is not a formula and not a trajectory h-sweep.
cylindrical_sharp,0.01,case_local_higher_order_capacity_value_full_nonfinal,paper_tfe_lower_pair_velocity_compression_higher_order_capacity_gap_not_full_tfe,,case_local_higher_order_capacity_nonfinal_full_component_value_fit,case_local_higher_order_capacity_oracle_fit,active_plus_third_diff_source_rows_perp,active non-final velocity plus source-row third differential,"0,1",1,24,8,16,24,16,272,54,2.9339967758903071e+07,1.0000000000000001e-05,16,False,True,False,False,False,False,8,132,24,29,5,1.1016080651836017e+04,1.8390370753258983e-01,1.8388558020348772e-01,1.3094747015551886e-01,1.2909944487358055e-01,7.0206399398321040e-01,9.9263177666290492e-01,1.2909944487358055e-01,7.0199479176189339e-01,9.9262199567089682e-01,9.1344793435761848e-11,1.5237703619020713e-34,True,True,True,False,True,True,False,False,False,False,False,The tested higher-order/nonlocal non-final source features do not reproduce the local correction.,derive a different nonlocal or history-dependent non-final source law for the coefficient-gradient closure,This capacity audit extends the second-differential probe with third finite differences of the source-free lower-pair row Jacobian and same-case cross-step source-row deltas. It is not a formula and not a trajectory h-sweep.
cylindrical_sharp,0.01,case_local_higher_order_capacity_value_full_nonfinal,paper_tfe_lower_pair_velocity_compression_higher_order_capacity_gap_not_full_tfe,,case_local_higher_order_capacity_nonfinal_full_component_value_fit,case_local_higher_order_capacity_oracle_fit,second_plus_third_diff_source_rows_perp_along_active_velocity,source-row second and third differentials along active non-final velocity rows,"0,1",1,24,8,16,24,16,512,46,1.0653824636093453e+06,1.0000000000000001e-05,16,True,True,False,False,False,False,8,132,24,29,5,1.1016080697950245e+04,1.8390370753258983e-01,1.8388558020348772e-01,1.3094747015542807e-01,1.2909944487358058e-01,7.0206399398321051e-01,9.9263177666290525e-01,1.2909944487358058e-01,7.0199479176189361e-01,9.9262199567089726e-01,1.5519423819551545e-09,1.5237703619020713e-34,True,True,True,False,True,True,False,False,False,False,False,The tested higher-order/nonlocal non-final source features do not reproduce the local correction.,derive a different nonlocal or history-dependent non-final source law for the coefficient-gradient closure,This capacity audit extends the second-differential probe with third finite differences of the source-free lower-pair row Jacobian and same-case cross-step source-row deltas. It is not a formula and not a trajectory h-sweep.
cylindrical_sharp,0.01,case_local_higher_order_capacity_value_full_nonfinal,paper_tfe_lower_pair_velocity_compression_higher_order_capacity_gap_not_full_tfe,,case_local_higher_order_capacity_nonfinal_full_component_value_fit,case_local_higher_order_capacity_oracle_fit,nonlocal_same_case_source_delta_rows_perp,same-case cross-step source-row deltas residualized against local source rows,"0,1",1,24,8,16,24,16,32,32,1.4939586231845533e+05,1.0000000000000001e-05,32,False,False,True,False,False,False,8,132,24,30,6,1.1379417540342514e+04,1.8390370753258983e-01,1.8388558020348772e-01,1.2952842519060317e-01,1.3052315378663493e-01,7.0980635698676342e-01,9.9263177709913808e-01,1.3052315378661219e-01,7.0973639160310020e-01,9.9262199610712576e-01,1.8976812282010177e-09,1.5237703619020713e-34,True,True,True,False,True,True,False,False,False,False,False,The tested higher-order/nonlocal non-final source features do not reproduce the local correction.,derive a different nonlocal or history-dependent non-final source law for the coefficient-gradient closure,This capacity audit extends the second-differential probe with third finite differences of the source-free lower-pair row Jacobian and same-case cross-step source-row deltas. It is not a formula and not a trajectory h-sweep.
cylindrical_sharp,0.01,case_local_higher_order_capacity_value_full_nonfinal,paper_tfe_lower_pair_velocity_compression_higher_order_capacity_gap_not_full_tfe,,case_local_higher_order_capacity_nonfinal_full_component_value_fit,case_local_higher_order_capacity_oracle_fit,active_plus_nonlocal_same_case_source_delta_rows_perp,active non-final velocity plus same-case nonlocal source-row deltas,"0,1",1,24,8,16,24,16,48,44,1.9712928413201211e+05,1.0000000000000001e-05,48,False,False,True,False,False,False,8,132,24,30,6,1.1254972753447953e+04,1.8390370753258983e-01,1.8388558020348772e-01,1.3093580676502425e-01,1.2911127415359788e-01,7.0212832355165311e-01,9.9263177709601513e-01,1.2911127415359788e-01,7.0205911498939133e-01,9.9262199610400281e-01,1.9916525420039606e-15,1.5237703619020713e-34,True,True,True,False,True,True,False,False,False,False,False,The tested higher-order/nonlocal non-final source features do not reproduce the local correction.,derive a different nonlocal or history-dependent non-final source law for the coefficient-gradient closure,This capacity audit extends the second-differential probe with third finite differences of the source-free lower-pair row Jacobian and same-case cross-step source-row deltas. It is not a formula and not a trajectory h-sweep.
cylindrical_sharp,0.01,case_local_higher_order_capacity_value_full_nonfinal,paper_tfe_lower_pair_velocity_compression_higher_order_capacity_gap_not_full_tfe,,case_local_higher_order_capacity_nonfinal_full_component_value_fit,case_local_higher_order_capacity_oracle_fit,higher_order_plus_nonlocal_source_rows_perp,source-row second/third differentials plus same-case nonlocal source-row deltas,"0,1",1,24,8,16,24,16,544,46,1.0475811633172896e+04,1.0000000000000001e-05,48,True,True,True,False,False,False,8,132,24,29,5,1.1016080698402806e+04,1.8390370753258983e-01,1.8388558020348772e-01,1.3094747015542779e-01,1.2909944487358058e-01,7.0206399398321051e-01,9.9263177666290525e-01,1.2909944487358058e-01,7.0199479176189361e-01,9.9262199567089726e-01,1.5519422210420026e-09,1.5237703619020713e-34,True,True,True,False,True,True,False,False,False,False,False,The tested higher-order/nonlocal non-final source features do not reproduce the local correction.,derive a different nonlocal or history-dependent non-final source law for the coefficient-gradient closure,This capacity audit extends the second-differential probe with third finite differences of the source-free lower-pair row Jacobian and same-case cross-step source-row deltas. It is not a formula and not a trajectory h-sweep.
cylindrical_sharp,0.01,universal_higher_order_capacity_value_full_nonfinal,paper_tfe_lower_pair_velocity_compression_higher_order_capacity_gap_not_full_tfe,,universal_higher_order_capacity_nonfinal_full_component_value_fit,all_case_h_higher_order_capacity_oracle_fit,third_diff_source_rows_perp_along_active_velocity,source-row third differential along active non-final velocity rows,"0,1",6,24,8,16,24,16,256,46,2.9469380531643406e+07,1.0000000000000001e-05,16,False,True,False,False,False,False,8,132,24,31,7,1.1013857207295712e+04,1.8390370753258983e-01,1.8388558191675508e-01,1.3094747175002203e-01,1.2909944569656770e-01,7.0206399191759883e-01,9.9263175603638465e-01,1.2909944569479520e-01,7.0199479622735339e-01,9.9262200863017513e-01,1.5429813785945950e-06,4.5145606179748471e-32,True,True,True,False,True,True,False,False,False,False,False,The tested higher-order/nonlocal non-final source features do not reproduce the local correction.,derive a different nonlocal or history-dependent non-final source law for the coefficient-gradient closure,This capacity audit extends the second-differential probe with third finite differences of the source-free lower-pair row Jacobian and same-case cross-step source-row deltas. It is not a formula and not a trajectory h-sweep.
cylindrical_sharp,0.01,universal_higher_order_capacity_value_full_nonfinal,paper_tfe_lower_pair_velocity_compression_higher_order_capacity_gap_not_full_tfe,,universal_higher_order_capacity_nonfinal_full_component_value_fit,all_case_h_higher_order_capacity_oracle_fit,active_plus_third_diff_source_rows_perp,active non-final velocity plus source-row third differential,"0,1",6,24,8,16,24,16,272,54,2.9339967758903071e+07,1.0000000000000001e-05,16,False,True,False,False,False,False,8,132,24,29,5,1.1016080589678370e+04,1.8390370753258983e-01,1.8388558191675508e-01,1.3094747256123912e-01,1.2909944487358055e-01,7.0206398744205956e-01,9.9263174304885249e-01,1.2909944487358055e-01,7.0199479176189339e-01,9.9262199567089682e-01,8.3174081486438997e-11,4.5145606179748471e-32,True,True,True,False,True,True,False,False,False,False,False,The tested higher-order/nonlocal non-final source features do not reproduce the local correction.,derive a different nonlocal or history-dependent non-final source law for the coefficient-gradient closure,This capacity audit extends the second-differential probe with third finite differences of the source-free lower-pair row Jacobian and same-case cross-step source-row deltas. It is not a formula and not a trajectory h-sweep.
cylindrical_sharp,0.01,universal_higher_order_capacity_value_full_nonfinal,paper_tfe_lower_pair_velocity_compression_higher_order_capacity_gap_not_full_tfe,,universal_higher_order_capacity_nonfinal_full_component_value_fit,all_case_h_higher_order_capacity_oracle_fit,second_plus_third_diff_source_rows_perp_along_active_velocity,source-row second and third differentials along active non-final velocity rows,"0,1",6,24,8,16,24,16,512,46,1.0653824636093453e+06,1.0000000000000001e-05,16,True,True,False,False,False,False,8,132,24,31,7,1.1013857021869198e+04,1.8390370753258983e-01,1.8388558191675508e-01,1.3094747174994453e-01,1.2909944569656770e-01,7.0206399191759883e-01,9.9263175603638465e-01,1.2909944569479523e-01,7.0199479622735361e-01,9.9262200863017502e-01,1.5429808908294020e-06,4.5145606179748471e-32,True,True,True,False,True,True,False,False,False,False,False,The tested higher-order/nonlocal non-final source features do not reproduce the local correction.,derive a different nonlocal or history-dependent non-final source law for the coefficient-gradient closure,This capacity audit extends the second-differential probe with third finite differences of the source-free lower-pair row Jacobian and same-case cross-step source-row deltas. It is not a formula and not a trajectory h-sweep.
cylindrical_sharp,0.01,universal_higher_order_capacity_value_full_nonfinal,paper_tfe_lower_pair_velocity_compression_higher_order_capacity_gap_not_full_tfe,,universal_higher_order_capacity_nonfinal_full_component_value_fit,all_case_h_higher_order_capacity_oracle_fit,nonlocal_same_case_source_delta_rows_perp,same-case cross-step source-row deltas residualized against local source rows,"0,1",6,24,8,16,24,16,32,32,1.4939586231845533e+05,1.0000000000000001e-05,32,False,False,True,False,False,False,8,132,24,32,8,1.1375737366918776e+04,1.8390370753258983e-01,1.8388558191675508e-01,1.2952868448231608e-01,1.3052289888417928e-01,7.0980496417205208e-01,9.9263176004600950e-01,1.3052251986663096e-01,7.0973294458188607e-01,9.9262201262047611e-01,1.7235002587534186e-06,4.5145606179748471e-32,True,True,True,False,True,True,False,False,False,False,False,The tested higher-order/nonlocal non-final source features do not reproduce the local correction.,derive a different nonlocal or history-dependent non-final source law for the coefficient-gradient closure,This capacity audit extends the second-differential probe with third finite differences of the source-free lower-pair row Jacobian and same-case cross-step source-row deltas. It is not a formula and not a trajectory h-sweep.
cylindrical_sharp,0.01,universal_higher_order_capacity_value_full_nonfinal,paper_tfe_lower_pair_velocity_compression_higher_order_capacity_gap_not_full_tfe,,universal_higher_order_capacity_nonfinal_full_component_value_fit,all_case_h_higher_order_capacity_oracle_fit,active_plus_nonlocal_same_case_source_delta_rows_perp,active non-final velocity plus same-case nonlocal source-row deltas,"0,1",6,24,8,16,24,16,48,44,1.9712928413201211e+05,1.0000000000000001e-05,48,False,False,True,False,False,False,8,132,24,30,6,1.1254972753450078e+04,1.8390370753258983e-01,1.8388558191675508e-01,1.3093580917112815e-01,1.2911127415359788e-01,7.0212831700990297e-01,9.9263174348196270e-01,1.2911127415359788e-01,7.0205911498939133e-01,9.9262199610400281e-01,1.6260634055193927e-15,4.5145606179748471e-32,True,True,True,False,True,True,False,False,False,False,False,The tested higher-order/nonlocal non-final source features do not reproduce the local correction.,derive a different nonlocal or history-dependent non-final source law for the coefficient-gradient closure,This capacity audit extends the second-differential probe with third finite differences of the source-free lower-pair row Jacobian and same-case cross-step source-row deltas. It is not a formula and not a trajectory h-sweep.
cylindrical_sharp,0.01,universal_higher_order_capacity_value_full_nonfinal,paper_tfe_lower_pair_velocity_compression_higher_order_capacity_gap_not_full_tfe,,universal_higher_order_capacity_nonfinal_full_component_value_fit,all_case_h_higher_order_capacity_oracle_fit,higher_order_plus_nonlocal_source_rows_perp,source-row second/third differentials plus same-case nonlocal source-row deltas,"0,1",6,24,8,16,24,16,544,46,1.0475811633172896e+04,1.0000000000000001e-05,48,True,True,True,False,False,False,8,132,24,31,7,1.1013857021786658e+04,1.8390370753258983e-01,1.8388558191675508e-01,1.3094747174994489e-01,1.2909944569656770e-01,7.0206399191759883e-01,9.9263175603638465e-01,1.2909944569479523e-01,7.0199479622735361e-01,9.9262200863017502e-01,1.5429808856149926e-06,4.5145606179748471e-32,True,True,True,False,True,True,False,False,False,False,False,The tested higher-order/nonlocal non-final source features do not reproduce the local correction.,derive a different nonlocal or history-dependent non-final source law for the coefficient-gradient closure,This capacity audit extends the second-differential probe with third finite differences of the source-free lower-pair row Jacobian and same-case cross-step source-row deltas. It is not a formula and not a trajectory h-sweep.
