case,h,candidate_basis,status,error_message,candidate_kind,fit_scope,feature_family,feature_scope,active_stage_rows,training_sample_count,basis_row_count,compression_row_count,source_consistency_rows,velocity_stage_rows,active_velocity_rows,history_feature_rows,history_feature_rank,history_feature_condition,history_step_count,history_direction_count,history_delta_norm,history_source_transport_used,history_velocity_transport_used,history_combined_transport_used,uses_final_stage_velocity_feature,target_row_count,stage_unknown_count,basis_rank,augmented_rank,independent_target_rank,basis_condition,target_jacobian_norm,oracle_correction_norm,history_projected_correction_norm,history_correction_residual_norm,history_correction_relative_residual,max_history_row_relative_residual,projection_residual_norm,projection_relative_residual,max_row_relative_residual,min_row_relative_residual,value_residual_norm,value_level_balance_ok,meaningful_nonfinal_energy,target_jacobian_used_for_capacity_fit,target_direction_oracle_used_for_formula,endpoint_boundary_source_removed,target_terminal_boundary_row_used,terminal_row_replacement_used,projection_used,accepted_h_sweep_present,full_tfe_stage_replacement,recurrent_history_capacity_spans_target,blocking_gap,next_repair_target,notes
cylindrical_smooth,0.04,case_local_recurrent_history_capacity_value_scalar_nonfinal,paper_tfe_lower_pair_velocity_compression_recurrent_history_capacity_gap_not_full_tfe,,case_local_recurrent_history_capacity_nonfinal_stage_scalar_value_fit,case_local_recurrent_history_capacity_oracle_fit,recurrent_source_curvature_rows_perp,two-step recurrent source-row curvature residualized against local source rows,"0,1",1,24,8,16,24,16,16,16,1.4697053538233322e+02,2,16,1.4991555530509570e-01,True,False,False,False,8,132,24,32,8,3.4285691413747736e+03,3.7127280938507345e-01,3.6464473006524034e-01,1.7448397965405421e-01,3.2018919408442814e-01,8.7808534632364377e-01,9.9506635979574465e-01,3.2018919408442814e-01,8.6240948970851550e-01,9.9332379288328965e-01,4.7061647643761106e-01,6.7406137997733683e-18,True,True,True,False,True,True,False,False,False,False,False,The tested recurrent curvature/bilinear history features do not reproduce the local correction.,derive a revised weak-row formula or richer nonlinear recurrent history source law for the coefficient-gradient closure,"This capacity audit tests two-step recurrent curvature and pairwise source/velocity bilinear history features. The feature library is target-free, but the capacity projection still uses the target Jacobian for evaluation, so it is not an accepted full-TFE stage replacement."
cylindrical_smooth,0.04,case_local_recurrent_history_capacity_value_scalar_nonfinal,paper_tfe_lower_pair_velocity_compression_recurrent_history_capacity_gap_not_full_tfe,,case_local_recurrent_history_capacity_nonfinal_stage_scalar_value_fit,case_local_recurrent_history_capacity_oracle_fit,active_plus_recurrent_source_curvature_rows_perp,active non-final velocity plus recurrent source-row curvature,"0,1",1,24,8,16,24,16,32,32,4.8625612267906990e+03,2,32,6.1032198675428362e-01,True,False,False,False,8,132,24,30,6,3.4175090873343797e+03,3.7127280938507345e-01,3.6464473006524034e-01,1.9834080152799829e-01,3.0598481271720535e-01,8.3913131738517144e-01,9.9401417915309920e-01,3.0598481271720535e-01,8.2415088038361228e-01,9.9216392871188530e-01,9.6526172789926317e-15,6.7406137997733683e-18,True,True,True,False,True,True,False,False,False,False,False,The tested recurrent curvature/bilinear history features do not reproduce the local correction.,derive a revised weak-row formula or richer nonlinear recurrent history source law for the coefficient-gradient closure,"This capacity audit tests two-step recurrent curvature and pairwise source/velocity bilinear history features. The feature library is target-free, but the capacity projection still uses the target Jacobian for evaluation, so it is not an accepted full-TFE stage replacement."
cylindrical_smooth,0.04,case_local_recurrent_history_capacity_value_scalar_nonfinal,paper_tfe_lower_pair_velocity_compression_recurrent_history_capacity_gap_not_full_tfe,,case_local_recurrent_history_capacity_nonfinal_stage_scalar_value_fit,case_local_recurrent_history_capacity_oracle_fit,recurrent_velocity_curvature_rows_perp,two-step recurrent non-final velocity-row curvature residualized against local source rows,"0,1",1,24,8,16,24,16,16,16,4.6473124126240549e+01,2,16,7.7968051118156995e-03,False,True,False,False,8,132,24,32,8,3.0533959876232678e+08,3.7127280938507345e-01,3.6464473006524034e-01,2.6573779114190687e-02,3.6367514821326763e-01,9.9734102326996676e-01,9.9993885527531778e-01,3.6367514784894489e-01,9.7953617570672002e-01,9.9952738948856501e-01,9.3353584222478603e-01,6.7406137997733683e-18,True,True,True,False,True,True,False,False,False,False,False,The tested recurrent curvature/bilinear history features do not reproduce the local correction.,derive a revised weak-row formula or richer nonlinear recurrent history source law for the coefficient-gradient closure,"This capacity audit tests two-step recurrent curvature and pairwise source/velocity bilinear history features. The feature library is target-free, but the capacity projection still uses the target Jacobian for evaluation, so it is not an accepted full-TFE stage replacement."
cylindrical_smooth,0.04,case_local_recurrent_history_capacity_value_scalar_nonfinal,paper_tfe_lower_pair_velocity_compression_recurrent_history_capacity_gap_not_full_tfe,,case_local_recurrent_history_capacity_nonfinal_stage_scalar_value_fit,case_local_recurrent_history_capacity_oracle_fit,active_plus_recurrent_velocity_curvature_rows_perp,active non-final velocity plus recurrent velocity-row curvature,"0,1",1,24,8,16,24,16,32,28,4.9330762948206957e+03,2,32,5.9167477888043563e-01,False,True,False,False,8,132,24,32,8,3.0406486356006414e+08,3.7127280938507345e-01,3.6464473006524034e-01,2.9039233460299026e-02,3.6348659134057504e-01,9.9682392578535794e-01,9.9993793423082589e-01,3.6348659134057504e-01,9.7902831059081741e-01,9.9952646882309126e-01,9.3081554829184654e-01,6.7406137997733683e-18,True,True,True,False,True,True,False,False,False,False,False,The tested recurrent curvature/bilinear history features do not reproduce the local correction.,derive a revised weak-row formula or richer nonlinear recurrent history source law for the coefficient-gradient closure,"This capacity audit tests two-step recurrent curvature and pairwise source/velocity bilinear history features. The feature library is target-free, but the capacity projection still uses the target Jacobian for evaluation, so it is not an accepted full-TFE stage replacement."
cylindrical_smooth,0.04,case_local_recurrent_history_capacity_value_scalar_nonfinal,paper_tfe_lower_pair_velocity_compression_recurrent_history_capacity_gap_not_full_tfe,,case_local_recurrent_history_capacity_nonfinal_stage_scalar_value_fit,case_local_recurrent_history_capacity_oracle_fit,recurrent_source_velocity_bilinear_rows_perp,target-free pairwise bilinear products of recurrent source/velocity curvature rows,"0,1",1,24,8,16,24,16,256,56,4.3793717104596126e+03,2,256,2.4992895739614469e+00,True,True,True,False,8,132,24,28,4,8.6132133764552759e+02,3.7127280938507345e-01,3.6464473006524034e-01,2.5748614039921586e-01,2.5819888974716110e-01,7.0808342602665753e-01,9.9214876648145423e-01,2.5819888974716110e-01,6.9544249732375274e-01,9.9030198830521510e-01,5.9997929822750187e-15,6.7406137997733683e-18,True,True,True,False,True,True,False,False,False,False,False,The tested recurrent curvature/bilinear history features do not reproduce the local correction.,derive a revised weak-row formula or richer nonlinear recurrent history source law for the coefficient-gradient closure,"This capacity audit tests two-step recurrent curvature and pairwise source/velocity bilinear history features. The feature library is target-free, but the capacity projection still uses the target Jacobian for evaluation, so it is not an accepted full-TFE stage replacement."
cylindrical_smooth,0.04,case_local_recurrent_history_capacity_value_scalar_nonfinal,paper_tfe_lower_pair_velocity_compression_recurrent_history_capacity_gap_not_full_tfe,,case_local_recurrent_history_capacity_nonfinal_stage_scalar_value_fit,case_local_recurrent_history_capacity_oracle_fit,active_plus_recurrent_source_velocity_bilinear_rows_perp,active non-final velocity plus bilinear recurrent source/velocity curvature rows,"0,1",1,24,8,16,24,16,272,64,4.3403999237881799e+03,2,272,2.5683587421358509e+00,True,True,True,False,8,132,24,28,4,8.6132133764593436e+02,3.7127280938507345e-01,3.6464473006524034e-01,2.5748614039921547e-01,2.5819888974716110e-01,7.0808342602665753e-01,9.9214876648145423e-01,2.5819888974716110e-01,6.9544249732375274e-01,9.9030198830521510e-01,8.7683226292343198e-15,6.7406137997733683e-18,True,True,True,False,True,True,False,False,False,False,False,The tested recurrent curvature/bilinear history features do not reproduce the local correction.,derive a revised weak-row formula or richer nonlinear recurrent history source law for the coefficient-gradient closure,"This capacity audit tests two-step recurrent curvature and pairwise source/velocity bilinear history features. The feature library is target-free, but the capacity projection still uses the target Jacobian for evaluation, so it is not an accepted full-TFE stage replacement."
cylindrical_smooth,0.04,universal_recurrent_history_capacity_value_scalar_nonfinal,paper_tfe_lower_pair_velocity_compression_recurrent_history_capacity_gap_not_full_tfe,,universal_recurrent_history_capacity_nonfinal_stage_scalar_value_fit,all_case_h_recurrent_history_capacity_oracle_fit,recurrent_source_curvature_rows_perp,two-step recurrent source-row curvature residualized against local source rows,"0,1",6,24,8,16,24,16,16,16,1.4697053538233322e+02,2,16,1.4991555530509570e-01,True,False,False,False,8,132,24,32,8,3.4285691413750210e+03,3.7127280938507345e-01,3.6464473007478193e-01,1.7448397936277493e-01,3.2018919425402431e-01,8.7808534676576677e-01,9.9506635980784908e-01,3.2018919425402431e-01,8.6240949016531210e-01,9.9332379290088257e-01,4.7061647911883725e-01,7.6071816433064978e-18,True,True,True,False,True,True,False,False,False,False,False,The tested recurrent curvature/bilinear history features do not reproduce the local correction.,derive a revised weak-row formula or richer nonlinear recurrent history source law for the coefficient-gradient closure,"This capacity audit tests two-step recurrent curvature and pairwise source/velocity bilinear history features. The feature library is target-free, but the capacity projection still uses the target Jacobian for evaluation, so it is not an accepted full-TFE stage replacement."
cylindrical_smooth,0.04,universal_recurrent_history_capacity_value_scalar_nonfinal,paper_tfe_lower_pair_velocity_compression_recurrent_history_capacity_gap_not_full_tfe,,universal_recurrent_history_capacity_nonfinal_stage_scalar_value_fit,all_case_h_recurrent_history_capacity_oracle_fit,active_plus_recurrent_source_curvature_rows_perp,active non-final velocity plus recurrent source-row curvature,"0,1",6,24,8,16,24,16,32,32,4.8625612267906990e+03,2,32,6.1032198675428362e-01,True,False,False,False,8,132,24,30,6,3.4175090873342792e+03,3.7127280938507345e-01,3.6464473007478193e-01,1.9834080154554032e-01,3.0598481271720535e-01,8.3913131736321400e-01,9.9401417915043033e-01,3.0598481271720535e-01,8.2415088038361228e-01,9.9216392871188530e-01,1.0373313301033271e-14,7.6071816433064978e-18,True,True,True,False,True,True,False,False,False,False,False,The tested recurrent curvature/bilinear history features do not reproduce the local correction.,derive a revised weak-row formula or richer nonlinear recurrent history source law for the coefficient-gradient closure,"This capacity audit tests two-step recurrent curvature and pairwise source/velocity bilinear history features. The feature library is target-free, but the capacity projection still uses the target Jacobian for evaluation, so it is not an accepted full-TFE stage replacement."
cylindrical_smooth,0.04,universal_recurrent_history_capacity_value_scalar_nonfinal,paper_tfe_lower_pair_velocity_compression_recurrent_history_capacity_gap_not_full_tfe,,universal_recurrent_history_capacity_nonfinal_stage_scalar_value_fit,all_case_h_recurrent_history_capacity_oracle_fit,recurrent_velocity_curvature_rows_perp,two-step recurrent non-final velocity-row curvature residualized against local source rows,"0,1",6,24,8,16,24,16,16,16,4.6473124126240549e+01,2,16,7.7968051118156995e-03,False,True,False,False,8,132,24,32,8,3.0550406221105075e+08,3.7127280938507345e-01,3.6464473007478193e-01,2.6573779156507146e-02,3.6367514821974262e-01,9.9734102326162655e-01,9.9993885527473370e-01,3.6367514820919811e-01,9.7953617667703952e-01,9.9952738948858100e-01,9.3353584771534859e-01,7.6071816433064978e-18,True,True,True,False,True,True,False,False,False,False,False,The tested recurrent curvature/bilinear history features do not reproduce the local correction.,derive a revised weak-row formula or richer nonlinear recurrent history source law for the coefficient-gradient closure,"This capacity audit tests two-step recurrent curvature and pairwise source/velocity bilinear history features. The feature library is target-free, but the capacity projection still uses the target Jacobian for evaluation, so it is not an accepted full-TFE stage replacement."
cylindrical_smooth,0.04,universal_recurrent_history_capacity_value_scalar_nonfinal,paper_tfe_lower_pair_velocity_compression_recurrent_history_capacity_gap_not_full_tfe,,universal_recurrent_history_capacity_nonfinal_stage_scalar_value_fit,all_case_h_recurrent_history_capacity_oracle_fit,active_plus_recurrent_velocity_curvature_rows_perp,active non-final velocity plus recurrent velocity-row curvature,"0,1",6,24,8,16,24,16,32,28,4.9330762948206957e+03,2,32,5.9167477888043563e-01,False,True,False,False,8,132,24,32,8,3.0406486356406850e+08,3.7127280938507345e-01,3.6464473007478193e-01,2.9039233580112709e-02,3.6348659134057504e-01,9.9682392575927425e-01,9.9993793423024180e-01,3.6348659134057504e-01,9.7902831059081741e-01,9.9952646882309126e-01,9.3081554829184643e-01,7.6071816433064978e-18,True,True,True,False,True,True,False,False,False,False,False,The tested recurrent curvature/bilinear history features do not reproduce the local correction.,derive a revised weak-row formula or richer nonlinear recurrent history source law for the coefficient-gradient closure,"This capacity audit tests two-step recurrent curvature and pairwise source/velocity bilinear history features. The feature library is target-free, but the capacity projection still uses the target Jacobian for evaluation, so it is not an accepted full-TFE stage replacement."
cylindrical_smooth,0.04,universal_recurrent_history_capacity_value_scalar_nonfinal,paper_tfe_lower_pair_velocity_compression_recurrent_history_capacity_gap_not_full_tfe,,universal_recurrent_history_capacity_nonfinal_stage_scalar_value_fit,all_case_h_recurrent_history_capacity_oracle_fit,recurrent_source_velocity_bilinear_rows_perp,target-free pairwise bilinear products of recurrent source/velocity curvature rows,"0,1",6,24,8,16,24,16,256,56,4.3793717104596126e+03,2,256,2.4992895739614469e+00,True,True,True,False,8,132,24,28,4,8.6132133764619698e+02,3.7127280938507345e-01,3.6464473007478193e-01,2.5748614041272816e-01,2.5819888974716110e-01,7.0808342600812924e-01,9.9214876647879036e-01,2.5819888974716110e-01,6.9544249732375274e-01,9.9030198830521510e-01,5.4095098138021138e-15,7.6071816433064978e-18,True,True,True,False,True,True,False,False,False,False,False,The tested recurrent curvature/bilinear history features do not reproduce the local correction.,derive a revised weak-row formula or richer nonlinear recurrent history source law for the coefficient-gradient closure,"This capacity audit tests two-step recurrent curvature and pairwise source/velocity bilinear history features. The feature library is target-free, but the capacity projection still uses the target Jacobian for evaluation, so it is not an accepted full-TFE stage replacement."
cylindrical_smooth,0.04,universal_recurrent_history_capacity_value_scalar_nonfinal,paper_tfe_lower_pair_velocity_compression_recurrent_history_capacity_gap_not_full_tfe,,universal_recurrent_history_capacity_nonfinal_stage_scalar_value_fit,all_case_h_recurrent_history_capacity_oracle_fit,active_plus_recurrent_source_velocity_bilinear_rows_perp,active non-final velocity plus bilinear recurrent source/velocity curvature rows,"0,1",6,24,8,16,24,16,272,64,4.3403999237881799e+03,2,272,2.5683587421358509e+00,True,True,True,False,8,132,24,28,4,8.6132133764564719e+02,3.7127280938507345e-01,3.6464473007478193e-01,2.5748614041273188e-01,2.5819888974716110e-01,7.0808342600812924e-01,9.9214876647879036e-01,2.5819888974716110e-01,6.9544249732375274e-01,9.9030198830521510e-01,7.9477819224870311e-15,7.6071816433064978e-18,True,True,True,False,True,True,False,False,False,False,False,The tested recurrent curvature/bilinear history features do not reproduce the local correction.,derive a revised weak-row formula or richer nonlinear recurrent history source law for the coefficient-gradient closure,"This capacity audit tests two-step recurrent curvature and pairwise source/velocity bilinear history features. The feature library is target-free, but the capacity projection still uses the target Jacobian for evaluation, so it is not an accepted full-TFE stage replacement."
cylindrical_smooth,0.04,case_local_recurrent_history_capacity_value_component_nonfinal,paper_tfe_lower_pair_velocity_compression_recurrent_history_capacity_gap_not_full_tfe,,case_local_recurrent_history_capacity_nonfinal_component_diagonal_value_fit,case_local_recurrent_history_capacity_oracle_fit,recurrent_source_curvature_rows_perp,two-step recurrent source-row curvature residualized against local source rows,"0,1",1,24,8,16,24,16,16,16,1.4697053538233322e+02,2,16,1.4991555530509570e-01,True,False,False,False,8,132,24,32,8,3.3732744183436753e+03,3.7127280938507345e-01,3.6505364663439654e-01,1.7891577552733776e-01,3.1820325295088070e-01,8.7166161983190160e-01,9.9506635981023650e-01,3.1541671984564640e-01,8.4955513000820182e-01,9.9321228733443656e-01,2.1312743469194720e-01,1.0969092796788381e-33,True,True,True,False,True,True,False,False,False,False,False,The tested recurrent curvature/bilinear history features do not reproduce the local correction.,derive a revised weak-row formula or richer nonlinear recurrent history source law for the coefficient-gradient closure,"This capacity audit tests two-step recurrent curvature and pairwise source/velocity bilinear history features. The feature library is target-free, but the capacity projection still uses the target Jacobian for evaluation, so it is not an accepted full-TFE stage replacement."
cylindrical_smooth,0.04,case_local_recurrent_history_capacity_value_component_nonfinal,paper_tfe_lower_pair_velocity_compression_recurrent_history_capacity_gap_not_full_tfe,,case_local_recurrent_history_capacity_nonfinal_component_diagonal_value_fit,case_local_recurrent_history_capacity_oracle_fit,active_plus_recurrent_source_curvature_rows_perp,active non-final velocity plus recurrent source-row curvature,"0,1",1,24,8,16,24,16,32,32,4.8625612267906990e+03,2,32,6.1032198675428362e-01,True,False,False,False,8,132,24,30,6,3.4175091026817086e+03,3.7127280938507345e-01,3.6505364663439654e-01,1.9909158522521156e-01,3.0598481271720535e-01,8.3819136047050913e-01,9.9401417914964574e-01,3.0598481271720535e-01,8.2415088038361228e-01,9.9216392871188530e-01,1.0038269887434152e-14,1.0969092796788381e-33,True,True,True,False,True,True,False,False,False,False,False,The tested recurrent curvature/bilinear history features do not reproduce the local correction.,derive a revised weak-row formula or richer nonlinear recurrent history source law for the coefficient-gradient closure,"This capacity audit tests two-step recurrent curvature and pairwise source/velocity bilinear history features. The feature library is target-free, but the capacity projection still uses the target Jacobian for evaluation, so it is not an accepted full-TFE stage replacement."
cylindrical_smooth,0.04,case_local_recurrent_history_capacity_value_component_nonfinal,paper_tfe_lower_pair_velocity_compression_recurrent_history_capacity_gap_not_full_tfe,,case_local_recurrent_history_capacity_nonfinal_component_diagonal_value_fit,case_local_recurrent_history_capacity_oracle_fit,recurrent_velocity_curvature_rows_perp,two-step recurrent non-final velocity-row curvature residualized against local source rows,"0,1",1,24,8,16,24,16,16,16,4.6473124126240549e+01,2,16,7.7968051118156995e-03,False,True,False,False,8,132,24,32,8,3.0547248113998926e+08,3.7127280938507345e-01,3.6505364663439654e-01,3.1694660263514335e-02,3.6367514821864205e-01,9.9622384701957223e-01,9.9993885527483861e-01,3.6367513710981186e-01,9.7953614678153955e-01,9.9952738948332442e-01,9.3353568387223484e-01,1.0969092796788381e-33,True,True,True,False,True,True,False,False,False,False,False,The tested recurrent curvature/bilinear history features do not reproduce the local correction.,derive a revised weak-row formula or richer nonlinear recurrent history source law for the coefficient-gradient closure,"This capacity audit tests two-step recurrent curvature and pairwise source/velocity bilinear history features. The feature library is target-free, but the capacity projection still uses the target Jacobian for evaluation, so it is not an accepted full-TFE stage replacement."
cylindrical_smooth,0.04,case_local_recurrent_history_capacity_value_component_nonfinal,paper_tfe_lower_pair_velocity_compression_recurrent_history_capacity_gap_not_full_tfe,,case_local_recurrent_history_capacity_nonfinal_component_diagonal_value_fit,case_local_recurrent_history_capacity_oracle_fit,active_plus_recurrent_velocity_curvature_rows_perp,active non-final velocity plus recurrent velocity-row curvature,"0,1",1,24,8,16,24,16,32,28,4.9330762948206957e+03,2,32,5.9167477888043563e-01,False,True,False,False,8,132,24,32,8,3.0406490854091495e+08,3.7127280938507345e-01,3.6505364663439654e-01,3.3788501545357258e-02,3.6348659134057504e-01,9.9570732874943468e-01,9.9993793423034683e-01,3.6348659134057504e-01,9.7902831059081741e-01,9.9952646882309126e-01,9.3081554829184654e-01,1.0969092796788381e-33,True,True,True,False,True,True,False,False,False,False,False,The tested recurrent curvature/bilinear history features do not reproduce the local correction.,derive a revised weak-row formula or richer nonlinear recurrent history source law for the coefficient-gradient closure,"This capacity audit tests two-step recurrent curvature and pairwise source/velocity bilinear history features. The feature library is target-free, but the capacity projection still uses the target Jacobian for evaluation, so it is not an accepted full-TFE stage replacement."
cylindrical_smooth,0.04,case_local_recurrent_history_capacity_value_component_nonfinal,paper_tfe_lower_pair_velocity_compression_recurrent_history_capacity_gap_not_full_tfe,,case_local_recurrent_history_capacity_nonfinal_component_diagonal_value_fit,case_local_recurrent_history_capacity_oracle_fit,recurrent_source_velocity_bilinear_rows_perp,target-free pairwise bilinear products of recurrent source/velocity curvature rows,"0,1",1,24,8,16,24,16,256,56,4.3793717104596126e+03,2,256,2.4992895739614469e+00,True,True,True,False,8,132,24,28,4,8.6132135806224676e+02,3.7127280938507345e-01,3.6505364663439654e-01,2.5806491093212153e-01,2.5819888974716110e-01,7.0729026302741982e-01,9.9214876647800720e-01,2.5819888974716110e-01,6.9544249732375274e-01,9.9030198830521510e-01,8.6612225383615961e-15,1.0969092796788381e-33,True,True,True,False,True,True,False,False,False,False,False,The tested recurrent curvature/bilinear history features do not reproduce the local correction.,derive a revised weak-row formula or richer nonlinear recurrent history source law for the coefficient-gradient closure,"This capacity audit tests two-step recurrent curvature and pairwise source/velocity bilinear history features. The feature library is target-free, but the capacity projection still uses the target Jacobian for evaluation, so it is not an accepted full-TFE stage replacement."
cylindrical_smooth,0.04,case_local_recurrent_history_capacity_value_component_nonfinal,paper_tfe_lower_pair_velocity_compression_recurrent_history_capacity_gap_not_full_tfe,,case_local_recurrent_history_capacity_nonfinal_component_diagonal_value_fit,case_local_recurrent_history_capacity_oracle_fit,active_plus_recurrent_source_velocity_bilinear_rows_perp,active non-final velocity plus bilinear recurrent source/velocity curvature rows,"0,1",1,24,8,16,24,16,272,64,4.3403999237881799e+03,2,272,2.5683587421358509e+00,True,True,True,False,8,132,24,28,4,8.6132135806199142e+02,3.7127280938507345e-01,3.6505364663439654e-01,2.5806491093212214e-01,2.5819888974716110e-01,7.0729026302741982e-01,9.9214876647800720e-01,2.5819888974716110e-01,6.9544249732375274e-01,9.9030198830521510e-01,7.8112309272656562e-15,1.0969092796788381e-33,True,True,True,False,True,True,False,False,False,False,False,The tested recurrent curvature/bilinear history features do not reproduce the local correction.,derive a revised weak-row formula or richer nonlinear recurrent history source law for the coefficient-gradient closure,"This capacity audit tests two-step recurrent curvature and pairwise source/velocity bilinear history features. The feature library is target-free, but the capacity projection still uses the target Jacobian for evaluation, so it is not an accepted full-TFE stage replacement."
cylindrical_smooth,0.04,universal_recurrent_history_capacity_value_component_nonfinal,paper_tfe_lower_pair_velocity_compression_recurrent_history_capacity_gap_not_full_tfe,,universal_recurrent_history_capacity_nonfinal_component_diagonal_value_fit,all_case_h_recurrent_history_capacity_oracle_fit,recurrent_source_curvature_rows_perp,two-step recurrent source-row curvature residualized against local source rows,"0,1",6,24,8,16,24,16,16,16,1.4697053538233322e+02,2,16,1.4991555530509570e-01,True,False,False,False,8,132,24,32,8,3.3951129735578252e+03,3.7127280938507345e-01,3.6499396871481160e-01,1.7709706270303119e-01,3.1915079128861257e-01,8.7440017820672911e-01,9.9506635981051661e-01,3.1727037599708724e-01,8.5454783646174193e-01,9.9320893533228050e-01,3.1002831335498043e-01,2.6003532570117728e-19,True,True,True,False,True,True,False,False,False,False,False,The tested recurrent curvature/bilinear history features do not reproduce the local correction.,derive a revised weak-row formula or richer nonlinear recurrent history source law for the coefficient-gradient closure,"This capacity audit tests two-step recurrent curvature and pairwise source/velocity bilinear history features. The feature library is target-free, but the capacity projection still uses the target Jacobian for evaluation, so it is not an accepted full-TFE stage replacement."
cylindrical_smooth,0.04,universal_recurrent_history_capacity_value_component_nonfinal,paper_tfe_lower_pair_velocity_compression_recurrent_history_capacity_gap_not_full_tfe,,universal_recurrent_history_capacity_nonfinal_component_diagonal_value_fit,all_case_h_recurrent_history_capacity_oracle_fit,active_plus_recurrent_source_curvature_rows_perp,active non-final velocity plus recurrent source-row curvature,"0,1",6,24,8,16,24,16,32,32,4.8625612267906990e+03,2,32,6.1032198675428362e-01,True,False,False,False,8,132,24,30,6,3.4175091194096585e+03,3.7127280938507345e-01,3.6499396871481160e-01,1.9898213885825458e-01,3.0598481271720535e-01,8.3832840798606967e-01,9.9401417914961909e-01,3.0598481271720535e-01,8.2415088038361228e-01,9.9216392871188530e-01,9.5172147270475348e-15,2.6003532570117728e-19,True,True,True,False,True,True,False,False,False,False,False,The tested recurrent curvature/bilinear history features do not reproduce the local correction.,derive a revised weak-row formula or richer nonlinear recurrent history source law for the coefficient-gradient closure,"This capacity audit tests two-step recurrent curvature and pairwise source/velocity bilinear history features. The feature library is target-free, but the capacity projection still uses the target Jacobian for evaluation, so it is not an accepted full-TFE stage replacement."
cylindrical_smooth,0.04,universal_recurrent_history_capacity_value_component_nonfinal,paper_tfe_lower_pair_velocity_compression_recurrent_history_capacity_gap_not_full_tfe,,universal_recurrent_history_capacity_nonfinal_component_diagonal_value_fit,all_case_h_recurrent_history_capacity_oracle_fit,recurrent_velocity_curvature_rows_perp,two-step recurrent non-final velocity-row curvature residualized against local source rows,"0,1",6,24,8,16,24,16,16,16,4.6473124126240549e+01,2,16,7.7968051118156995e-03,False,True,False,False,8,132,24,32,8,3.0522663428045911e+08,3.7127280938507345e-01,3.6499396871481160e-01,3.0999738237352133e-02,3.6367514821252844e-01,9.9638673343856365e-01,9.9993885527461701e-01,3.6367508539046800e-01,9.7953600747873426e-01,9.9952738948800857e-01,9.3353487591957163e-01,2.6003532570117728e-19,True,True,True,False,True,True,False,False,False,False,False,The tested recurrent curvature/bilinear history features do not reproduce the local correction.,derive a revised weak-row formula or richer nonlinear recurrent history source law for the coefficient-gradient closure,"This capacity audit tests two-step recurrent curvature and pairwise source/velocity bilinear history features. The feature library is target-free, but the capacity projection still uses the target Jacobian for evaluation, so it is not an accepted full-TFE stage replacement."
cylindrical_smooth,0.04,universal_recurrent_history_capacity_value_component_nonfinal,paper_tfe_lower_pair_velocity_compression_recurrent_history_capacity_gap_not_full_tfe,,universal_recurrent_history_capacity_nonfinal_component_diagonal_value_fit,all_case_h_recurrent_history_capacity_oracle_fit,active_plus_recurrent_velocity_curvature_rows_perp,active non-final velocity plus recurrent velocity-row curvature,"0,1",6,24,8,16,24,16,32,28,4.9330762948206957e+03,2,32,5.9167477888043563e-01,False,True,False,False,8,132,24,32,8,3.0406495580193210e+08,3.7127280938507345e-01,3.6499396871481160e-01,3.3137518220268863e-02,3.6348659134057504e-01,9.9587013073244957e-01,9.9993793423012511e-01,3.6348659134057504e-01,9.7902831059081741e-01,9.9952646882309137e-01,9.3081554829184654e-01,2.6003532570117728e-19,True,True,True,False,True,True,False,False,False,False,False,The tested recurrent curvature/bilinear history features do not reproduce the local correction.,derive a revised weak-row formula or richer nonlinear recurrent history source law for the coefficient-gradient closure,"This capacity audit tests two-step recurrent curvature and pairwise source/velocity bilinear history features. The feature library is target-free, but the capacity projection still uses the target Jacobian for evaluation, so it is not an accepted full-TFE stage replacement."
cylindrical_smooth,0.04,universal_recurrent_history_capacity_value_component_nonfinal,paper_tfe_lower_pair_velocity_compression_recurrent_history_capacity_gap_not_full_tfe,,universal_recurrent_history_capacity_nonfinal_component_diagonal_value_fit,all_case_h_recurrent_history_capacity_oracle_fit,recurrent_source_velocity_bilinear_rows_perp,target-free pairwise bilinear products of recurrent source/velocity curvature rows,"0,1",6,24,8,16,24,16,256,56,4.3793717104596126e+03,2,256,2.4992895739614469e+00,True,True,True,False,8,132,24,28,4,8.6132143302189718e+02,3.7127280938507345e-01,3.6499396871481160e-01,2.5798048478814001e-01,2.5819888974716138e-01,7.0740590770941025e-01,9.9214876647798067e-01,2.5819888974716138e-01,6.9544249732375352e-01,9.9030198830521510e-01,6.4017982482223938e-15,2.6003532570117728e-19,True,True,True,False,True,True,False,False,False,False,False,The tested recurrent curvature/bilinear history features do not reproduce the local correction.,derive a revised weak-row formula or richer nonlinear recurrent history source law for the coefficient-gradient closure,"This capacity audit tests two-step recurrent curvature and pairwise source/velocity bilinear history features. The feature library is target-free, but the capacity projection still uses the target Jacobian for evaluation, so it is not an accepted full-TFE stage replacement."
cylindrical_smooth,0.04,universal_recurrent_history_capacity_value_component_nonfinal,paper_tfe_lower_pair_velocity_compression_recurrent_history_capacity_gap_not_full_tfe,,universal_recurrent_history_capacity_nonfinal_component_diagonal_value_fit,all_case_h_recurrent_history_capacity_oracle_fit,active_plus_recurrent_source_velocity_bilinear_rows_perp,active non-final velocity plus bilinear recurrent source/velocity curvature rows,"0,1",6,24,8,16,24,16,272,64,4.3403999237881799e+03,2,272,2.5683587421358509e+00,True,True,True,False,8,132,24,28,4,8.6132143302254065e+02,3.7127280938507345e-01,3.6499396871481160e-01,2.5798048478813745e-01,2.5819888974716110e-01,7.0740590770940948e-01,9.9214876647798067e-01,2.5819888974716110e-01,6.9544249732375274e-01,9.9030198830521510e-01,8.6551435923976384e-15,2.6003532570117728e-19,True,True,True,False,True,True,False,False,False,False,False,The tested recurrent curvature/bilinear history features do not reproduce the local correction.,derive a revised weak-row formula or richer nonlinear recurrent history source law for the coefficient-gradient closure,"This capacity audit tests two-step recurrent curvature and pairwise source/velocity bilinear history features. The feature library is target-free, but the capacity projection still uses the target Jacobian for evaluation, so it is not an accepted full-TFE stage replacement."
cylindrical_smooth,0.04,case_local_recurrent_history_capacity_value_full_nonfinal,paper_tfe_lower_pair_velocity_compression_recurrent_history_capacity_gap_not_full_tfe,,case_local_recurrent_history_capacity_nonfinal_full_component_value_fit,case_local_recurrent_history_capacity_oracle_fit,recurrent_source_curvature_rows_perp,two-step recurrent source-row curvature residualized against local source rows,"0,1",1,24,8,16,24,16,16,16,1.4697053538233322e+02,2,16,1.4991555530509570e-01,True,False,False,False,8,132,24,32,8,3.4285691413749942e+03,3.7127280938507345e-01,3.6464473007330461e-01,1.7448397940556398e-01,3.2018919422902437e-01,8.7808534670076455e-01,9.9506635980590985e-01,3.2018919422902442e-01,8.6240949009797652e-01,9.9332379289871020e-01,4.7061647873121026e-01,1.8913227921974338e-33,True,True,True,False,True,True,False,False,False,False,False,The tested recurrent curvature/bilinear history features do not reproduce the local correction.,derive a revised weak-row formula or richer nonlinear recurrent history source law for the coefficient-gradient closure,"This capacity audit tests two-step recurrent curvature and pairwise source/velocity bilinear history features. The feature library is target-free, but the capacity projection still uses the target Jacobian for evaluation, so it is not an accepted full-TFE stage replacement."
cylindrical_smooth,0.04,case_local_recurrent_history_capacity_value_full_nonfinal,paper_tfe_lower_pair_velocity_compression_recurrent_history_capacity_gap_not_full_tfe,,case_local_recurrent_history_capacity_nonfinal_full_component_value_fit,case_local_recurrent_history_capacity_oracle_fit,active_plus_recurrent_source_curvature_rows_perp,active non-final velocity plus recurrent source-row curvature,"0,1",1,24,8,16,24,16,32,32,4.8625612267906990e+03,2,32,6.1032198675428362e-01,True,False,False,False,8,132,24,30,6,3.4175090873342888e+03,3.7127280938507345e-01,3.6464473007330461e-01,1.9834080154282438e-01,3.0598481271720535e-01,8.3913131736661362e-01,9.9401417915084311e-01,3.0598481271720535e-01,8.2415088038361228e-01,9.9216392871188530e-01,1.0831953923848507e-14,1.8913227921974338e-33,True,True,True,False,True,True,False,False,False,False,False,The tested recurrent curvature/bilinear history features do not reproduce the local correction.,derive a revised weak-row formula or richer nonlinear recurrent history source law for the coefficient-gradient closure,"This capacity audit tests two-step recurrent curvature and pairwise source/velocity bilinear history features. The feature library is target-free, but the capacity projection still uses the target Jacobian for evaluation, so it is not an accepted full-TFE stage replacement."
cylindrical_smooth,0.04,case_local_recurrent_history_capacity_value_full_nonfinal,paper_tfe_lower_pair_velocity_compression_recurrent_history_capacity_gap_not_full_tfe,,case_local_recurrent_history_capacity_nonfinal_full_component_value_fit,case_local_recurrent_history_capacity_oracle_fit,recurrent_velocity_curvature_rows_perp,two-step recurrent non-final velocity-row curvature residualized against local source rows,"0,1",1,24,8,16,24,16,16,16,4.6473124126240549e+01,2,16,7.7968051118156995e-03,False,True,False,False,8,132,24,32,8,3.0550893143051982e+08,3.7127280938507345e-01,3.6464473007330461e-01,2.6573779148913068e-02,3.6367514821881630e-01,9.9734102326312679e-01,9.9993885527482418e-01,3.6367514821578872e-01,9.7953617669479087e-01,9.9952738948857556e-01,9.3353584781405541e-01,1.8913227921974338e-33,True,True,True,False,True,True,False,False,False,False,False,The tested recurrent curvature/bilinear history features do not reproduce the local correction.,derive a revised weak-row formula or richer nonlinear recurrent history source law for the coefficient-gradient closure,"This capacity audit tests two-step recurrent curvature and pairwise source/velocity bilinear history features. The feature library is target-free, but the capacity projection still uses the target Jacobian for evaluation, so it is not an accepted full-TFE stage replacement."
cylindrical_smooth,0.04,case_local_recurrent_history_capacity_value_full_nonfinal,paper_tfe_lower_pair_velocity_compression_recurrent_history_capacity_gap_not_full_tfe,,case_local_recurrent_history_capacity_nonfinal_full_component_value_fit,case_local_recurrent_history_capacity_oracle_fit,active_plus_recurrent_velocity_curvature_rows_perp,active non-final velocity plus recurrent velocity-row curvature,"0,1",1,24,8,16,24,16,32,28,4.9330762948206957e+03,2,32,5.9167477888043563e-01,False,True,False,False,8,132,24,32,8,3.0406486359343445e+08,3.7127280938507345e-01,3.6464473007330461e-01,2.9039233561562218e-02,3.6348659134057504e-01,9.9682392576331280e-01,9.9993793423032795e-01,3.6348659134057509e-01,9.7902831059081752e-01,9.9952646882309126e-01,9.3081554829184654e-01,1.8913227921974338e-33,True,True,True,False,True,True,False,False,False,False,False,The tested recurrent curvature/bilinear history features do not reproduce the local correction.,derive a revised weak-row formula or richer nonlinear recurrent history source law for the coefficient-gradient closure,"This capacity audit tests two-step recurrent curvature and pairwise source/velocity bilinear history features. The feature library is target-free, but the capacity projection still uses the target Jacobian for evaluation, so it is not an accepted full-TFE stage replacement."
cylindrical_smooth,0.04,case_local_recurrent_history_capacity_value_full_nonfinal,paper_tfe_lower_pair_velocity_compression_recurrent_history_capacity_gap_not_full_tfe,,case_local_recurrent_history_capacity_nonfinal_full_component_value_fit,case_local_recurrent_history_capacity_oracle_fit,recurrent_source_velocity_bilinear_rows_perp,target-free pairwise bilinear products of recurrent source/velocity curvature rows,"0,1",1,24,8,16,24,16,256,56,4.3793717104596126e+03,2,256,2.4992895739614469e+00,True,True,True,False,8,132,24,28,4,8.6132133764564185e+02,3.7127280938507345e-01,3.6464473007330461e-01,2.5748614041063628e-01,2.5819888974716110e-01,7.0808342601099794e-01,9.9214876647920236e-01,2.5819888974716110e-01,6.9544249732375274e-01,9.9030198830521510e-01,6.4584464574296290e-13,1.8913227921974338e-33,True,True,True,False,True,True,False,False,False,False,False,The tested recurrent curvature/bilinear history features do not reproduce the local correction.,derive a revised weak-row formula or richer nonlinear recurrent history source law for the coefficient-gradient closure,"This capacity audit tests two-step recurrent curvature and pairwise source/velocity bilinear history features. The feature library is target-free, but the capacity projection still uses the target Jacobian for evaluation, so it is not an accepted full-TFE stage replacement."
cylindrical_smooth,0.04,case_local_recurrent_history_capacity_value_full_nonfinal,paper_tfe_lower_pair_velocity_compression_recurrent_history_capacity_gap_not_full_tfe,,case_local_recurrent_history_capacity_nonfinal_full_component_value_fit,case_local_recurrent_history_capacity_oracle_fit,active_plus_recurrent_source_velocity_bilinear_rows_perp,active non-final velocity plus bilinear recurrent source/velocity curvature rows,"0,1",1,24,8,16,24,16,272,64,4.3403999237881799e+03,2,272,2.5683587421358509e+00,True,True,True,False,8,132,24,28,4,8.6132133764559080e+02,3.7127280938507345e-01,3.6464473007330461e-01,2.5748614041063889e-01,2.5819888974716110e-01,7.0808342601099794e-01,9.9214876647920236e-01,2.5819888974716110e-01,6.9544249732375274e-01,9.9030198830521510e-01,8.1072606600229407e-15,1.8913227921974338e-33,True,True,True,False,True,True,False,False,False,False,False,The tested recurrent curvature/bilinear history features do not reproduce the local correction.,derive a revised weak-row formula or richer nonlinear recurrent history source law for the coefficient-gradient closure,"This capacity audit tests two-step recurrent curvature and pairwise source/velocity bilinear history features. The feature library is target-free, but the capacity projection still uses the target Jacobian for evaluation, so it is not an accepted full-TFE stage replacement."
cylindrical_smooth,0.04,universal_recurrent_history_capacity_value_full_nonfinal,paper_tfe_lower_pair_velocity_compression_recurrent_history_capacity_gap_not_full_tfe,,universal_recurrent_history_capacity_nonfinal_full_component_value_fit,all_case_h_recurrent_history_capacity_oracle_fit,recurrent_source_curvature_rows_perp,two-step recurrent source-row curvature residualized against local source rows,"0,1",6,24,8,16,24,16,16,16,1.4697053538233322e+02,2,16,1.4991555530509570e-01,True,False,False,False,8,132,24,32,8,3.4283977196846745e+03,3.7127280938507345e-01,3.6464472482720589e-01,1.7448345532983223e-01,3.2018947384395874e-01,8.7808612614836767e-01,9.9506801250189614e-01,3.2018943814451883e-01,8.6241014706904529e-01,9.9332495336519322e-01,4.7061667453193895e-01,3.0619550613943693e-28,True,True,True,False,True,True,False,False,False,False,False,The tested recurrent curvature/bilinear history features do not reproduce the local correction.,derive a revised weak-row formula or richer nonlinear recurrent history source law for the coefficient-gradient closure,"This capacity audit tests two-step recurrent curvature and pairwise source/velocity bilinear history features. The feature library is target-free, but the capacity projection still uses the target Jacobian for evaluation, so it is not an accepted full-TFE stage replacement."
cylindrical_smooth,0.04,universal_recurrent_history_capacity_value_full_nonfinal,paper_tfe_lower_pair_velocity_compression_recurrent_history_capacity_gap_not_full_tfe,,universal_recurrent_history_capacity_nonfinal_full_component_value_fit,all_case_h_recurrent_history_capacity_oracle_fit,active_plus_recurrent_source_curvature_rows_perp,active non-final velocity plus recurrent source-row curvature,"0,1",6,24,8,16,24,16,32,32,4.8625612267906990e+03,2,32,6.1032198675428362e-01,True,False,False,False,8,132,24,30,6,3.4175090873473996e+03,3.7127280938507345e-01,3.6464472482720589e-01,1.9834079189799950e-01,3.0598481271720535e-01,8.3913132943909252e-01,9.9401409323160128e-01,3.0598481271720535e-01,8.2415088038361228e-01,9.9216392871188530e-01,9.7893707046819571e-15,3.0619550613943693e-28,True,True,True,False,True,True,False,False,False,False,False,The tested recurrent curvature/bilinear history features do not reproduce the local correction.,derive a revised weak-row formula or richer nonlinear recurrent history source law for the coefficient-gradient closure,"This capacity audit tests two-step recurrent curvature and pairwise source/velocity bilinear history features. The feature library is target-free, but the capacity projection still uses the target Jacobian for evaluation, so it is not an accepted full-TFE stage replacement."
cylindrical_smooth,0.04,universal_recurrent_history_capacity_value_full_nonfinal,paper_tfe_lower_pair_velocity_compression_recurrent_history_capacity_gap_not_full_tfe,,universal_recurrent_history_capacity_nonfinal_full_component_value_fit,all_case_h_recurrent_history_capacity_oracle_fit,recurrent_velocity_curvature_rows_perp,two-step recurrent non-final velocity-row curvature residualized against local source rows,"0,1",6,24,8,16,24,16,16,16,4.6473124126240549e+01,2,16,7.7968051118156995e-03,False,True,False,False,8,132,24,32,8,1.6747644041618537e+06,3.7127280938507345e-01,3.6464472482720589e-01,2.6573847409863228e-02,3.6367513797089018e-01,9.9734100950788429e-01,9.9993887703692808e-01,3.6366894980656322e-01,9.7951948166873770e-01,9.9952734946963195e-01,9.3344890844698725e-01,3.0619550613943693e-28,True,True,True,False,True,True,False,False,False,False,False,The tested recurrent curvature/bilinear history features do not reproduce the local correction.,derive a revised weak-row formula or richer nonlinear recurrent history source law for the coefficient-gradient closure,"This capacity audit tests two-step recurrent curvature and pairwise source/velocity bilinear history features. The feature library is target-free, but the capacity projection still uses the target Jacobian for evaluation, so it is not an accepted full-TFE stage replacement."
cylindrical_smooth,0.04,universal_recurrent_history_capacity_value_full_nonfinal,paper_tfe_lower_pair_velocity_compression_recurrent_history_capacity_gap_not_full_tfe,,universal_recurrent_history_capacity_nonfinal_full_component_value_fit,all_case_h_recurrent_history_capacity_oracle_fit,active_plus_recurrent_velocity_curvature_rows_perp,active non-final velocity plus recurrent velocity-row curvature,"0,1",6,24,8,16,24,16,32,28,4.9330762948206957e+03,2,32,5.9167477888043563e-01,False,True,False,False,8,132,24,32,8,3.0406486356965846e+08,3.7127280938507345e-01,3.6464472482720589e-01,2.9039167686393540e-02,3.6348659134057504e-01,9.9682394010449582e-01,9.9993794190260421e-01,3.6348659134057509e-01,9.7902831059081752e-01,9.9952646882309126e-01,9.3081554829184654e-01,3.0619550613943693e-28,True,True,True,False,True,True,False,False,False,False,False,The tested recurrent curvature/bilinear history features do not reproduce the local correction.,derive a revised weak-row formula or richer nonlinear recurrent history source law for the coefficient-gradient closure,"This capacity audit tests two-step recurrent curvature and pairwise source/velocity bilinear history features. The feature library is target-free, but the capacity projection still uses the target Jacobian for evaluation, so it is not an accepted full-TFE stage replacement."
cylindrical_smooth,0.04,universal_recurrent_history_capacity_value_full_nonfinal,paper_tfe_lower_pair_velocity_compression_recurrent_history_capacity_gap_not_full_tfe,,universal_recurrent_history_capacity_nonfinal_full_component_value_fit,all_case_h_recurrent_history_capacity_oracle_fit,recurrent_source_velocity_bilinear_rows_perp,target-free pairwise bilinear products of recurrent source/velocity curvature rows,"0,1",6,24,8,16,24,16,256,56,4.3793717104596126e+03,2,256,2.4992895739614469e+00,True,True,True,False,8,132,24,31,7,8.6132117349135194e+02,3.7127280938507345e-01,3.6464472482720589e-01,2.5748613133072834e-01,2.5819889139313540e-01,7.0808344071201923e-01,9.9214869370241221e-01,2.5819889139311375e-01,6.9544250175702282e-01,9.9030200126209422e-01,1.5438571162984415e-06,3.0619550613943693e-28,True,True,True,False,True,True,False,False,False,False,False,The tested recurrent curvature/bilinear history features do not reproduce the local correction.,derive a revised weak-row formula or richer nonlinear recurrent history source law for the coefficient-gradient closure,"This capacity audit tests two-step recurrent curvature and pairwise source/velocity bilinear history features. The feature library is target-free, but the capacity projection still uses the target Jacobian for evaluation, so it is not an accepted full-TFE stage replacement."
cylindrical_smooth,0.04,universal_recurrent_history_capacity_value_full_nonfinal,paper_tfe_lower_pair_velocity_compression_recurrent_history_capacity_gap_not_full_tfe,,universal_recurrent_history_capacity_nonfinal_full_component_value_fit,all_case_h_recurrent_history_capacity_oracle_fit,active_plus_recurrent_source_velocity_bilinear_rows_perp,active non-final velocity plus bilinear recurrent source/velocity curvature rows,"0,1",6,24,8,16,24,16,272,64,4.3403999237881799e+03,2,272,2.5683587421358509e+00,True,True,True,False,8,132,24,28,4,8.6132133764689513e+02,3.7127280938507345e-01,3.6464472482720589e-01,2.5748613298125689e-01,2.5819888974716110e-01,7.0808343619810687e-01,9.9214868072120055e-01,2.5819888974716110e-01,6.9544249732375274e-01,9.9030198830521510e-01,7.9612030499662915e-15,3.0619550613943693e-28,True,True,True,False,True,True,False,False,False,False,False,The tested recurrent curvature/bilinear history features do not reproduce the local correction.,derive a revised weak-row formula or richer nonlinear recurrent history source law for the coefficient-gradient closure,"This capacity audit tests two-step recurrent curvature and pairwise source/velocity bilinear history features. The feature library is target-free, but the capacity projection still uses the target Jacobian for evaluation, so it is not an accepted full-TFE stage replacement."
cylindrical_smooth,0.02,case_local_recurrent_history_capacity_value_scalar_nonfinal,paper_tfe_lower_pair_velocity_compression_recurrent_history_capacity_gap_not_full_tfe,,case_local_recurrent_history_capacity_nonfinal_stage_scalar_value_fit,case_local_recurrent_history_capacity_oracle_fit,recurrent_source_curvature_rows_perp,two-step recurrent source-row curvature residualized against local source rows,"0,1",1,24,8,16,24,16,16,16,2.5519900468951604e+02,2,16,2.4498236344052661e-02,True,False,False,False,8,132,24,32,8,5.8080677842179402e+03,2.6042001459760067e-01,2.5971476305788754e-01,1.2113848866618791e-01,2.2973294216086323e-01,8.8455865756718000e-01,9.9701577568527666e-01,2.2973294216086321e-01,8.8216315675984069e-01,9.9674574964953999e-01,4.5635019734666299e-01,5.2364152976339945e-18,True,True,True,False,True,True,False,False,False,False,False,The tested recurrent curvature/bilinear history features do not reproduce the local correction.,derive a revised weak-row formula or richer nonlinear recurrent history source law for the coefficient-gradient closure,"This capacity audit tests two-step recurrent curvature and pairwise source/velocity bilinear history features. The feature library is target-free, but the capacity projection still uses the target Jacobian for evaluation, so it is not an accepted full-TFE stage replacement."
cylindrical_smooth,0.02,case_local_recurrent_history_capacity_value_scalar_nonfinal,paper_tfe_lower_pair_velocity_compression_recurrent_history_capacity_gap_not_full_tfe,,case_local_recurrent_history_capacity_nonfinal_stage_scalar_value_fit,case_local_recurrent_history_capacity_oracle_fit,active_plus_recurrent_source_curvature_rows_perp,active non-final velocity plus recurrent source-row curvature,"0,1",1,24,8,16,24,16,32,32,9.1283591848666445e+04,2,32,4.1994689407865826e-01,True,False,False,False,8,132,24,30,6,5.7650866750288824e+03,2.6042001459760067e-01,2.5971476305788754e-01,1.3601455683040145e-01,2.2125053328849667e-01,8.5189817738309459e-01,9.9632053557313838e-01,2.2125053328849667e-01,8.4959112543777238e-01,9.9605069783224731e-01,4.2848376550789453e-14,5.2364152976339945e-18,True,True,True,False,True,True,False,False,False,False,False,The tested recurrent curvature/bilinear history features do not reproduce the local correction.,derive a revised weak-row formula or richer nonlinear recurrent history source law for the coefficient-gradient closure,"This capacity audit tests two-step recurrent curvature and pairwise source/velocity bilinear history features. The feature library is target-free, but the capacity projection still uses the target Jacobian for evaluation, so it is not an accepted full-TFE stage replacement."
cylindrical_smooth,0.02,case_local_recurrent_history_capacity_value_scalar_nonfinal,paper_tfe_lower_pair_velocity_compression_recurrent_history_capacity_gap_not_full_tfe,,case_local_recurrent_history_capacity_nonfinal_stage_scalar_value_fit,case_local_recurrent_history_capacity_oracle_fit,recurrent_velocity_curvature_rows_perp,two-step recurrent non-final velocity-row curvature residualized against local source rows,"0,1",1,24,8,16,24,16,16,16,4.4818487992026967e+01,2,16,1.0186157834666607e-03,False,True,False,False,8,132,24,32,8,6.1579124047313106e+08,2.6042001459760067e-01,2.5971476305788754e-01,5.5464366817114348e-03,2.5965553179231604e-01,9.9977193724040125e-01,9.9999183027436533e-01,2.5965535335659057e-01,9.9706373858325881e-01,9.9993066326107238e-01,9.9054805110201938e-01,5.2364152976339945e-18,True,True,True,False,True,True,False,False,False,False,False,The tested recurrent curvature/bilinear history features do not reproduce the local correction.,derive a revised weak-row formula or richer nonlinear recurrent history source law for the coefficient-gradient closure,"This capacity audit tests two-step recurrent curvature and pairwise source/velocity bilinear history features. The feature library is target-free, but the capacity projection still uses the target Jacobian for evaluation, so it is not an accepted full-TFE stage replacement."
cylindrical_smooth,0.02,case_local_recurrent_history_capacity_value_scalar_nonfinal,paper_tfe_lower_pair_velocity_compression_recurrent_history_capacity_gap_not_full_tfe,,case_local_recurrent_history_capacity_nonfinal_stage_scalar_value_fit,case_local_recurrent_history_capacity_oracle_fit,active_plus_recurrent_velocity_curvature_rows_perp,active non-final velocity plus recurrent velocity-row curvature,"0,1",1,24,8,16,24,16,32,28,8.3204294858676454e+04,2,32,4.1923295175887243e-01,False,True,False,False,8,132,24,32,8,5.6042699184189825e+09,2.6042001459760067e-01,2.5971476305788754e-01,7.5004762807750905e-03,2.5960643483121948e-01,9.9958289538340983e-01,9.9999159904413781e-01,2.5960643483121953e-01,9.9687589386077613e-01,9.9993043204997933e-01,9.8947747791808882e-01,5.2364152976339945e-18,True,True,True,False,True,True,False,False,False,False,False,The tested recurrent curvature/bilinear history features do not reproduce the local correction.,derive a revised weak-row formula or richer nonlinear recurrent history source law for the coefficient-gradient closure,"This capacity audit tests two-step recurrent curvature and pairwise source/velocity bilinear history features. The feature library is target-free, but the capacity projection still uses the target Jacobian for evaluation, so it is not an accepted full-TFE stage replacement."
cylindrical_smooth,0.02,case_local_recurrent_history_capacity_value_scalar_nonfinal,paper_tfe_lower_pair_velocity_compression_recurrent_history_capacity_gap_not_full_tfe,,case_local_recurrent_history_capacity_nonfinal_stage_scalar_value_fit,case_local_recurrent_history_capacity_oracle_fit,recurrent_source_velocity_bilinear_rows_perp,target-free pairwise bilinear products of recurrent source/velocity curvature rows,"0,1",1,24,8,16,24,16,256,56,3.0503833935604889e+04,2,256,2.2987052294992711e+00,True,True,True,False,8,132,24,28,4,2.0637615854277778e+03,2.6042001459760067e-01,2.5971476305788754e-01,1.8471173437786831e-01,1.8257418583505580e-01,7.0297962151024140e-01,9.9256681659545776e-01,1.8257418583505580e-01,7.0107586053694171e-01,9.9229799549029063e-01,3.3649069391593896e-14,5.2364152976339945e-18,True,True,True,False,True,True,False,False,False,False,False,The tested recurrent curvature/bilinear history features do not reproduce the local correction.,derive a revised weak-row formula or richer nonlinear recurrent history source law for the coefficient-gradient closure,"This capacity audit tests two-step recurrent curvature and pairwise source/velocity bilinear history features. The feature library is target-free, but the capacity projection still uses the target Jacobian for evaluation, so it is not an accepted full-TFE stage replacement."
cylindrical_smooth,0.02,case_local_recurrent_history_capacity_value_scalar_nonfinal,paper_tfe_lower_pair_velocity_compression_recurrent_history_capacity_gap_not_full_tfe,,case_local_recurrent_history_capacity_nonfinal_stage_scalar_value_fit,case_local_recurrent_history_capacity_oracle_fit,active_plus_recurrent_source_velocity_bilinear_rows_perp,active non-final velocity plus bilinear recurrent source/velocity curvature rows,"0,1",1,24,8,16,24,16,272,64,3.0454208107346763e+04,2,272,2.3366216986045556e+00,True,True,True,False,8,132,24,28,4,2.0637615854697815e+03,2.6042001459760067e-01,2.5971476305788754e-01,1.8471173437786920e-01,1.8257418583505539e-01,7.0297962151023974e-01,9.9256681659545543e-01,1.8257418583505539e-01,7.0107586053694004e-01,9.9229799549028819e-01,3.7849751243314786e-14,5.2364152976339945e-18,True,True,True,False,True,True,False,False,False,False,False,The tested recurrent curvature/bilinear history features do not reproduce the local correction.,derive a revised weak-row formula or richer nonlinear recurrent history source law for the coefficient-gradient closure,"This capacity audit tests two-step recurrent curvature and pairwise source/velocity bilinear history features. The feature library is target-free, but the capacity projection still uses the target Jacobian for evaluation, so it is not an accepted full-TFE stage replacement."
cylindrical_smooth,0.02,universal_recurrent_history_capacity_value_scalar_nonfinal,paper_tfe_lower_pair_velocity_compression_recurrent_history_capacity_gap_not_full_tfe,,universal_recurrent_history_capacity_nonfinal_stage_scalar_value_fit,all_case_h_recurrent_history_capacity_oracle_fit,recurrent_source_curvature_rows_perp,two-step recurrent source-row curvature residualized against local source rows,"0,1",6,24,8,16,24,16,16,16,2.5519900468951604e+02,2,16,2.4498236344052661e-02,True,False,False,False,8,132,24,32,8,5.8080677851303099e+03,2.6042001459760067e-01,2.5971476306639779e-01,1.2113848431153812e-01,2.2973294446669673e-01,8.8455866641652559e-01,9.9701577589117252e-01,2.2973294446669673e-01,8.8216316561412766e-01,9.9674574985868136e-01,4.5635025885723562e-01,5.6547069701932444e-18,True,True,True,False,True,True,False,False,False,False,False,The tested recurrent curvature/bilinear history features do not reproduce the local correction.,derive a revised weak-row formula or richer nonlinear recurrent history source law for the coefficient-gradient closure,"This capacity audit tests two-step recurrent curvature and pairwise source/velocity bilinear history features. The feature library is target-free, but the capacity projection still uses the target Jacobian for evaluation, so it is not an accepted full-TFE stage replacement."
cylindrical_smooth,0.02,universal_recurrent_history_capacity_value_scalar_nonfinal,paper_tfe_lower_pair_velocity_compression_recurrent_history_capacity_gap_not_full_tfe,,universal_recurrent_history_capacity_nonfinal_stage_scalar_value_fit,all_case_h_recurrent_history_capacity_oracle_fit,active_plus_recurrent_source_curvature_rows_perp,active non-final velocity plus recurrent source-row curvature,"0,1",6,24,8,16,24,16,32,32,9.1283591848666445e+04,2,32,4.1994689407865826e-01,True,False,False,False,8,132,24,30,6,5.7650866750281848e+03,2.6042001459760067e-01,2.5971476306639779e-01,1.3601455684665142e-01,2.2125053328849667e-01,8.5189817735517992e-01,9.9632053556983857e-01,2.2125053328849670e-01,8.4959112543777249e-01,9.9605069783224731e-01,5.7117650733736650e-14,5.6547069701932444e-18,True,True,True,False,True,True,False,False,False,False,False,The tested recurrent curvature/bilinear history features do not reproduce the local correction.,derive a revised weak-row formula or richer nonlinear recurrent history source law for the coefficient-gradient closure,"This capacity audit tests two-step recurrent curvature and pairwise source/velocity bilinear history features. The feature library is target-free, but the capacity projection still uses the target Jacobian for evaluation, so it is not an accepted full-TFE stage replacement."
cylindrical_smooth,0.02,universal_recurrent_history_capacity_value_scalar_nonfinal,paper_tfe_lower_pair_velocity_compression_recurrent_history_capacity_gap_not_full_tfe,,universal_recurrent_history_capacity_nonfinal_stage_scalar_value_fit,all_case_h_recurrent_history_capacity_oracle_fit,recurrent_velocity_curvature_rows_perp,two-step recurrent non-final velocity-row curvature residualized against local source rows,"0,1",6,24,8,16,24,16,16,16,4.4818487992026967e+01,2,16,1.0186157834666607e-03,False,True,False,False,8,132,24,32,8,5.5949308984219999e+09,2.6042001459760067e-01,2.5971476306639779e-01,5.5464356604612627e-03,2.5965553182264289e-01,9.9977193732441094e-01,9.9999183027361960e-01,2.5965553120515739e-01,9.9706442151297570e-01,9.9993066326603486e-01,9.9055196629513487e-01,5.6547069701932444e-18,True,True,True,False,True,True,False,False,False,False,False,The tested recurrent curvature/bilinear history features do not reproduce the local correction.,derive a revised weak-row formula or richer nonlinear recurrent history source law for the coefficient-gradient closure,"This capacity audit tests two-step recurrent curvature and pairwise source/velocity bilinear history features. The feature library is target-free, but the capacity projection still uses the target Jacobian for evaluation, so it is not an accepted full-TFE stage replacement."
cylindrical_smooth,0.02,universal_recurrent_history_capacity_value_scalar_nonfinal,paper_tfe_lower_pair_velocity_compression_recurrent_history_capacity_gap_not_full_tfe,,universal_recurrent_history_capacity_nonfinal_stage_scalar_value_fit,all_case_h_recurrent_history_capacity_oracle_fit,active_plus_recurrent_velocity_curvature_rows_perp,active non-final velocity plus recurrent velocity-row curvature,"0,1",6,24,8,16,24,16,32,28,8.3204294858676454e+04,2,32,4.1923295175887243e-01,False,True,False,False,8,132,24,32,8,5.6042698808169756e+09,2.6042001459760067e-01,2.5971476306639779e-01,7.5004765754546629e-03,2.5960643483121953e-01,9.9958289535065603e-01,9.9999159904339441e-01,2.5960643483121953e-01,9.9687589386077613e-01,9.9993043204997933e-01,9.8947747791808893e-01,5.6547069701932444e-18,True,True,True,False,True,True,False,False,False,False,False,The tested recurrent curvature/bilinear history features do not reproduce the local correction.,derive a revised weak-row formula or richer nonlinear recurrent history source law for the coefficient-gradient closure,"This capacity audit tests two-step recurrent curvature and pairwise source/velocity bilinear history features. The feature library is target-free, but the capacity projection still uses the target Jacobian for evaluation, so it is not an accepted full-TFE stage replacement."
cylindrical_smooth,0.02,universal_recurrent_history_capacity_value_scalar_nonfinal,paper_tfe_lower_pair_velocity_compression_recurrent_history_capacity_gap_not_full_tfe,,universal_recurrent_history_capacity_nonfinal_stage_scalar_value_fit,all_case_h_recurrent_history_capacity_oracle_fit,recurrent_source_velocity_bilinear_rows_perp,target-free pairwise bilinear products of recurrent source/velocity curvature rows,"0,1",6,24,8,16,24,16,256,56,3.0503833935604889e+04,2,256,2.2987052294992711e+00,True,True,True,False,8,132,24,28,4,2.0637615854670753e+03,2.6042001459760067e-01,2.5971476306639779e-01,1.8471173438983590e-01,1.8257418583505539e-01,7.0297962148720472e-01,9.9256681659216806e-01,1.8257418583505539e-01,7.0107586053694004e-01,9.9229799549028819e-01,4.7441459877237169e-14,5.6547069701932444e-18,True,True,True,False,True,True,False,False,False,False,False,The tested recurrent curvature/bilinear history features do not reproduce the local correction.,derive a revised weak-row formula or richer nonlinear recurrent history source law for the coefficient-gradient closure,"This capacity audit tests two-step recurrent curvature and pairwise source/velocity bilinear history features. The feature library is target-free, but the capacity projection still uses the target Jacobian for evaluation, so it is not an accepted full-TFE stage replacement."
cylindrical_smooth,0.02,universal_recurrent_history_capacity_value_scalar_nonfinal,paper_tfe_lower_pair_velocity_compression_recurrent_history_capacity_gap_not_full_tfe,,universal_recurrent_history_capacity_nonfinal_stage_scalar_value_fit,all_case_h_recurrent_history_capacity_oracle_fit,active_plus_recurrent_source_velocity_bilinear_rows_perp,active non-final velocity plus bilinear recurrent source/velocity curvature rows,"0,1",6,24,8,16,24,16,272,64,3.0454208107346763e+04,2,272,2.3366216986045556e+00,True,True,True,False,8,132,24,28,4,2.0637615854675378e+03,2.6042001459760067e-01,2.5971476306639779e-01,1.8471173438983726e-01,1.8257418583505539e-01,7.0297962148720472e-01,9.9256681659216806e-01,1.8257418583505539e-01,7.0107586053694004e-01,9.9229799549028819e-01,4.1114493564446077e-14,5.6547069701932444e-18,True,True,True,False,True,True,False,False,False,False,False,The tested recurrent curvature/bilinear history features do not reproduce the local correction.,derive a revised weak-row formula or richer nonlinear recurrent history source law for the coefficient-gradient closure,"This capacity audit tests two-step recurrent curvature and pairwise source/velocity bilinear history features. The feature library is target-free, but the capacity projection still uses the target Jacobian for evaluation, so it is not an accepted full-TFE stage replacement."
cylindrical_smooth,0.02,case_local_recurrent_history_capacity_value_component_nonfinal,paper_tfe_lower_pair_velocity_compression_recurrent_history_capacity_gap_not_full_tfe,,case_local_recurrent_history_capacity_nonfinal_component_diagonal_value_fit,case_local_recurrent_history_capacity_oracle_fit,recurrent_source_curvature_rows_perp,two-step recurrent source-row curvature residualized against local source rows,"0,1",1,24,8,16,24,16,16,16,2.5519900468951604e+02,2,16,2.4498236344052661e-02,True,False,False,False,8,132,24,32,8,5.1558979092551526e+03,2.6042001459760067e-01,2.5976201820512657e-01,1.2123355230639082e-01,2.2973622243167074e-01,8.8441036922593774e-01,9.9701577586424861e-01,2.2475622597827405e-01,8.6305281230233366e-01,9.9626571881486126e-01,2.7152794525420998e-01,8.6140718810505691e-34,True,True,True,False,True,True,False,False,False,False,False,The tested recurrent curvature/bilinear history features do not reproduce the local correction.,derive a revised weak-row formula or richer nonlinear recurrent history source law for the coefficient-gradient closure,"This capacity audit tests two-step recurrent curvature and pairwise source/velocity bilinear history features. The feature library is target-free, but the capacity projection still uses the target Jacobian for evaluation, so it is not an accepted full-TFE stage replacement."
cylindrical_smooth,0.02,case_local_recurrent_history_capacity_value_component_nonfinal,paper_tfe_lower_pair_velocity_compression_recurrent_history_capacity_gap_not_full_tfe,,case_local_recurrent_history_capacity_nonfinal_component_diagonal_value_fit,case_local_recurrent_history_capacity_oracle_fit,active_plus_recurrent_source_curvature_rows_perp,active non-final velocity plus recurrent source-row curvature,"0,1",1,24,8,16,24,16,32,32,9.1283591848666445e+04,2,32,4.1994689407865826e-01,True,False,False,False,8,132,24,30,6,5.7650867772611828e+03,2.6042001459760067e-01,2.5976201820512657e-01,1.3610476707873367e-01,2.2125053328849667e-01,8.5174320255620095e-01,9.9632053557787481e-01,2.2125053328849667e-01,8.4959112543777238e-01,9.9605069783224731e-01,4.3447101820769532e-14,8.6140718810505691e-34,True,True,True,False,True,True,False,False,False,False,False,The tested recurrent curvature/bilinear history features do not reproduce the local correction.,derive a revised weak-row formula or richer nonlinear recurrent history source law for the coefficient-gradient closure,"This capacity audit tests two-step recurrent curvature and pairwise source/velocity bilinear history features. The feature library is target-free, but the capacity projection still uses the target Jacobian for evaluation, so it is not an accepted full-TFE stage replacement."
cylindrical_smooth,0.02,case_local_recurrent_history_capacity_value_component_nonfinal,paper_tfe_lower_pair_velocity_compression_recurrent_history_capacity_gap_not_full_tfe,,case_local_recurrent_history_capacity_nonfinal_component_diagonal_value_fit,case_local_recurrent_history_capacity_oracle_fit,recurrent_velocity_curvature_rows_perp,two-step recurrent non-final velocity-row curvature residualized against local source rows,"0,1",1,24,8,16,24,16,16,16,4.4818487992026967e+01,2,16,1.0186157834666607e-03,False,True,False,False,8,132,24,32,8,7.2665961290192974e+08,2.6042001459760067e-01,2.5976201820512657e-01,7.4371295003874118e-03,2.5965553182398210e-01,9.9959006177315590e-01,9.9999183027424521e-01,2.5965535868793577e-01,9.9706375905536127e-01,9.9993066299422861e-01,9.9054851899411289e-01,8.6140718810505691e-34,True,True,True,False,True,True,False,False,False,False,False,The tested recurrent curvature/bilinear history features do not reproduce the local correction.,derive a revised weak-row formula or richer nonlinear recurrent history source law for the coefficient-gradient closure,"This capacity audit tests two-step recurrent curvature and pairwise source/velocity bilinear history features. The feature library is target-free, but the capacity projection still uses the target Jacobian for evaluation, so it is not an accepted full-TFE stage replacement."
cylindrical_smooth,0.02,case_local_recurrent_history_capacity_value_component_nonfinal,paper_tfe_lower_pair_velocity_compression_recurrent_history_capacity_gap_not_full_tfe,,case_local_recurrent_history_capacity_nonfinal_component_diagonal_value_fit,case_local_recurrent_history_capacity_oracle_fit,active_plus_recurrent_velocity_curvature_rows_perp,active non-final velocity plus recurrent velocity-row curvature,"0,1",1,24,8,16,24,16,32,28,8.3204294858676454e+04,2,32,4.1923295175887243e-01,False,True,False,False,8,132,24,32,8,5.6042698825098877e+09,2.6042001459760067e-01,2.5976201820512657e-01,8.9891654909842918e-03,2.5960643483121948e-01,9.9940105418420244e-01,9.9999159904401991e-01,2.5960643483121953e-01,9.9687589386077613e-01,9.9993043204997933e-01,9.8947747791808882e-01,8.6140718810505691e-34,True,True,True,False,True,True,False,False,False,False,False,The tested recurrent curvature/bilinear history features do not reproduce the local correction.,derive a revised weak-row formula or richer nonlinear recurrent history source law for the coefficient-gradient closure,"This capacity audit tests two-step recurrent curvature and pairwise source/velocity bilinear history features. The feature library is target-free, but the capacity projection still uses the target Jacobian for evaluation, so it is not an accepted full-TFE stage replacement."
cylindrical_smooth,0.02,case_local_recurrent_history_capacity_value_component_nonfinal,paper_tfe_lower_pair_velocity_compression_recurrent_history_capacity_gap_not_full_tfe,,case_local_recurrent_history_capacity_nonfinal_component_diagonal_value_fit,case_local_recurrent_history_capacity_oracle_fit,recurrent_source_velocity_bilinear_rows_perp,target-free pairwise bilinear products of recurrent source/velocity curvature rows,"0,1",1,24,8,16,24,16,256,56,3.0503833935604889e+04,2,256,2.2987052294992711e+00,True,True,True,False,8,132,24,28,4,2.0637615973325310e+03,2.6042001459760067e-01,2.5976201820512657e-01,1.8477817178624584e-01,1.8257418583505544e-01,7.0285173751184005e-01,9.9256681660017532e-01,1.8257418583505544e-01,7.0107586053694027e-01,9.9229799549028952e-01,1.5251097140845264e-14,8.6140718810505691e-34,True,True,True,False,True,True,False,False,False,False,False,The tested recurrent curvature/bilinear history features do not reproduce the local correction.,derive a revised weak-row formula or richer nonlinear recurrent history source law for the coefficient-gradient closure,"This capacity audit tests two-step recurrent curvature and pairwise source/velocity bilinear history features. The feature library is target-free, but the capacity projection still uses the target Jacobian for evaluation, so it is not an accepted full-TFE stage replacement."
cylindrical_smooth,0.02,case_local_recurrent_history_capacity_value_component_nonfinal,paper_tfe_lower_pair_velocity_compression_recurrent_history_capacity_gap_not_full_tfe,,case_local_recurrent_history_capacity_nonfinal_component_diagonal_value_fit,case_local_recurrent_history_capacity_oracle_fit,active_plus_recurrent_source_velocity_bilinear_rows_perp,active non-final velocity plus bilinear recurrent source/velocity curvature rows,"0,1",1,24,8,16,24,16,272,64,3.0454208107346763e+04,2,272,2.3366216986045556e+00,True,True,True,False,8,132,24,28,4,2.0637615973409388e+03,2.6042001459760067e-01,2.5976201820512657e-01,1.8477817178624462e-01,1.8257418583505539e-01,7.0285173751183982e-01,9.9256681660017398e-01,1.8257418583505539e-01,7.0107586053694004e-01,9.9229799549028819e-01,6.1593843572358259e-14,8.6140718810505691e-34,True,True,True,False,True,True,False,False,False,False,False,The tested recurrent curvature/bilinear history features do not reproduce the local correction.,derive a revised weak-row formula or richer nonlinear recurrent history source law for the coefficient-gradient closure,"This capacity audit tests two-step recurrent curvature and pairwise source/velocity bilinear history features. The feature library is target-free, but the capacity projection still uses the target Jacobian for evaluation, so it is not an accepted full-TFE stage replacement."
cylindrical_smooth,0.02,universal_recurrent_history_capacity_value_component_nonfinal,paper_tfe_lower_pair_velocity_compression_recurrent_history_capacity_gap_not_full_tfe,,universal_recurrent_history_capacity_nonfinal_component_diagonal_value_fit,all_case_h_recurrent_history_capacity_oracle_fit,recurrent_source_curvature_rows_perp,two-step recurrent source-row curvature residualized against local source rows,"0,1",6,24,8,16,24,16,16,16,2.5519900468951604e+02,2,16,2.4498236344052661e-02,True,False,False,False,8,132,24,32,8,5.5542982941147493e+03,2.6042001459760067e-01,2.6003035716321488e-01,1.2311151772548945e-01,2.2904004202268999e-01,8.8082039543916402e-01,9.9701577589287571e-01,2.2544711113319818e-01,8.6570577719058039e-01,9.9657517810887408e-01,1.5819373194250283e-01,5.6396941262862447e-18,True,True,True,False,True,True,False,False,False,False,False,The tested recurrent curvature/bilinear history features do not reproduce the local correction.,derive a revised weak-row formula or richer nonlinear recurrent history source law for the coefficient-gradient closure,"This capacity audit tests two-step recurrent curvature and pairwise source/velocity bilinear history features. The feature library is target-free, but the capacity projection still uses the target Jacobian for evaluation, so it is not an accepted full-TFE stage replacement."
cylindrical_smooth,0.02,universal_recurrent_history_capacity_value_component_nonfinal,paper_tfe_lower_pair_velocity_compression_recurrent_history_capacity_gap_not_full_tfe,,universal_recurrent_history_capacity_nonfinal_component_diagonal_value_fit,all_case_h_recurrent_history_capacity_oracle_fit,active_plus_recurrent_source_curvature_rows_perp,active non-final velocity plus recurrent source-row curvature,"0,1",6,24,8,16,24,16,32,32,9.1283591848666445e+04,2,32,4.1994689407865826e-01,True,False,False,False,8,132,24,30,6,5.7650875436715396e+03,2.6042001459760067e-01,2.6003035716321488e-01,1.3661620755234327e-01,2.2125053328849667e-01,8.5086424409140415e-01,9.9632053556975131e-01,2.2125053328849670e-01,8.4959112543777249e-01,9.9605069783224731e-01,4.4789339470018830e-14,5.6396941262862447e-18,True,True,True,False,True,True,False,False,False,False,False,The tested recurrent curvature/bilinear history features do not reproduce the local correction.,derive a revised weak-row formula or richer nonlinear recurrent history source law for the coefficient-gradient closure,"This capacity audit tests two-step recurrent curvature and pairwise source/velocity bilinear history features. The feature library is target-free, but the capacity projection still uses the target Jacobian for evaluation, so it is not an accepted full-TFE stage replacement."
cylindrical_smooth,0.02,universal_recurrent_history_capacity_value_component_nonfinal,paper_tfe_lower_pair_velocity_compression_recurrent_history_capacity_gap_not_full_tfe,,universal_recurrent_history_capacity_nonfinal_component_diagonal_value_fit,all_case_h_recurrent_history_capacity_oracle_fit,recurrent_velocity_curvature_rows_perp,two-step recurrent non-final velocity-row curvature residualized against local source rows,"0,1",6,24,8,16,24,16,16,16,4.4818487992026967e+01,2,16,1.0186157834666607e-03,False,True,False,False,8,132,24,32,8,3.9167889406932135e+09,2.6042001459760067e-01,2.6003035716321488e-01,1.3956770428403239e-02,2.5965553182175405e-01,9.9855853237464287e-01,9.9999183027361283e-01,2.5965439891628966e-01,9.9706007357962090e-01,9.9993066326502622e-01,9.9052675933580281e-01,5.6396941262862447e-18,True,True,True,False,True,True,False,False,False,False,False,The tested recurrent curvature/bilinear history features do not reproduce the local correction.,derive a revised weak-row formula or richer nonlinear recurrent history source law for the coefficient-gradient closure,"This capacity audit tests two-step recurrent curvature and pairwise source/velocity bilinear history features. The feature library is target-free, but the capacity projection still uses the target Jacobian for evaluation, so it is not an accepted full-TFE stage replacement."
cylindrical_smooth,0.02,universal_recurrent_history_capacity_value_component_nonfinal,paper_tfe_lower_pair_velocity_compression_recurrent_history_capacity_gap_not_full_tfe,,universal_recurrent_history_capacity_nonfinal_component_diagonal_value_fit,all_case_h_recurrent_history_capacity_oracle_fit,active_plus_recurrent_velocity_curvature_rows_perp,active non-final velocity plus recurrent velocity-row curvature,"0,1",6,24,8,16,24,16,32,28,8.3204294858676454e+04,2,32,4.1923295175887243e-01,False,True,False,False,8,132,24,32,8,5.6042699117799911e+09,2.6042001459760067e-01,2.6003035716321488e-01,1.4842022795188915e-02,2.5960643483121948e-01,9.9836971984109801e-01,9.9999159904338775e-01,2.5960643483121948e-01,9.9687589386077591e-01,9.9993043204997933e-01,9.8947747791808882e-01,5.6396941262862447e-18,True,True,True,False,True,True,False,False,False,False,False,The tested recurrent curvature/bilinear history features do not reproduce the local correction.,derive a revised weak-row formula or richer nonlinear recurrent history source law for the coefficient-gradient closure,"This capacity audit tests two-step recurrent curvature and pairwise source/velocity bilinear history features. The feature library is target-free, but the capacity projection still uses the target Jacobian for evaluation, so it is not an accepted full-TFE stage replacement."
cylindrical_smooth,0.02,universal_recurrent_history_capacity_value_component_nonfinal,paper_tfe_lower_pair_velocity_compression_recurrent_history_capacity_gap_not_full_tfe,,universal_recurrent_history_capacity_nonfinal_component_diagonal_value_fit,all_case_h_recurrent_history_capacity_oracle_fit,recurrent_source_velocity_bilinear_rows_perp,target-free pairwise bilinear products of recurrent source/velocity curvature rows,"0,1",6,24,8,16,24,16,256,56,3.0503833935604889e+04,2,256,2.2987052294992711e+00,True,True,True,False,8,132,24,28,4,2.0637616185778297e+03,2.6042001459760067e-01,2.6003035716321488e-01,1.8515521411263522e-01,1.8257418583505555e-01,7.0212642795571012e-01,9.9256681659208112e-01,1.8257418583505555e-01,7.0107586053694071e-01,9.9229799549028819e-01,3.1349956862546643e-14,5.6396941262862447e-18,True,True,True,False,True,True,False,False,False,False,False,The tested recurrent curvature/bilinear history features do not reproduce the local correction.,derive a revised weak-row formula or richer nonlinear recurrent history source law for the coefficient-gradient closure,"This capacity audit tests two-step recurrent curvature and pairwise source/velocity bilinear history features. The feature library is target-free, but the capacity projection still uses the target Jacobian for evaluation, so it is not an accepted full-TFE stage replacement."
cylindrical_smooth,0.02,universal_recurrent_history_capacity_value_component_nonfinal,paper_tfe_lower_pair_velocity_compression_recurrent_history_capacity_gap_not_full_tfe,,universal_recurrent_history_capacity_nonfinal_component_diagonal_value_fit,all_case_h_recurrent_history_capacity_oracle_fit,active_plus_recurrent_source_velocity_bilinear_rows_perp,active non-final velocity plus bilinear recurrent source/velocity curvature rows,"0,1",6,24,8,16,24,16,272,64,3.0454208107346763e+04,2,272,2.3366216986045556e+00,True,True,True,False,8,132,24,28,4,2.0637616185945935e+03,2.6042001459760067e-01,2.6003035716321488e-01,1.8515521411263458e-01,1.8257418583505539e-01,7.0212642795570945e-01,9.9256681659208112e-01,1.8257418583505539e-01,7.0107586053694004e-01,9.9229799549028819e-01,3.3407737498376026e-14,5.6396941262862447e-18,True,True,True,False,True,True,False,False,False,False,False,The tested recurrent curvature/bilinear history features do not reproduce the local correction.,derive a revised weak-row formula or richer nonlinear recurrent history source law for the coefficient-gradient closure,"This capacity audit tests two-step recurrent curvature and pairwise source/velocity bilinear history features. The feature library is target-free, but the capacity projection still uses the target Jacobian for evaluation, so it is not an accepted full-TFE stage replacement."
cylindrical_smooth,0.02,case_local_recurrent_history_capacity_value_full_nonfinal,paper_tfe_lower_pair_velocity_compression_recurrent_history_capacity_gap_not_full_tfe,,case_local_recurrent_history_capacity_nonfinal_full_component_value_fit,case_local_recurrent_history_capacity_oracle_fit,recurrent_source_curvature_rows_perp,two-step recurrent source-row curvature residualized against local source rows,"0,1",1,24,8,16,24,16,16,16,2.5519900468951604e+02,2,16,2.4498236344052661e-02,True,False,False,False,8,132,24,32,8,5.8080677851022247e+03,2.6042001459760067e-01,2.5971476306666380e-01,1.2113848433164455e-01,2.2973294445639530e-01,8.8455866637595515e-01,9.9701577586728796e-01,2.2973294445639489e-01,8.8216316557456909e-01,9.9674574983542674e-01,4.5635025845622046e-01,3.8518598887744717e-34,True,True,True,False,True,True,False,False,False,False,False,The tested recurrent curvature/bilinear history features do not reproduce the local correction.,derive a revised weak-row formula or richer nonlinear recurrent history source law for the coefficient-gradient closure,"This capacity audit tests two-step recurrent curvature and pairwise source/velocity bilinear history features. The feature library is target-free, but the capacity projection still uses the target Jacobian for evaluation, so it is not an accepted full-TFE stage replacement."
cylindrical_smooth,0.02,case_local_recurrent_history_capacity_value_full_nonfinal,paper_tfe_lower_pair_velocity_compression_recurrent_history_capacity_gap_not_full_tfe,,case_local_recurrent_history_capacity_nonfinal_full_component_value_fit,case_local_recurrent_history_capacity_oracle_fit,active_plus_recurrent_source_curvature_rows_perp,active non-final velocity plus recurrent source-row curvature,"0,1",1,24,8,16,24,16,32,32,9.1283591848666445e+04,2,32,4.1994689407865826e-01,True,False,False,False,8,132,24,30,6,5.7650866750280566e+03,2.6042001459760067e-01,2.5971476306666380e-01,1.3601455684715932e-01,2.2125053328849670e-01,8.5189817735430751e-01,9.9632053556921552e-01,2.2125053328849667e-01,8.4959112543777238e-01,9.9605069783224731e-01,6.3152599650809950e-14,3.8518598887744717e-34,True,True,True,False,True,True,False,False,False,False,False,The tested recurrent curvature/bilinear history features do not reproduce the local correction.,derive a revised weak-row formula or richer nonlinear recurrent history source law for the coefficient-gradient closure,"This capacity audit tests two-step recurrent curvature and pairwise source/velocity bilinear history features. The feature library is target-free, but the capacity projection still uses the target Jacobian for evaluation, so it is not an accepted full-TFE stage replacement."
cylindrical_smooth,0.02,case_local_recurrent_history_capacity_value_full_nonfinal,paper_tfe_lower_pair_velocity_compression_recurrent_history_capacity_gap_not_full_tfe,,case_local_recurrent_history_capacity_nonfinal_full_component_value_fit,case_local_recurrent_history_capacity_oracle_fit,recurrent_velocity_curvature_rows_perp,two-step recurrent non-final velocity-row curvature residualized against local source rows,"0,1",1,24,8,16,24,16,16,16,4.4818487992026967e+01,2,16,1.0186157834666607e-03,False,True,False,False,8,132,24,32,8,5.5953209327692261e+09,2.6042001459760067e-01,2.5971476306666380e-01,5.5464356576640800e-03,2.5965553182296869e-01,9.9977193732464142e-01,9.9999183027369998e-01,2.5965552507161210e-01,9.9706439796046453e-01,9.9993066324872870e-01,9.9055182491828098e-01,3.8518598887744717e-34,True,True,True,False,True,True,False,False,False,False,False,The tested recurrent curvature/bilinear history features do not reproduce the local correction.,derive a revised weak-row formula or richer nonlinear recurrent history source law for the coefficient-gradient closure,"This capacity audit tests two-step recurrent curvature and pairwise source/velocity bilinear history features. The feature library is target-free, but the capacity projection still uses the target Jacobian for evaluation, so it is not an accepted full-TFE stage replacement."
cylindrical_smooth,0.02,case_local_recurrent_history_capacity_value_full_nonfinal,paper_tfe_lower_pair_velocity_compression_recurrent_history_capacity_gap_not_full_tfe,,case_local_recurrent_history_capacity_nonfinal_full_component_value_fit,case_local_recurrent_history_capacity_oracle_fit,active_plus_recurrent_velocity_curvature_rows_perp,active non-final velocity plus recurrent velocity-row curvature,"0,1",1,24,8,16,24,16,32,28,8.3204294858676454e+04,2,32,4.1923295175887243e-01,False,True,False,False,8,132,24,32,8,5.6042698738753290e+09,2.6042001459760067e-01,2.5971476306666380e-01,7.5004765846644747e-03,2.5960643483121953e-01,9.9958289534963229e-01,9.9999159904292467e-01,2.5960643483121953e-01,9.9687589386077613e-01,9.9993043204997933e-01,9.8947747791808882e-01,3.8518598887744717e-34,True,True,True,False,True,True,False,False,False,False,False,The tested recurrent curvature/bilinear history features do not reproduce the local correction.,derive a revised weak-row formula or richer nonlinear recurrent history source law for the coefficient-gradient closure,"This capacity audit tests two-step recurrent curvature and pairwise source/velocity bilinear history features. The feature library is target-free, but the capacity projection still uses the target Jacobian for evaluation, so it is not an accepted full-TFE stage replacement."
cylindrical_smooth,0.02,case_local_recurrent_history_capacity_value_full_nonfinal,paper_tfe_lower_pair_velocity_compression_recurrent_history_capacity_gap_not_full_tfe,,case_local_recurrent_history_capacity_nonfinal_full_component_value_fit,case_local_recurrent_history_capacity_oracle_fit,recurrent_source_velocity_bilinear_rows_perp,target-free pairwise bilinear products of recurrent source/velocity curvature rows,"0,1",1,24,8,16,24,16,256,56,3.0503833935604889e+04,2,256,2.2987052294992711e+00,True,True,True,False,8,132,24,29,5,2.0637615854668225e+03,2.6042001459760067e-01,2.5971476306666380e-01,1.8471173439020855e-01,1.8257418583505539e-01,7.0297962148648474e-01,9.9256681659154733e-01,1.8257418583505539e-01,7.0107586053694004e-01,9.9229799549028819e-01,9.4469591522354709e-11,3.8518598887744717e-34,True,True,True,False,True,True,False,False,False,False,False,The tested recurrent curvature/bilinear history features do not reproduce the local correction.,derive a revised weak-row formula or richer nonlinear recurrent history source law for the coefficient-gradient closure,"This capacity audit tests two-step recurrent curvature and pairwise source/velocity bilinear history features. The feature library is target-free, but the capacity projection still uses the target Jacobian for evaluation, so it is not an accepted full-TFE stage replacement."
cylindrical_smooth,0.02,case_local_recurrent_history_capacity_value_full_nonfinal,paper_tfe_lower_pair_velocity_compression_recurrent_history_capacity_gap_not_full_tfe,,case_local_recurrent_history_capacity_nonfinal_full_component_value_fit,case_local_recurrent_history_capacity_oracle_fit,active_plus_recurrent_source_velocity_bilinear_rows_perp,active non-final velocity plus bilinear recurrent source/velocity curvature rows,"0,1",1,24,8,16,24,16,272,64,3.0454208107346763e+04,2,272,2.3366216986045556e+00,True,True,True,False,8,132,24,28,4,2.0637615854638166e+03,2.6042001459760067e-01,2.5971476306666380e-01,1.8471173439021055e-01,1.8257418583505539e-01,7.0297962148648474e-01,9.9256681659154733e-01,1.8257418583505539e-01,7.0107586053694004e-01,9.9229799549028819e-01,7.7674101147693453e-14,3.8518598887744717e-34,True,True,True,False,True,True,False,False,False,False,False,The tested recurrent curvature/bilinear history features do not reproduce the local correction.,derive a revised weak-row formula or richer nonlinear recurrent history source law for the coefficient-gradient closure,"This capacity audit tests two-step recurrent curvature and pairwise source/velocity bilinear history features. The feature library is target-free, but the capacity projection still uses the target Jacobian for evaluation, so it is not an accepted full-TFE stage replacement."
cylindrical_smooth,0.02,universal_recurrent_history_capacity_value_full_nonfinal,paper_tfe_lower_pair_velocity_compression_recurrent_history_capacity_gap_not_full_tfe,,universal_recurrent_history_capacity_nonfinal_full_component_value_fit,all_case_h_recurrent_history_capacity_oracle_fit,recurrent_source_curvature_rows_perp,two-step recurrent source-row curvature residualized against local source rows,"0,1",6,24,8,16,24,16,16,16,2.5519900468951604e+02,2,16,2.4498236344052661e-02,True,False,False,False,8,132,24,32,8,5.8067837052718396e+03,2.6042001459760067e-01,2.5971476539207483e-01,1.2113858200082005e-01,2.2973289558417848e-01,8.8455847027936729e-01,9.9701640366616961e-01,2.2973280810641500e-01,8.8216264199737737e-01,9.9674640602883191e-01,4.5634997998521570e-01,1.8174507740069540e-29,True,True,True,False,True,True,False,False,False,False,False,The tested recurrent curvature/bilinear history features do not reproduce the local correction.,derive a revised weak-row formula or richer nonlinear recurrent history source law for the coefficient-gradient closure,"This capacity audit tests two-step recurrent curvature and pairwise source/velocity bilinear history features. The feature library is target-free, but the capacity projection still uses the target Jacobian for evaluation, so it is not an accepted full-TFE stage replacement."
cylindrical_smooth,0.02,universal_recurrent_history_capacity_value_full_nonfinal,paper_tfe_lower_pair_velocity_compression_recurrent_history_capacity_gap_not_full_tfe,,universal_recurrent_history_capacity_nonfinal_full_component_value_fit,all_case_h_recurrent_history_capacity_oracle_fit,active_plus_recurrent_source_curvature_rows_perp,active non-final velocity plus recurrent source-row curvature,"0,1",6,24,8,16,24,16,32,32,9.1283591848666445e+04,2,32,4.1994689407865826e-01,True,False,False,False,8,132,24,30,6,5.7650866750305931e+03,2.6042001459760067e-01,2.5971476539207483e-01,1.3601456128744563e-01,2.2125053328849667e-01,8.5189816972665700e-01,9.9632049827075120e-01,2.2125053328849670e-01,8.4959112543777249e-01,9.9605069783224731e-01,4.7682614971684653e-14,1.8174507740069540e-29,True,True,True,False,True,True,False,False,False,False,False,The tested recurrent curvature/bilinear history features do not reproduce the local correction.,derive a revised weak-row formula or richer nonlinear recurrent history source law for the coefficient-gradient closure,"This capacity audit tests two-step recurrent curvature and pairwise source/velocity bilinear history features. The feature library is target-free, but the capacity projection still uses the target Jacobian for evaluation, so it is not an accepted full-TFE stage replacement."
cylindrical_smooth,0.02,universal_recurrent_history_capacity_value_full_nonfinal,paper_tfe_lower_pair_velocity_compression_recurrent_history_capacity_gap_not_full_tfe,,universal_recurrent_history_capacity_nonfinal_full_component_value_fit,all_case_h_recurrent_history_capacity_oracle_fit,recurrent_velocity_curvature_rows_perp,two-step recurrent non-final velocity-row curvature residualized against local source rows,"0,1",6,24,8,16,24,16,16,16,4.4818487992026967e+01,2,16,1.0186157834666607e-03,False,True,False,False,8,132,24,32,8,1.9093333071310862e+06,2.6042001459760067e-01,2.5971476539207483e-01,5.5465533456975089e-03,2.5965553163497934e-01,9.9977192764914202e-01,9.9999183321041574e-01,2.5965535018777236e-01,9.9706372641515340e-01,9.9993066134725539e-01,9.9054883452238596e-01,1.8174507740069540e-29,True,True,True,False,True,True,False,False,False,False,False,The tested recurrent curvature/bilinear history features do not reproduce the local correction.,derive a revised weak-row formula or richer nonlinear recurrent history source law for the coefficient-gradient closure,"This capacity audit tests two-step recurrent curvature and pairwise source/velocity bilinear history features. The feature library is target-free, but the capacity projection still uses the target Jacobian for evaluation, so it is not an accepted full-TFE stage replacement."
cylindrical_smooth,0.02,universal_recurrent_history_capacity_value_full_nonfinal,paper_tfe_lower_pair_velocity_compression_recurrent_history_capacity_gap_not_full_tfe,,universal_recurrent_history_capacity_nonfinal_full_component_value_fit,all_case_h_recurrent_history_capacity_oracle_fit,active_plus_recurrent_velocity_curvature_rows_perp,active non-final velocity plus recurrent velocity-row curvature,"0,1",6,24,8,16,24,16,32,28,8.3204294858676454e+04,2,32,4.1923295175887243e-01,False,True,False,False,8,132,24,32,8,5.6042698556565580e+09,2.6042001459760067e-01,2.5971476539207483e-01,7.5005571049264639e-03,2.5960643483121948e-01,9.9958288639965531e-01,9.9999159831560935e-01,2.5960643483121953e-01,9.9687589386077613e-01,9.9993043204997933e-01,9.8947747791808893e-01,1.8174507740069540e-29,True,True,True,False,True,True,False,False,False,False,False,The tested recurrent curvature/bilinear history features do not reproduce the local correction.,derive a revised weak-row formula or richer nonlinear recurrent history source law for the coefficient-gradient closure,"This capacity audit tests two-step recurrent curvature and pairwise source/velocity bilinear history features. The feature library is target-free, but the capacity projection still uses the target Jacobian for evaluation, so it is not an accepted full-TFE stage replacement."
cylindrical_smooth,0.02,universal_recurrent_history_capacity_value_full_nonfinal,paper_tfe_lower_pair_velocity_compression_recurrent_history_capacity_gap_not_full_tfe,,universal_recurrent_history_capacity_nonfinal_full_component_value_fit,all_case_h_recurrent_history_capacity_oracle_fit,recurrent_source_velocity_bilinear_rows_perp,target-free pairwise bilinear products of recurrent source/velocity curvature rows,"0,1",6,24,8,16,24,16,256,56,3.0503833935604889e+04,2,256,2.2987052294992711e+00,True,True,True,False,8,132,24,31,7,2.0637505374097127e+03,2.6042001459760067e-01,2.5971476539207483e-01,1.8471173650945322e-01,1.8257418699893493e-01,7.0297961967358424e-01,9.9256679242029022e-01,1.8257418699884304e-01,7.0107586500582719e-01,9.9229800847242300e-01,1.5438302573986589e-06,1.8174507740069540e-29,True,True,True,False,True,True,False,False,False,False,False,The tested recurrent curvature/bilinear history features do not reproduce the local correction.,derive a revised weak-row formula or richer nonlinear recurrent history source law for the coefficient-gradient closure,"This capacity audit tests two-step recurrent curvature and pairwise source/velocity bilinear history features. The feature library is target-free, but the capacity projection still uses the target Jacobian for evaluation, so it is not an accepted full-TFE stage replacement."
cylindrical_smooth,0.02,universal_recurrent_history_capacity_value_full_nonfinal,paper_tfe_lower_pair_velocity_compression_recurrent_history_capacity_gap_not_full_tfe,,universal_recurrent_history_capacity_nonfinal_full_component_value_fit,all_case_h_recurrent_history_capacity_oracle_fit,active_plus_recurrent_source_velocity_bilinear_rows_perp,active non-final velocity plus bilinear recurrent source/velocity curvature rows,"0,1",6,24,8,16,24,16,272,64,3.0454208107346763e+04,2,272,2.3366216986045556e+00,True,True,True,False,8,132,24,28,4,2.0637615854713745e+03,2.6042001459760067e-01,2.5971476539207483e-01,1.8471173765986384e-01,1.8257418583505539e-01,7.0297961519220820e-01,9.9256677943360805e-01,1.8257418583505539e-01,7.0107586053694004e-01,9.9229799549028819e-01,3.5521803437532784e-14,1.8174507740069540e-29,True,True,True,False,True,True,False,False,False,False,False,The tested recurrent curvature/bilinear history features do not reproduce the local correction.,derive a revised weak-row formula or richer nonlinear recurrent history source law for the coefficient-gradient closure,"This capacity audit tests two-step recurrent curvature and pairwise source/velocity bilinear history features. The feature library is target-free, but the capacity projection still uses the target Jacobian for evaluation, so it is not an accepted full-TFE stage replacement."
cylindrical_smooth,0.01,case_local_recurrent_history_capacity_value_scalar_nonfinal,paper_tfe_lower_pair_velocity_compression_recurrent_history_capacity_gap_not_full_tfe,,case_local_recurrent_history_capacity_nonfinal_stage_scalar_value_fit,case_local_recurrent_history_capacity_oracle_fit,recurrent_source_curvature_rows_perp,two-step recurrent source-row curvature residualized against local source rows,"0,1",1,24,8,16,24,16,16,16,2.8593953240081743e+02,2,16,4.2386459442869629e-03,True,False,False,False,8,132,24,32,8,5.8743627508785299e+04,1.8390267947137043e-01,1.8388667796229685e-01,8.6435523831152189e-02,1.6230591656512031e-01,8.8264097412428455e-01,9.9734936976290323e-01,1.6230591656488402e-01,8.8256417487463235e-01,9.9734739992009069e-01,4.2985747547344100e-01,1.4501435478675553e-18,True,True,True,False,True,True,False,False,False,False,False,The tested recurrent curvature/bilinear history features do not reproduce the local correction.,derive a revised weak-row formula or richer nonlinear recurrent history source law for the coefficient-gradient closure,"This capacity audit tests two-step recurrent curvature and pairwise source/velocity bilinear history features. The feature library is target-free, but the capacity projection still uses the target Jacobian for evaluation, so it is not an accepted full-TFE stage replacement."
cylindrical_smooth,0.01,case_local_recurrent_history_capacity_value_scalar_nonfinal,paper_tfe_lower_pair_velocity_compression_recurrent_history_capacity_gap_not_full_tfe,,case_local_recurrent_history_capacity_nonfinal_stage_scalar_value_fit,case_local_recurrent_history_capacity_oracle_fit,active_plus_recurrent_source_curvature_rows_perp,active non-final velocity plus recurrent source-row curvature,"0,1",1,24,8,16,24,16,32,32,1.9417567600830675e+06,2,32,2.9652314515750600e-01,True,False,False,False,8,132,24,30,6,5.8011317670504803e+04,1.8390267947137043e-01,1.8388667796229685e-01,9.5721206507742879e-02,1.5700879260955905e-01,8.5383451563441315e-01,9.9675756862472531e-01,1.5700879260955905e-01,8.5376022285744801e-01,9.9675559995079699e-01,1.0003700574890711e-12,1.4501435478675553e-18,True,True,True,False,True,True,False,False,False,False,False,The tested recurrent curvature/bilinear history features do not reproduce the local correction.,derive a revised weak-row formula or richer nonlinear recurrent history source law for the coefficient-gradient closure,"This capacity audit tests two-step recurrent curvature and pairwise source/velocity bilinear history features. The feature library is target-free, but the capacity projection still uses the target Jacobian for evaluation, so it is not an accepted full-TFE stage replacement."
cylindrical_smooth,0.01,case_local_recurrent_history_capacity_value_scalar_nonfinal,paper_tfe_lower_pair_velocity_compression_recurrent_history_capacity_gap_not_full_tfe,,case_local_recurrent_history_capacity_nonfinal_stage_scalar_value_fit,case_local_recurrent_history_capacity_oracle_fit,recurrent_velocity_curvature_rows_perp,two-step recurrent non-final velocity-row curvature residualized against local source rows,"0,1",1,24,8,16,24,16,16,16,1.0081768361462053e+02,2,16,1.6572666469014707e-04,False,True,False,False,8,132,24,32,8,7.1282059737631343e+06,1.8390267947137043e-01,1.8388667796229685e-01,6.4256180887725721e-04,1.8388555529549144e-01,9.9999389478988987e-01,9.9999974055734897e-01,1.8388555205382784e-01,9.9990686694945485e-01,9.9999776545960151e-01,9.9970277317078082e-01,1.4501435478675553e-18,True,True,True,False,True,True,False,False,False,False,False,The tested recurrent curvature/bilinear history features do not reproduce the local correction.,derive a revised weak-row formula or richer nonlinear recurrent history source law for the coefficient-gradient closure,"This capacity audit tests two-step recurrent curvature and pairwise source/velocity bilinear history features. The feature library is target-free, but the capacity projection still uses the target Jacobian for evaluation, so it is not an accepted full-TFE stage replacement."
cylindrical_smooth,0.01,case_local_recurrent_history_capacity_value_scalar_nonfinal,paper_tfe_lower_pair_velocity_compression_recurrent_history_capacity_gap_not_full_tfe,,case_local_recurrent_history_capacity_nonfinal_stage_scalar_value_fit,case_local_recurrent_history_capacity_oracle_fit,active_plus_recurrent_velocity_curvature_rows_perp,active non-final velocity plus recurrent velocity-row curvature,"0,1",1,24,8,16,24,16,32,28,7.5949429604987893e+05,2,32,2.9649289529428141e-01,False,True,False,False,8,132,23,31,8,2.4413643682629268e+12,1.8390267947137043e-01,1.8388667796229685e-01,8.7554782013344072e-04,1.8388459355809045e-01,9.9998866473509940e-01,9.9999973395484354e-01,1.8388459355809048e-01,9.9990165497679562e-01,9.9999775887738585e-01,9.9967324700795435e-01,1.4501435478675553e-18,True,True,True,False,True,True,False,False,False,False,False,The tested recurrent curvature/bilinear history features do not reproduce the local correction.,derive a revised weak-row formula or richer nonlinear recurrent history source law for the coefficient-gradient closure,"This capacity audit tests two-step recurrent curvature and pairwise source/velocity bilinear history features. The feature library is target-free, but the capacity projection still uses the target Jacobian for evaluation, so it is not an accepted full-TFE stage replacement."
cylindrical_smooth,0.01,case_local_recurrent_history_capacity_value_scalar_nonfinal,paper_tfe_lower_pair_velocity_compression_recurrent_history_capacity_gap_not_full_tfe,,case_local_recurrent_history_capacity_nonfinal_stage_scalar_value_fit,case_local_recurrent_history_capacity_oracle_fit,recurrent_source_velocity_bilinear_rows_perp,target-free pairwise bilinear products of recurrent source/velocity curvature rows,"0,1",1,24,8,16,24,16,256,56,7.4928761032571457e+05,2,256,2.1970362254163436e+00,True,True,True,False,8,132,24,28,4,1.1525155891156028e+04,1.8390267947137043e-01,1.8388667796229685e-01,1.3094901169774020e-01,1.2909944487639252e-01,7.0205980284695979e-01,9.9263212788147992e-01,1.2909944487639249e-01,7.0199871610076470e-01,9.9262348048964033e-01,5.6351393644538485e-13,1.4501435478675553e-18,True,True,True,False,True,True,False,False,False,False,False,The tested recurrent curvature/bilinear history features do not reproduce the local correction.,derive a revised weak-row formula or richer nonlinear recurrent history source law for the coefficient-gradient closure,"This capacity audit tests two-step recurrent curvature and pairwise source/velocity bilinear history features. The feature library is target-free, but the capacity projection still uses the target Jacobian for evaluation, so it is not an accepted full-TFE stage replacement."
cylindrical_smooth,0.01,case_local_recurrent_history_capacity_value_scalar_nonfinal,paper_tfe_lower_pair_velocity_compression_recurrent_history_capacity_gap_not_full_tfe,,case_local_recurrent_history_capacity_nonfinal_stage_scalar_value_fit,case_local_recurrent_history_capacity_oracle_fit,active_plus_recurrent_source_velocity_bilinear_rows_perp,active non-final velocity plus bilinear recurrent source/velocity curvature rows,"0,1",1,24,8,16,24,16,272,64,7.4491615713143675e+05,2,272,2.2169520033790437e+00,True,True,True,False,8,132,24,28,4,1.1525215930324241e+04,1.8390267947137043e-01,1.8388667796229685e-01,1.3094901170051773e-01,1.2909944487358055e-01,7.0205980283166791e-01,9.9263212785985910e-01,1.2909944487358055e-01,7.0199871608547426e-01,9.9262348046801974e-01,6.2477357418565524e-13,1.4501435478675553e-18,True,True,True,False,True,True,False,False,False,False,False,The tested recurrent curvature/bilinear history features do not reproduce the local correction.,derive a revised weak-row formula or richer nonlinear recurrent history source law for the coefficient-gradient closure,"This capacity audit tests two-step recurrent curvature and pairwise source/velocity bilinear history features. The feature library is target-free, but the capacity projection still uses the target Jacobian for evaluation, so it is not an accepted full-TFE stage replacement."
cylindrical_smooth,0.01,universal_recurrent_history_capacity_value_scalar_nonfinal,paper_tfe_lower_pair_velocity_compression_recurrent_history_capacity_gap_not_full_tfe,,universal_recurrent_history_capacity_nonfinal_stage_scalar_value_fit,all_case_h_recurrent_history_capacity_oracle_fit,recurrent_source_curvature_rows_perp,two-step recurrent source-row curvature residualized against local source rows,"0,1",6,24,8,16,24,16,16,16,2.8593953240081743e+02,2,16,4.2386459442869629e-03,True,False,False,False,8,132,24,32,8,5.8753195029814211e+04,1.8390267947137043e-01,1.8388667815555412e-01,8.6435792567986849e-02,1.6230577366880175e-01,8.8264019610764533e-01,9.9734935310806694e-01,1.6230577366880172e-01,8.8256339785451110e-01,9.9734738326784933e-01,4.2985159163663161e-01,1.6433765094034822e-18,True,True,True,False,True,True,False,False,False,False,False,The tested recurrent curvature/bilinear history features do not reproduce the local correction.,derive a revised weak-row formula or richer nonlinear recurrent history source law for the coefficient-gradient closure,"This capacity audit tests two-step recurrent curvature and pairwise source/velocity bilinear history features. The feature library is target-free, but the capacity projection still uses the target Jacobian for evaluation, so it is not an accepted full-TFE stage replacement."
cylindrical_smooth,0.01,universal_recurrent_history_capacity_value_scalar_nonfinal,paper_tfe_lower_pair_velocity_compression_recurrent_history_capacity_gap_not_full_tfe,,universal_recurrent_history_capacity_nonfinal_stage_scalar_value_fit,all_case_h_recurrent_history_capacity_oracle_fit,active_plus_recurrent_source_curvature_rows_perp,active non-final velocity plus recurrent source-row curvature,"0,1",6,24,8,16,24,16,32,32,1.9417567600830675e+06,2,32,2.9652314515750600e-01,True,False,False,False,8,132,24,30,6,5.8011317670569850e+04,1.8390267947137043e-01,1.8388667815555412e-01,9.5721206879002735e-02,1.5700879260955905e-01,8.5383451473706851e-01,9.9675756862219556e-01,1.5700879260955905e-01,8.5376022285744801e-01,9.9675559995079699e-01,1.0005422684360488e-12,1.6433765094034822e-18,True,True,True,False,True,True,False,False,False,False,False,The tested recurrent curvature/bilinear history features do not reproduce the local correction.,derive a revised weak-row formula or richer nonlinear recurrent history source law for the coefficient-gradient closure,"This capacity audit tests two-step recurrent curvature and pairwise source/velocity bilinear history features. The feature library is target-free, but the capacity projection still uses the target Jacobian for evaluation, so it is not an accepted full-TFE stage replacement."
cylindrical_smooth,0.01,universal_recurrent_history_capacity_value_scalar_nonfinal,paper_tfe_lower_pair_velocity_compression_recurrent_history_capacity_gap_not_full_tfe,,universal_recurrent_history_capacity_nonfinal_stage_scalar_value_fit,all_case_h_recurrent_history_capacity_oracle_fit,recurrent_velocity_curvature_rows_perp,two-step recurrent non-final velocity-row curvature residualized against local source rows,"0,1",6,24,8,16,24,16,16,16,1.0081768361462053e+02,2,16,1.6572666469014707e-04,False,True,False,False,8,132,23,31,8,7.0808771357917969e+10,1.8390267947137043e-01,1.8388667815555412e-01,6.4265397881944301e-04,1.8388555516665211e-01,9.9999389303829256e-01,9.9999974053387042e-01,1.8388555512751573e-01,9.9990688366312053e-01,9.9999776545892527e-01,9.9970286409801967e-01,1.6433765094034822e-18,True,True,True,False,True,True,False,False,False,False,False,The tested recurrent curvature/bilinear history features do not reproduce the local correction.,derive a revised weak-row formula or richer nonlinear recurrent history source law for the coefficient-gradient closure,"This capacity audit tests two-step recurrent curvature and pairwise source/velocity bilinear history features. The feature library is target-free, but the capacity projection still uses the target Jacobian for evaluation, so it is not an accepted full-TFE stage replacement."
cylindrical_smooth,0.01,universal_recurrent_history_capacity_value_scalar_nonfinal,paper_tfe_lower_pair_velocity_compression_recurrent_history_capacity_gap_not_full_tfe,,universal_recurrent_history_capacity_nonfinal_stage_scalar_value_fit,all_case_h_recurrent_history_capacity_oracle_fit,active_plus_recurrent_velocity_curvature_rows_perp,active non-final velocity plus recurrent velocity-row curvature,"0,1",6,24,8,16,24,16,32,28,7.5949429604987893e+05,2,32,2.9649289529428141e-01,False,True,False,False,8,132,23,31,8,2.4413634724615400e+12,1.8390267947137043e-01,1.8388667815555412e-01,8.7558840799633719e-04,1.8388459355809048e-01,9.9998866368415285e-01,9.9999973395230557e-01,1.8388459355809048e-01,9.9990165497679562e-01,9.9999775887738585e-01,9.9967324700795435e-01,1.6433765094034822e-18,True,True,True,False,True,True,False,False,False,False,False,The tested recurrent curvature/bilinear history features do not reproduce the local correction.,derive a revised weak-row formula or richer nonlinear recurrent history source law for the coefficient-gradient closure,"This capacity audit tests two-step recurrent curvature and pairwise source/velocity bilinear history features. The feature library is target-free, but the capacity projection still uses the target Jacobian for evaluation, so it is not an accepted full-TFE stage replacement."
cylindrical_smooth,0.01,universal_recurrent_history_capacity_value_scalar_nonfinal,paper_tfe_lower_pair_velocity_compression_recurrent_history_capacity_gap_not_full_tfe,,universal_recurrent_history_capacity_nonfinal_stage_scalar_value_fit,all_case_h_recurrent_history_capacity_oracle_fit,recurrent_source_velocity_bilinear_rows_perp,target-free pairwise bilinear products of recurrent source/velocity curvature rows,"0,1",6,24,8,16,24,16,256,56,7.4928761032571457e+05,2,256,2.1970362254163436e+00,True,True,True,False,8,132,24,28,4,1.1525215929440839e+04,1.8390267947137043e-01,1.8388667815555412e-01,1.3094901197189812e-01,1.2909944487358055e-01,7.0205980209383223e-01,9.9263212777494936e-01,1.2909944487358055e-01,7.0199871608547426e-01,9.9262348046801974e-01,3.5821099388581611e-13,1.6433765094034822e-18,True,True,True,False,True,True,False,False,False,False,False,The tested recurrent curvature/bilinear history features do not reproduce the local correction.,derive a revised weak-row formula or richer nonlinear recurrent history source law for the coefficient-gradient closure,"This capacity audit tests two-step recurrent curvature and pairwise source/velocity bilinear history features. The feature library is target-free, but the capacity projection still uses the target Jacobian for evaluation, so it is not an accepted full-TFE stage replacement."
cylindrical_smooth,0.01,universal_recurrent_history_capacity_value_scalar_nonfinal,paper_tfe_lower_pair_velocity_compression_recurrent_history_capacity_gap_not_full_tfe,,universal_recurrent_history_capacity_nonfinal_stage_scalar_value_fit,all_case_h_recurrent_history_capacity_oracle_fit,active_plus_recurrent_source_velocity_bilinear_rows_perp,active non-final velocity plus bilinear recurrent source/velocity curvature rows,"0,1",6,24,8,16,24,16,272,64,7.4491615713143675e+05,2,272,2.2169520033790437e+00,True,True,True,False,8,132,24,28,4,1.1525215929532229e+04,1.8390267947137043e-01,1.8388667815555412e-01,1.3094901197190240e-01,1.2909944487358055e-01,7.0205980209383223e-01,9.9263212777494936e-01,1.2909944487358055e-01,7.0199871608547426e-01,9.9262348046801974e-01,3.3453058310153634e-13,1.6433765094034822e-18,True,True,True,False,True,True,False,False,False,False,False,The tested recurrent curvature/bilinear history features do not reproduce the local correction.,derive a revised weak-row formula or richer nonlinear recurrent history source law for the coefficient-gradient closure,"This capacity audit tests two-step recurrent curvature and pairwise source/velocity bilinear history features. The feature library is target-free, but the capacity projection still uses the target Jacobian for evaluation, so it is not an accepted full-TFE stage replacement."
cylindrical_smooth,0.01,case_local_recurrent_history_capacity_value_component_nonfinal,paper_tfe_lower_pair_velocity_compression_recurrent_history_capacity_gap_not_full_tfe,,case_local_recurrent_history_capacity_nonfinal_component_diagonal_value_fit,case_local_recurrent_history_capacity_oracle_fit,recurrent_source_curvature_rows_perp,two-step recurrent source-row curvature residualized against local source rows,"0,1",1,24,8,16,24,16,16,16,2.8593953240081743e+02,2,16,4.2386459442869629e-03,True,False,False,False,8,132,24,32,8,2.8009063885027448e+04,1.8390267947137043e-01,1.8401235660084056e-01,8.5091063553067059e-02,1.6315654533362375e-01,8.8666081097772576e-01,9.9734935311202533e-01,1.5755392712455529e-01,8.5672447828082321e-01,9.9687252684986460e-01,4.2686265645959551e-02,9.7232345226756130e-35,True,True,True,False,True,True,False,False,False,False,False,The tested recurrent curvature/bilinear history features do not reproduce the local correction.,derive a revised weak-row formula or richer nonlinear recurrent history source law for the coefficient-gradient closure,"This capacity audit tests two-step recurrent curvature and pairwise source/velocity bilinear history features. The feature library is target-free, but the capacity projection still uses the target Jacobian for evaluation, so it is not an accepted full-TFE stage replacement."
cylindrical_smooth,0.01,case_local_recurrent_history_capacity_value_component_nonfinal,paper_tfe_lower_pair_velocity_compression_recurrent_history_capacity_gap_not_full_tfe,,case_local_recurrent_history_capacity_nonfinal_component_diagonal_value_fit,case_local_recurrent_history_capacity_oracle_fit,active_plus_recurrent_source_curvature_rows_perp,active non-final velocity plus recurrent source-row curvature,"0,1",1,24,8,16,24,16,32,32,1.9417567600830675e+06,2,32,2.9652314515750600e-01,True,False,False,False,8,132,24,30,6,5.8011319557949930e+04,1.8390267947137043e-01,1.8401235660084056e-01,9.5962421942567697e-02,1.5700879260955905e-01,8.5325135501711102e-01,9.9675756862211717e-01,1.5700879260955905e-01,8.5376022285744801e-01,9.9675559995079699e-01,1.0005253855986033e-12,9.7232345226756130e-35,True,True,True,False,True,True,False,False,False,False,False,The tested recurrent curvature/bilinear history features do not reproduce the local correction.,derive a revised weak-row formula or richer nonlinear recurrent history source law for the coefficient-gradient closure,"This capacity audit tests two-step recurrent curvature and pairwise source/velocity bilinear history features. The feature library is target-free, but the capacity projection still uses the target Jacobian for evaluation, so it is not an accepted full-TFE stage replacement."
cylindrical_smooth,0.01,case_local_recurrent_history_capacity_value_component_nonfinal,paper_tfe_lower_pair_velocity_compression_recurrent_history_capacity_gap_not_full_tfe,,case_local_recurrent_history_capacity_nonfinal_component_diagonal_value_fit,case_local_recurrent_history_capacity_oracle_fit,recurrent_velocity_curvature_rows_perp,two-step recurrent non-final velocity-row curvature residualized against local source rows,"0,1",1,24,8,16,24,16,16,16,1.0081768361462053e+02,2,16,1.6572666469014707e-04,False,True,False,False,8,132,24,32,8,1.4701900887769717e+08,1.8390267947137043e-01,1.8401235660084056e-01,6.8300792959135898e-03,1.8388555516572377e-01,9.9931090804194289e-01,9.9999974053379248e-01,1.8388555059599895e-01,9.9990685902227905e-01,9.9999776539819607e-01,9.9970278769245791e-01,9.7232345226756130e-35,True,True,True,False,True,True,False,False,False,False,False,The tested recurrent curvature/bilinear history features do not reproduce the local correction.,derive a revised weak-row formula or richer nonlinear recurrent history source law for the coefficient-gradient closure,"This capacity audit tests two-step recurrent curvature and pairwise source/velocity bilinear history features. The feature library is target-free, but the capacity projection still uses the target Jacobian for evaluation, so it is not an accepted full-TFE stage replacement."
cylindrical_smooth,0.01,case_local_recurrent_history_capacity_value_component_nonfinal,paper_tfe_lower_pair_velocity_compression_recurrent_history_capacity_gap_not_full_tfe,,case_local_recurrent_history_capacity_nonfinal_component_diagonal_value_fit,case_local_recurrent_history_capacity_oracle_fit,active_plus_recurrent_velocity_curvature_rows_perp,active non-final velocity plus recurrent velocity-row curvature,"0,1",1,24,8,16,24,16,32,28,7.5949429604987893e+05,2,32,2.9649289529428141e-01,False,True,False,False,8,132,23,31,8,2.4413639381415332e+12,1.8390267947137043e-01,1.8401235660084056e-01,6.8559196152508340e-03,1.8388459355809048e-01,9.9930568226444039e-01,9.9999973395222697e-01,1.8388459355809048e-01,9.9990165497679562e-01,9.9999775887738585e-01,9.9967324700795435e-01,9.7232345226756130e-35,True,True,True,False,True,True,False,False,False,False,False,The tested recurrent curvature/bilinear history features do not reproduce the local correction.,derive a revised weak-row formula or richer nonlinear recurrent history source law for the coefficient-gradient closure,"This capacity audit tests two-step recurrent curvature and pairwise source/velocity bilinear history features. The feature library is target-free, but the capacity projection still uses the target Jacobian for evaluation, so it is not an accepted full-TFE stage replacement."
cylindrical_smooth,0.01,case_local_recurrent_history_capacity_value_component_nonfinal,paper_tfe_lower_pair_velocity_compression_recurrent_history_capacity_gap_not_full_tfe,,case_local_recurrent_history_capacity_nonfinal_component_diagonal_value_fit,case_local_recurrent_history_capacity_oracle_fit,recurrent_source_velocity_bilinear_rows_perp,target-free pairwise bilinear products of recurrent source/velocity curvature rows,"0,1",1,24,8,16,24,16,256,56,7.4928761032571457e+05,2,256,2.1970362254163436e+00,True,True,True,False,8,132,24,28,4,1.1525215353441554e+04,1.8390267947137043e-01,1.8401235660084056e-01,1.3112543885576228e-01,1.2909944487362404e-01,7.0158030285795669e-01,9.9263212778446475e-01,1.2909944487362404e-01,7.0199871608571074e-01,9.9262348046859727e-01,5.4201774650503707e-13,9.7232345226756130e-35,True,True,True,False,True,True,False,False,False,False,False,The tested recurrent curvature/bilinear history features do not reproduce the local correction.,derive a revised weak-row formula or richer nonlinear recurrent history source law for the coefficient-gradient closure,"This capacity audit tests two-step recurrent curvature and pairwise source/velocity bilinear history features. The feature library is target-free, but the capacity projection still uses the target Jacobian for evaluation, so it is not an accepted full-TFE stage replacement."
cylindrical_smooth,0.01,case_local_recurrent_history_capacity_value_component_nonfinal,paper_tfe_lower_pair_velocity_compression_recurrent_history_capacity_gap_not_full_tfe,,case_local_recurrent_history_capacity_nonfinal_component_diagonal_value_fit,case_local_recurrent_history_capacity_oracle_fit,active_plus_recurrent_source_velocity_bilinear_rows_perp,active non-final velocity plus bilinear recurrent source/velocity curvature rows,"0,1",1,24,8,16,24,16,272,64,7.4491615713143675e+05,2,272,2.2169520033790437e+00,True,True,True,False,8,132,24,28,4,1.1525215964047131e+04,1.8390267947137043e-01,1.8401235660084056e-01,1.3112543885580902e-01,1.2909944487358055e-01,7.0158030285772033e-01,9.9263212778388721e-01,1.2909944487358055e-01,7.0199871608547426e-01,9.9262348046801974e-01,4.4408527252031359e-13,9.7232345226756130e-35,True,True,True,False,True,True,False,False,False,False,False,The tested recurrent curvature/bilinear history features do not reproduce the local correction.,derive a revised weak-row formula or richer nonlinear recurrent history source law for the coefficient-gradient closure,"This capacity audit tests two-step recurrent curvature and pairwise source/velocity bilinear history features. The feature library is target-free, but the capacity projection still uses the target Jacobian for evaluation, so it is not an accepted full-TFE stage replacement."
cylindrical_smooth,0.01,universal_recurrent_history_capacity_value_component_nonfinal,paper_tfe_lower_pair_velocity_compression_recurrent_history_capacity_gap_not_full_tfe,,universal_recurrent_history_capacity_nonfinal_component_diagonal_value_fit,all_case_h_recurrent_history_capacity_oracle_fit,recurrent_source_curvature_rows_perp,two-step recurrent source-row curvature residualized against local source rows,"0,1",6,24,8,16,24,16,16,16,2.8593953240081743e+02,2,16,4.2386459442869629e-03,True,False,False,False,8,132,24,32,8,2.5122166879677374e+04,1.8390267947137043e-01,1.8411674096983208e-01,8.7732550989786356e-02,1.6187023754284413e-01,8.7917175097818467e-01,9.9734935310960904e-01,1.5747252542074824e-01,8.5628184360012671e-01,9.9678149749631495e-01,2.4962762433382326e-02,1.6450722467175256e-18,True,True,True,False,True,True,False,False,False,False,False,The tested recurrent curvature/bilinear history features do not reproduce the local correction.,derive a revised weak-row formula or richer nonlinear recurrent history source law for the coefficient-gradient closure,"This capacity audit tests two-step recurrent curvature and pairwise source/velocity bilinear history features. The feature library is target-free, but the capacity projection still uses the target Jacobian for evaluation, so it is not an accepted full-TFE stage replacement."
cylindrical_smooth,0.01,universal_recurrent_history_capacity_value_component_nonfinal,paper_tfe_lower_pair_velocity_compression_recurrent_history_capacity_gap_not_full_tfe,,universal_recurrent_history_capacity_nonfinal_component_diagonal_value_fit,all_case_h_recurrent_history_capacity_oracle_fit,active_plus_recurrent_source_curvature_rows_perp,active non-final velocity plus recurrent source-row curvature,"0,1",6,24,8,16,24,16,32,32,1.9417567600830675e+06,2,32,2.9652314515750600e-01,True,False,False,False,8,132,24,30,6,5.8011321764774460e+04,1.8390267947137043e-01,1.8411674096983208e-01,9.6162432106518286e-02,1.5700879260955905e-01,8.5276760702214083e-01,9.9675756862219789e-01,1.5700879260955905e-01,8.5376022285744801e-01,9.9675559995079699e-01,1.0003433365650717e-12,1.6450722467175256e-18,True,True,True,False,True,True,False,False,False,False,False,The tested recurrent curvature/bilinear history features do not reproduce the local correction.,derive a revised weak-row formula or richer nonlinear recurrent history source law for the coefficient-gradient closure,"This capacity audit tests two-step recurrent curvature and pairwise source/velocity bilinear history features. The feature library is target-free, but the capacity projection still uses the target Jacobian for evaluation, so it is not an accepted full-TFE stage replacement."
cylindrical_smooth,0.01,universal_recurrent_history_capacity_value_component_nonfinal,paper_tfe_lower_pair_velocity_compression_recurrent_history_capacity_gap_not_full_tfe,,universal_recurrent_history_capacity_nonfinal_component_diagonal_value_fit,all_case_h_recurrent_history_capacity_oracle_fit,recurrent_velocity_curvature_rows_perp,two-step recurrent non-final velocity-row curvature residualized against local source rows,"0,1",6,24,8,16,24,16,16,16,1.0081768361462053e+02,2,16,1.6572666469014707e-04,False,True,False,False,8,132,23,31,8,2.1237546777718658e+10,1.8390267947137043e-01,1.8411674096983208e-01,9.2237143497793678e-03,1.8388555516664684e-01,9.9874435207810286e-01,9.9999974053387264e-01,1.8388554652953432e-01,9.9990683691023230e-01,9.9999776545260832e-01,9.9970261301047647e-01,1.6450722467175256e-18,True,True,True,False,True,True,False,False,False,False,False,The tested recurrent curvature/bilinear history features do not reproduce the local correction.,derive a revised weak-row formula or richer nonlinear recurrent history source law for the coefficient-gradient closure,"This capacity audit tests two-step recurrent curvature and pairwise source/velocity bilinear history features. The feature library is target-free, but the capacity projection still uses the target Jacobian for evaluation, so it is not an accepted full-TFE stage replacement."
cylindrical_smooth,0.01,universal_recurrent_history_capacity_value_component_nonfinal,paper_tfe_lower_pair_velocity_compression_recurrent_history_capacity_gap_not_full_tfe,,universal_recurrent_history_capacity_nonfinal_component_diagonal_value_fit,all_case_h_recurrent_history_capacity_oracle_fit,active_plus_recurrent_velocity_curvature_rows_perp,active non-final velocity plus recurrent velocity-row curvature,"0,1",6,24,8,16,24,16,32,28,7.5949429604987893e+05,2,32,2.9649289529428141e-01,False,True,False,False,8,132,23,31,8,2.4413634707604658e+12,1.8390267947137043e-01,1.8411674096983208e-01,9.2428652120500904e-03,1.8388459355809048e-01,9.9873912925832398e-01,9.9999973395230790e-01,1.8388459355809048e-01,9.9990165497679562e-01,9.9999775887738585e-01,9.9967324700795435e-01,1.6450722467175256e-18,True,True,True,False,True,True,False,False,False,False,False,The tested recurrent curvature/bilinear history features do not reproduce the local correction.,derive a revised weak-row formula or richer nonlinear recurrent history source law for the coefficient-gradient closure,"This capacity audit tests two-step recurrent curvature and pairwise source/velocity bilinear history features. The feature library is target-free, but the capacity projection still uses the target Jacobian for evaluation, so it is not an accepted full-TFE stage replacement."
cylindrical_smooth,0.01,universal_recurrent_history_capacity_value_component_nonfinal,paper_tfe_lower_pair_velocity_compression_recurrent_history_capacity_gap_not_full_tfe,,universal_recurrent_history_capacity_nonfinal_component_diagonal_value_fit,all_case_h_recurrent_history_capacity_oracle_fit,recurrent_source_velocity_bilinear_rows_perp,target-free pairwise bilinear products of recurrent source/velocity curvature rows,"0,1",6,24,8,16,24,16,256,56,7.4928761032571457e+05,2,256,2.1970362254163436e+00,True,True,True,False,8,132,24,28,4,1.1525216152439429e+04,1.8390267947137043e-01,1.8411674096983208e-01,1.3127188441811680e-01,1.2909944487358069e-01,7.0118254425725424e-01,9.9263212777495424e-01,1.2909944487358069e-01,7.0199871608547504e-01,9.9262348046801974e-01,7.3806631734554506e-13,1.6450722467175256e-18,True,True,True,False,True,True,False,False,False,False,False,The tested recurrent curvature/bilinear history features do not reproduce the local correction.,derive a revised weak-row formula or richer nonlinear recurrent history source law for the coefficient-gradient closure,"This capacity audit tests two-step recurrent curvature and pairwise source/velocity bilinear history features. The feature library is target-free, but the capacity projection still uses the target Jacobian for evaluation, so it is not an accepted full-TFE stage replacement."
cylindrical_smooth,0.01,universal_recurrent_history_capacity_value_component_nonfinal,paper_tfe_lower_pair_velocity_compression_recurrent_history_capacity_gap_not_full_tfe,,universal_recurrent_history_capacity_nonfinal_component_diagonal_value_fit,all_case_h_recurrent_history_capacity_oracle_fit,active_plus_recurrent_source_velocity_bilinear_rows_perp,active non-final velocity plus bilinear recurrent source/velocity curvature rows,"0,1",6,24,8,16,24,16,272,64,7.4491615713143675e+05,2,272,2.2169520033790437e+00,True,True,True,False,8,132,24,28,4,1.1525216154524811e+04,1.8390267947137043e-01,1.8411674096983208e-01,1.3127188441812510e-01,1.2909944487358055e-01,7.0118254425725346e-01,9.9263212777495424e-01,1.2909944487358055e-01,7.0199871608547426e-01,9.9262348046801974e-01,6.1312317957117872e-13,1.6450722467175256e-18,True,True,True,False,True,True,False,False,False,False,False,The tested recurrent curvature/bilinear history features do not reproduce the local correction.,derive a revised weak-row formula or richer nonlinear recurrent history source law for the coefficient-gradient closure,"This capacity audit tests two-step recurrent curvature and pairwise source/velocity bilinear history features. The feature library is target-free, but the capacity projection still uses the target Jacobian for evaluation, so it is not an accepted full-TFE stage replacement."
cylindrical_smooth,0.01,case_local_recurrent_history_capacity_value_full_nonfinal,paper_tfe_lower_pair_velocity_compression_recurrent_history_capacity_gap_not_full_tfe,,case_local_recurrent_history_capacity_nonfinal_full_component_value_fit,case_local_recurrent_history_capacity_oracle_fit,recurrent_source_curvature_rows_perp,two-step recurrent source-row curvature residualized against local source rows,"0,1",1,24,8,16,24,16,16,16,2.8593953240081743e+02,2,16,4.2386459442869629e-03,True,False,False,False,8,132,24,32,8,5.8753193901505270e+04,1.8390267947137043e-01,1.8388667815553009e-01,8.6435792599593428e-02,1.6230577365194246e-01,8.8264019601607768e-01,9.9734935309185035e-01,1.6230577365168097e-01,8.8256339776141424e-01,9.9734738325157479e-01,4.2985159131837042e-01,1.6692610498525925e-34,True,True,True,False,True,True,False,False,False,False,False,The tested recurrent curvature/bilinear history features do not reproduce the local correction.,derive a revised weak-row formula or richer nonlinear recurrent history source law for the coefficient-gradient closure,"This capacity audit tests two-step recurrent curvature and pairwise source/velocity bilinear history features. The feature library is target-free, but the capacity projection still uses the target Jacobian for evaluation, so it is not an accepted full-TFE stage replacement."
cylindrical_smooth,0.01,case_local_recurrent_history_capacity_value_full_nonfinal,paper_tfe_lower_pair_velocity_compression_recurrent_history_capacity_gap_not_full_tfe,,case_local_recurrent_history_capacity_nonfinal_full_component_value_fit,case_local_recurrent_history_capacity_oracle_fit,active_plus_recurrent_source_curvature_rows_perp,active non-final velocity plus recurrent source-row curvature,"0,1",1,24,8,16,24,16,32,32,1.9417567600830675e+06,2,32,2.9652314515750600e-01,True,False,False,False,8,132,24,30,6,5.8011317670577868e+04,1.8390267947137043e-01,1.8388667815553009e-01,9.5721206878956563e-02,1.5700879260955905e-01,8.5383451473718008e-01,9.9675756862223364e-01,1.5700879260955905e-01,8.5376022285744801e-01,9.9675559995079699e-01,1.0004147345348088e-12,1.6692610498525925e-34,True,True,True,False,True,True,False,False,False,False,False,The tested recurrent curvature/bilinear history features do not reproduce the local correction.,derive a revised weak-row formula or richer nonlinear recurrent history source law for the coefficient-gradient closure,"This capacity audit tests two-step recurrent curvature and pairwise source/velocity bilinear history features. The feature library is target-free, but the capacity projection still uses the target Jacobian for evaluation, so it is not an accepted full-TFE stage replacement."
cylindrical_smooth,0.01,case_local_recurrent_history_capacity_value_full_nonfinal,paper_tfe_lower_pair_velocity_compression_recurrent_history_capacity_gap_not_full_tfe,,case_local_recurrent_history_capacity_nonfinal_full_component_value_fit,case_local_recurrent_history_capacity_oracle_fit,recurrent_velocity_curvature_rows_perp,two-step recurrent non-final velocity-row curvature residualized against local source rows,"0,1",1,24,8,16,24,16,16,16,1.0081768361462053e+02,2,16,1.6572666469014707e-04,False,True,False,False,8,132,24,32,8,8.6506387345670891e+09,1.8390267947137043e-01,1.8388667815553009e-01,6.4265402984317284e-04,1.8388555516644975e-01,9.9999389303732278e-01,9.9999974053386520e-01,1.8388555169036619e-01,9.9990686497307446e-01,9.9999776545431907e-01,9.9970275243443574e-01,1.6692610498525925e-34,True,True,True,False,True,True,False,False,False,False,False,The tested recurrent curvature/bilinear history features do not reproduce the local correction.,derive a revised weak-row formula or richer nonlinear recurrent history source law for the coefficient-gradient closure,"This capacity audit tests two-step recurrent curvature and pairwise source/velocity bilinear history features. The feature library is target-free, but the capacity projection still uses the target Jacobian for evaluation, so it is not an accepted full-TFE stage replacement."
cylindrical_smooth,0.01,case_local_recurrent_history_capacity_value_full_nonfinal,paper_tfe_lower_pair_velocity_compression_recurrent_history_capacity_gap_not_full_tfe,,case_local_recurrent_history_capacity_nonfinal_full_component_value_fit,case_local_recurrent_history_capacity_oracle_fit,active_plus_recurrent_velocity_curvature_rows_perp,active non-final velocity plus recurrent velocity-row curvature,"0,1",1,24,8,16,24,16,32,28,7.5949429604987893e+05,2,32,2.9649289529428141e-01,False,True,False,False,8,132,23,31,8,2.4413649424482998e+12,1.8390267947137043e-01,1.8388667815553009e-01,8.7558840294809390e-04,1.8388459355809048e-01,9.9998866368428363e-01,9.9999973395234387e-01,1.8388459355809048e-01,9.9990165497679562e-01,9.9999775887738585e-01,9.9967324700795435e-01,1.6692610498525925e-34,True,True,True,False,True,True,False,False,False,False,False,The tested recurrent curvature/bilinear history features do not reproduce the local correction.,derive a revised weak-row formula or richer nonlinear recurrent history source law for the coefficient-gradient closure,"This capacity audit tests two-step recurrent curvature and pairwise source/velocity bilinear history features. The feature library is target-free, but the capacity projection still uses the target Jacobian for evaluation, so it is not an accepted full-TFE stage replacement."
cylindrical_smooth,0.01,case_local_recurrent_history_capacity_value_full_nonfinal,paper_tfe_lower_pair_velocity_compression_recurrent_history_capacity_gap_not_full_tfe,,case_local_recurrent_history_capacity_nonfinal_full_component_value_fit,case_local_recurrent_history_capacity_oracle_fit,recurrent_source_velocity_bilinear_rows_perp,target-free pairwise bilinear products of recurrent source/velocity curvature rows,"0,1",1,24,8,16,24,16,256,56,7.4928761032571457e+05,2,256,2.1970362254163436e+00,True,True,True,False,8,132,24,29,5,1.1525215929604848e+04,1.8390267947137043e-01,1.8388667815553009e-01,1.3094901197186407e-01,1.2909944487358124e-01,7.0205980209392782e-01,9.9263212777407961e-01,1.2909944487358124e-01,7.0199871608547804e-01,9.9262348046802729e-01,2.6948263747661060e-09,1.6692610498525925e-34,True,True,True,False,True,True,False,False,False,False,False,The tested recurrent curvature/bilinear history features do not reproduce the local correction.,derive a revised weak-row formula or richer nonlinear recurrent history source law for the coefficient-gradient closure,"This capacity audit tests two-step recurrent curvature and pairwise source/velocity bilinear history features. The feature library is target-free, but the capacity projection still uses the target Jacobian for evaluation, so it is not an accepted full-TFE stage replacement."
cylindrical_smooth,0.01,case_local_recurrent_history_capacity_value_full_nonfinal,paper_tfe_lower_pair_velocity_compression_recurrent_history_capacity_gap_not_full_tfe,,case_local_recurrent_history_capacity_nonfinal_full_component_value_fit,case_local_recurrent_history_capacity_oracle_fit,active_plus_recurrent_source_velocity_bilinear_rows_perp,active non-final velocity plus bilinear recurrent source/velocity curvature rows,"0,1",1,24,8,16,24,16,272,64,7.4491615713143675e+05,2,272,2.2169520033790437e+00,True,True,True,False,8,132,24,28,4,1.1525215929512515e+04,1.8390267947137043e-01,1.8388667815553009e-01,1.3094901197186895e-01,1.2909944487358055e-01,7.0205980209392405e-01,9.9263212777407217e-01,1.2909944487358055e-01,7.0199871608547426e-01,9.9262348046801974e-01,7.5295500039494168e-13,1.6692610498525925e-34,True,True,True,False,True,True,False,False,False,False,False,The tested recurrent curvature/bilinear history features do not reproduce the local correction.,derive a revised weak-row formula or richer nonlinear recurrent history source law for the coefficient-gradient closure,"This capacity audit tests two-step recurrent curvature and pairwise source/velocity bilinear history features. The feature library is target-free, but the capacity projection still uses the target Jacobian for evaluation, so it is not an accepted full-TFE stage replacement."
cylindrical_smooth,0.01,universal_recurrent_history_capacity_value_full_nonfinal,paper_tfe_lower_pair_velocity_compression_recurrent_history_capacity_gap_not_full_tfe,,universal_recurrent_history_capacity_nonfinal_full_component_value_fit,all_case_h_recurrent_history_capacity_oracle_fit,recurrent_source_curvature_rows_perp,two-step recurrent source-row curvature residualized against local source rows,"0,1",6,24,8,16,24,16,16,16,2.8593953240081743e+02,2,16,4.2386459442869629e-03,True,False,False,False,8,132,24,32,8,5.3477408184262553e+04,1.8390267947137043e-01,1.8388667986011836e-01,8.6435974507005367e-02,1.6230567870842341e-01,8.8263967151883160e-01,9.9734969031887877e-01,1.6229965901267437e-01,8.8253014844158828e-01,9.9734628091110289e-01,4.2933683003147577e-01,6.4630228833806393e-32,True,True,True,False,True,True,False,False,False,False,False,The tested recurrent curvature/bilinear history features do not reproduce the local correction.,derive a revised weak-row formula or richer nonlinear recurrent history source law for the coefficient-gradient closure,"This capacity audit tests two-step recurrent curvature and pairwise source/velocity bilinear history features. The feature library is target-free, but the capacity projection still uses the target Jacobian for evaluation, so it is not an accepted full-TFE stage replacement."
cylindrical_smooth,0.01,universal_recurrent_history_capacity_value_full_nonfinal,paper_tfe_lower_pair_velocity_compression_recurrent_history_capacity_gap_not_full_tfe,,universal_recurrent_history_capacity_nonfinal_full_component_value_fit,all_case_h_recurrent_history_capacity_oracle_fit,active_plus_recurrent_source_curvature_rows_perp,active non-final velocity plus recurrent source-row curvature,"0,1",6,24,8,16,24,16,32,32,1.9417567600830675e+06,2,32,2.9652314515750600e-01,True,False,False,False,8,132,24,30,6,5.8011317670598364e+04,1.8390267947137043e-01,1.8388667986011836e-01,9.5721210153581676e-02,1.5700879260955905e-01,8.5383450682232565e-01,9.9675756462855603e-01,1.5700879260955905e-01,8.5376022285744801e-01,9.9675559995079699e-01,1.0002824053913621e-12,6.4630228833806393e-32,True,True,True,False,True,True,False,False,False,False,False,The tested recurrent curvature/bilinear history features do not reproduce the local correction.,derive a revised weak-row formula or richer nonlinear recurrent history source law for the coefficient-gradient closure,"This capacity audit tests two-step recurrent curvature and pairwise source/velocity bilinear history features. The feature library is target-free, but the capacity projection still uses the target Jacobian for evaluation, so it is not an accepted full-TFE stage replacement."
cylindrical_smooth,0.01,universal_recurrent_history_capacity_value_full_nonfinal,paper_tfe_lower_pair_velocity_compression_recurrent_history_capacity_gap_not_full_tfe,,universal_recurrent_history_capacity_nonfinal_full_component_value_fit,all_case_h_recurrent_history_capacity_oracle_fit,recurrent_velocity_curvature_rows_perp,two-step recurrent non-final velocity-row curvature residualized against local source rows,"0,1",6,24,8,16,24,16,16,16,1.0081768361462053e+02,2,16,1.6572666469014707e-04,False,True,False,False,8,132,24,32,8,1.9589409133258238e+06,1.8390267947137043e-01,1.8388667986011836e-01,6.4300285825425602e-04,1.8388555565161155e-01,9.9999388640597753e-01,9.9999973810495879e-01,1.8388555389784569e-01,9.9990687697659453e-01,9.9999776544165042e-01,9.9970283824575934e-01,6.4630228833806393e-32,True,True,True,False,True,True,False,False,False,False,False,The tested recurrent curvature/bilinear history features do not reproduce the local correction.,derive a revised weak-row formula or richer nonlinear recurrent history source law for the coefficient-gradient closure,"This capacity audit tests two-step recurrent curvature and pairwise source/velocity bilinear history features. The feature library is target-free, but the capacity projection still uses the target Jacobian for evaluation, so it is not an accepted full-TFE stage replacement."
cylindrical_smooth,0.01,universal_recurrent_history_capacity_value_full_nonfinal,paper_tfe_lower_pair_velocity_compression_recurrent_history_capacity_gap_not_full_tfe,,universal_recurrent_history_capacity_nonfinal_full_component_value_fit,all_case_h_recurrent_history_capacity_oracle_fit,active_plus_recurrent_velocity_curvature_rows_perp,active non-final velocity plus recurrent velocity-row curvature,"0,1",6,24,8,16,24,16,32,28,7.5949429604987893e+05,2,32,2.9649289529428141e-01,False,True,False,False,8,132,23,31,8,2.4413611000216465e+12,1.8390267947137043e-01,1.8388667986011836e-01,8.7594631885821073e-04,1.8388459355809048e-01,9.9998865441461304e-01,9.9999972994567587e-01,1.8388459355809048e-01,9.9990165497679562e-01,9.9999775887738585e-01,9.9967324700795435e-01,6.4630228833806393e-32,True,True,True,False,True,True,False,False,False,False,False,The tested recurrent curvature/bilinear history features do not reproduce the local correction.,derive a revised weak-row formula or richer nonlinear recurrent history source law for the coefficient-gradient closure,"This capacity audit tests two-step recurrent curvature and pairwise source/velocity bilinear history features. The feature library is target-free, but the capacity projection still uses the target Jacobian for evaluation, so it is not an accepted full-TFE stage replacement."
cylindrical_smooth,0.01,universal_recurrent_history_capacity_value_full_nonfinal,paper_tfe_lower_pair_velocity_compression_recurrent_history_capacity_gap_not_full_tfe,,universal_recurrent_history_capacity_nonfinal_full_component_value_fit,all_case_h_recurrent_history_capacity_oracle_fit,recurrent_source_velocity_bilinear_rows_perp,target-free pairwise bilinear products of recurrent source/velocity curvature rows,"0,1",6,24,8,16,24,16,256,56,7.4928761032571457e+05,2,256,2.1970362254163436e+00,True,True,True,False,8,132,24,31,7,1.1522612593550148e+04,1.8390267947137043e-01,1.8388667986011836e-01,1.3094901355418895e-01,1.2909944569656770e-01,7.0205980006149971e-01,9.9263210709966343e-01,1.2909944569457399e-01,7.0199872054975643e-01,9.9262349342380640e-01,1.5428709241436416e-06,6.4630228833806393e-32,True,True,True,False,True,True,False,False,False,False,False,The tested recurrent curvature/bilinear history features do not reproduce the local correction.,derive a revised weak-row formula or richer nonlinear recurrent history source law for the coefficient-gradient closure,"This capacity audit tests two-step recurrent curvature and pairwise source/velocity bilinear history features. The feature library is target-free, but the capacity projection still uses the target Jacobian for evaluation, so it is not an accepted full-TFE stage replacement."
cylindrical_smooth,0.01,universal_recurrent_history_capacity_value_full_nonfinal,paper_tfe_lower_pair_velocity_compression_recurrent_history_capacity_gap_not_full_tfe,,universal_recurrent_history_capacity_nonfinal_full_component_value_fit,all_case_h_recurrent_history_capacity_oracle_fit,active_plus_recurrent_source_velocity_bilinear_rows_perp,active non-final velocity plus bilinear recurrent source/velocity curvature rows,"0,1",6,24,8,16,24,16,272,64,7.4491615713143675e+05,2,272,2.2169520033790437e+00,True,True,True,False,8,132,24,28,4,1.1525215929693759e+04,1.8390267947137043e-01,1.8388667986011836e-01,1.3094901436555745e-01,1.2909944487358055e-01,7.0205979558598708e-01,9.9263209411212672e-01,1.2909944487358055e-01,7.0199871608547426e-01,9.9262348046801974e-01,2.1481249527778365e-13,6.4630228833806393e-32,True,True,True,False,True,True,False,False,False,False,False,The tested recurrent curvature/bilinear history features do not reproduce the local correction.,derive a revised weak-row formula or richer nonlinear recurrent history source law for the coefficient-gradient closure,"This capacity audit tests two-step recurrent curvature and pairwise source/velocity bilinear history features. The feature library is target-free, but the capacity projection still uses the target Jacobian for evaluation, so it is not an accepted full-TFE stage replacement."
cylindrical_sharp,0.04,case_local_recurrent_history_capacity_value_scalar_nonfinal,paper_tfe_lower_pair_velocity_compression_recurrent_history_capacity_gap_not_full_tfe,,case_local_recurrent_history_capacity_nonfinal_stage_scalar_value_fit,case_local_recurrent_history_capacity_oracle_fit,recurrent_source_curvature_rows_perp,two-step recurrent source-row curvature residualized against local source rows,"0,1",1,24,8,16,24,16,16,16,6.9946648269488875e+01,2,16,1.7303398908700343e-01,True,False,False,False,8,132,24,32,8,1.4680877722143274e+04,3.7137778489504708e-01,3.6458407253839792e-01,1.6756834508883869e-01,3.2379375483920569e-01,8.8811821258347434e-01,9.9651271032748201e-01,3.2379375483920569e-01,8.7187163047652716e-01,9.9608944523585530e-01,4.3941984207047380e-01,1.1640035118717464e-17,True,True,True,False,True,True,False,False,False,False,False,The tested recurrent curvature/bilinear history features do not reproduce the local correction.,derive a revised weak-row formula or richer nonlinear recurrent history source law for the coefficient-gradient closure,"This capacity audit tests two-step recurrent curvature and pairwise source/velocity bilinear history features. The feature library is target-free, but the capacity projection still uses the target Jacobian for evaluation, so it is not an accepted full-TFE stage replacement."
cylindrical_sharp,0.04,case_local_recurrent_history_capacity_value_scalar_nonfinal,paper_tfe_lower_pair_velocity_compression_recurrent_history_capacity_gap_not_full_tfe,,case_local_recurrent_history_capacity_nonfinal_stage_scalar_value_fit,case_local_recurrent_history_capacity_oracle_fit,active_plus_recurrent_source_curvature_rows_perp,active non-final velocity plus recurrent source-row curvature,"0,1",1,24,8,16,24,16,32,32,4.8002388960780881e+03,2,32,6.1636802454359452e-01,True,False,False,False,8,132,24,30,6,1.3589713373904540e+04,3.7137778489504708e-01,3.6458407253839792e-01,1.8786432194225614e-01,3.1245566483880577e-01,8.5701951449318459e-01,9.9570243734280117e-01,3.1245566483880577e-01,8.4134182912181199e-01,9.9523184489995997e-01,1.0168382814058901e-14,1.1640035118717464e-17,True,True,True,False,True,True,False,False,False,False,False,The tested recurrent curvature/bilinear history features do not reproduce the local correction.,derive a revised weak-row formula or richer nonlinear recurrent history source law for the coefficient-gradient closure,"This capacity audit tests two-step recurrent curvature and pairwise source/velocity bilinear history features. The feature library is target-free, but the capacity projection still uses the target Jacobian for evaluation, so it is not an accepted full-TFE stage replacement."
cylindrical_sharp,0.04,case_local_recurrent_history_capacity_value_scalar_nonfinal,paper_tfe_lower_pair_velocity_compression_recurrent_history_capacity_gap_not_full_tfe,,case_local_recurrent_history_capacity_nonfinal_stage_scalar_value_fit,case_local_recurrent_history_capacity_oracle_fit,recurrent_velocity_curvature_rows_perp,two-step recurrent non-final velocity-row curvature residualized against local source rows,"0,1",1,24,8,16,24,16,16,16,5.8791570329896437e+01,2,16,7.9530047029550896e-03,False,True,False,False,8,132,24,32,8,2.2635056231613022e+08,3.7137778489504708e-01,3.6458407253839792e-01,2.7560311440948018e-02,3.6354088515868715e-01,9.9713869184562121e-01,9.9993553891381282e-01,3.6354088501303178e-01,9.7889776879295554e-01,9.9951081998834446e-01,9.3139262218235985e-01,1.1640035118717464e-17,True,True,True,False,True,True,False,False,False,False,False,The tested recurrent curvature/bilinear history features do not reproduce the local correction.,derive a revised weak-row formula or richer nonlinear recurrent history source law for the coefficient-gradient closure,"This capacity audit tests two-step recurrent curvature and pairwise source/velocity bilinear history features. The feature library is target-free, but the capacity projection still uses the target Jacobian for evaluation, so it is not an accepted full-TFE stage replacement."
cylindrical_sharp,0.04,case_local_recurrent_history_capacity_value_scalar_nonfinal,paper_tfe_lower_pair_velocity_compression_recurrent_history_capacity_gap_not_full_tfe,,case_local_recurrent_history_capacity_nonfinal_stage_scalar_value_fit,case_local_recurrent_history_capacity_oracle_fit,active_plus_recurrent_velocity_curvature_rows_perp,active non-final velocity plus recurrent velocity-row curvature,"0,1",1,24,8,16,24,16,32,28,1.6044688028509418e+04,2,32,5.9163504847517023e-01,False,True,False,False,8,132,24,32,8,2.2493111827756950e+08,3.7137778489504708e-01,3.6458407253839792e-01,2.9524942713600906e-02,3.6338660364196473e-01,9.9671552054346235e-01,9.9993482334075945e-01,3.6338660364196473e-01,9.7848233906790982e-01,9.9951010471927504e-01,9.2916434367225287e-01,1.1640035118717464e-17,True,True,True,False,True,True,False,False,False,False,False,The tested recurrent curvature/bilinear history features do not reproduce the local correction.,derive a revised weak-row formula or richer nonlinear recurrent history source law for the coefficient-gradient closure,"This capacity audit tests two-step recurrent curvature and pairwise source/velocity bilinear history features. The feature library is target-free, but the capacity projection still uses the target Jacobian for evaluation, so it is not an accepted full-TFE stage replacement."
cylindrical_sharp,0.04,case_local_recurrent_history_capacity_value_scalar_nonfinal,paper_tfe_lower_pair_velocity_compression_recurrent_history_capacity_gap_not_full_tfe,,case_local_recurrent_history_capacity_nonfinal_stage_scalar_value_fit,case_local_recurrent_history_capacity_oracle_fit,recurrent_source_velocity_bilinear_rows_perp,target-free pairwise bilinear products of recurrent source/velocity curvature rows,"0,1",1,24,8,16,24,16,256,56,4.1509763892103729e+03,2,256,2.5553598961077997e+00,True,True,True,False,8,132,24,28,4,8.6529322206005884e+02,3.7137778489504708e-01,3.6458407253839792e-01,2.5740023170544601e-01,2.5819888974716110e-01,7.0820123311878258e-01,9.9213015521046355e-01,2.5819888974716110e-01,6.9524592005450514e-01,9.9023103246073607e-01,6.9698578750502800e-15,1.1640035118717464e-17,True,True,True,False,True,True,False,False,False,False,False,The tested recurrent curvature/bilinear history features do not reproduce the local correction.,derive a revised weak-row formula or richer nonlinear recurrent history source law for the coefficient-gradient closure,"This capacity audit tests two-step recurrent curvature and pairwise source/velocity bilinear history features. The feature library is target-free, but the capacity projection still uses the target Jacobian for evaluation, so it is not an accepted full-TFE stage replacement."
cylindrical_sharp,0.04,case_local_recurrent_history_capacity_value_scalar_nonfinal,paper_tfe_lower_pair_velocity_compression_recurrent_history_capacity_gap_not_full_tfe,,case_local_recurrent_history_capacity_nonfinal_stage_scalar_value_fit,case_local_recurrent_history_capacity_oracle_fit,active_plus_recurrent_source_velocity_bilinear_rows_perp,active non-final velocity plus bilinear recurrent source/velocity curvature rows,"0,1",1,24,8,16,24,16,272,64,4.0674886609129721e+03,2,272,2.6229435714358167e+00,True,True,True,False,8,132,24,28,4,8.6529322205962012e+02,3.7137778489504708e-01,3.6458407253839792e-01,2.5740023170544646e-01,2.5819888974716110e-01,7.0820123311878258e-01,9.9213015521046355e-01,2.5819888974716110e-01,6.9524592005450514e-01,9.9023103246073607e-01,5.8718813218936669e-15,1.1640035118717464e-17,True,True,True,False,True,True,False,False,False,False,False,The tested recurrent curvature/bilinear history features do not reproduce the local correction.,derive a revised weak-row formula or richer nonlinear recurrent history source law for the coefficient-gradient closure,"This capacity audit tests two-step recurrent curvature and pairwise source/velocity bilinear history features. The feature library is target-free, but the capacity projection still uses the target Jacobian for evaluation, so it is not an accepted full-TFE stage replacement."
cylindrical_sharp,0.04,universal_recurrent_history_capacity_value_scalar_nonfinal,paper_tfe_lower_pair_velocity_compression_recurrent_history_capacity_gap_not_full_tfe,,universal_recurrent_history_capacity_nonfinal_stage_scalar_value_fit,all_case_h_recurrent_history_capacity_oracle_fit,recurrent_source_curvature_rows_perp,two-step recurrent source-row curvature residualized against local source rows,"0,1",6,24,8,16,24,16,16,16,6.9946648269488875e+01,2,16,1.7303398908700343e-01,True,False,False,False,8,132,24,32,8,1.4680877722168254e+04,3.7137778489504708e-01,3.6458407253007830e-01,1.6756834527891490e-01,3.2379375473147048e-01,8.8811821230823895e-01,9.9651271032160127e-01,3.2379375473147048e-01,8.7187163018643121e-01,9.9608944522946585e-01,4.3941983996713069e-01,1.1858915487241241e-17,True,True,True,False,True,True,False,False,False,False,False,The tested recurrent curvature/bilinear history features do not reproduce the local correction.,derive a revised weak-row formula or richer nonlinear recurrent history source law for the coefficient-gradient closure,"This capacity audit tests two-step recurrent curvature and pairwise source/velocity bilinear history features. The feature library is target-free, but the capacity projection still uses the target Jacobian for evaluation, so it is not an accepted full-TFE stage replacement."
cylindrical_sharp,0.04,universal_recurrent_history_capacity_value_scalar_nonfinal,paper_tfe_lower_pair_velocity_compression_recurrent_history_capacity_gap_not_full_tfe,,universal_recurrent_history_capacity_nonfinal_stage_scalar_value_fit,all_case_h_recurrent_history_capacity_oracle_fit,active_plus_recurrent_source_curvature_rows_perp,active non-final velocity plus recurrent source-row curvature,"0,1",6,24,8,16,24,16,32,32,4.8002388960780881e+03,2,32,6.1636802454359452e-01,True,False,False,False,8,132,24,30,6,1.3589713373904317e+04,3.7137778489504708e-01,3.6458407253007830e-01,1.8786432192611024e-01,3.1245566483880577e-01,8.5701951451274128e-01,9.9570243734514607e-01,3.1245566483880577e-01,8.4134182912181199e-01,9.9523184489995997e-01,1.1551230493753570e-14,1.1858915487241241e-17,True,True,True,False,True,True,False,False,False,False,False,The tested recurrent curvature/bilinear history features do not reproduce the local correction.,derive a revised weak-row formula or richer nonlinear recurrent history source law for the coefficient-gradient closure,"This capacity audit tests two-step recurrent curvature and pairwise source/velocity bilinear history features. The feature library is target-free, but the capacity projection still uses the target Jacobian for evaluation, so it is not an accepted full-TFE stage replacement."
cylindrical_sharp,0.04,universal_recurrent_history_capacity_value_scalar_nonfinal,paper_tfe_lower_pair_velocity_compression_recurrent_history_capacity_gap_not_full_tfe,,universal_recurrent_history_capacity_nonfinal_stage_scalar_value_fit,all_case_h_recurrent_history_capacity_oracle_fit,recurrent_velocity_curvature_rows_perp,two-step recurrent non-final velocity-row curvature residualized against local source rows,"0,1",6,24,8,16,24,16,16,16,5.8791570329896437e+01,2,16,7.9530047029550896e-03,False,True,False,False,8,132,24,32,8,2.2643047792976871e+08,3.7137778489504708e-01,3.6458407253007830e-01,2.7560311379956150e-02,3.6354088515496741e-01,9.9713869185817261e-01,9.9993553891432596e-01,3.6354088515128219e-01,9.7889776916521909e-01,9.9951081998839020e-01,9.3139262423175295e-01,1.1858915487241241e-17,True,True,True,False,True,True,False,False,False,False,False,The tested recurrent curvature/bilinear history features do not reproduce the local correction.,derive a revised weak-row formula or richer nonlinear recurrent history source law for the coefficient-gradient closure,"This capacity audit tests two-step recurrent curvature and pairwise source/velocity bilinear history features. The feature library is target-free, but the capacity projection still uses the target Jacobian for evaluation, so it is not an accepted full-TFE stage replacement."
cylindrical_sharp,0.04,universal_recurrent_history_capacity_value_scalar_nonfinal,paper_tfe_lower_pair_velocity_compression_recurrent_history_capacity_gap_not_full_tfe,,universal_recurrent_history_capacity_nonfinal_stage_scalar_value_fit,all_case_h_recurrent_history_capacity_oracle_fit,active_plus_recurrent_velocity_curvature_rows_perp,active non-final velocity plus recurrent velocity-row curvature,"0,1",6,24,8,16,24,16,32,28,1.6044688028509418e+04,2,32,5.9163504847517023e-01,False,True,False,False,8,132,24,32,8,2.2493111832327992e+08,3.7137778489504708e-01,3.6458407253007830e-01,2.9524942610866505e-02,3.6338660364196473e-01,9.9671552056620694e-01,9.9993482334127259e-01,3.6338660364196473e-01,9.7848233906790982e-01,9.9951010471927504e-01,9.2916434367225287e-01,1.1858915487241241e-17,True,True,True,False,True,True,False,False,False,False,False,The tested recurrent curvature/bilinear history features do not reproduce the local correction.,derive a revised weak-row formula or richer nonlinear recurrent history source law for the coefficient-gradient closure,"This capacity audit tests two-step recurrent curvature and pairwise source/velocity bilinear history features. The feature library is target-free, but the capacity projection still uses the target Jacobian for evaluation, so it is not an accepted full-TFE stage replacement."
cylindrical_sharp,0.04,universal_recurrent_history_capacity_value_scalar_nonfinal,paper_tfe_lower_pair_velocity_compression_recurrent_history_capacity_gap_not_full_tfe,,universal_recurrent_history_capacity_nonfinal_stage_scalar_value_fit,all_case_h_recurrent_history_capacity_oracle_fit,recurrent_source_velocity_bilinear_rows_perp,target-free pairwise bilinear products of recurrent source/velocity curvature rows,"0,1",6,24,8,16,24,16,256,56,4.1509763892103729e+03,2,256,2.5553598961077997e+00,True,True,True,False,8,132,24,28,4,8.6529322206015649e+02,3.7137778489504708e-01,3.6458407253007830e-01,2.5740023169366105e-01,2.5819888974716110e-01,7.0820123313494343e-01,9.9213015521280012e-01,2.5819888974716110e-01,6.9524592005450514e-01,9.9023103246073607e-01,5.1967281884963971e-15,1.1858915487241241e-17,True,True,True,False,True,True,False,False,False,False,False,The tested recurrent curvature/bilinear history features do not reproduce the local correction.,derive a revised weak-row formula or richer nonlinear recurrent history source law for the coefficient-gradient closure,"This capacity audit tests two-step recurrent curvature and pairwise source/velocity bilinear history features. The feature library is target-free, but the capacity projection still uses the target Jacobian for evaluation, so it is not an accepted full-TFE stage replacement."
cylindrical_sharp,0.04,universal_recurrent_history_capacity_value_scalar_nonfinal,paper_tfe_lower_pair_velocity_compression_recurrent_history_capacity_gap_not_full_tfe,,universal_recurrent_history_capacity_nonfinal_stage_scalar_value_fit,all_case_h_recurrent_history_capacity_oracle_fit,active_plus_recurrent_source_velocity_bilinear_rows_perp,active non-final velocity plus bilinear recurrent source/velocity curvature rows,"0,1",6,24,8,16,24,16,272,64,4.0674886609129721e+03,2,272,2.6229435714358167e+00,True,True,True,False,8,132,24,28,4,8.6529322205960727e+02,3.7137778489504708e-01,3.6458407253007830e-01,2.5740023169366172e-01,2.5819888974716110e-01,7.0820123313494343e-01,9.9213015521280012e-01,2.5819888974716110e-01,6.9524592005450514e-01,9.9023103246073607e-01,5.2754508317948179e-15,1.1858915487241241e-17,True,True,True,False,True,True,False,False,False,False,False,The tested recurrent curvature/bilinear history features do not reproduce the local correction.,derive a revised weak-row formula or richer nonlinear recurrent history source law for the coefficient-gradient closure,"This capacity audit tests two-step recurrent curvature and pairwise source/velocity bilinear history features. The feature library is target-free, but the capacity projection still uses the target Jacobian for evaluation, so it is not an accepted full-TFE stage replacement."
cylindrical_sharp,0.04,case_local_recurrent_history_capacity_value_component_nonfinal,paper_tfe_lower_pair_velocity_compression_recurrent_history_capacity_gap_not_full_tfe,,case_local_recurrent_history_capacity_nonfinal_component_diagonal_value_fit,case_local_recurrent_history_capacity_oracle_fit,recurrent_source_curvature_rows_perp,two-step recurrent source-row curvature residualized against local source rows,"0,1",1,24,8,16,24,16,16,16,6.9946648269488875e+01,2,16,1.7303398908700343e-01,True,False,False,False,8,132,24,32,8,4.0611616672204918e+03,3.7137778489504708e-01,3.6654316047024932e-01,1.7250398775470874e-01,3.2341345472358163e-01,8.8233389571002963e-01,9.9651271032001398e-01,3.1834750374868115e-01,8.5720664158371096e-01,9.9555433472568011e-01,1.2398930892746331e-01,4.6444969609303800e-33,True,True,True,False,True,True,False,False,False,False,False,The tested recurrent curvature/bilinear history features do not reproduce the local correction.,derive a revised weak-row formula or richer nonlinear recurrent history source law for the coefficient-gradient closure,"This capacity audit tests two-step recurrent curvature and pairwise source/velocity bilinear history features. The feature library is target-free, but the capacity projection still uses the target Jacobian for evaluation, so it is not an accepted full-TFE stage replacement."
cylindrical_sharp,0.04,case_local_recurrent_history_capacity_value_component_nonfinal,paper_tfe_lower_pair_velocity_compression_recurrent_history_capacity_gap_not_full_tfe,,case_local_recurrent_history_capacity_nonfinal_component_diagonal_value_fit,case_local_recurrent_history_capacity_oracle_fit,active_plus_recurrent_source_curvature_rows_perp,active non-final velocity plus recurrent source-row curvature,"0,1",1,24,8,16,24,16,32,32,4.8002388960780881e+03,2,32,6.1636802454359452e-01,True,False,False,False,8,132,24,30,6,1.3589723822979318e+04,3.7137778489504708e-01,3.6654316047024932e-01,1.9163858170436029e-01,3.1245566483880577e-01,8.5243894453779179e-01,9.9570243734522335e-01,3.1245566483880577e-01,8.4134182912181199e-01,9.9523184489995997e-01,1.1370572564135858e-14,4.6444969609303800e-33,True,True,True,False,True,True,False,False,False,False,False,The tested recurrent curvature/bilinear history features do not reproduce the local correction.,derive a revised weak-row formula or richer nonlinear recurrent history source law for the coefficient-gradient closure,"This capacity audit tests two-step recurrent curvature and pairwise source/velocity bilinear history features. The feature library is target-free, but the capacity projection still uses the target Jacobian for evaluation, so it is not an accepted full-TFE stage replacement."
cylindrical_sharp,0.04,case_local_recurrent_history_capacity_value_component_nonfinal,paper_tfe_lower_pair_velocity_compression_recurrent_history_capacity_gap_not_full_tfe,,case_local_recurrent_history_capacity_nonfinal_component_diagonal_value_fit,case_local_recurrent_history_capacity_oracle_fit,recurrent_velocity_curvature_rows_perp,two-step recurrent non-final velocity-row curvature residualized against local source rows,"0,1",1,24,8,16,24,16,16,16,5.8791570329896437e+01,2,16,7.9530047029550896e-03,False,True,False,False,8,132,24,32,8,2.2643223980076128e+08,3.7137778489504708e-01,3.6654316047024932e-01,4.6817873817659068e-02,3.6354088515421851e-01,9.9180921746792627e-01,9.9993553891444598e-01,3.6354088483382013e-01,9.7889776831039665e-01,9.9951081998836311e-01,9.3139261940563967e-01,4.6444969609303800e-33,True,True,True,False,True,True,False,False,False,False,False,The tested recurrent curvature/bilinear history features do not reproduce the local correction.,derive a revised weak-row formula or richer nonlinear recurrent history source law for the coefficient-gradient closure,"This capacity audit tests two-step recurrent curvature and pairwise source/velocity bilinear history features. The feature library is target-free, but the capacity projection still uses the target Jacobian for evaluation, so it is not an accepted full-TFE stage replacement."
cylindrical_sharp,0.04,case_local_recurrent_history_capacity_value_component_nonfinal,paper_tfe_lower_pair_velocity_compression_recurrent_history_capacity_gap_not_full_tfe,,case_local_recurrent_history_capacity_nonfinal_component_diagonal_value_fit,case_local_recurrent_history_capacity_oracle_fit,active_plus_recurrent_velocity_curvature_rows_perp,active non-final velocity plus recurrent velocity-row curvature,"0,1",1,24,8,16,24,16,32,28,1.6044688028509418e+04,2,32,5.9163504847517023e-01,False,True,False,False,8,132,24,32,8,2.2493173149428728e+08,3.7137778489504708e-01,3.6654316047024932e-01,4.8000674798137077e-02,3.6338660364196473e-01,9.9138830793013588e-01,9.9993482334139261e-01,3.6338660364196473e-01,9.7848233906790982e-01,9.9951010471927493e-01,9.2916434367225287e-01,4.6444969609303800e-33,True,True,True,False,True,True,False,False,False,False,False,The tested recurrent curvature/bilinear history features do not reproduce the local correction.,derive a revised weak-row formula or richer nonlinear recurrent history source law for the coefficient-gradient closure,"This capacity audit tests two-step recurrent curvature and pairwise source/velocity bilinear history features. The feature library is target-free, but the capacity projection still uses the target Jacobian for evaluation, so it is not an accepted full-TFE stage replacement."
cylindrical_sharp,0.04,case_local_recurrent_history_capacity_value_component_nonfinal,paper_tfe_lower_pair_velocity_compression_recurrent_history_capacity_gap_not_full_tfe,,case_local_recurrent_history_capacity_nonfinal_component_diagonal_value_fit,case_local_recurrent_history_capacity_oracle_fit,recurrent_source_velocity_bilinear_rows_perp,target-free pairwise bilinear products of recurrent source/velocity curvature rows,"0,1",1,24,8,16,24,16,256,56,4.1509763892103729e+03,2,256,2.5553598961077997e+00,True,True,True,False,8,132,24,28,4,8.6529372712092879e+02,3.7137778489504708e-01,3.6654316047024932e-01,2.6016768020038977e-01,2.5819888974716110e-01,7.0441606226101705e-01,9.9213015521287706e-01,2.5819888974716110e-01,6.9524592005450514e-01,9.9023103246073607e-01,5.3990159731551019e-15,4.6444969609303800e-33,True,True,True,False,True,True,False,False,False,False,False,The tested recurrent curvature/bilinear history features do not reproduce the local correction.,derive a revised weak-row formula or richer nonlinear recurrent history source law for the coefficient-gradient closure,"This capacity audit tests two-step recurrent curvature and pairwise source/velocity bilinear history features. The feature library is target-free, but the capacity projection still uses the target Jacobian for evaluation, so it is not an accepted full-TFE stage replacement."
cylindrical_sharp,0.04,case_local_recurrent_history_capacity_value_component_nonfinal,paper_tfe_lower_pair_velocity_compression_recurrent_history_capacity_gap_not_full_tfe,,case_local_recurrent_history_capacity_nonfinal_component_diagonal_value_fit,case_local_recurrent_history_capacity_oracle_fit,active_plus_recurrent_source_velocity_bilinear_rows_perp,active non-final velocity plus bilinear recurrent source/velocity curvature rows,"0,1",1,24,8,16,24,16,272,64,4.0674886609129721e+03,2,272,2.6229435714358167e+00,True,True,True,False,8,132,24,28,4,8.6529372712138297e+02,3.7137778489504708e-01,3.6654316047024932e-01,2.6016768020039122e-01,2.5819888974716110e-01,7.0441606226101705e-01,9.9213015521287706e-01,2.5819888974716110e-01,6.9524592005450514e-01,9.9023103246073607e-01,6.7557533281037136e-15,4.6444969609303800e-33,True,True,True,False,True,True,False,False,False,False,False,The tested recurrent curvature/bilinear history features do not reproduce the local correction.,derive a revised weak-row formula or richer nonlinear recurrent history source law for the coefficient-gradient closure,"This capacity audit tests two-step recurrent curvature and pairwise source/velocity bilinear history features. The feature library is target-free, but the capacity projection still uses the target Jacobian for evaluation, so it is not an accepted full-TFE stage replacement."
cylindrical_sharp,0.04,universal_recurrent_history_capacity_value_component_nonfinal,paper_tfe_lower_pair_velocity_compression_recurrent_history_capacity_gap_not_full_tfe,,universal_recurrent_history_capacity_nonfinal_component_diagonal_value_fit,all_case_h_recurrent_history_capacity_oracle_fit,recurrent_source_curvature_rows_perp,two-step recurrent source-row curvature residualized against local source rows,"0,1",6,24,8,16,24,16,16,16,6.9946648269488875e+01,2,16,1.7303398908700343e-01,True,False,False,False,8,132,24,32,8,6.4393685526511608e+03,3.7137778489504708e-01,3.6492988180991714e-01,1.7002120370553728e-01,3.2290340495002562e-01,8.8483684413165686e-01,9.9651271032296163e-01,3.1981338205071891e-01,8.6115377671580307e-01,9.9563365472141330e-01,2.0048350321640743e-01,4.0313416495214741e-19,True,True,True,False,True,True,False,False,False,False,False,The tested recurrent curvature/bilinear history features do not reproduce the local correction.,derive a revised weak-row formula or richer nonlinear recurrent history source law for the coefficient-gradient closure,"This capacity audit tests two-step recurrent curvature and pairwise source/velocity bilinear history features. The feature library is target-free, but the capacity projection still uses the target Jacobian for evaluation, so it is not an accepted full-TFE stage replacement."
cylindrical_sharp,0.04,universal_recurrent_history_capacity_value_component_nonfinal,paper_tfe_lower_pair_velocity_compression_recurrent_history_capacity_gap_not_full_tfe,,universal_recurrent_history_capacity_nonfinal_component_diagonal_value_fit,all_case_h_recurrent_history_capacity_oracle_fit,active_plus_recurrent_source_curvature_rows_perp,active non-final velocity plus recurrent source-row curvature,"0,1",6,24,8,16,24,16,32,32,4.8002388960780881e+03,2,32,6.1636802454359452e-01,True,False,False,False,8,132,24,30,6,1.3589714201615909e+04,3.7137778489504708e-01,3.6492988180991714e-01,1.8853454895042432e-01,3.1245566483880577e-01,8.5620739877244723e-01,9.9570243734430408e-01,3.1245566483880577e-01,8.4134182912181199e-01,9.9523184489995997e-01,1.0091918763083584e-14,4.0313416495214741e-19,True,True,True,False,True,True,False,False,False,False,False,The tested recurrent curvature/bilinear history features do not reproduce the local correction.,derive a revised weak-row formula or richer nonlinear recurrent history source law for the coefficient-gradient closure,"This capacity audit tests two-step recurrent curvature and pairwise source/velocity bilinear history features. The feature library is target-free, but the capacity projection still uses the target Jacobian for evaluation, so it is not an accepted full-TFE stage replacement."
cylindrical_sharp,0.04,universal_recurrent_history_capacity_value_component_nonfinal,paper_tfe_lower_pair_velocity_compression_recurrent_history_capacity_gap_not_full_tfe,,universal_recurrent_history_capacity_nonfinal_component_diagonal_value_fit,all_case_h_recurrent_history_capacity_oracle_fit,recurrent_velocity_curvature_rows_perp,two-step recurrent non-final velocity-row curvature residualized against local source rows,"0,1",6,24,8,16,24,16,16,16,5.8791570329896437e+01,2,16,7.9530047029550896e-03,False,True,False,False,8,132,24,32,8,2.2634140917178398e+08,3.7137778489504708e-01,3.6492988180991714e-01,3.1809486986248192e-02,3.6354088514976113e-01,9.9619379850927225e-01,9.9993553891420439e-01,3.6354086784674483e-01,9.7889772256970886e-01,9.9951081998727209e-01,9.3139236143704962e-01,4.0313416495214741e-19,True,True,True,False,True,True,False,False,False,False,False,The tested recurrent curvature/bilinear history features do not reproduce the local correction.,derive a revised weak-row formula or richer nonlinear recurrent history source law for the coefficient-gradient closure,"This capacity audit tests two-step recurrent curvature and pairwise source/velocity bilinear history features. The feature library is target-free, but the capacity projection still uses the target Jacobian for evaluation, so it is not an accepted full-TFE stage replacement."
cylindrical_sharp,0.04,universal_recurrent_history_capacity_value_component_nonfinal,paper_tfe_lower_pair_velocity_compression_recurrent_history_capacity_gap_not_full_tfe,,universal_recurrent_history_capacity_nonfinal_component_diagonal_value_fit,all_case_h_recurrent_history_capacity_oracle_fit,active_plus_recurrent_velocity_curvature_rows_perp,active non-final velocity plus recurrent velocity-row curvature,"0,1",6,24,8,16,24,16,32,28,1.6044688028509418e+04,2,32,5.9163504847517023e-01,False,True,False,False,8,132,24,32,8,2.2493118393071473e+08,3.7137778489504708e-01,3.6492988180991714e-01,3.3526033635932560e-02,3.6338660364196473e-01,9.9577102823068830e-01,9.9993482334115091e-01,3.6338660364196473e-01,9.7848233906790982e-01,9.9951010471927493e-01,9.2916434367225287e-01,4.0313416495214741e-19,True,True,True,False,True,True,False,False,False,False,False,The tested recurrent curvature/bilinear history features do not reproduce the local correction.,derive a revised weak-row formula or richer nonlinear recurrent history source law for the coefficient-gradient closure,"This capacity audit tests two-step recurrent curvature and pairwise source/velocity bilinear history features. The feature library is target-free, but the capacity projection still uses the target Jacobian for evaluation, so it is not an accepted full-TFE stage replacement."
cylindrical_sharp,0.04,universal_recurrent_history_capacity_value_component_nonfinal,paper_tfe_lower_pair_velocity_compression_recurrent_history_capacity_gap_not_full_tfe,,universal_recurrent_history_capacity_nonfinal_component_diagonal_value_fit,all_case_h_recurrent_history_capacity_oracle_fit,recurrent_source_velocity_bilinear_rows_perp,target-free pairwise bilinear products of recurrent source/velocity curvature rows,"0,1",6,24,8,16,24,16,256,56,4.1509763892103729e+03,2,256,2.5553598961077997e+00,True,True,True,False,8,132,24,28,4,8.6529331986066632e+02,3.7137778489504708e-01,3.6492988180991714e-01,2.5788980586896648e-01,2.5819888974716138e-01,7.0753013830106337e-01,9.9213015521196113e-01,2.5819888974716138e-01,6.9524592005450581e-01,9.9023103246073607e-01,7.4440947149521443e-15,4.0313416495214741e-19,True,True,True,False,True,True,False,False,False,False,False,The tested recurrent curvature/bilinear history features do not reproduce the local correction.,derive a revised weak-row formula or richer nonlinear recurrent history source law for the coefficient-gradient closure,"This capacity audit tests two-step recurrent curvature and pairwise source/velocity bilinear history features. The feature library is target-free, but the capacity projection still uses the target Jacobian for evaluation, so it is not an accepted full-TFE stage replacement."
cylindrical_sharp,0.04,universal_recurrent_history_capacity_value_component_nonfinal,paper_tfe_lower_pair_velocity_compression_recurrent_history_capacity_gap_not_full_tfe,,universal_recurrent_history_capacity_nonfinal_component_diagonal_value_fit,all_case_h_recurrent_history_capacity_oracle_fit,active_plus_recurrent_source_velocity_bilinear_rows_perp,active non-final velocity plus bilinear recurrent source/velocity curvature rows,"0,1",6,24,8,16,24,16,272,64,4.0674886609129721e+03,2,272,2.6229435714358167e+00,True,True,True,False,8,132,24,28,4,8.6529331986161753e+02,3.7137778489504708e-01,3.6492988180991714e-01,2.5788980586896726e-01,2.5819888974716110e-01,7.0753013830106259e-01,9.9213015521196113e-01,2.5819888974716110e-01,6.9524592005450514e-01,9.9023103246073607e-01,7.6157436972619958e-15,4.0313416495214741e-19,True,True,True,False,True,True,False,False,False,False,False,The tested recurrent curvature/bilinear history features do not reproduce the local correction.,derive a revised weak-row formula or richer nonlinear recurrent history source law for the coefficient-gradient closure,"This capacity audit tests two-step recurrent curvature and pairwise source/velocity bilinear history features. The feature library is target-free, but the capacity projection still uses the target Jacobian for evaluation, so it is not an accepted full-TFE stage replacement."
cylindrical_sharp,0.04,case_local_recurrent_history_capacity_value_full_nonfinal,paper_tfe_lower_pair_velocity_compression_recurrent_history_capacity_gap_not_full_tfe,,case_local_recurrent_history_capacity_nonfinal_full_component_value_fit,case_local_recurrent_history_capacity_oracle_fit,recurrent_source_curvature_rows_perp,two-step recurrent source-row curvature residualized against local source rows,"0,1",1,24,8,16,24,16,16,16,6.9946648269488875e+01,2,16,1.7303398908700343e-01,True,False,False,False,8,132,24,32,8,1.4680877722170653e+04,3.7137778489504708e-01,3.6458407252842701e-01,1.6756834531406181e-01,3.2379375471142219e-01,8.8811821225727205e-01,9.9651271032039679e-01,3.2379375471142219e-01,8.7187163013244762e-01,9.9608944522815235e-01,4.3941983959320191e-01,1.5997975634355494e-33,True,True,True,False,True,True,False,False,False,False,False,The tested recurrent curvature/bilinear history features do not reproduce the local correction.,derive a revised weak-row formula or richer nonlinear recurrent history source law for the coefficient-gradient closure,"This capacity audit tests two-step recurrent curvature and pairwise source/velocity bilinear history features. The feature library is target-free, but the capacity projection still uses the target Jacobian for evaluation, so it is not an accepted full-TFE stage replacement."
cylindrical_sharp,0.04,case_local_recurrent_history_capacity_value_full_nonfinal,paper_tfe_lower_pair_velocity_compression_recurrent_history_capacity_gap_not_full_tfe,,case_local_recurrent_history_capacity_nonfinal_full_component_value_fit,case_local_recurrent_history_capacity_oracle_fit,active_plus_recurrent_source_curvature_rows_perp,active non-final velocity plus recurrent source-row curvature,"0,1",1,24,8,16,24,16,32,32,4.8002388960780881e+03,2,32,6.1636802454359452e-01,True,False,False,False,8,132,24,30,6,1.3589713373902920e+04,3.7137778489504708e-01,3.6458407252842701e-01,1.8786432192290584e-01,3.1245566483880577e-01,8.5701951451662295e-01,9.9570243734551189e-01,3.1245566483880577e-01,8.4134182912181199e-01,9.9523184489995997e-01,1.1392373117883874e-14,1.5997975634355494e-33,True,True,True,False,True,True,False,False,False,False,False,The tested recurrent curvature/bilinear history features do not reproduce the local correction.,derive a revised weak-row formula or richer nonlinear recurrent history source law for the coefficient-gradient closure,"This capacity audit tests two-step recurrent curvature and pairwise source/velocity bilinear history features. The feature library is target-free, but the capacity projection still uses the target Jacobian for evaluation, so it is not an accepted full-TFE stage replacement."
cylindrical_sharp,0.04,case_local_recurrent_history_capacity_value_full_nonfinal,paper_tfe_lower_pair_velocity_compression_recurrent_history_capacity_gap_not_full_tfe,,case_local_recurrent_history_capacity_nonfinal_full_component_value_fit,case_local_recurrent_history_capacity_oracle_fit,recurrent_velocity_curvature_rows_perp,two-step recurrent non-final velocity-row curvature residualized against local source rows,"0,1",1,24,8,16,24,16,16,16,5.8791570329896437e+01,2,16,7.9530047029550896e-03,False,True,False,False,8,132,24,32,8,2.2643237796372652e+08,3.7137778489504708e-01,3.6458407252842701e-01,2.7560311368138930e-02,3.6354088515420735e-01,9.9713869186060422e-01,9.9993553891442599e-01,3.6354088514963773e-01,9.7889776916079108e-01,9.9951081998834579e-01,9.3139262420910485e-01,1.5997975634355494e-33,True,True,True,False,True,True,False,False,False,False,False,The tested recurrent curvature/bilinear history features do not reproduce the local correction.,derive a revised weak-row formula or richer nonlinear recurrent history source law for the coefficient-gradient closure,"This capacity audit tests two-step recurrent curvature and pairwise source/velocity bilinear history features. The feature library is target-free, but the capacity projection still uses the target Jacobian for evaluation, so it is not an accepted full-TFE stage replacement."
cylindrical_sharp,0.04,case_local_recurrent_history_capacity_value_full_nonfinal,paper_tfe_lower_pair_velocity_compression_recurrent_history_capacity_gap_not_full_tfe,,case_local_recurrent_history_capacity_nonfinal_full_component_value_fit,case_local_recurrent_history_capacity_oracle_fit,active_plus_recurrent_velocity_curvature_rows_perp,active non-final velocity plus recurrent velocity-row curvature,"0,1",1,24,8,16,24,16,32,28,1.6044688028509418e+04,2,32,5.9163504847517023e-01,False,True,False,False,8,132,24,32,8,2.2493111838526073e+08,3.7137778489504708e-01,3.6458407252842701e-01,2.9524942590476402e-02,3.6338660364196473e-01,9.9671552057072133e-01,9.9993482334138262e-01,3.6338660364196473e-01,9.7848233906790982e-01,9.9951010471927493e-01,9.2916434367225287e-01,1.5997975634355494e-33,True,True,True,False,True,True,False,False,False,False,False,The tested recurrent curvature/bilinear history features do not reproduce the local correction.,derive a revised weak-row formula or richer nonlinear recurrent history source law for the coefficient-gradient closure,"This capacity audit tests two-step recurrent curvature and pairwise source/velocity bilinear history features. The feature library is target-free, but the capacity projection still uses the target Jacobian for evaluation, so it is not an accepted full-TFE stage replacement."
cylindrical_sharp,0.04,case_local_recurrent_history_capacity_value_full_nonfinal,paper_tfe_lower_pair_velocity_compression_recurrent_history_capacity_gap_not_full_tfe,,case_local_recurrent_history_capacity_nonfinal_full_component_value_fit,case_local_recurrent_history_capacity_oracle_fit,recurrent_source_velocity_bilinear_rows_perp,target-free pairwise bilinear products of recurrent source/velocity curvature rows,"0,1",1,24,8,16,24,16,256,56,4.1509763892103729e+03,2,256,2.5553598961077997e+00,True,True,True,False,8,132,24,28,4,8.6529322206024756e+02,3.7137778489504708e-01,3.6458407252842701e-01,2.5740023169132165e-01,2.5819888974716110e-01,7.0820123313815098e-01,9.9213015521316472e-01,2.5819888974716110e-01,6.9524592005450514e-01,9.9023103246073607e-01,1.0817163957135580e-12,1.5997975634355494e-33,True,True,True,False,True,True,False,False,False,False,False,The tested recurrent curvature/bilinear history features do not reproduce the local correction.,derive a revised weak-row formula or richer nonlinear recurrent history source law for the coefficient-gradient closure,"This capacity audit tests two-step recurrent curvature and pairwise source/velocity bilinear history features. The feature library is target-free, but the capacity projection still uses the target Jacobian for evaluation, so it is not an accepted full-TFE stage replacement."
cylindrical_sharp,0.04,case_local_recurrent_history_capacity_value_full_nonfinal,paper_tfe_lower_pair_velocity_compression_recurrent_history_capacity_gap_not_full_tfe,,case_local_recurrent_history_capacity_nonfinal_full_component_value_fit,case_local_recurrent_history_capacity_oracle_fit,active_plus_recurrent_source_velocity_bilinear_rows_perp,active non-final velocity plus bilinear recurrent source/velocity curvature rows,"0,1",1,24,8,16,24,16,272,64,4.0674886609129721e+03,2,272,2.6229435714358167e+00,True,True,True,False,8,132,24,28,4,8.6529322206009067e+02,3.7137778489504708e-01,3.6458407252842701e-01,2.5740023169132353e-01,2.5819888974716110e-01,7.0820123313815098e-01,9.9213015521316472e-01,2.5819888974716110e-01,6.9524592005450514e-01,9.9023103246073607e-01,7.5701860058226825e-15,1.5997975634355494e-33,True,True,True,False,True,True,False,False,False,False,False,The tested recurrent curvature/bilinear history features do not reproduce the local correction.,derive a revised weak-row formula or richer nonlinear recurrent history source law for the coefficient-gradient closure,"This capacity audit tests two-step recurrent curvature and pairwise source/velocity bilinear history features. The feature library is target-free, but the capacity projection still uses the target Jacobian for evaluation, so it is not an accepted full-TFE stage replacement."
cylindrical_sharp,0.04,universal_recurrent_history_capacity_value_full_nonfinal,paper_tfe_lower_pair_velocity_compression_recurrent_history_capacity_gap_not_full_tfe,,universal_recurrent_history_capacity_nonfinal_full_component_value_fit,all_case_h_recurrent_history_capacity_oracle_fit,recurrent_source_curvature_rows_perp,two-step recurrent source-row curvature residualized against local source rows,"0,1",6,24,8,16,24,16,16,16,6.9946648269488875e+01,2,16,1.7303398908700343e-01,True,False,False,False,8,132,24,32,8,1.4680221406225532e+04,3.7137778489504708e-01,3.6458406683330119e-01,1.6756786292635018e-01,3.2379399794160008e-01,8.8811889327475313e-01,9.9651395903682682e-01,3.2379398448986907e-01,8.7187224885132697e-01,9.9609067577655674e-01,4.3941960283936338e-01,2.1732456171071242e-28,True,True,True,False,True,True,False,False,False,False,False,The tested recurrent curvature/bilinear history features do not reproduce the local correction.,derive a revised weak-row formula or richer nonlinear recurrent history source law for the coefficient-gradient closure,"This capacity audit tests two-step recurrent curvature and pairwise source/velocity bilinear history features. The feature library is target-free, but the capacity projection still uses the target Jacobian for evaluation, so it is not an accepted full-TFE stage replacement."
cylindrical_sharp,0.04,universal_recurrent_history_capacity_value_full_nonfinal,paper_tfe_lower_pair_velocity_compression_recurrent_history_capacity_gap_not_full_tfe,,universal_recurrent_history_capacity_nonfinal_full_component_value_fit,all_case_h_recurrent_history_capacity_oracle_fit,active_plus_recurrent_source_curvature_rows_perp,active non-final velocity plus recurrent source-row curvature,"0,1",6,24,8,16,24,16,32,32,4.8002388960780881e+03,2,32,6.1636802454359452e-01,True,False,False,False,8,132,24,30,6,1.3589713373909246e+04,3.7137778489504708e-01,3.6458406683330119e-01,1.8786431087050270e-01,3.1245566483880577e-01,8.5701952790402636e-01,9.9570234929459867e-01,3.1245566483880577e-01,8.4134182912181199e-01,9.9523184489995997e-01,1.3103303539908008e-14,2.1732456171071242e-28,True,True,True,False,True,True,False,False,False,False,False,The tested recurrent curvature/bilinear history features do not reproduce the local correction.,derive a revised weak-row formula or richer nonlinear recurrent history source law for the coefficient-gradient closure,"This capacity audit tests two-step recurrent curvature and pairwise source/velocity bilinear history features. The feature library is target-free, but the capacity projection still uses the target Jacobian for evaluation, so it is not an accepted full-TFE stage replacement."
cylindrical_sharp,0.04,universal_recurrent_history_capacity_value_full_nonfinal,paper_tfe_lower_pair_velocity_compression_recurrent_history_capacity_gap_not_full_tfe,,universal_recurrent_history_capacity_nonfinal_full_component_value_fit,all_case_h_recurrent_history_capacity_oracle_fit,recurrent_velocity_curvature_rows_perp,two-step recurrent non-final velocity-row curvature residualized against local source rows,"0,1",6,24,8,16,24,16,16,16,5.8791570329896437e+01,2,16,7.9530047029550896e-03,False,True,False,False,8,132,24,32,8,1.6085922571540007e+06,3.7137778489504708e-01,3.6458406683330119e-01,2.7559880902727499e-02,3.6354091207639411e-01,9.9713878128035682e-01,9.9993555308314008e-01,3.6352888579727660e-01,9.7886545879423403e-01,9.9951080871388864e-01,9.3121815271195563e-01,2.1732456171071242e-28,True,True,True,False,True,True,False,False,False,False,False,The tested recurrent curvature/bilinear history features do not reproduce the local correction.,derive a revised weak-row formula or richer nonlinear recurrent history source law for the coefficient-gradient closure,"This capacity audit tests two-step recurrent curvature and pairwise source/velocity bilinear history features. The feature library is target-free, but the capacity projection still uses the target Jacobian for evaluation, so it is not an accepted full-TFE stage replacement."
cylindrical_sharp,0.04,universal_recurrent_history_capacity_value_full_nonfinal,paper_tfe_lower_pair_velocity_compression_recurrent_history_capacity_gap_not_full_tfe,,universal_recurrent_history_capacity_nonfinal_full_component_value_fit,all_case_h_recurrent_history_capacity_oracle_fit,active_plus_recurrent_velocity_curvature_rows_perp,active non-final velocity plus recurrent velocity-row curvature,"0,1",6,24,8,16,24,16,32,28,1.6044688028509418e+04,2,32,5.9163504847517023e-01,False,True,False,False,8,132,24,32,8,2.2493111835349530e+08,3.7137778489504708e-01,3.6458406683330119e-01,2.9524872265035241e-02,3.6338660364196473e-01,9.9671553614029995e-01,9.9993483124627347e-01,3.6338660364196473e-01,9.7848233906790982e-01,9.9951010471927504e-01,9.2916434367225265e-01,2.1732456171071242e-28,True,True,True,False,True,True,False,False,False,False,False,The tested recurrent curvature/bilinear history features do not reproduce the local correction.,derive a revised weak-row formula or richer nonlinear recurrent history source law for the coefficient-gradient closure,"This capacity audit tests two-step recurrent curvature and pairwise source/velocity bilinear history features. The feature library is target-free, but the capacity projection still uses the target Jacobian for evaluation, so it is not an accepted full-TFE stage replacement."
cylindrical_sharp,0.04,universal_recurrent_history_capacity_value_full_nonfinal,paper_tfe_lower_pair_velocity_compression_recurrent_history_capacity_gap_not_full_tfe,,universal_recurrent_history_capacity_nonfinal_full_component_value_fit,all_case_h_recurrent_history_capacity_oracle_fit,recurrent_source_velocity_bilinear_rows_perp,target-free pairwise bilinear products of recurrent source/velocity curvature rows,"0,1",6,24,8,16,24,16,256,56,4.1509763892103729e+03,2,256,2.5553598961077997e+00,True,True,True,False,8,132,24,31,7,8.6529305624100402e+02,3.7137778489504708e-01,3.6458406683330119e-01,2.5740022197361229e-01,2.5819889139313540e-01,7.0820124871554435e-01,9.9213008045911988e-01,2.5819889139311425e-01,6.9524592448652345e-01,9.9023104541669038e-01,1.5438572292401755e-06,2.1732456171071242e-28,True,True,True,False,True,True,False,False,False,False,False,The tested recurrent curvature/bilinear history features do not reproduce the local correction.,derive a revised weak-row formula or richer nonlinear recurrent history source law for the coefficient-gradient closure,"This capacity audit tests two-step recurrent curvature and pairwise source/velocity bilinear history features. The feature library is target-free, but the capacity projection still uses the target Jacobian for evaluation, so it is not an accepted full-TFE stage replacement."
cylindrical_sharp,0.04,universal_recurrent_history_capacity_value_full_nonfinal,paper_tfe_lower_pair_velocity_compression_recurrent_history_capacity_gap_not_full_tfe,,universal_recurrent_history_capacity_nonfinal_full_component_value_fit,all_case_h_recurrent_history_capacity_oracle_fit,active_plus_recurrent_source_velocity_bilinear_rows_perp,active non-final velocity plus bilinear recurrent source/velocity curvature rows,"0,1",6,24,8,16,24,16,272,64,4.0674886609129721e+03,2,272,2.6229435714358167e+00,True,True,True,False,8,132,24,28,4,8.6529322206112477e+02,3.7137778489504708e-01,3.6458406683330119e-01,2.5740022362469339e-01,2.5819888974716110e-01,7.0820124420088115e-01,9.9213006747815169e-01,2.5819888974716110e-01,6.9524592005450514e-01,9.9023103246073607e-01,4.0679741060568020e-15,2.1732456171071242e-28,True,True,True,False,True,True,False,False,False,False,False,The tested recurrent curvature/bilinear history features do not reproduce the local correction.,derive a revised weak-row formula or richer nonlinear recurrent history source law for the coefficient-gradient closure,"This capacity audit tests two-step recurrent curvature and pairwise source/velocity bilinear history features. The feature library is target-free, but the capacity projection still uses the target Jacobian for evaluation, so it is not an accepted full-TFE stage replacement."
cylindrical_sharp,0.02,case_local_recurrent_history_capacity_value_scalar_nonfinal,paper_tfe_lower_pair_velocity_compression_recurrent_history_capacity_gap_not_full_tfe,,case_local_recurrent_history_capacity_nonfinal_stage_scalar_value_fit,case_local_recurrent_history_capacity_oracle_fit,recurrent_source_curvature_rows_perp,two-step recurrent source-row curvature residualized against local source rows,"0,1",1,24,8,16,24,16,16,16,2.4200125757964008e+02,2,16,2.4376872806076179e-02,True,False,False,False,8,132,24,32,8,1.5597965606809037e+04,2.6043562229773637e-01,2.5970145206752637e-01,1.2100254119050144e-01,2.2978953246704409e-01,8.8482190083132561e-01,9.9702384119669285e-01,2.2978953246704142e-01,8.8232758038122916e-01,9.9674163665817217e-01,4.5956288544736046e-01,3.1541822023455162e-18,True,True,True,False,True,True,False,False,False,False,False,The tested recurrent curvature/bilinear history features do not reproduce the local correction.,derive a revised weak-row formula or richer nonlinear recurrent history source law for the coefficient-gradient closure,"This capacity audit tests two-step recurrent curvature and pairwise source/velocity bilinear history features. The feature library is target-free, but the capacity projection still uses the target Jacobian for evaluation, so it is not an accepted full-TFE stage replacement."
cylindrical_sharp,0.02,case_local_recurrent_history_capacity_value_scalar_nonfinal,paper_tfe_lower_pair_velocity_compression_recurrent_history_capacity_gap_not_full_tfe,,case_local_recurrent_history_capacity_nonfinal_stage_scalar_value_fit,case_local_recurrent_history_capacity_oracle_fit,active_plus_recurrent_source_curvature_rows_perp,active non-final velocity plus recurrent source-row curvature,"0,1",1,24,8,16,24,16,32,32,8.9300806229946262e+04,2,32,4.1993449654218135e-01,True,False,False,False,8,132,24,30,6,1.5592399548209416e+04,2.6043562229773637e-01,2.5970145206752637e-01,1.3609587605648998e-01,2.2118489262695640e-01,8.5168908708852709e-01,9.9631861829815949e-01,2.2118489262695640e-01,8.4928816832166076e-01,9.9603661337081639e-01,6.0557591828614517e-14,3.1541822023455162e-18,True,True,True,False,True,True,False,False,False,False,False,The tested recurrent curvature/bilinear history features do not reproduce the local correction.,derive a revised weak-row formula or richer nonlinear recurrent history source law for the coefficient-gradient closure,"This capacity audit tests two-step recurrent curvature and pairwise source/velocity bilinear history features. The feature library is target-free, but the capacity projection still uses the target Jacobian for evaluation, so it is not an accepted full-TFE stage replacement."
cylindrical_sharp,0.02,case_local_recurrent_history_capacity_value_scalar_nonfinal,paper_tfe_lower_pair_velocity_compression_recurrent_history_capacity_gap_not_full_tfe,,case_local_recurrent_history_capacity_nonfinal_stage_scalar_value_fit,case_local_recurrent_history_capacity_oracle_fit,recurrent_velocity_curvature_rows_perp,two-step recurrent non-final velocity-row curvature residualized against local source rows,"0,1",1,24,8,16,24,16,16,16,5.7913502017042461e+01,2,16,1.0254502458787670e-03,False,True,False,False,8,132,24,32,8,6.9265178008471340e+07,2.6043562229773637e-01,2.5970145206752637e-01,7.1146957232310635e-03,2.5960397784076339e-01,9.9962466814880324e-01,9.9999117180613362e-01,2.5960362126540931e-01,9.9680534857333802e-01,9.9992693472949712e-01,9.8934514557334863e-01,3.1541822023455162e-18,True,True,True,False,True,True,False,False,False,False,False,The tested recurrent curvature/bilinear history features do not reproduce the local correction.,derive a revised weak-row formula or richer nonlinear recurrent history source law for the coefficient-gradient closure,"This capacity audit tests two-step recurrent curvature and pairwise source/velocity bilinear history features. The feature library is target-free, but the capacity projection still uses the target Jacobian for evaluation, so it is not an accepted full-TFE stage replacement."
cylindrical_sharp,0.02,case_local_recurrent_history_capacity_value_scalar_nonfinal,paper_tfe_lower_pair_velocity_compression_recurrent_history_capacity_gap_not_full_tfe,,case_local_recurrent_history_capacity_nonfinal_stage_scalar_value_fit,case_local_recurrent_history_capacity_oracle_fit,active_plus_recurrent_velocity_curvature_rows_perp,active non-final velocity plus recurrent velocity-row curvature,"0,1",1,24,8,16,24,16,32,28,8.1155363824247092e+04,2,32,4.1922762433615762e-01,False,True,False,False,8,132,24,32,8,4.2185185834286475e+09,2.6043562229773637e-01,2.5970145206752637e-01,7.4312303006661652e-03,2.5959510978098216e-01,9.9959052101673829e-01,9.9999103970210990e-01,2.5959510978098216e-01,9.9677266685202792e-01,9.9992680385688815e-01,9.8922009061729943e-01,3.1541822023455162e-18,True,True,True,False,True,True,False,False,False,False,False,The tested recurrent curvature/bilinear history features do not reproduce the local correction.,derive a revised weak-row formula or richer nonlinear recurrent history source law for the coefficient-gradient closure,"This capacity audit tests two-step recurrent curvature and pairwise source/velocity bilinear history features. The feature library is target-free, but the capacity projection still uses the target Jacobian for evaluation, so it is not an accepted full-TFE stage replacement."
cylindrical_sharp,0.02,case_local_recurrent_history_capacity_value_scalar_nonfinal,paper_tfe_lower_pair_velocity_compression_recurrent_history_capacity_gap_not_full_tfe,,case_local_recurrent_history_capacity_nonfinal_stage_scalar_value_fit,case_local_recurrent_history_capacity_oracle_fit,recurrent_source_velocity_bilinear_rows_perp,target-free pairwise bilinear products of recurrent source/velocity curvature rows,"0,1",1,24,8,16,24,16,256,56,3.7977480779047633e+04,2,256,2.2461982686125106e+00,True,True,True,False,8,132,24,28,4,2.0617121907617220e+03,2.6043562229773637e-01,2.5970145206752637e-01,1.8469301793147916e-01,1.8257418583508347e-01,7.0301565271037214e-01,9.9256381751308731e-01,1.8257418583508347e-01,7.0103384561717219e-01,9.9228287537058335e-01,4.8731137505975386e-14,3.1541822023455162e-18,True,True,True,False,True,True,False,False,False,False,False,The tested recurrent curvature/bilinear history features do not reproduce the local correction.,derive a revised weak-row formula or richer nonlinear recurrent history source law for the coefficient-gradient closure,"This capacity audit tests two-step recurrent curvature and pairwise source/velocity bilinear history features. The feature library is target-free, but the capacity projection still uses the target Jacobian for evaluation, so it is not an accepted full-TFE stage replacement."
cylindrical_sharp,0.02,case_local_recurrent_history_capacity_value_scalar_nonfinal,paper_tfe_lower_pair_velocity_compression_recurrent_history_capacity_gap_not_full_tfe,,case_local_recurrent_history_capacity_nonfinal_stage_scalar_value_fit,case_local_recurrent_history_capacity_oracle_fit,active_plus_recurrent_source_velocity_bilinear_rows_perp,active non-final velocity plus bilinear recurrent source/velocity curvature rows,"0,1",1,24,8,16,24,16,272,64,3.8089850902756734e+04,2,272,2.2849852103189141e+00,True,True,True,False,8,132,24,28,4,2.0617121931040297e+03,2.6043562229773637e-01,2.5970145206752637e-01,1.8469301793150797e-01,1.8257418583505539e-01,7.0301565271026401e-01,9.9256381751293465e-01,1.8257418583505539e-01,7.0103384561706428e-01,9.9228287537043081e-01,3.2652581651016367e-14,3.1541822023455162e-18,True,True,True,False,True,True,False,False,False,False,False,The tested recurrent curvature/bilinear history features do not reproduce the local correction.,derive a revised weak-row formula or richer nonlinear recurrent history source law for the coefficient-gradient closure,"This capacity audit tests two-step recurrent curvature and pairwise source/velocity bilinear history features. The feature library is target-free, but the capacity projection still uses the target Jacobian for evaluation, so it is not an accepted full-TFE stage replacement."
cylindrical_sharp,0.02,universal_recurrent_history_capacity_value_scalar_nonfinal,paper_tfe_lower_pair_velocity_compression_recurrent_history_capacity_gap_not_full_tfe,,universal_recurrent_history_capacity_nonfinal_stage_scalar_value_fit,all_case_h_recurrent_history_capacity_oracle_fit,recurrent_source_curvature_rows_perp,two-step recurrent source-row curvature residualized against local source rows,"0,1",6,24,8,16,24,16,16,16,2.4200125757964008e+02,2,16,2.4376872806076179e-02,True,False,False,False,8,132,24,32,8,1.5597966798763635e+04,2.6043562229773637e-01,2.5970145217160140e-01,1.2100250640652524e-01,2.2978955090120476e-01,8.8482197145885833e-01,9.9702384286166390e-01,2.2978955090120479e-01,8.8232765116326428e-01,9.9674163836294449e-01,4.5956337145975346e-01,3.3521064770341994e-18,True,True,True,False,True,True,False,False,False,False,False,The tested recurrent curvature/bilinear history features do not reproduce the local correction.,derive a revised weak-row formula or richer nonlinear recurrent history source law for the coefficient-gradient closure,"This capacity audit tests two-step recurrent curvature and pairwise source/velocity bilinear history features. The feature library is target-free, but the capacity projection still uses the target Jacobian for evaluation, so it is not an accepted full-TFE stage replacement."
cylindrical_sharp,0.02,universal_recurrent_history_capacity_value_scalar_nonfinal,paper_tfe_lower_pair_velocity_compression_recurrent_history_capacity_gap_not_full_tfe,,universal_recurrent_history_capacity_nonfinal_stage_scalar_value_fit,all_case_h_recurrent_history_capacity_oracle_fit,active_plus_recurrent_source_curvature_rows_perp,active non-final velocity plus recurrent source-row curvature,"0,1",6,24,8,16,24,16,32,32,8.9300806229946262e+04,2,32,4.1993449654218135e-01,True,False,False,False,8,132,24,30,6,1.5592399548206564e+04,2.6043562229773637e-01,2.5970145217160140e-01,1.3609587625508843e-01,2.2118489262695643e-01,8.5168908674721377e-01,9.9631861825790446e-01,2.2118489262695643e-01,8.4928816832166087e-01,9.9603661337081639e-01,4.2856197150619759e-14,3.3521064770341994e-18,True,True,True,False,True,True,False,False,False,False,False,The tested recurrent curvature/bilinear history features do not reproduce the local correction.,derive a revised weak-row formula or richer nonlinear recurrent history source law for the coefficient-gradient closure,"This capacity audit tests two-step recurrent curvature and pairwise source/velocity bilinear history features. The feature library is target-free, but the capacity projection still uses the target Jacobian for evaluation, so it is not an accepted full-TFE stage replacement."
cylindrical_sharp,0.02,universal_recurrent_history_capacity_value_scalar_nonfinal,paper_tfe_lower_pair_velocity_compression_recurrent_history_capacity_gap_not_full_tfe,,universal_recurrent_history_capacity_nonfinal_stage_scalar_value_fit,all_case_h_recurrent_history_capacity_oracle_fit,recurrent_velocity_curvature_rows_perp,two-step recurrent non-final velocity-row curvature residualized against local source rows,"0,1",6,24,8,16,24,16,16,16,5.7913502017042461e+01,2,16,1.0254502458787670e-03,False,True,False,False,8,132,24,32,8,4.2083325525358200e+09,2.6043562229773637e-01,2.5970145217160140e-01,7.1147003524122615e-03,2.5960397781801026e-01,9.9962466766059233e-01,9.9999117179696806e-01,2.5960397661223950e-01,9.9680671300584944e-01,9.9992693594817739e-01,9.8935302927062019e-01,3.3521064770341994e-18,True,True,True,False,True,True,False,False,False,False,False,The tested recurrent curvature/bilinear history features do not reproduce the local correction.,derive a revised weak-row formula or richer nonlinear recurrent history source law for the coefficient-gradient closure,"This capacity audit tests two-step recurrent curvature and pairwise source/velocity bilinear history features. The feature library is target-free, but the capacity projection still uses the target Jacobian for evaluation, so it is not an accepted full-TFE stage replacement."
cylindrical_sharp,0.02,universal_recurrent_history_capacity_value_scalar_nonfinal,paper_tfe_lower_pair_velocity_compression_recurrent_history_capacity_gap_not_full_tfe,,universal_recurrent_history_capacity_nonfinal_stage_scalar_value_fit,all_case_h_recurrent_history_capacity_oracle_fit,active_plus_recurrent_velocity_curvature_rows_perp,active non-final velocity plus recurrent velocity-row curvature,"0,1",6,24,8,16,24,16,32,28,8.1155363824247092e+04,2,32,4.1922762433615762e-01,False,True,False,False,8,132,24,32,8,4.2185186239837632e+09,2.6043562229773637e-01,2.5970145217160140e-01,7.4312339378052915e-03,2.5959510978098216e-01,9.9959052061615361e-01,9.9999103969309222e-01,2.5959510978098216e-01,9.9677266685202792e-01,9.9992680385688792e-01,9.8922009061729943e-01,3.3521064770341994e-18,True,True,True,False,True,True,False,False,False,False,False,The tested recurrent curvature/bilinear history features do not reproduce the local correction.,derive a revised weak-row formula or richer nonlinear recurrent history source law for the coefficient-gradient closure,"This capacity audit tests two-step recurrent curvature and pairwise source/velocity bilinear history features. The feature library is target-free, but the capacity projection still uses the target Jacobian for evaluation, so it is not an accepted full-TFE stage replacement."
cylindrical_sharp,0.02,universal_recurrent_history_capacity_value_scalar_nonfinal,paper_tfe_lower_pair_velocity_compression_recurrent_history_capacity_gap_not_full_tfe,,universal_recurrent_history_capacity_nonfinal_stage_scalar_value_fit,all_case_h_recurrent_history_capacity_oracle_fit,recurrent_source_velocity_bilinear_rows_perp,target-free pairwise bilinear products of recurrent source/velocity curvature rows,"0,1",6,24,8,16,24,16,256,56,3.7977480779047633e+04,2,256,2.2461982686125106e+00,True,True,True,False,8,132,24,28,4,2.0617121931007523e+03,2.6043562229773637e-01,2.5970145217160140e-01,1.8469301807785063e-01,1.8257418583505539e-01,7.0301565242853137e-01,9.9256381747283129e-01,1.8257418583505539e-01,7.0103384561706428e-01,9.9228287537043081e-01,4.1706308548916645e-14,3.3521064770341994e-18,True,True,True,False,True,True,False,False,False,False,False,The tested recurrent curvature/bilinear history features do not reproduce the local correction.,derive a revised weak-row formula or richer nonlinear recurrent history source law for the coefficient-gradient closure,"This capacity audit tests two-step recurrent curvature and pairwise source/velocity bilinear history features. The feature library is target-free, but the capacity projection still uses the target Jacobian for evaluation, so it is not an accepted full-TFE stage replacement."
cylindrical_sharp,0.02,universal_recurrent_history_capacity_value_scalar_nonfinal,paper_tfe_lower_pair_velocity_compression_recurrent_history_capacity_gap_not_full_tfe,,universal_recurrent_history_capacity_nonfinal_stage_scalar_value_fit,all_case_h_recurrent_history_capacity_oracle_fit,active_plus_recurrent_source_velocity_bilinear_rows_perp,active non-final velocity plus bilinear recurrent source/velocity curvature rows,"0,1",6,24,8,16,24,16,272,64,3.8089850902756734e+04,2,272,2.2849852103189141e+00,True,True,True,False,8,132,24,28,4,2.0617121930924918e+03,2.6043562229773637e-01,2.5970145217160140e-01,1.8469301807785082e-01,1.8257418583505539e-01,7.0301565242853137e-01,9.9256381747283129e-01,1.8257418583505539e-01,7.0103384561706428e-01,9.9228287537043081e-01,3.9468804102854072e-14,3.3521064770341994e-18,True,True,True,False,True,True,False,False,False,False,False,The tested recurrent curvature/bilinear history features do not reproduce the local correction.,derive a revised weak-row formula or richer nonlinear recurrent history source law for the coefficient-gradient closure,"This capacity audit tests two-step recurrent curvature and pairwise source/velocity bilinear history features. The feature library is target-free, but the capacity projection still uses the target Jacobian for evaluation, so it is not an accepted full-TFE stage replacement."
cylindrical_sharp,0.02,case_local_recurrent_history_capacity_value_component_nonfinal,paper_tfe_lower_pair_velocity_compression_recurrent_history_capacity_gap_not_full_tfe,,case_local_recurrent_history_capacity_nonfinal_component_diagonal_value_fit,case_local_recurrent_history_capacity_oracle_fit,recurrent_source_curvature_rows_perp,two-step recurrent source-row curvature residualized against local source rows,"0,1",1,24,8,16,24,16,16,16,2.4200125757964008e+02,2,16,2.4376872806076179e-02,True,False,False,False,8,132,24,32,8,1.0768036979696075e+04,2.6043562229773637e-01,2.5992975651812394e-01,1.2151451549866250e-01,2.2977750291683585e-01,8.8399845402392130e-01,9.9702384285226098e-01,2.2309255908484646e-01,8.5661307434280853e-01,9.9635924252567831e-01,1.4650286881761665e-01,5.7878120260073902e-34,True,True,True,False,True,True,False,False,False,False,False,The tested recurrent curvature/bilinear history features do not reproduce the local correction.,derive a revised weak-row formula or richer nonlinear recurrent history source law for the coefficient-gradient closure,"This capacity audit tests two-step recurrent curvature and pairwise source/velocity bilinear history features. The feature library is target-free, but the capacity projection still uses the target Jacobian for evaluation, so it is not an accepted full-TFE stage replacement."
cylindrical_sharp,0.02,case_local_recurrent_history_capacity_value_component_nonfinal,paper_tfe_lower_pair_velocity_compression_recurrent_history_capacity_gap_not_full_tfe,,case_local_recurrent_history_capacity_nonfinal_component_diagonal_value_fit,case_local_recurrent_history_capacity_oracle_fit,active_plus_recurrent_source_curvature_rows_perp,active non-final velocity plus recurrent source-row curvature,"0,1",1,24,8,16,24,16,32,32,8.9300806229946262e+04,2,32,4.1993449654218135e-01,True,False,False,False,8,132,24,30,6,1.5592399765803126e+04,2.6043562229773637e-01,2.5992975651812394e-01,1.3653102796497579e-01,2.2118489262695640e-01,8.5094102187386145e-01,9.9631861825989754e-01,2.2118489262695640e-01,8.4928816832166076e-01,9.9603661337081639e-01,4.3405182723744626e-14,5.7878120260073902e-34,True,True,True,False,True,True,False,False,False,False,False,The tested recurrent curvature/bilinear history features do not reproduce the local correction.,derive a revised weak-row formula or richer nonlinear recurrent history source law for the coefficient-gradient closure,"This capacity audit tests two-step recurrent curvature and pairwise source/velocity bilinear history features. The feature library is target-free, but the capacity projection still uses the target Jacobian for evaluation, so it is not an accepted full-TFE stage replacement."
cylindrical_sharp,0.02,case_local_recurrent_history_capacity_value_component_nonfinal,paper_tfe_lower_pair_velocity_compression_recurrent_history_capacity_gap_not_full_tfe,,case_local_recurrent_history_capacity_nonfinal_component_diagonal_value_fit,case_local_recurrent_history_capacity_oracle_fit,recurrent_velocity_curvature_rows_perp,two-step recurrent non-final velocity-row curvature residualized against local source rows,"0,1",1,24,8,16,24,16,16,16,5.7913502017042461e+01,2,16,1.0254502458787670e-03,False,True,False,False,8,132,24,32,8,6.8118817993336952e+08,2.6043562229773637e-01,2.5992975651812394e-01,1.3009728084082081e-02,2.5960397781765493e-01,9.9874666638851606e-01,9.9999117179702912e-01,2.5960395023354138e-01,9.9680661171902130e-01,9.9992693594064819e-01,9.8935242210936158e-01,5.7878120260073902e-34,True,True,True,False,True,True,False,False,False,False,False,The tested recurrent curvature/bilinear history features do not reproduce the local correction.,derive a revised weak-row formula or richer nonlinear recurrent history source law for the coefficient-gradient closure,"This capacity audit tests two-step recurrent curvature and pairwise source/velocity bilinear history features. The feature library is target-free, but the capacity projection still uses the target Jacobian for evaluation, so it is not an accepted full-TFE stage replacement."
cylindrical_sharp,0.02,case_local_recurrent_history_capacity_value_component_nonfinal,paper_tfe_lower_pair_velocity_compression_recurrent_history_capacity_gap_not_full_tfe,,case_local_recurrent_history_capacity_nonfinal_component_diagonal_value_fit,case_local_recurrent_history_capacity_oracle_fit,active_plus_recurrent_velocity_curvature_rows_perp,active non-final velocity plus recurrent velocity-row curvature,"0,1",1,24,8,16,24,16,32,28,8.1155363824247092e+04,2,32,4.1922762433615762e-01,False,True,False,False,8,132,24,32,8,4.2185188458697948e+09,2.6043562229773637e-01,2.5992975651812394e-01,1.3185495871261868e-02,2.5959510978098216e-01,9.9871254933784981e-01,9.9999103969315339e-01,2.5959510978098216e-01,9.9677266685202792e-01,9.9992680385688792e-01,9.8922009061729943e-01,5.7878120260073902e-34,True,True,True,False,True,True,False,False,False,False,False,The tested recurrent curvature/bilinear history features do not reproduce the local correction.,derive a revised weak-row formula or richer nonlinear recurrent history source law for the coefficient-gradient closure,"This capacity audit tests two-step recurrent curvature and pairwise source/velocity bilinear history features. The feature library is target-free, but the capacity projection still uses the target Jacobian for evaluation, so it is not an accepted full-TFE stage replacement."
cylindrical_sharp,0.02,case_local_recurrent_history_capacity_value_component_nonfinal,paper_tfe_lower_pair_velocity_compression_recurrent_history_capacity_gap_not_full_tfe,,case_local_recurrent_history_capacity_nonfinal_component_diagonal_value_fit,case_local_recurrent_history_capacity_oracle_fit,recurrent_source_velocity_bilinear_rows_perp,target-free pairwise bilinear products of recurrent source/velocity curvature rows,"0,1",1,24,8,16,24,16,256,56,3.7977480779047633e+04,2,256,2.2461982686125106e+00,True,True,True,False,8,132,24,28,4,2.0617122375405625e+03,2.6043562229773637e-01,2.5992975651812394e-01,1.8501390485646871e-01,1.8257418583505597e-01,7.0239817203201105e-01,9.9256381747481692e-01,1.8257418583505597e-01,7.0103384561706650e-01,9.9228287537043081e-01,3.5914038681534827e-14,5.7878120260073902e-34,True,True,True,False,True,True,False,False,False,False,False,The tested recurrent curvature/bilinear history features do not reproduce the local correction.,derive a revised weak-row formula or richer nonlinear recurrent history source law for the coefficient-gradient closure,"This capacity audit tests two-step recurrent curvature and pairwise source/velocity bilinear history features. The feature library is target-free, but the capacity projection still uses the target Jacobian for evaluation, so it is not an accepted full-TFE stage replacement."
cylindrical_sharp,0.02,case_local_recurrent_history_capacity_value_component_nonfinal,paper_tfe_lower_pair_velocity_compression_recurrent_history_capacity_gap_not_full_tfe,,case_local_recurrent_history_capacity_nonfinal_component_diagonal_value_fit,case_local_recurrent_history_capacity_oracle_fit,active_plus_recurrent_source_velocity_bilinear_rows_perp,active non-final velocity plus bilinear recurrent source/velocity curvature rows,"0,1",1,24,8,16,24,16,272,64,3.8089850902756734e+04,2,272,2.2849852103189141e+00,True,True,True,False,8,132,24,28,4,2.0617122375867098e+03,2.6043562229773637e-01,2.5992975651812394e-01,1.8501390485646818e-01,1.8257418583505539e-01,7.0239817203200883e-01,9.9256381747481692e-01,1.8257418583505539e-01,7.0103384561706428e-01,9.9228287537043081e-01,1.9534562855005692e-14,5.7878120260073902e-34,True,True,True,False,True,True,False,False,False,False,False,The tested recurrent curvature/bilinear history features do not reproduce the local correction.,derive a revised weak-row formula or richer nonlinear recurrent history source law for the coefficient-gradient closure,"This capacity audit tests two-step recurrent curvature and pairwise source/velocity bilinear history features. The feature library is target-free, but the capacity projection still uses the target Jacobian for evaluation, so it is not an accepted full-TFE stage replacement."
cylindrical_sharp,0.02,universal_recurrent_history_capacity_value_component_nonfinal,paper_tfe_lower_pair_velocity_compression_recurrent_history_capacity_gap_not_full_tfe,,universal_recurrent_history_capacity_nonfinal_component_diagonal_value_fit,all_case_h_recurrent_history_capacity_oracle_fit,recurrent_source_curvature_rows_perp,two-step recurrent source-row curvature residualized against local source rows,"0,1",6,24,8,16,24,16,16,16,2.4200125757964008e+02,2,16,2.4376872806076179e-02,True,False,False,False,8,132,24,32,8,1.0727406938314622e+04,2.6043562229773637e-01,2.6001651966512862e-01,1.2299062535497707e-01,2.2908927642637020e-01,8.8105662179238009e-01,9.9702384286338819e-01,2.2565709361569652e-01,8.6646017017487653e-01,9.9672063621848606e-01,1.0219652999157215e-01,3.3868279671505633e-18,True,True,True,False,True,True,False,False,False,False,False,The tested recurrent curvature/bilinear history features do not reproduce the local correction.,derive a revised weak-row formula or richer nonlinear recurrent history source law for the coefficient-gradient closure,"This capacity audit tests two-step recurrent curvature and pairwise source/velocity bilinear history features. The feature library is target-free, but the capacity projection still uses the target Jacobian for evaluation, so it is not an accepted full-TFE stage replacement."
cylindrical_sharp,0.02,universal_recurrent_history_capacity_value_component_nonfinal,paper_tfe_lower_pair_velocity_compression_recurrent_history_capacity_gap_not_full_tfe,,universal_recurrent_history_capacity_nonfinal_component_diagonal_value_fit,all_case_h_recurrent_history_capacity_oracle_fit,active_plus_recurrent_source_curvature_rows_perp,active non-final velocity plus recurrent source-row curvature,"0,1",6,24,8,16,24,16,32,32,8.9300806229946262e+04,2,32,4.1993449654218135e-01,True,False,False,False,8,132,24,30,6,1.5592399657693857e+04,2.6043562229773637e-01,2.6001651966512862e-01,1.3669613664024297e-01,2.2118489262695640e-01,8.5065707714193350e-01,9.9631861825781198e-01,2.2118489262695640e-01,8.4928816832166076e-01,9.9603661337081639e-01,5.1992688317546431e-14,3.3868279671505633e-18,True,True,True,False,True,True,False,False,False,False,False,The tested recurrent curvature/bilinear history features do not reproduce the local correction.,derive a revised weak-row formula or richer nonlinear recurrent history source law for the coefficient-gradient closure,"This capacity audit tests two-step recurrent curvature and pairwise source/velocity bilinear history features. The feature library is target-free, but the capacity projection still uses the target Jacobian for evaluation, so it is not an accepted full-TFE stage replacement."
cylindrical_sharp,0.02,universal_recurrent_history_capacity_value_component_nonfinal,paper_tfe_lower_pair_velocity_compression_recurrent_history_capacity_gap_not_full_tfe,,universal_recurrent_history_capacity_nonfinal_component_diagonal_value_fit,all_case_h_recurrent_history_capacity_oracle_fit,recurrent_velocity_curvature_rows_perp,two-step recurrent non-final velocity-row curvature residualized against local source rows,"0,1",6,24,8,16,24,16,16,16,5.7913502017042461e+01,2,16,1.0254502458787670e-03,False,True,False,False,8,132,24,32,8,2.3034590919739933e+09,2.6043562229773637e-01,2.6001651966512862e-01,1.4641215769838435e-02,2.5960397781919148e-01,9.9841340140054002e-01,9.9999117179696051e-01,2.5960366153409464e-01,9.9680550319383499e-01,9.9992693224759854e-01,9.8934779660769301e-01,3.3868279671505633e-18,True,True,True,False,True,True,False,False,False,False,False,The tested recurrent curvature/bilinear history features do not reproduce the local correction.,derive a revised weak-row formula or richer nonlinear recurrent history source law for the coefficient-gradient closure,"This capacity audit tests two-step recurrent curvature and pairwise source/velocity bilinear history features. The feature library is target-free, but the capacity projection still uses the target Jacobian for evaluation, so it is not an accepted full-TFE stage replacement."
cylindrical_sharp,0.02,universal_recurrent_history_capacity_value_component_nonfinal,paper_tfe_lower_pair_velocity_compression_recurrent_history_capacity_gap_not_full_tfe,,universal_recurrent_history_capacity_nonfinal_component_diagonal_value_fit,all_case_h_recurrent_history_capacity_oracle_fit,active_plus_recurrent_velocity_curvature_rows_perp,active non-final velocity plus recurrent velocity-row curvature,"0,1",6,24,8,16,24,16,32,28,8.1155363824247092e+04,2,32,4.1922762433615762e-01,False,True,False,False,8,132,24,32,8,4.2185189028002987e+09,2.6043562229773637e-01,2.6001651966512862e-01,1.4797617259748626e-02,2.5959510978098216e-01,9.9837929572825146e-01,9.9999103969308467e-01,2.5959510978098216e-01,9.9677266685202792e-01,9.9992680385688792e-01,9.8922009061729943e-01,3.3868279671505633e-18,True,True,True,False,True,True,False,False,False,False,False,The tested recurrent curvature/bilinear history features do not reproduce the local correction.,derive a revised weak-row formula or richer nonlinear recurrent history source law for the coefficient-gradient closure,"This capacity audit tests two-step recurrent curvature and pairwise source/velocity bilinear history features. The feature library is target-free, but the capacity projection still uses the target Jacobian for evaluation, so it is not an accepted full-TFE stage replacement."
cylindrical_sharp,0.02,universal_recurrent_history_capacity_value_component_nonfinal,paper_tfe_lower_pair_velocity_compression_recurrent_history_capacity_gap_not_full_tfe,,universal_recurrent_history_capacity_nonfinal_component_diagonal_value_fit,all_case_h_recurrent_history_capacity_oracle_fit,recurrent_source_velocity_bilinear_rows_perp,target-free pairwise bilinear products of recurrent source/velocity curvature rows,"0,1",6,24,8,16,24,16,256,56,3.7977480779047633e+04,2,256,2.2461982686125106e+00,True,True,True,False,8,132,24,28,4,2.0617122268066864e+03,2.6043562229773637e-01,2.6001651966512862e-01,1.8513578034900119e-01,1.8257418583505555e-01,7.0216379355507919e-01,9.9256381747273914e-01,1.8257418583505555e-01,7.0103384561706494e-01,9.9228287537043081e-01,2.5938428785389854e-14,3.3868279671505633e-18,True,True,True,False,True,True,False,False,False,False,False,The tested recurrent curvature/bilinear history features do not reproduce the local correction.,derive a revised weak-row formula or richer nonlinear recurrent history source law for the coefficient-gradient closure,"This capacity audit tests two-step recurrent curvature and pairwise source/velocity bilinear history features. The feature library is target-free, but the capacity projection still uses the target Jacobian for evaluation, so it is not an accepted full-TFE stage replacement."
cylindrical_sharp,0.02,universal_recurrent_history_capacity_value_component_nonfinal,paper_tfe_lower_pair_velocity_compression_recurrent_history_capacity_gap_not_full_tfe,,universal_recurrent_history_capacity_nonfinal_component_diagonal_value_fit,all_case_h_recurrent_history_capacity_oracle_fit,active_plus_recurrent_source_velocity_bilinear_rows_perp,active non-final velocity plus bilinear recurrent source/velocity curvature rows,"0,1",6,24,8,16,24,16,272,64,3.8089850902756734e+04,2,272,2.2849852103189141e+00,True,True,True,False,8,132,24,28,4,2.0617122268203893e+03,2.6043562229773637e-01,2.6001651966512862e-01,1.8513578034899961e-01,1.8257418583505539e-01,7.0216379355507852e-01,9.9256381747273914e-01,1.8257418583505539e-01,7.0103384561706428e-01,9.9228287537043081e-01,3.3875935249683889e-14,3.3868279671505633e-18,True,True,True,False,True,True,False,False,False,False,False,The tested recurrent curvature/bilinear history features do not reproduce the local correction.,derive a revised weak-row formula or richer nonlinear recurrent history source law for the coefficient-gradient closure,"This capacity audit tests two-step recurrent curvature and pairwise source/velocity bilinear history features. The feature library is target-free, but the capacity projection still uses the target Jacobian for evaluation, so it is not an accepted full-TFE stage replacement."
cylindrical_sharp,0.02,case_local_recurrent_history_capacity_value_full_nonfinal,paper_tfe_lower_pair_velocity_compression_recurrent_history_capacity_gap_not_full_tfe,,case_local_recurrent_history_capacity_nonfinal_full_component_value_fit,case_local_recurrent_history_capacity_oracle_fit,recurrent_source_curvature_rows_perp,two-step recurrent source-row curvature residualized against local source rows,"0,1",1,24,8,16,24,16,16,16,2.4200125757964008e+02,2,16,2.4376872806076179e-02,True,False,False,False,8,132,24,32,8,1.5597966798739559e+04,2.6043562229773637e-01,2.5970145217120505e-01,1.2100250643609814e-01,2.2978955088518432e-01,8.8482197139852081e-01,9.9702384286257761e-01,2.2978955088518421e-01,8.8232765110174971e-01,9.9674163836344798e-01,4.5956337103929185e-01,4.9278503444992840e-34,True,True,True,False,True,True,False,False,False,False,False,The tested recurrent curvature/bilinear history features do not reproduce the local correction.,derive a revised weak-row formula or richer nonlinear recurrent history source law for the coefficient-gradient closure,"This capacity audit tests two-step recurrent curvature and pairwise source/velocity bilinear history features. The feature library is target-free, but the capacity projection still uses the target Jacobian for evaluation, so it is not an accepted full-TFE stage replacement."
cylindrical_sharp,0.02,case_local_recurrent_history_capacity_value_full_nonfinal,paper_tfe_lower_pair_velocity_compression_recurrent_history_capacity_gap_not_full_tfe,,case_local_recurrent_history_capacity_nonfinal_full_component_value_fit,case_local_recurrent_history_capacity_oracle_fit,active_plus_recurrent_source_curvature_rows_perp,active non-final velocity plus recurrent source-row curvature,"0,1",1,24,8,16,24,16,32,32,8.9300806229946262e+04,2,32,4.1993449654218135e-01,True,False,False,False,8,132,24,30,6,1.5592399548209356e+04,2.6043562229773637e-01,2.5970145217120505e-01,1.3609587625433214e-01,2.2118489262695640e-01,8.5168908674851351e-01,9.9631861825831425e-01,2.2118489262695643e-01,8.4928816832166087e-01,9.9603661337081639e-01,8.3384465051698540e-14,4.9278503444992840e-34,True,True,True,False,True,True,False,False,False,False,False,The tested recurrent curvature/bilinear history features do not reproduce the local correction.,derive a revised weak-row formula or richer nonlinear recurrent history source law for the coefficient-gradient closure,"This capacity audit tests two-step recurrent curvature and pairwise source/velocity bilinear history features. The feature library is target-free, but the capacity projection still uses the target Jacobian for evaluation, so it is not an accepted full-TFE stage replacement."
cylindrical_sharp,0.02,case_local_recurrent_history_capacity_value_full_nonfinal,paper_tfe_lower_pair_velocity_compression_recurrent_history_capacity_gap_not_full_tfe,,case_local_recurrent_history_capacity_nonfinal_full_component_value_fit,case_local_recurrent_history_capacity_oracle_fit,recurrent_velocity_curvature_rows_perp,two-step recurrent non-final velocity-row curvature residualized against local source rows,"0,1",1,24,8,16,24,16,16,16,5.7913502017042461e+01,2,16,1.0254502458787670e-03,False,True,False,False,8,132,24,32,8,4.0731511597818217e+09,2.6043562229773637e-01,2.5970145217120505e-01,7.1147003436295595e-03,2.5960397781785449e-01,9.9962466766151814e-01,9.9999117179704011e-01,2.5960393618065852e-01,9.9680655775987881e-01,9.9992693500981666e-01,9.8935287563669949e-01,4.9278503444992840e-34,True,True,True,False,True,True,False,False,False,False,False,The tested recurrent curvature/bilinear history features do not reproduce the local correction.,derive a revised weak-row formula or richer nonlinear recurrent history source law for the coefficient-gradient closure,"This capacity audit tests two-step recurrent curvature and pairwise source/velocity bilinear history features. The feature library is target-free, but the capacity projection still uses the target Jacobian for evaluation, so it is not an accepted full-TFE stage replacement."
cylindrical_sharp,0.02,case_local_recurrent_history_capacity_value_full_nonfinal,paper_tfe_lower_pair_velocity_compression_recurrent_history_capacity_gap_not_full_tfe,,case_local_recurrent_history_capacity_nonfinal_full_component_value_fit,case_local_recurrent_history_capacity_oracle_fit,active_plus_recurrent_velocity_curvature_rows_perp,active non-final velocity plus recurrent velocity-row curvature,"0,1",1,24,8,16,24,16,32,28,8.1155363824247092e+04,2,32,4.1922762433615762e-01,False,True,False,False,8,132,24,32,8,4.2185186036735873e+09,2.6043562229773637e-01,2.5970145217120505e-01,7.4312339239549453e-03,2.5959510978098216e-01,9.9959052061767917e-01,9.9999103969314584e-01,2.5959510978098216e-01,9.9677266685202792e-01,9.9992680385688792e-01,9.8922009061729954e-01,4.9278503444992840e-34,True,True,True,False,True,True,False,False,False,False,False,The tested recurrent curvature/bilinear history features do not reproduce the local correction.,derive a revised weak-row formula or richer nonlinear recurrent history source law for the coefficient-gradient closure,"This capacity audit tests two-step recurrent curvature and pairwise source/velocity bilinear history features. The feature library is target-free, but the capacity projection still uses the target Jacobian for evaluation, so it is not an accepted full-TFE stage replacement."
cylindrical_sharp,0.02,case_local_recurrent_history_capacity_value_full_nonfinal,paper_tfe_lower_pair_velocity_compression_recurrent_history_capacity_gap_not_full_tfe,,case_local_recurrent_history_capacity_nonfinal_full_component_value_fit,case_local_recurrent_history_capacity_oracle_fit,recurrent_source_velocity_bilinear_rows_perp,target-free pairwise bilinear products of recurrent source/velocity curvature rows,"0,1",1,24,8,16,24,16,256,56,3.7977480779047633e+04,2,256,2.2461982686125106e+00,True,True,True,False,8,132,24,28,4,2.0617121930932626e+03,2.6043562229773637e-01,2.5970145217120505e-01,1.8469301807729566e-01,1.8257418583505539e-01,7.0301565242960429e-01,9.9256381747323963e-01,1.8257418583505539e-01,7.0103384561706428e-01,9.9228287537043081e-01,8.4189561258066477e-11,4.9278503444992840e-34,True,True,True,False,True,True,False,False,False,False,False,The tested recurrent curvature/bilinear history features do not reproduce the local correction.,derive a revised weak-row formula or richer nonlinear recurrent history source law for the coefficient-gradient closure,"This capacity audit tests two-step recurrent curvature and pairwise source/velocity bilinear history features. The feature library is target-free, but the capacity projection still uses the target Jacobian for evaluation, so it is not an accepted full-TFE stage replacement."
cylindrical_sharp,0.02,case_local_recurrent_history_capacity_value_full_nonfinal,paper_tfe_lower_pair_velocity_compression_recurrent_history_capacity_gap_not_full_tfe,,case_local_recurrent_history_capacity_nonfinal_full_component_value_fit,case_local_recurrent_history_capacity_oracle_fit,active_plus_recurrent_source_velocity_bilinear_rows_perp,active non-final velocity plus bilinear recurrent source/velocity curvature rows,"0,1",1,24,8,16,24,16,272,64,3.8089850902756734e+04,2,272,2.2849852103189141e+00,True,True,True,False,8,132,24,28,4,2.0617121930965368e+03,2.6043562229773637e-01,2.5970145217120505e-01,1.8469301807729188e-01,1.8257418583505539e-01,7.0301565242960429e-01,9.9256381747323963e-01,1.8257418583505539e-01,7.0103384561706428e-01,9.9228287537043081e-01,2.9977869288807822e-14,4.9278503444992840e-34,True,True,True,False,True,True,False,False,False,False,False,The tested recurrent curvature/bilinear history features do not reproduce the local correction.,derive a revised weak-row formula or richer nonlinear recurrent history source law for the coefficient-gradient closure,"This capacity audit tests two-step recurrent curvature and pairwise source/velocity bilinear history features. The feature library is target-free, but the capacity projection still uses the target Jacobian for evaluation, so it is not an accepted full-TFE stage replacement."
cylindrical_sharp,0.02,universal_recurrent_history_capacity_value_full_nonfinal,paper_tfe_lower_pair_velocity_compression_recurrent_history_capacity_gap_not_full_tfe,,universal_recurrent_history_capacity_nonfinal_full_component_value_fit,all_case_h_recurrent_history_capacity_oracle_fit,recurrent_source_curvature_rows_perp,two-step recurrent source-row curvature residualized against local source rows,"0,1",6,24,8,16,24,16,16,16,2.4200125757964008e+02,2,16,2.4376872806076179e-02,True,False,False,False,8,132,24,32,8,1.5594499886652888e+04,2.6043562229773637e-01,2.5970145446109977e-01,1.2100262887134669e-01,2.2978948900120261e-01,8.8482172530775094e-01,9.9702427289009532e-01,2.2978940057753686e-01,8.8232707396239363e-01,9.9674210148154252e-01,4.5955777860311409e-01,5.4817986714822987e-30,True,True,True,False,True,True,False,False,False,False,False,The tested recurrent curvature/bilinear history features do not reproduce the local correction.,derive a revised weak-row formula or richer nonlinear recurrent history source law for the coefficient-gradient closure,"This capacity audit tests two-step recurrent curvature and pairwise source/velocity bilinear history features. The feature library is target-free, but the capacity projection still uses the target Jacobian for evaluation, so it is not an accepted full-TFE stage replacement."
cylindrical_sharp,0.02,universal_recurrent_history_capacity_value_full_nonfinal,paper_tfe_lower_pair_velocity_compression_recurrent_history_capacity_gap_not_full_tfe,,universal_recurrent_history_capacity_nonfinal_full_component_value_fit,all_case_h_recurrent_history_capacity_oracle_fit,active_plus_recurrent_source_curvature_rows_perp,active non-final velocity plus recurrent source-row curvature,"0,1",6,24,8,16,24,16,32,32,8.9300806229946262e+04,2,32,4.1993449654218135e-01,True,False,False,False,8,132,24,30,6,1.5592399548201629e+04,2.6043562229773637e-01,2.5970145446109977e-01,1.3609588062396477e-01,2.2118489262695640e-01,8.5168907923881998e-01,9.9631858082926006e-01,2.2118489262695640e-01,8.4928816832166076e-01,9.9603661337081639e-01,8.1500886843681624e-14,5.4817986714822987e-30,True,True,True,False,True,True,False,False,False,False,False,The tested recurrent curvature/bilinear history features do not reproduce the local correction.,derive a revised weak-row formula or richer nonlinear recurrent history source law for the coefficient-gradient closure,"This capacity audit tests two-step recurrent curvature and pairwise source/velocity bilinear history features. The feature library is target-free, but the capacity projection still uses the target Jacobian for evaluation, so it is not an accepted full-TFE stage replacement."
cylindrical_sharp,0.02,universal_recurrent_history_capacity_value_full_nonfinal,paper_tfe_lower_pair_velocity_compression_recurrent_history_capacity_gap_not_full_tfe,,universal_recurrent_history_capacity_nonfinal_full_component_value_fit,all_case_h_recurrent_history_capacity_oracle_fit,recurrent_velocity_curvature_rows_perp,two-step recurrent non-final velocity-row curvature residualized against local source rows,"0,1",6,24,8,16,24,16,16,16,5.7913502017042461e+01,2,16,1.0254502458787670e-03,False,True,False,False,8,132,24,32,8,1.8950044277924530e+06,2.6043562229773637e-01,2.5970145446109977e-01,7.1147013223641998e-03,2.5960398008178576e-01,9.9962466756485335e-01,9.9999117190123077e-01,2.5960383260267361e-01,9.9680616004936595e-01,9.9992693537957034e-01,9.8935002655667859e-01,5.4817986714822987e-30,True,True,True,False,True,True,False,False,False,False,False,The tested recurrent curvature/bilinear history features do not reproduce the local correction.,derive a revised weak-row formula or richer nonlinear recurrent history source law for the coefficient-gradient closure,"This capacity audit tests two-step recurrent curvature and pairwise source/velocity bilinear history features. The feature library is target-free, but the capacity projection still uses the target Jacobian for evaluation, so it is not an accepted full-TFE stage replacement."
cylindrical_sharp,0.02,universal_recurrent_history_capacity_value_full_nonfinal,paper_tfe_lower_pair_velocity_compression_recurrent_history_capacity_gap_not_full_tfe,,universal_recurrent_history_capacity_nonfinal_full_component_value_fit,all_case_h_recurrent_history_capacity_oracle_fit,active_plus_recurrent_velocity_curvature_rows_perp,active non-final velocity plus recurrent velocity-row curvature,"0,1",6,24,8,16,24,16,32,28,8.1155363824247092e+04,2,32,4.1922762433615762e-01,False,True,False,False,8,132,24,32,8,4.2185185822487917e+09,2.6043562229773637e-01,2.5970145446109977e-01,7.4313139491279170e-03,2.5959510978098216e-01,9.9959051180387770e-01,9.9999103906171338e-01,2.5959510978098216e-01,9.9677266685202792e-01,9.9992680385688792e-01,9.8922009061729943e-01,5.4817986714822987e-30,True,True,True,False,True,True,False,False,False,False,False,The tested recurrent curvature/bilinear history features do not reproduce the local correction.,derive a revised weak-row formula or richer nonlinear recurrent history source law for the coefficient-gradient closure,"This capacity audit tests two-step recurrent curvature and pairwise source/velocity bilinear history features. The feature library is target-free, but the capacity projection still uses the target Jacobian for evaluation, so it is not an accepted full-TFE stage replacement."
cylindrical_sharp,0.02,universal_recurrent_history_capacity_value_full_nonfinal,paper_tfe_lower_pair_velocity_compression_recurrent_history_capacity_gap_not_full_tfe,,universal_recurrent_history_capacity_nonfinal_full_component_value_fit,all_case_h_recurrent_history_capacity_oracle_fit,recurrent_source_velocity_bilinear_rows_perp,target-free pairwise bilinear products of recurrent source/velocity curvature rows,"0,1",6,24,8,16,24,16,256,56,3.7977480779047633e+04,2,256,2.2461982686125106e+00,True,True,True,False,8,132,24,31,7,2.0617010675379061e+03,2.6043562229773637e-01,2.5970145446109977e-01,1.8469302014664501e-01,1.8257418699893493e-01,7.0301565071243144e-01,9.9256379317188625e-01,1.8257418699884612e-01,7.0103385008569541e-01,9.9228288835240197e-01,1.5438312991273312e-06,5.4817986714822987e-30,True,True,True,False,True,True,False,False,False,False,False,The tested recurrent curvature/bilinear history features do not reproduce the local correction.,derive a revised weak-row formula or richer nonlinear recurrent history source law for the coefficient-gradient closure,"This capacity audit tests two-step recurrent curvature and pairwise source/velocity bilinear history features. The feature library is target-free, but the capacity projection still uses the target Jacobian for evaluation, so it is not an accepted full-TFE stage replacement."
cylindrical_sharp,0.02,universal_recurrent_history_capacity_value_full_nonfinal,paper_tfe_lower_pair_velocity_compression_recurrent_history_capacity_gap_not_full_tfe,,universal_recurrent_history_capacity_nonfinal_full_component_value_fit,all_case_h_recurrent_history_capacity_oracle_fit,active_plus_recurrent_source_velocity_bilinear_rows_perp,active non-final velocity plus bilinear recurrent source/velocity curvature rows,"0,1",6,24,8,16,24,16,272,64,3.8089850902756734e+04,2,272,2.2849852103189141e+00,True,True,True,False,8,132,24,28,4,2.0617121930936783e+03,2.6043562229773637e-01,2.5970145446109977e-01,1.8469302129717088e-01,1.8257418583505539e-01,7.0301564623082557e-01,9.9256378018524327e-01,1.8257418583505539e-01,7.0103384561706428e-01,9.9228287537043081e-01,4.5316085429574516e-14,5.4817986714822987e-30,True,True,True,False,True,True,False,False,False,False,False,The tested recurrent curvature/bilinear history features do not reproduce the local correction.,derive a revised weak-row formula or richer nonlinear recurrent history source law for the coefficient-gradient closure,"This capacity audit tests two-step recurrent curvature and pairwise source/velocity bilinear history features. The feature library is target-free, but the capacity projection still uses the target Jacobian for evaluation, so it is not an accepted full-TFE stage replacement."
cylindrical_sharp,0.01,case_local_recurrent_history_capacity_value_scalar_nonfinal,paper_tfe_lower_pair_velocity_compression_recurrent_history_capacity_gap_not_full_tfe,,case_local_recurrent_history_capacity_nonfinal_stage_scalar_value_fit,case_local_recurrent_history_capacity_oracle_fit,recurrent_source_curvature_rows_perp,two-step recurrent source-row curvature residualized against local source rows,"0,1",1,24,8,16,24,16,16,16,3.1631787608582817e+02,2,16,4.3120509127174437e-03,True,False,False,False,8,132,24,32,8,4.1067902648783616e+04,1.8390370753258983e-01,1.8388557844972300e-01,8.6437854077027504e-02,1.6230342986008559e-01,8.8263272861532049e-01,9.9735225079466838e-01,1.6230342982658538e-01,8.8254571919287361e-01,9.9735001388579791e-01,4.2970304681893656e-01,1.0044055051631692e-18,True,True,True,False,True,True,False,False,False,False,False,The tested recurrent curvature/bilinear history features do not reproduce the local correction.,derive a revised weak-row formula or richer nonlinear recurrent history source law for the coefficient-gradient closure,"This capacity audit tests two-step recurrent curvature and pairwise source/velocity bilinear history features. The feature library is target-free, but the capacity projection still uses the target Jacobian for evaluation, so it is not an accepted full-TFE stage replacement."
cylindrical_sharp,0.01,case_local_recurrent_history_capacity_value_scalar_nonfinal,paper_tfe_lower_pair_velocity_compression_recurrent_history_capacity_gap_not_full_tfe,,case_local_recurrent_history_capacity_nonfinal_stage_scalar_value_fit,case_local_recurrent_history_capacity_oracle_fit,active_plus_recurrent_source_curvature_rows_perp,active non-final velocity plus recurrent source-row curvature,"0,1",1,24,8,16,24,16,32,32,1.8879950557623005e+06,2,32,2.9652450867502250e-01,True,False,False,False,8,132,24,30,6,4.1336608940527105e+04,1.8390370753258983e-01,1.8388557844972300e-01,9.5715879059308395e-02,1.5701075268176093e-01,8.5385028018763287e-01,9.9676011150040977e-01,1.5701075268176093e-01,8.5376610829847921e-01,9.9675787595440390e-01,2.0124271101685843e-12,1.0044055051631692e-18,True,True,True,False,True,True,False,False,False,False,False,The tested recurrent curvature/bilinear history features do not reproduce the local correction.,derive a revised weak-row formula or richer nonlinear recurrent history source law for the coefficient-gradient closure,"This capacity audit tests two-step recurrent curvature and pairwise source/velocity bilinear history features. The feature library is target-free, but the capacity projection still uses the target Jacobian for evaluation, so it is not an accepted full-TFE stage replacement."
cylindrical_sharp,0.01,case_local_recurrent_history_capacity_value_scalar_nonfinal,paper_tfe_lower_pair_velocity_compression_recurrent_history_capacity_gap_not_full_tfe,,case_local_recurrent_history_capacity_nonfinal_stage_scalar_value_fit,case_local_recurrent_history_capacity_oracle_fit,recurrent_velocity_curvature_rows_perp,two-step recurrent non-final velocity-row curvature residualized against local source rows,"0,1",1,24,8,16,24,16,16,16,9.7171920140804801e+01,2,16,1.6673540407908838e-04,False,True,False,False,8,132,24,32,8,6.2585987241011427e+05,1.8390370753258983e-01,1.8388557844972300e-01,7.1714200960260824e-04,1.8388418004039198e-01,9.9999239522020800e-01,9.9999974284384430e-01,1.8388417134906621e-01,9.9989376949608166e-01,9.9999745231306647e-01,9.9965762607373754e-01,1.0044055051631692e-18,True,True,True,False,True,True,False,False,False,False,False,The tested recurrent curvature/bilinear history features do not reproduce the local correction.,derive a revised weak-row formula or richer nonlinear recurrent history source law for the coefficient-gradient closure,"This capacity audit tests two-step recurrent curvature and pairwise source/velocity bilinear history features. The feature library is target-free, but the capacity projection still uses the target Jacobian for evaluation, so it is not an accepted full-TFE stage replacement."
cylindrical_sharp,0.01,case_local_recurrent_history_capacity_value_scalar_nonfinal,paper_tfe_lower_pair_velocity_compression_recurrent_history_capacity_gap_not_full_tfe,,case_local_recurrent_history_capacity_nonfinal_stage_scalar_value_fit,case_local_recurrent_history_capacity_oracle_fit,active_plus_recurrent_velocity_curvature_rows_perp,active non-final velocity plus recurrent velocity-row curvature,"0,1",1,24,8,16,24,16,32,28,1.0224392758381573e+06,2,32,2.9649320103939081e-01,False,True,False,False,8,132,23,31,8,3.2893558285837974e+12,1.8390370753258983e-01,1.8388557844972300e-01,8.6757761466082714e-04,1.8388353180987083e-01,9.9998887003608750e-01,9.9999969021830071e-01,1.8388353180987083e-01,9.9989029191966983e-01,9.9999744740652730e-01,9.9963851309161533e-01,1.0044055051631692e-18,True,True,True,False,True,True,False,False,False,False,False,The tested recurrent curvature/bilinear history features do not reproduce the local correction.,derive a revised weak-row formula or richer nonlinear recurrent history source law for the coefficient-gradient closure,"This capacity audit tests two-step recurrent curvature and pairwise source/velocity bilinear history features. The feature library is target-free, but the capacity projection still uses the target Jacobian for evaluation, so it is not an accepted full-TFE stage replacement."
cylindrical_sharp,0.01,case_local_recurrent_history_capacity_value_scalar_nonfinal,paper_tfe_lower_pair_velocity_compression_recurrent_history_capacity_gap_not_full_tfe,,case_local_recurrent_history_capacity_nonfinal_stage_scalar_value_fit,case_local_recurrent_history_capacity_oracle_fit,recurrent_source_velocity_bilinear_rows_perp,target-free pairwise bilinear products of recurrent source/velocity curvature rows,"0,1",1,24,8,16,24,16,256,56,4.3870896175901440e+05,2,256,2.2110536680487383e+00,True,True,True,False,8,132,24,28,4,1.1009283837495745e+04,1.8390370753258983e-01,1.8388557844972300e-01,1.3094746732330678e-01,1.2909944524823022e-01,7.0206400271638425e-01,9.9263177791184720e-01,1.2909944524799966e-01,7.0199479379784535e-01,9.9262199854950017e-01,2.1648313136182657e-13,1.0044055051631692e-18,True,True,True,False,True,True,False,False,False,False,False,The tested recurrent curvature/bilinear history features do not reproduce the local correction.,derive a revised weak-row formula or richer nonlinear recurrent history source law for the coefficient-gradient closure,"This capacity audit tests two-step recurrent curvature and pairwise source/velocity bilinear history features. The feature library is target-free, but the capacity projection still uses the target Jacobian for evaluation, so it is not an accepted full-TFE stage replacement."
cylindrical_sharp,0.01,case_local_recurrent_history_capacity_value_scalar_nonfinal,paper_tfe_lower_pair_velocity_compression_recurrent_history_capacity_gap_not_full_tfe,,case_local_recurrent_history_capacity_nonfinal_stage_scalar_value_fit,case_local_recurrent_history_capacity_oracle_fit,active_plus_recurrent_source_velocity_bilinear_rows_perp,active non-final velocity plus bilinear recurrent source/velocity curvature rows,"0,1",1,24,8,16,24,16,272,64,4.3954927680081455e+05,2,272,2.2308443498939297e+00,True,True,True,False,8,132,24,28,4,1.1016080698529491e+04,1.8390370753258983e-01,1.8388557844972300e-01,1.3094746769266877e-01,1.2909944487358055e-01,7.0206400067897778e-01,9.9263177503120603e-01,1.2909944487358055e-01,7.0199479176189339e-01,9.9262199567089682e-01,4.9081848465034942e-13,1.0044055051631692e-18,True,True,True,False,True,True,False,False,False,False,False,The tested recurrent curvature/bilinear history features do not reproduce the local correction.,derive a revised weak-row formula or richer nonlinear recurrent history source law for the coefficient-gradient closure,"This capacity audit tests two-step recurrent curvature and pairwise source/velocity bilinear history features. The feature library is target-free, but the capacity projection still uses the target Jacobian for evaluation, so it is not an accepted full-TFE stage replacement."
cylindrical_sharp,0.01,universal_recurrent_history_capacity_value_scalar_nonfinal,paper_tfe_lower_pair_velocity_compression_recurrent_history_capacity_gap_not_full_tfe,,universal_recurrent_history_capacity_nonfinal_stage_scalar_value_fit,all_case_h_recurrent_history_capacity_oracle_fit,recurrent_source_curvature_rows_perp,two-step recurrent source-row curvature residualized against local source rows,"0,1",6,24,8,16,24,16,16,16,3.1631787608582817e+02,2,16,4.3120509127174437e-03,True,False,False,False,8,132,24,32,8,4.1459726349284669e+04,1.8390370753258983e-01,1.8388558020327053e-01,8.6440937984518532e-02,1.6230178941419610e-01,8.8262379918417033e-01,9.9735205958422435e-01,1.6230178941419610e-01,8.8253679924008255e-01,9.9734982010222040e-01,4.2963549567911374e-01,1.1683695253089600e-18,True,True,True,False,True,True,False,False,False,False,False,The tested recurrent curvature/bilinear history features do not reproduce the local correction.,derive a revised weak-row formula or richer nonlinear recurrent history source law for the coefficient-gradient closure,"This capacity audit tests two-step recurrent curvature and pairwise source/velocity bilinear history features. The feature library is target-free, but the capacity projection still uses the target Jacobian for evaluation, so it is not an accepted full-TFE stage replacement."
cylindrical_sharp,0.01,universal_recurrent_history_capacity_value_scalar_nonfinal,paper_tfe_lower_pair_velocity_compression_recurrent_history_capacity_gap_not_full_tfe,,universal_recurrent_history_capacity_nonfinal_stage_scalar_value_fit,all_case_h_recurrent_history_capacity_oracle_fit,active_plus_recurrent_source_curvature_rows_perp,active non-final velocity plus recurrent source-row curvature,"0,1",6,24,8,16,24,16,32,32,1.8879950557623005e+06,2,32,2.9652450867502250e-01,True,False,False,False,8,132,24,30,6,4.1336608940485050e+04,1.8390370753258983e-01,1.8388558020327053e-01,9.5715882428154861e-02,1.5701075268176093e-01,8.5385027204524866e-01,9.9676011410723719e-01,1.5701075268176093e-01,8.5376610829847921e-01,9.9675787595440390e-01,1.9460241373186683e-12,1.1683695253089600e-18,True,True,True,False,True,True,False,False,False,False,False,The tested recurrent curvature/bilinear history features do not reproduce the local correction.,derive a revised weak-row formula or richer nonlinear recurrent history source law for the coefficient-gradient closure,"This capacity audit tests two-step recurrent curvature and pairwise source/velocity bilinear history features. The feature library is target-free, but the capacity projection still uses the target Jacobian for evaluation, so it is not an accepted full-TFE stage replacement."
cylindrical_sharp,0.01,universal_recurrent_history_capacity_value_scalar_nonfinal,paper_tfe_lower_pair_velocity_compression_recurrent_history_capacity_gap_not_full_tfe,,universal_recurrent_history_capacity_nonfinal_stage_scalar_value_fit,all_case_h_recurrent_history_capacity_oracle_fit,recurrent_velocity_curvature_rows_perp,two-step recurrent non-final velocity-row curvature residualized against local source rows,"0,1",6,24,8,16,24,16,16,16,9.7171920140804801e+01,2,16,1.6673540407908838e-04,False,True,False,False,8,132,23,31,8,6.2273061927779266e+10,1.8390370753258983e-01,1.8388558020327053e-01,7.1759190047557394e-04,1.8388418003884349e-01,9.9999238567578008e-01,9.9999971467904281e-01,1.8388418000846171e-01,9.9989381658265553e-01,9.9999745213679059e-01,9.9965791069228815e-01,1.1683695253089600e-18,True,True,True,False,True,True,False,False,False,False,False,The tested recurrent curvature/bilinear history features do not reproduce the local correction.,derive a revised weak-row formula or richer nonlinear recurrent history source law for the coefficient-gradient closure,"This capacity audit tests two-step recurrent curvature and pairwise source/velocity bilinear history features. The feature library is target-free, but the capacity projection still uses the target Jacobian for evaluation, so it is not an accepted full-TFE stage replacement."
cylindrical_sharp,0.01,universal_recurrent_history_capacity_value_scalar_nonfinal,paper_tfe_lower_pair_velocity_compression_recurrent_history_capacity_gap_not_full_tfe,,universal_recurrent_history_capacity_nonfinal_stage_scalar_value_fit,all_case_h_recurrent_history_capacity_oracle_fit,active_plus_recurrent_velocity_curvature_rows_perp,active non-final velocity plus recurrent velocity-row curvature,"0,1",6,24,8,16,24,16,32,28,1.0224392758381573e+06,2,32,2.9649320103939081e-01,False,True,False,False,8,132,23,31,8,3.2893675657309639e+12,1.8390370753258983e-01,1.8388558020327053e-01,8.6794920454094442e-04,1.8388353180987083e-01,9.9998886050011404e-01,9.9999969283360057e-01,1.8388353180987085e-01,9.9989029191966994e-01,9.9999744740652730e-01,9.9963851309161533e-01,1.1683695253089600e-18,True,True,True,False,True,True,False,False,False,False,False,The tested recurrent curvature/bilinear history features do not reproduce the local correction.,derive a revised weak-row formula or richer nonlinear recurrent history source law for the coefficient-gradient closure,"This capacity audit tests two-step recurrent curvature and pairwise source/velocity bilinear history features. The feature library is target-free, but the capacity projection still uses the target Jacobian for evaluation, so it is not an accepted full-TFE stage replacement."
cylindrical_sharp,0.01,universal_recurrent_history_capacity_value_scalar_nonfinal,paper_tfe_lower_pair_velocity_compression_recurrent_history_capacity_gap_not_full_tfe,,universal_recurrent_history_capacity_nonfinal_stage_scalar_value_fit,all_case_h_recurrent_history_capacity_oracle_fit,recurrent_source_velocity_bilinear_rows_perp,target-free pairwise bilinear products of recurrent source/velocity curvature rows,"0,1",6,24,8,16,24,16,256,56,4.3870896175901440e+05,2,256,2.2110536680487383e+00,True,True,True,False,8,132,24,28,4,1.1016080698674592e+04,1.8390370753258983e-01,1.8388558020327053e-01,1.3094747015512254e-01,1.2909944487358055e-01,7.0206399398403962e-01,9.9263177666221658e-01,1.2909944487358055e-01,7.0199479176189339e-01,9.9262199567089682e-01,2.7485756319682425e-13,1.1683695253089600e-18,True,True,True,False,True,True,False,False,False,False,False,The tested recurrent curvature/bilinear history features do not reproduce the local correction.,derive a revised weak-row formula or richer nonlinear recurrent history source law for the coefficient-gradient closure,"This capacity audit tests two-step recurrent curvature and pairwise source/velocity bilinear history features. The feature library is target-free, but the capacity projection still uses the target Jacobian for evaluation, so it is not an accepted full-TFE stage replacement."
cylindrical_sharp,0.01,universal_recurrent_history_capacity_value_scalar_nonfinal,paper_tfe_lower_pair_velocity_compression_recurrent_history_capacity_gap_not_full_tfe,,universal_recurrent_history_capacity_nonfinal_stage_scalar_value_fit,all_case_h_recurrent_history_capacity_oracle_fit,active_plus_recurrent_source_velocity_bilinear_rows_perp,active non-final velocity plus bilinear recurrent source/velocity curvature rows,"0,1",6,24,8,16,24,16,272,64,4.3954927680081455e+05,2,272,2.2308443498939297e+00,True,True,True,False,8,132,24,28,4,1.1016080698697710e+04,1.8390370753258983e-01,1.8388558020327053e-01,1.3094747015512270e-01,1.2909944487358055e-01,7.0206399398403962e-01,9.9263177666221658e-01,1.2909944487358055e-01,7.0199479176189339e-01,9.9262199567089682e-01,3.6588007003364057e-13,1.1683695253089600e-18,True,True,True,False,True,True,False,False,False,False,False,The tested recurrent curvature/bilinear history features do not reproduce the local correction.,derive a revised weak-row formula or richer nonlinear recurrent history source law for the coefficient-gradient closure,"This capacity audit tests two-step recurrent curvature and pairwise source/velocity bilinear history features. The feature library is target-free, but the capacity projection still uses the target Jacobian for evaluation, so it is not an accepted full-TFE stage replacement."
cylindrical_sharp,0.01,case_local_recurrent_history_capacity_value_component_nonfinal,paper_tfe_lower_pair_velocity_compression_recurrent_history_capacity_gap_not_full_tfe,,case_local_recurrent_history_capacity_nonfinal_component_diagonal_value_fit,case_local_recurrent_history_capacity_oracle_fit,recurrent_source_curvature_rows_perp,two-step recurrent source-row curvature residualized against local source rows,"0,1",1,24,8,16,24,16,16,16,3.1631787608582817e+02,2,16,4.3120509127174437e-03,True,False,False,False,8,132,24,32,8,2.8846180290788459e+04,1.8390370753258983e-01,1.8393788717788728e-01,8.7841300506092831e-02,1.6160771103157015e-01,8.7859936585701071e-01,9.9735205954057904e-01,1.5720327490963606e-01,8.5481297260838451e-01,9.9678491025684135e-01,8.3443208239132788e-02,3.1716002775823931e-34,True,True,True,False,True,True,False,False,False,False,False,The tested recurrent curvature/bilinear history features do not reproduce the local correction.,derive a revised weak-row formula or richer nonlinear recurrent history source law for the coefficient-gradient closure,"This capacity audit tests two-step recurrent curvature and pairwise source/velocity bilinear history features. The feature library is target-free, but the capacity projection still uses the target Jacobian for evaluation, so it is not an accepted full-TFE stage replacement."
cylindrical_sharp,0.01,case_local_recurrent_history_capacity_value_component_nonfinal,paper_tfe_lower_pair_velocity_compression_recurrent_history_capacity_gap_not_full_tfe,,case_local_recurrent_history_capacity_nonfinal_component_diagonal_value_fit,case_local_recurrent_history_capacity_oracle_fit,active_plus_recurrent_source_curvature_rows_perp,active non-final velocity plus recurrent source-row curvature,"0,1",1,24,8,16,24,16,32,32,1.8879950557623005e+06,2,32,2.9652450867502250e-01,True,False,False,False,8,132,24,30,6,4.1336609006069724e+04,1.8390370753258983e-01,1.8393788717788728e-01,9.5816334107354031e-02,1.5701075268176093e-01,8.5360746005479027e-01,9.9676011410789855e-01,1.5701075268176093e-01,8.5376610829847921e-01,9.9675787595440390e-01,1.9616948769319061e-12,3.1716002775823931e-34,True,True,True,False,True,True,False,False,False,False,False,The tested recurrent curvature/bilinear history features do not reproduce the local correction.,derive a revised weak-row formula or richer nonlinear recurrent history source law for the coefficient-gradient closure,"This capacity audit tests two-step recurrent curvature and pairwise source/velocity bilinear history features. The feature library is target-free, but the capacity projection still uses the target Jacobian for evaluation, so it is not an accepted full-TFE stage replacement."
cylindrical_sharp,0.01,case_local_recurrent_history_capacity_value_component_nonfinal,paper_tfe_lower_pair_velocity_compression_recurrent_history_capacity_gap_not_full_tfe,,case_local_recurrent_history_capacity_nonfinal_component_diagonal_value_fit,case_local_recurrent_history_capacity_oracle_fit,recurrent_velocity_curvature_rows_perp,two-step recurrent non-final velocity-row curvature residualized against local source rows,"0,1",1,24,8,16,24,16,16,16,9.7171920140804801e+01,2,16,1.6673540407908838e-04,False,True,False,False,8,132,24,32,8,1.1520561513235371e+08,1.8390370753258983e-01,1.8393788717788728e-01,4.4446226764888472e-03,1.8388418003930851e-01,9.9970801481194116e-01,9.9999969756471607e-01,1.8388417898278364e-01,9.9989381100539954e-01,9.9999745213207825e-01,9.9965787767932890e-01,3.1716002775823931e-34,True,True,True,False,True,True,False,False,False,False,False,The tested recurrent curvature/bilinear history features do not reproduce the local correction.,derive a revised weak-row formula or richer nonlinear recurrent history source law for the coefficient-gradient closure,"This capacity audit tests two-step recurrent curvature and pairwise source/velocity bilinear history features. The feature library is target-free, but the capacity projection still uses the target Jacobian for evaluation, so it is not an accepted full-TFE stage replacement."
cylindrical_sharp,0.01,case_local_recurrent_history_capacity_value_component_nonfinal,paper_tfe_lower_pair_velocity_compression_recurrent_history_capacity_gap_not_full_tfe,,case_local_recurrent_history_capacity_nonfinal_component_diagonal_value_fit,case_local_recurrent_history_capacity_oracle_fit,active_plus_recurrent_velocity_curvature_rows_perp,active non-final velocity plus recurrent velocity-row curvature,"0,1",1,24,8,16,24,16,32,28,1.0224392758381573e+06,2,32,2.9649320103939081e-01,False,True,False,False,8,132,23,31,8,3.2893573595210723e+12,1.8390370753258983e-01,1.8393788717788728e-01,4.4713609330280313e-03,1.8388353180987085e-01,9.9970449063621214e-01,9.9999969283426415e-01,1.8388353180987085e-01,9.9989029191966994e-01,9.9999744740652730e-01,9.9963851309161533e-01,3.1716002775823931e-34,True,True,True,False,True,True,False,False,False,False,False,The tested recurrent curvature/bilinear history features do not reproduce the local correction.,derive a revised weak-row formula or richer nonlinear recurrent history source law for the coefficient-gradient closure,"This capacity audit tests two-step recurrent curvature and pairwise source/velocity bilinear history features. The feature library is target-free, but the capacity projection still uses the target Jacobian for evaluation, so it is not an accepted full-TFE stage replacement."
cylindrical_sharp,0.01,case_local_recurrent_history_capacity_value_component_nonfinal,paper_tfe_lower_pair_velocity_compression_recurrent_history_capacity_gap_not_full_tfe,,case_local_recurrent_history_capacity_nonfinal_component_diagonal_value_fit,case_local_recurrent_history_capacity_oracle_fit,recurrent_source_velocity_bilinear_rows_perp,target-free pairwise bilinear products of recurrent source/velocity curvature rows,"0,1",1,24,8,16,24,16,256,56,4.3870896175901440e+05,2,256,2.2110536680487383e+00,True,True,True,False,8,132,24,28,4,1.1016078961825540e+04,1.8390370753258983e-01,1.8393788717788728e-01,1.3102091311225547e-01,1.2909944487369393e-01,7.0186434591825653e-01,9.9263177666587088e-01,1.2909944487369393e-01,7.0199479176250990e-01,9.9262199567097065e-01,2.6599390428446805e-13,3.1716002775823931e-34,True,True,True,False,True,True,False,False,False,False,False,The tested recurrent curvature/bilinear history features do not reproduce the local correction.,derive a revised weak-row formula or richer nonlinear recurrent history source law for the coefficient-gradient closure,"This capacity audit tests two-step recurrent curvature and pairwise source/velocity bilinear history features. The feature library is target-free, but the capacity projection still uses the target Jacobian for evaluation, so it is not an accepted full-TFE stage replacement."
cylindrical_sharp,0.01,case_local_recurrent_history_capacity_value_component_nonfinal,paper_tfe_lower_pair_velocity_compression_recurrent_history_capacity_gap_not_full_tfe,,case_local_recurrent_history_capacity_nonfinal_component_diagonal_value_fit,case_local_recurrent_history_capacity_oracle_fit,active_plus_recurrent_source_velocity_bilinear_rows_perp,active non-final velocity plus bilinear recurrent source/velocity curvature rows,"0,1",1,24,8,16,24,16,272,64,4.3954927680081455e+05,2,272,2.2308443498939297e+00,True,True,True,False,8,132,24,28,4,1.1016080731864386e+04,1.8390370753258983e-01,1.8393788717788728e-01,1.3102091311236735e-01,1.2909944487358055e-01,7.0186434591764013e-01,9.9263177666579705e-01,1.2909944487358055e-01,7.0199479176189339e-01,9.9262199567089682e-01,5.0302528448063722e-13,3.1716002775823931e-34,True,True,True,False,True,True,False,False,False,False,False,The tested recurrent curvature/bilinear history features do not reproduce the local correction.,derive a revised weak-row formula or richer nonlinear recurrent history source law for the coefficient-gradient closure,"This capacity audit tests two-step recurrent curvature and pairwise source/velocity bilinear history features. The feature library is target-free, but the capacity projection still uses the target Jacobian for evaluation, so it is not an accepted full-TFE stage replacement."
cylindrical_sharp,0.01,universal_recurrent_history_capacity_value_component_nonfinal,paper_tfe_lower_pair_velocity_compression_recurrent_history_capacity_gap_not_full_tfe,,universal_recurrent_history_capacity_nonfinal_component_diagonal_value_fit,all_case_h_recurrent_history_capacity_oracle_fit,recurrent_source_curvature_rows_perp,two-step recurrent source-row curvature residualized against local source rows,"0,1",6,24,8,16,24,16,16,16,3.1631787608582817e+02,2,16,4.3120509127174437e-03,True,False,False,False,8,132,24,32,8,3.2882680043640445e+04,1.8390370753258983e-01,1.8411563974505604e-01,8.7736287403545415e-02,1.6186695978912355e-01,8.7915920675321158e-01,9.9735205958576512e-01,1.5817368248395841e-01,8.6008968827302312e-01,9.9693835889516791e-01,1.7475218128253322e-02,1.1691914586183223e-18,True,True,True,False,True,True,False,False,False,False,False,The tested recurrent curvature/bilinear history features do not reproduce the local correction.,derive a revised weak-row formula or richer nonlinear recurrent history source law for the coefficient-gradient closure,"This capacity audit tests two-step recurrent curvature and pairwise source/velocity bilinear history features. The feature library is target-free, but the capacity projection still uses the target Jacobian for evaluation, so it is not an accepted full-TFE stage replacement."
cylindrical_sharp,0.01,universal_recurrent_history_capacity_value_component_nonfinal,paper_tfe_lower_pair_velocity_compression_recurrent_history_capacity_gap_not_full_tfe,,universal_recurrent_history_capacity_nonfinal_component_diagonal_value_fit,all_case_h_recurrent_history_capacity_oracle_fit,active_plus_recurrent_source_curvature_rows_perp,active non-final velocity plus recurrent source-row curvature,"0,1",6,24,8,16,24,16,32,32,1.8879950557623005e+06,2,32,2.9652450867502250e-01,True,False,False,False,8,132,24,30,6,4.1336609369947117e+04,1.8390370753258983e-01,1.8411563974505604e-01,9.6157123194478764e-02,1.5701075268176093e-01,8.5278335343576950e-01,9.9676011410723975e-01,1.5701075268176093e-01,8.5376610829847921e-01,9.9675787595440390e-01,1.9708929349270862e-12,1.1691914586183223e-18,True,True,True,False,True,True,False,False,False,False,False,The tested recurrent curvature/bilinear history features do not reproduce the local correction.,derive a revised weak-row formula or richer nonlinear recurrent history source law for the coefficient-gradient closure,"This capacity audit tests two-step recurrent curvature and pairwise source/velocity bilinear history features. The feature library is target-free, but the capacity projection still uses the target Jacobian for evaluation, so it is not an accepted full-TFE stage replacement."
cylindrical_sharp,0.01,universal_recurrent_history_capacity_value_component_nonfinal,paper_tfe_lower_pair_velocity_compression_recurrent_history_capacity_gap_not_full_tfe,,universal_recurrent_history_capacity_nonfinal_component_diagonal_value_fit,all_case_h_recurrent_history_capacity_oracle_fit,recurrent_velocity_curvature_rows_perp,two-step recurrent non-final velocity-row curvature residualized against local source rows,"0,1",6,24,8,16,24,16,16,16,9.7171920140804801e+01,2,16,1.6673540407908838e-04,False,True,False,False,8,132,23,31,8,2.3968932010497276e+10,1.8390370753258983e-01,1.8411563974505604e-01,9.2291456887398336e-03,1.8388418003892362e-01,9.9874285689986508e-01,9.9999969756400220e-01,1.8388417710633848e-01,9.9989380080198820e-01,9.9999745210406110e-01,9.9965782822505433e-01,1.1691914586183223e-18,True,True,True,False,True,True,False,False,False,False,False,The tested recurrent curvature/bilinear history features do not reproduce the local correction.,derive a revised weak-row formula or richer nonlinear recurrent history source law for the coefficient-gradient closure,"This capacity audit tests two-step recurrent curvature and pairwise source/velocity bilinear history features. The feature library is target-free, but the capacity projection still uses the target Jacobian for evaluation, so it is not an accepted full-TFE stage replacement."
cylindrical_sharp,0.01,universal_recurrent_history_capacity_value_component_nonfinal,paper_tfe_lower_pair_velocity_compression_recurrent_history_capacity_gap_not_full_tfe,,universal_recurrent_history_capacity_nonfinal_component_diagonal_value_fit,all_case_h_recurrent_history_capacity_oracle_fit,active_plus_recurrent_velocity_curvature_rows_perp,active non-final velocity plus recurrent velocity-row curvature,"0,1",6,24,8,16,24,16,32,28,1.0224392758381573e+06,2,32,2.9649320103939081e-01,False,True,False,False,8,132,23,31,8,3.2893586422818008e+12,1.8390370753258983e-01,1.8411563974505604e-01,9.2420521454648890e-03,1.8388353180987083e-01,9.9873933612860588e-01,9.9999969283360313e-01,1.8388353180987083e-01,9.9989029191966983e-01,9.9999744740652730e-01,9.9963851309161533e-01,1.1691914586183223e-18,True,True,True,False,True,True,False,False,False,False,False,The tested recurrent curvature/bilinear history features do not reproduce the local correction.,derive a revised weak-row formula or richer nonlinear recurrent history source law for the coefficient-gradient closure,"This capacity audit tests two-step recurrent curvature and pairwise source/velocity bilinear history features. The feature library is target-free, but the capacity projection still uses the target Jacobian for evaluation, so it is not an accepted full-TFE stage replacement."
cylindrical_sharp,0.01,universal_recurrent_history_capacity_value_component_nonfinal,paper_tfe_lower_pair_velocity_compression_recurrent_history_capacity_gap_not_full_tfe,,universal_recurrent_history_capacity_nonfinal_component_diagonal_value_fit,all_case_h_recurrent_history_capacity_oracle_fit,recurrent_source_velocity_bilinear_rows_perp,target-free pairwise bilinear products of recurrent source/velocity curvature rows,"0,1",6,24,8,16,24,16,256,56,4.3870896175901440e+05,2,256,2.2110536680487383e+00,True,True,True,False,8,132,24,28,4,1.1016080908276006e+04,1.8390370753258983e-01,1.8411563974505604e-01,1.3127033987944403e-01,1.2909944487358069e-01,7.0118673814100752e-01,9.9263177666222158e-01,1.2909944487358069e-01,7.0199479176189417e-01,9.9262199567089682e-01,2.2139387215599126e-13,1.1691914586183223e-18,True,True,True,False,True,True,False,False,False,False,False,The tested recurrent curvature/bilinear history features do not reproduce the local correction.,derive a revised weak-row formula or richer nonlinear recurrent history source law for the coefficient-gradient closure,"This capacity audit tests two-step recurrent curvature and pairwise source/velocity bilinear history features. The feature library is target-free, but the capacity projection still uses the target Jacobian for evaluation, so it is not an accepted full-TFE stage replacement."
cylindrical_sharp,0.01,universal_recurrent_history_capacity_value_component_nonfinal,paper_tfe_lower_pair_velocity_compression_recurrent_history_capacity_gap_not_full_tfe,,universal_recurrent_history_capacity_nonfinal_component_diagonal_value_fit,all_case_h_recurrent_history_capacity_oracle_fit,active_plus_recurrent_source_velocity_bilinear_rows_perp,active non-final velocity plus bilinear recurrent source/velocity curvature rows,"0,1",6,24,8,16,24,16,272,64,4.3954927680081455e+05,2,272,2.2308443498939297e+00,True,True,True,False,8,132,24,28,4,1.1016080910741066e+04,1.8390370753258983e-01,1.8411563974505604e-01,1.3127033987944284e-01,1.2909944487358055e-01,7.0118673814100674e-01,9.9263177666222158e-01,1.2909944487358055e-01,7.0199479176189339e-01,9.9262199567089682e-01,4.8651453234395293e-13,1.1691914586183223e-18,True,True,True,False,True,True,False,False,False,False,False,The tested recurrent curvature/bilinear history features do not reproduce the local correction.,derive a revised weak-row formula or richer nonlinear recurrent history source law for the coefficient-gradient closure,"This capacity audit tests two-step recurrent curvature and pairwise source/velocity bilinear history features. The feature library is target-free, but the capacity projection still uses the target Jacobian for evaluation, so it is not an accepted full-TFE stage replacement."
cylindrical_sharp,0.01,case_local_recurrent_history_capacity_value_full_nonfinal,paper_tfe_lower_pair_velocity_compression_recurrent_history_capacity_gap_not_full_tfe,,case_local_recurrent_history_capacity_nonfinal_full_component_value_fit,case_local_recurrent_history_capacity_oracle_fit,recurrent_source_curvature_rows_perp,two-step recurrent source-row curvature residualized against local source rows,"0,1",1,24,8,16,24,16,16,16,3.1631787608582817e+02,2,16,4.3120509127174437e-03,True,False,False,False,8,132,24,32,8,4.1459726119088045e+04,1.8390370753258983e-01,1.8388558020348772e-01,8.6440937983391822e-02,1.6230178941504225e-01,8.8262379918772937e-01,9.9735205948387973e-01,1.6230178941496107e-01,8.8253679924424222e-01,9.9734982000122174e-01,4.2963549549413427e-01,1.5237703619020713e-34,True,True,True,False,True,True,False,False,False,False,False,The tested recurrent curvature/bilinear history features do not reproduce the local correction.,derive a revised weak-row formula or richer nonlinear recurrent history source law for the coefficient-gradient closure,"This capacity audit tests two-step recurrent curvature and pairwise source/velocity bilinear history features. The feature library is target-free, but the capacity projection still uses the target Jacobian for evaluation, so it is not an accepted full-TFE stage replacement."
cylindrical_sharp,0.01,case_local_recurrent_history_capacity_value_full_nonfinal,paper_tfe_lower_pair_velocity_compression_recurrent_history_capacity_gap_not_full_tfe,,case_local_recurrent_history_capacity_nonfinal_full_component_value_fit,case_local_recurrent_history_capacity_oracle_fit,active_plus_recurrent_source_curvature_rows_perp,active non-final velocity plus recurrent source-row curvature,"0,1",1,24,8,16,24,16,32,32,1.8879950557623005e+06,2,32,2.9652450867502250e-01,True,False,False,False,8,132,24,30,6,4.1336608940536004e+04,1.8390370753258983e-01,1.8388558020348772e-01,9.5715882428572138e-02,1.5701075268176093e-01,8.5385027204424013e-01,9.9676011410787824e-01,1.5701075268176093e-01,8.5376610829847921e-01,9.9675787595440390e-01,1.9581717422857561e-12,1.5237703619020713e-34,True,True,True,False,True,True,False,False,False,False,False,The tested recurrent curvature/bilinear history features do not reproduce the local correction.,derive a revised weak-row formula or richer nonlinear recurrent history source law for the coefficient-gradient closure,"This capacity audit tests two-step recurrent curvature and pairwise source/velocity bilinear history features. The feature library is target-free, but the capacity projection still uses the target Jacobian for evaluation, so it is not an accepted full-TFE stage replacement."
cylindrical_sharp,0.01,case_local_recurrent_history_capacity_value_full_nonfinal,paper_tfe_lower_pair_velocity_compression_recurrent_history_capacity_gap_not_full_tfe,,case_local_recurrent_history_capacity_nonfinal_full_component_value_fit,case_local_recurrent_history_capacity_oracle_fit,recurrent_velocity_curvature_rows_perp,two-step recurrent non-final velocity-row curvature residualized against local source rows,"0,1",1,24,8,16,24,16,16,16,9.7171920140804801e+01,2,16,1.6673540407908838e-04,False,True,False,False,8,132,24,32,8,1.2459600036252308e+09,1.8390370753258983e-01,1.8388558020348772e-01,7.1759188111654134e-04,1.8388418003913626e-01,9.9999238567619109e-01,9.9999971468034921e-01,1.8388416007550162e-01,9.9989370819462819e-01,9.9999745209783253e-01,9.9965737172703772e-01,1.5237703619020713e-34,True,True,True,False,True,True,False,False,False,False,False,The tested recurrent curvature/bilinear history features do not reproduce the local correction.,derive a revised weak-row formula or richer nonlinear recurrent history source law for the coefficient-gradient closure,"This capacity audit tests two-step recurrent curvature and pairwise source/velocity bilinear history features. The feature library is target-free, but the capacity projection still uses the target Jacobian for evaluation, so it is not an accepted full-TFE stage replacement."
cylindrical_sharp,0.01,case_local_recurrent_history_capacity_value_full_nonfinal,paper_tfe_lower_pair_velocity_compression_recurrent_history_capacity_gap_not_full_tfe,,case_local_recurrent_history_capacity_nonfinal_full_component_value_fit,case_local_recurrent_history_capacity_oracle_fit,active_plus_recurrent_velocity_curvature_rows_perp,active non-final velocity plus recurrent velocity-row curvature,"0,1",1,24,8,16,24,16,32,28,1.0224392758381573e+06,2,32,2.9649320103939081e-01,False,True,False,False,8,132,23,31,8,3.2893647374165737e+12,1.8390370753258983e-01,1.8388558020348772e-01,8.6794925055906494e-04,1.8388353180987083e-01,9.9998886049893299e-01,9.9999969283424373e-01,1.8388353180987083e-01,9.9989029191966983e-01,9.9999744740652730e-01,9.9963851309161533e-01,1.5237703619020713e-34,True,True,True,False,True,True,False,False,False,False,False,The tested recurrent curvature/bilinear history features do not reproduce the local correction.,derive a revised weak-row formula or richer nonlinear recurrent history source law for the coefficient-gradient closure,"This capacity audit tests two-step recurrent curvature and pairwise source/velocity bilinear history features. The feature library is target-free, but the capacity projection still uses the target Jacobian for evaluation, so it is not an accepted full-TFE stage replacement."
cylindrical_sharp,0.01,case_local_recurrent_history_capacity_value_full_nonfinal,paper_tfe_lower_pair_velocity_compression_recurrent_history_capacity_gap_not_full_tfe,,case_local_recurrent_history_capacity_nonfinal_full_component_value_fit,case_local_recurrent_history_capacity_oracle_fit,recurrent_source_velocity_bilinear_rows_perp,target-free pairwise bilinear products of recurrent source/velocity curvature rows,"0,1",1,24,8,16,24,16,256,56,4.3870896175901440e+05,2,256,2.2110536680487383e+00,True,True,True,False,8,132,24,29,5,1.1016080698279900e+04,1.8390370753258983e-01,1.8388558020348772e-01,1.3094747015542735e-01,1.2909944487358058e-01,7.0206399398321051e-01,9.9263177666290525e-01,1.2909944487358058e-01,7.0199479176189361e-01,9.9262199567089726e-01,1.5519423314206498e-09,1.5237703619020713e-34,True,True,True,False,True,True,False,False,False,False,False,The tested recurrent curvature/bilinear history features do not reproduce the local correction.,derive a revised weak-row formula or richer nonlinear recurrent history source law for the coefficient-gradient closure,"This capacity audit tests two-step recurrent curvature and pairwise source/velocity bilinear history features. The feature library is target-free, but the capacity projection still uses the target Jacobian for evaluation, so it is not an accepted full-TFE stage replacement."
cylindrical_sharp,0.01,case_local_recurrent_history_capacity_value_full_nonfinal,paper_tfe_lower_pair_velocity_compression_recurrent_history_capacity_gap_not_full_tfe,,case_local_recurrent_history_capacity_nonfinal_full_component_value_fit,case_local_recurrent_history_capacity_oracle_fit,active_plus_recurrent_source_velocity_bilinear_rows_perp,active non-final velocity plus bilinear recurrent source/velocity curvature rows,"0,1",1,24,8,16,24,16,272,64,4.3954927680081455e+05,2,272,2.2308443498939297e+00,True,True,True,False,8,132,24,28,4,1.1016080698906644e+04,1.8390370753258983e-01,1.8388558020348772e-01,1.3094747015542801e-01,1.2909944487358055e-01,7.0206399398321040e-01,9.9263177666290492e-01,1.2909944487358055e-01,7.0199479176189339e-01,9.9262199567089682e-01,2.9449694004740974e-13,1.5237703619020713e-34,True,True,True,False,True,True,False,False,False,False,False,The tested recurrent curvature/bilinear history features do not reproduce the local correction.,derive a revised weak-row formula or richer nonlinear recurrent history source law for the coefficient-gradient closure,"This capacity audit tests two-step recurrent curvature and pairwise source/velocity bilinear history features. The feature library is target-free, but the capacity projection still uses the target Jacobian for evaluation, so it is not an accepted full-TFE stage replacement."
cylindrical_sharp,0.01,universal_recurrent_history_capacity_value_full_nonfinal,paper_tfe_lower_pair_velocity_compression_recurrent_history_capacity_gap_not_full_tfe,,universal_recurrent_history_capacity_nonfinal_full_component_value_fit,all_case_h_recurrent_history_capacity_oracle_fit,recurrent_source_curvature_rows_perp,two-step recurrent source-row curvature residualized against local source rows,"0,1",6,24,8,16,24,16,16,16,3.1631787608582817e+02,2,16,4.3120509127174437e-03,True,False,False,False,8,132,24,32,8,4.1265476632421458e+04,1.8390370753258983e-01,1.8388558191675508e-01,8.6441122847823904e-02,1.6230169289835231e-01,8.8262326609068353e-01,9.9735240843999107e-01,1.6230015481669460e-01,8.8252791090648985e-01,9.9734980707023835e-01,4.2950511676338565e-01,4.5145606179748471e-32,True,True,True,False,True,True,False,False,False,False,False,The tested recurrent curvature/bilinear history features do not reproduce the local correction.,derive a revised weak-row formula or richer nonlinear recurrent history source law for the coefficient-gradient closure,"This capacity audit tests two-step recurrent curvature and pairwise source/velocity bilinear history features. The feature library is target-free, but the capacity projection still uses the target Jacobian for evaluation, so it is not an accepted full-TFE stage replacement."
cylindrical_sharp,0.01,universal_recurrent_history_capacity_value_full_nonfinal,paper_tfe_lower_pair_velocity_compression_recurrent_history_capacity_gap_not_full_tfe,,universal_recurrent_history_capacity_nonfinal_full_component_value_fit,all_case_h_recurrent_history_capacity_oracle_fit,active_plus_recurrent_source_curvature_rows_perp,active non-final velocity plus recurrent source-row curvature,"0,1",6,24,8,16,24,16,32,32,1.8879950557623005e+06,2,32,2.9652450867502250e-01,True,False,False,False,8,132,24,30,6,4.1336608940582599e+04,1.8390370753258983e-01,1.8388558191675508e-01,9.5715885720033825e-02,1.5701075268176093e-01,8.5385026408889209e-01,9.9676011015271881e-01,1.5701075268176093e-01,8.5376610829847921e-01,9.9675787595440390e-01,2.0070116428658492e-12,4.5145606179748471e-32,True,True,True,False,True,True,False,False,False,False,False,The tested recurrent curvature/bilinear history features do not reproduce the local correction.,derive a revised weak-row formula or richer nonlinear recurrent history source law for the coefficient-gradient closure,"This capacity audit tests two-step recurrent curvature and pairwise source/velocity bilinear history features. The feature library is target-free, but the capacity projection still uses the target Jacobian for evaluation, so it is not an accepted full-TFE stage replacement."
cylindrical_sharp,0.01,universal_recurrent_history_capacity_value_full_nonfinal,paper_tfe_lower_pair_velocity_compression_recurrent_history_capacity_gap_not_full_tfe,,universal_recurrent_history_capacity_nonfinal_full_component_value_fit,all_case_h_recurrent_history_capacity_oracle_fit,recurrent_velocity_curvature_rows_perp,two-step recurrent non-final velocity-row curvature residualized against local source rows,"0,1",6,24,8,16,24,16,16,16,9.7171920140804801e+01,2,16,1.6673540407908838e-04,False,True,False,False,8,132,24,32,8,1.9804486320160856e+06,1.8390370753258983e-01,1.8388558191675508e-01,7.1784733742319244e-04,1.8388418075534341e-01,9.9999238025408477e-01,9.9999971458638426e-01,1.8388417634654736e-01,9.9989379667052658e-01,9.9999745212201718e-01,9.9965779808349486e-01,4.5145606179748471e-32,True,True,True,False,True,True,False,False,False,False,False,The tested recurrent curvature/bilinear history features do not reproduce the local correction.,derive a revised weak-row formula or richer nonlinear recurrent history source law for the coefficient-gradient closure,"This capacity audit tests two-step recurrent curvature and pairwise source/velocity bilinear history features. The feature library is target-free, but the capacity projection still uses the target Jacobian for evaluation, so it is not an accepted full-TFE stage replacement."
cylindrical_sharp,0.01,universal_recurrent_history_capacity_value_full_nonfinal,paper_tfe_lower_pair_velocity_compression_recurrent_history_capacity_gap_not_full_tfe,,universal_recurrent_history_capacity_nonfinal_full_component_value_fit,all_case_h_recurrent_history_capacity_oracle_fit,active_plus_recurrent_velocity_curvature_rows_perp,active non-final velocity plus recurrent velocity-row curvature,"0,1",6,24,8,16,24,16,32,28,1.0224392758381573e+06,2,32,2.9649320103939081e-01,False,True,False,False,8,132,23,31,8,3.2893626574745527e+12,1.8390370753258983e-01,1.8388558191675508e-01,8.6831215117464289e-04,1.8388353180987085e-01,9.9998885118200753e-01,9.9999968886622970e-01,1.8388353180987083e-01,9.9989029191966983e-01,9.9999744740652730e-01,9.9963851309161533e-01,4.5145606179748471e-32,True,True,True,False,True,True,False,False,False,False,False,The tested recurrent curvature/bilinear history features do not reproduce the local correction.,derive a revised weak-row formula or richer nonlinear recurrent history source law for the coefficient-gradient closure,"This capacity audit tests two-step recurrent curvature and pairwise source/velocity bilinear history features. The feature library is target-free, but the capacity projection still uses the target Jacobian for evaluation, so it is not an accepted full-TFE stage replacement."
cylindrical_sharp,0.01,universal_recurrent_history_capacity_value_full_nonfinal,paper_tfe_lower_pair_velocity_compression_recurrent_history_capacity_gap_not_full_tfe,,universal_recurrent_history_capacity_nonfinal_full_component_value_fit,all_case_h_recurrent_history_capacity_oracle_fit,recurrent_source_velocity_bilinear_rows_perp,target-free pairwise bilinear products of recurrent source/velocity curvature rows,"0,1",6,24,8,16,24,16,256,56,4.3870896175901440e+05,2,256,2.2110536680487383e+00,True,True,True,False,8,132,24,31,7,1.1013857021605636e+04,1.8390370753258983e-01,1.8388558191675508e-01,1.3094747174994473e-01,1.2909944569656770e-01,7.0206399191759883e-01,9.9263175603638465e-01,1.2909944569479523e-01,7.0199479622735361e-01,9.9262200863017502e-01,1.5429808854477555e-06,4.5145606179748471e-32,True,True,True,False,True,True,False,False,False,False,False,The tested recurrent curvature/bilinear history features do not reproduce the local correction.,derive a revised weak-row formula or richer nonlinear recurrent history source law for the coefficient-gradient closure,"This capacity audit tests two-step recurrent curvature and pairwise source/velocity bilinear history features. The feature library is target-free, but the capacity projection still uses the target Jacobian for evaluation, so it is not an accepted full-TFE stage replacement."
cylindrical_sharp,0.01,universal_recurrent_history_capacity_value_full_nonfinal,paper_tfe_lower_pair_velocity_compression_recurrent_history_capacity_gap_not_full_tfe,,universal_recurrent_history_capacity_nonfinal_full_component_value_fit,all_case_h_recurrent_history_capacity_oracle_fit,active_plus_recurrent_source_velocity_bilinear_rows_perp,active non-final velocity plus bilinear recurrent source/velocity curvature rows,"0,1",6,24,8,16,24,16,272,64,4.3954927680081455e+05,2,272,2.2308443498939297e+00,True,True,True,False,8,132,24,28,4,1.1016080698736994e+04,1.8390370753258983e-01,1.8388558191675508e-01,1.3094747256131747e-01,1.2909944487358055e-01,7.0206398744205956e-01,9.9263174304885249e-01,1.2909944487358055e-01,7.0199479176189339e-01,9.9262199567089682e-01,5.3577463773673420e-13,4.5145606179748471e-32,True,True,True,False,True,True,False,False,False,False,False,The tested recurrent curvature/bilinear history features do not reproduce the local correction.,derive a revised weak-row formula or richer nonlinear recurrent history source law for the coefficient-gradient closure,"This capacity audit tests two-step recurrent curvature and pairwise source/velocity bilinear history features. The feature library is target-free, but the capacity projection still uses the target Jacobian for evaluation, so it is not an accepted full-TFE stage replacement."
