case,h,candidate_basis,status,error_message,candidate_kind,fit_scope,feature_family,feature_scope,active_stage_rows,training_sample_count,basis_row_count,compression_row_count,source_consistency_rows,velocity_stage_rows,active_velocity_rows,nonlinear_feature_rows,nonlinear_feature_rank,nonlinear_feature_condition,finite_difference_eps,finite_difference_direction_count,source_row_second_differential_used,all_row_second_differential_used,uses_final_stage_velocity_feature,target_row_count,stage_unknown_count,basis_rank,augmented_rank,independent_target_rank,basis_condition,target_jacobian_norm,oracle_correction_norm,nonlinear_projected_correction_norm,nonlinear_correction_residual_norm,nonlinear_correction_relative_residual,max_nonlinear_row_relative_residual,projection_residual_norm,projection_relative_residual,max_row_relative_residual,min_row_relative_residual,value_residual_norm,value_level_balance_ok,meaningful_nonfinal_energy,target_jacobian_used_for_capacity_fit,target_direction_oracle_used_for_formula,endpoint_boundary_source_removed,target_terminal_boundary_row_used,terminal_row_replacement_used,projection_used,accepted_h_sweep_present,full_tfe_stage_replacement,nonlinear_capacity_spans_target,blocking_gap,next_repair_target,notes
cylindrical_smooth,0.04,case_local_nonlinear_capacity_value_scalar_nonfinal,paper_tfe_lower_pair_velocity_compression_nonlinear_capacity_gap_not_full_tfe,,case_local_nonlinear_capacity_nonfinal_stage_scalar_value_fit,case_local_nonlinear_capacity_oracle_fit,second_diff_source_rows_perp_along_active_velocity,source-row second differential along active non-final velocity rows,"0,1",1,24,8,16,24,16,256,46,1.1779127547570171e+04,1.0000000000000001e-05,16,True,False,False,8,132,24,28,4,8.6132133764577088e+02,3.7127280938507345e-01,3.6464473006524034e-01,2.5748614039921758e-01,2.5819888974716110e-01,7.0808342602665753e-01,9.9214876648145423e-01,2.5819888974716110e-01,6.9544249732375274e-01,9.9030198830521510e-01,9.7791034130950856e-15,6.7406137997733683e-18,True,True,True,False,True,True,False,False,False,False,False,The tested non-final second-differential source features do not reproduce the local correction.,derive higher-order or nonlocal non-final source features for the coefficient-gradient law,"This is a finite-difference capacity audit. It perturbs the existing source-free lower-pair row Jacobian along non-final active/source row directions, then projects the local oracle correction onto those second-differential feature rows. It is not a formula and not a trajectory h-sweep."
cylindrical_smooth,0.04,case_local_nonlinear_capacity_value_scalar_nonfinal,paper_tfe_lower_pair_velocity_compression_nonlinear_capacity_gap_not_full_tfe,,case_local_nonlinear_capacity_nonfinal_stage_scalar_value_fit,case_local_nonlinear_capacity_oracle_fit,active_plus_second_diff_source_rows_perp,active non-final velocity plus source-row second differential,"0,1",1,24,8,16,24,16,272,54,1.2125992814584899e+04,1.0000000000000001e-05,16,True,False,False,8,132,24,28,4,8.6132133764577986e+02,3.7127280938507345e-01,3.6464473006524034e-01,2.5748614039921713e-01,2.5819888974716110e-01,7.0808342602665753e-01,9.9214876648145423e-01,2.5819888974716110e-01,6.9544249732375274e-01,9.9030198830521510e-01,5.0377566028500581e-15,6.7406137997733683e-18,True,True,True,False,True,True,False,False,False,False,False,The tested non-final second-differential source features do not reproduce the local correction.,derive higher-order or nonlocal non-final source features for the coefficient-gradient law,"This is a finite-difference capacity audit. It perturbs the existing source-free lower-pair row Jacobian along non-final active/source row directions, then projects the local oracle correction onto those second-differential feature rows. It is not a formula and not a trajectory h-sweep."
cylindrical_smooth,0.04,case_local_nonlinear_capacity_value_scalar_nonfinal,paper_tfe_lower_pair_velocity_compression_nonlinear_capacity_gap_not_full_tfe,,case_local_nonlinear_capacity_nonfinal_stage_scalar_value_fit,case_local_nonlinear_capacity_oracle_fit,source_active_plus_second_diff_source_rows_raw,source consistency and active rows plus raw source-row second differential,"0,1",1,24,8,16,24,16,288,70,1.0577057468005228e+05,1.0000000000000001e-05,16,True,False,False,8,132,24,28,4,8.6132133764582420e+02,3.7127280938507345e-01,3.6464473006524034e-01,2.5748614039921608e-01,2.5819888974716110e-01,7.0808342602665753e-01,9.9214876648145423e-01,2.5819888974716110e-01,6.9544249732375274e-01,9.9030198830521510e-01,6.5509898203827328e-15,6.7406137997733683e-18,True,True,True,False,True,True,False,False,False,False,False,The tested non-final second-differential source features do not reproduce the local correction.,derive higher-order or nonlocal non-final source features for the coefficient-gradient law,"This is a finite-difference capacity audit. It perturbs the existing source-free lower-pair row Jacobian along non-final active/source row directions, then projects the local oracle correction onto those second-differential feature rows. It is not a formula and not a trajectory h-sweep."
cylindrical_smooth,0.04,case_local_nonlinear_capacity_value_scalar_nonfinal,paper_tfe_lower_pair_velocity_compression_nonlinear_capacity_gap_not_full_tfe,,case_local_nonlinear_capacity_nonfinal_stage_scalar_value_fit,case_local_nonlinear_capacity_oracle_fit,second_diff_all_rows_perp_along_active_velocity,all source-free lower-pair row second differential along active non-final velocity rows,"0,1",1,24,8,16,24,16,384,46,1.1071583709381495e+04,1.0000000000000001e-05,16,True,True,False,8,132,24,28,4,8.6132133764575940e+02,3.7127280938507345e-01,3.6464473006524034e-01,2.5748614039921736e-01,2.5819888974716110e-01,7.0808342602665753e-01,9.9214876648145423e-01,2.5819888974716110e-01,6.9544249732375274e-01,9.9030198830521510e-01,2.7498103729959173e-15,6.7406137997733683e-18,True,True,True,False,True,True,False,False,False,False,False,The tested non-final second-differential source features do not reproduce the local correction.,derive higher-order or nonlocal non-final source features for the coefficient-gradient law,"This is a finite-difference capacity audit. It perturbs the existing source-free lower-pair row Jacobian along non-final active/source row directions, then projects the local oracle correction onto those second-differential feature rows. It is not a formula and not a trajectory h-sweep."
cylindrical_smooth,0.04,case_local_nonlinear_capacity_value_scalar_nonfinal,paper_tfe_lower_pair_velocity_compression_nonlinear_capacity_gap_not_full_tfe,,case_local_nonlinear_capacity_nonfinal_stage_scalar_value_fit,case_local_nonlinear_capacity_oracle_fit,second_diff_source_rows_perp_along_source_rows,source-row second differential along source-consistency rows,"0,1",1,24,8,16,24,16,256,46,7.4920989782368179e+03,1.0000000000000001e-05,16,True,False,False,8,132,24,28,4,8.6132133764580908e+02,3.7127280938507345e-01,3.6464473006524034e-01,2.5748614039921724e-01,2.5819888974716110e-01,7.0808342602665753e-01,9.9214876648145423e-01,2.5819888974716110e-01,6.9544249732375274e-01,9.9030198830521510e-01,3.3621242343700562e-15,6.7406137997733683e-18,True,True,True,False,True,True,False,False,False,False,False,The tested non-final second-differential source features do not reproduce the local correction.,derive higher-order or nonlocal non-final source features for the coefficient-gradient law,"This is a finite-difference capacity audit. It perturbs the existing source-free lower-pair row Jacobian along non-final active/source row directions, then projects the local oracle correction onto those second-differential feature rows. It is not a formula and not a trajectory h-sweep."
cylindrical_smooth,0.04,case_local_nonlinear_capacity_value_scalar_nonfinal,paper_tfe_lower_pair_velocity_compression_nonlinear_capacity_gap_not_full_tfe,,case_local_nonlinear_capacity_nonfinal_stage_scalar_value_fit,case_local_nonlinear_capacity_oracle_fit,source_active_plus_second_diff_source_rows_perp_along_source_active,source and active rows plus source-row second differential along source/active rows,"0,1",1,24,8,16,24,16,544,70,1.1060895674124422e+03,1.0000000000000001e-05,32,True,False,False,8,132,24,28,4,8.6132133764579476e+02,3.7127280938507345e-01,3.6464473006524034e-01,2.5748614039921730e-01,2.5819888974716110e-01,7.0808342602665753e-01,9.9214876648145423e-01,2.5819888974716110e-01,6.9544249732375274e-01,9.9030198830521510e-01,2.5830256580074234e-15,6.7406137997733683e-18,True,True,True,False,True,True,False,False,False,False,False,The tested non-final second-differential source features do not reproduce the local correction.,derive higher-order or nonlocal non-final source features for the coefficient-gradient law,"This is a finite-difference capacity audit. It perturbs the existing source-free lower-pair row Jacobian along non-final active/source row directions, then projects the local oracle correction onto those second-differential feature rows. It is not a formula and not a trajectory h-sweep."
cylindrical_smooth,0.04,universal_nonlinear_capacity_value_scalar_nonfinal,paper_tfe_lower_pair_velocity_compression_nonlinear_capacity_gap_not_full_tfe,,universal_nonlinear_capacity_nonfinal_stage_scalar_value_fit,all_case_h_nonlinear_capacity_oracle_fit,second_diff_source_rows_perp_along_active_velocity,source-row second differential along active non-final velocity rows,"0,1",6,24,8,16,24,16,256,46,1.1779127547570171e+04,1.0000000000000001e-05,16,True,False,False,8,132,24,28,4,8.6132133764576895e+02,3.7127280938507345e-01,3.6464473007478193e-01,2.5748614041272999e-01,2.5819888974716110e-01,7.0808342600812924e-01,9.9214876647879036e-01,2.5819888974716110e-01,6.9544249732375274e-01,9.9030198830521510e-01,1.0815863655774916e-14,7.6071816433064978e-18,True,True,True,False,True,True,False,False,False,False,False,The tested non-final second-differential source features do not reproduce the local correction.,derive higher-order or nonlocal non-final source features for the coefficient-gradient law,"This is a finite-difference capacity audit. It perturbs the existing source-free lower-pair row Jacobian along non-final active/source row directions, then projects the local oracle correction onto those second-differential feature rows. It is not a formula and not a trajectory h-sweep."
cylindrical_smooth,0.04,universal_nonlinear_capacity_value_scalar_nonfinal,paper_tfe_lower_pair_velocity_compression_nonlinear_capacity_gap_not_full_tfe,,universal_nonlinear_capacity_nonfinal_stage_scalar_value_fit,all_case_h_nonlinear_capacity_oracle_fit,active_plus_second_diff_source_rows_perp,active non-final velocity plus source-row second differential,"0,1",6,24,8,16,24,16,272,54,1.2125992814584899e+04,1.0000000000000001e-05,16,True,False,False,8,132,24,28,4,8.6132133764577929e+02,3.7127280938507345e-01,3.6464473007478193e-01,2.5748614041272949e-01,2.5819888974716110e-01,7.0808342600812924e-01,9.9214876647879036e-01,2.5819888974716110e-01,6.9544249732375274e-01,9.9030198830521510e-01,4.9590330801064780e-15,7.6071816433064978e-18,True,True,True,False,True,True,False,False,False,False,False,The tested non-final second-differential source features do not reproduce the local correction.,derive higher-order or nonlocal non-final source features for the coefficient-gradient law,"This is a finite-difference capacity audit. It perturbs the existing source-free lower-pair row Jacobian along non-final active/source row directions, then projects the local oracle correction onto those second-differential feature rows. It is not a formula and not a trajectory h-sweep."
cylindrical_smooth,0.04,universal_nonlinear_capacity_value_scalar_nonfinal,paper_tfe_lower_pair_velocity_compression_nonlinear_capacity_gap_not_full_tfe,,universal_nonlinear_capacity_nonfinal_stage_scalar_value_fit,all_case_h_nonlinear_capacity_oracle_fit,source_active_plus_second_diff_source_rows_raw,source consistency and active rows plus raw source-row second differential,"0,1",6,24,8,16,24,16,288,70,1.0577057468005228e+05,1.0000000000000001e-05,16,True,False,False,8,132,24,28,4,8.6132133764583170e+02,3.7127280938507345e-01,3.6464473007478193e-01,2.5748614041272871e-01,2.5819888974716110e-01,7.0808342600812924e-01,9.9214876647879036e-01,2.5819888974716110e-01,6.9544249732375274e-01,9.9030198830521510e-01,7.0380583459997543e-15,7.6071816433064978e-18,True,True,True,False,True,True,False,False,False,False,False,The tested non-final second-differential source features do not reproduce the local correction.,derive higher-order or nonlocal non-final source features for the coefficient-gradient law,"This is a finite-difference capacity audit. It perturbs the existing source-free lower-pair row Jacobian along non-final active/source row directions, then projects the local oracle correction onto those second-differential feature rows. It is not a formula and not a trajectory h-sweep."
cylindrical_smooth,0.04,universal_nonlinear_capacity_value_scalar_nonfinal,paper_tfe_lower_pair_velocity_compression_nonlinear_capacity_gap_not_full_tfe,,universal_nonlinear_capacity_nonfinal_stage_scalar_value_fit,all_case_h_nonlinear_capacity_oracle_fit,second_diff_all_rows_perp_along_active_velocity,all source-free lower-pair row second differential along active non-final velocity rows,"0,1",6,24,8,16,24,16,384,46,1.1071583709381495e+04,1.0000000000000001e-05,16,True,True,False,8,132,24,28,4,8.6132133764576508e+02,3.7127280938507345e-01,3.6464473007478193e-01,2.5748614041272994e-01,2.5819888974716110e-01,7.0808342600812924e-01,9.9214876647879036e-01,2.5819888974716110e-01,6.9544249732375274e-01,9.9030198830521510e-01,4.0131699111267345e-15,7.6071816433064978e-18,True,True,True,False,True,True,False,False,False,False,False,The tested non-final second-differential source features do not reproduce the local correction.,derive higher-order or nonlocal non-final source features for the coefficient-gradient law,"This is a finite-difference capacity audit. It perturbs the existing source-free lower-pair row Jacobian along non-final active/source row directions, then projects the local oracle correction onto those second-differential feature rows. It is not a formula and not a trajectory h-sweep."
cylindrical_smooth,0.04,universal_nonlinear_capacity_value_scalar_nonfinal,paper_tfe_lower_pair_velocity_compression_nonlinear_capacity_gap_not_full_tfe,,universal_nonlinear_capacity_nonfinal_stage_scalar_value_fit,all_case_h_nonlinear_capacity_oracle_fit,second_diff_source_rows_perp_along_source_rows,source-row second differential along source-consistency rows,"0,1",6,24,8,16,24,16,256,46,7.4920989782368179e+03,1.0000000000000001e-05,16,True,False,False,8,132,24,28,4,8.6132133764578850e+02,3.7127280938507345e-01,3.6464473007478193e-01,2.5748614041272938e-01,2.5819888974716110e-01,7.0808342600812924e-01,9.9214876647879036e-01,2.5819888974716110e-01,6.9544249732375274e-01,9.9030198830521510e-01,4.2604064526306563e-15,7.6071816433064978e-18,True,True,True,False,True,True,False,False,False,False,False,The tested non-final second-differential source features do not reproduce the local correction.,derive higher-order or nonlocal non-final source features for the coefficient-gradient law,"This is a finite-difference capacity audit. It perturbs the existing source-free lower-pair row Jacobian along non-final active/source row directions, then projects the local oracle correction onto those second-differential feature rows. It is not a formula and not a trajectory h-sweep."
cylindrical_smooth,0.04,universal_nonlinear_capacity_value_scalar_nonfinal,paper_tfe_lower_pair_velocity_compression_nonlinear_capacity_gap_not_full_tfe,,universal_nonlinear_capacity_nonfinal_stage_scalar_value_fit,all_case_h_nonlinear_capacity_oracle_fit,source_active_plus_second_diff_source_rows_perp_along_source_active,source and active rows plus source-row second differential along source/active rows,"0,1",6,24,8,16,24,16,544,70,1.1060895674124422e+03,1.0000000000000001e-05,32,True,False,False,8,132,24,28,4,8.6132133764577713e+02,3.7127280938507345e-01,3.6464473007478193e-01,2.5748614041272960e-01,2.5819888974716110e-01,7.0808342600812924e-01,9.9214876647879036e-01,2.5819888974716110e-01,6.9544249732375274e-01,9.9030198830521510e-01,2.3928505737314613e-15,7.6071816433064978e-18,True,True,True,False,True,True,False,False,False,False,False,The tested non-final second-differential source features do not reproduce the local correction.,derive higher-order or nonlocal non-final source features for the coefficient-gradient law,"This is a finite-difference capacity audit. It perturbs the existing source-free lower-pair row Jacobian along non-final active/source row directions, then projects the local oracle correction onto those second-differential feature rows. It is not a formula and not a trajectory h-sweep."
cylindrical_smooth,0.04,case_local_nonlinear_capacity_value_component_nonfinal,paper_tfe_lower_pair_velocity_compression_nonlinear_capacity_gap_not_full_tfe,,case_local_nonlinear_capacity_nonfinal_component_diagonal_value_fit,case_local_nonlinear_capacity_oracle_fit,second_diff_source_rows_perp_along_active_velocity,source-row second differential along active non-final velocity rows,"0,1",1,24,8,16,24,16,256,46,1.1779127547570171e+04,1.0000000000000001e-05,16,True,False,False,8,132,24,28,4,8.6132135806197437e+02,3.7127280938507345e-01,3.6505364663439654e-01,2.5806491093212264e-01,2.5819888974716110e-01,7.0729026302741982e-01,9.9214876647800720e-01,2.5819888974716110e-01,6.9544249732375274e-01,9.9030198830521510e-01,7.6880608383684783e-15,1.0969092796788381e-33,True,True,True,False,True,True,False,False,False,False,False,The tested non-final second-differential source features do not reproduce the local correction.,derive higher-order or nonlocal non-final source features for the coefficient-gradient law,"This is a finite-difference capacity audit. It perturbs the existing source-free lower-pair row Jacobian along non-final active/source row directions, then projects the local oracle correction onto those second-differential feature rows. It is not a formula and not a trajectory h-sweep."
cylindrical_smooth,0.04,case_local_nonlinear_capacity_value_component_nonfinal,paper_tfe_lower_pair_velocity_compression_nonlinear_capacity_gap_not_full_tfe,,case_local_nonlinear_capacity_nonfinal_component_diagonal_value_fit,case_local_nonlinear_capacity_oracle_fit,active_plus_second_diff_source_rows_perp,active non-final velocity plus source-row second differential,"0,1",1,24,8,16,24,16,272,54,1.2125992814584899e+04,1.0000000000000001e-05,16,True,False,False,8,132,24,28,4,8.6132135806198676e+02,3.7127280938507345e-01,3.6505364663439654e-01,2.5806491093212214e-01,2.5819888974716110e-01,7.0729026302741982e-01,9.9214876647800720e-01,2.5819888974716110e-01,6.9544249732375274e-01,9.9030198830521510e-01,6.4330931007801243e-15,1.0969092796788381e-33,True,True,True,False,True,True,False,False,False,False,False,The tested non-final second-differential source features do not reproduce the local correction.,derive higher-order or nonlocal non-final source features for the coefficient-gradient law,"This is a finite-difference capacity audit. It perturbs the existing source-free lower-pair row Jacobian along non-final active/source row directions, then projects the local oracle correction onto those second-differential feature rows. It is not a formula and not a trajectory h-sweep."
cylindrical_smooth,0.04,case_local_nonlinear_capacity_value_component_nonfinal,paper_tfe_lower_pair_velocity_compression_nonlinear_capacity_gap_not_full_tfe,,case_local_nonlinear_capacity_nonfinal_component_diagonal_value_fit,case_local_nonlinear_capacity_oracle_fit,source_active_plus_second_diff_source_rows_raw,source consistency and active rows plus raw source-row second differential,"0,1",1,24,8,16,24,16,288,70,1.0577057468005228e+05,1.0000000000000001e-05,16,True,False,False,8,132,24,28,4,8.6132135806201927e+02,3.7127280938507345e-01,3.6505364663439654e-01,2.5806491093212125e-01,2.5819888974716110e-01,7.0729026302741982e-01,9.9214876647800720e-01,2.5819888974716110e-01,6.9544249732375274e-01,9.9030198830521510e-01,5.9769431998066627e-15,1.0969092796788381e-33,True,True,True,False,True,True,False,False,False,False,False,The tested non-final second-differential source features do not reproduce the local correction.,derive higher-order or nonlocal non-final source features for the coefficient-gradient law,"This is a finite-difference capacity audit. It perturbs the existing source-free lower-pair row Jacobian along non-final active/source row directions, then projects the local oracle correction onto those second-differential feature rows. It is not a formula and not a trajectory h-sweep."
cylindrical_smooth,0.04,case_local_nonlinear_capacity_value_component_nonfinal,paper_tfe_lower_pair_velocity_compression_nonlinear_capacity_gap_not_full_tfe,,case_local_nonlinear_capacity_nonfinal_component_diagonal_value_fit,case_local_nonlinear_capacity_oracle_fit,second_diff_all_rows_perp_along_active_velocity,all source-free lower-pair row second differential along active non-final velocity rows,"0,1",1,24,8,16,24,16,384,46,1.1071583709381495e+04,1.0000000000000001e-05,16,True,True,False,8,132,24,28,4,8.6132135806196709e+02,3.7127280938507345e-01,3.6505364663439654e-01,2.5806491093212219e-01,2.5819888974716110e-01,7.0729026302741982e-01,9.9214876647800720e-01,2.5819888974716110e-01,6.9544249732375274e-01,9.9030198830521510e-01,3.1124782674075340e-15,1.0969092796788381e-33,True,True,True,False,True,True,False,False,False,False,False,The tested non-final second-differential source features do not reproduce the local correction.,derive higher-order or nonlocal non-final source features for the coefficient-gradient law,"This is a finite-difference capacity audit. It perturbs the existing source-free lower-pair row Jacobian along non-final active/source row directions, then projects the local oracle correction onto those second-differential feature rows. It is not a formula and not a trajectory h-sweep."
cylindrical_smooth,0.04,case_local_nonlinear_capacity_value_component_nonfinal,paper_tfe_lower_pair_velocity_compression_nonlinear_capacity_gap_not_full_tfe,,case_local_nonlinear_capacity_nonfinal_component_diagonal_value_fit,case_local_nonlinear_capacity_oracle_fit,second_diff_source_rows_perp_along_source_rows,source-row second differential along source-consistency rows,"0,1",1,24,8,16,24,16,256,46,7.4920989782368179e+03,1.0000000000000001e-05,16,True,False,False,8,132,24,28,4,8.6132135806197925e+02,3.7127280938507345e-01,3.6505364663439654e-01,2.5806491093212253e-01,2.5819888974716110e-01,7.0729026302741982e-01,9.9214876647800720e-01,2.5819888974716110e-01,6.9544249732375274e-01,9.9030198830521510e-01,2.4669677133106417e-15,1.0969092796788381e-33,True,True,True,False,True,True,False,False,False,False,False,The tested non-final second-differential source features do not reproduce the local correction.,derive higher-order or nonlocal non-final source features for the coefficient-gradient law,"This is a finite-difference capacity audit. It perturbs the existing source-free lower-pair row Jacobian along non-final active/source row directions, then projects the local oracle correction onto those second-differential feature rows. It is not a formula and not a trajectory h-sweep."
cylindrical_smooth,0.04,case_local_nonlinear_capacity_value_component_nonfinal,paper_tfe_lower_pair_velocity_compression_nonlinear_capacity_gap_not_full_tfe,,case_local_nonlinear_capacity_nonfinal_component_diagonal_value_fit,case_local_nonlinear_capacity_oracle_fit,source_active_plus_second_diff_source_rows_perp_along_source_active,source and active rows plus source-row second differential along source/active rows,"0,1",1,24,8,16,24,16,544,70,1.1060895674124422e+03,1.0000000000000001e-05,32,True,False,False,8,132,24,28,4,8.6132135806202143e+02,3.7127280938507345e-01,3.6505364663439654e-01,2.5806491093212236e-01,2.5819888974716110e-01,7.0729026302741982e-01,9.9214876647800720e-01,2.5819888974716110e-01,6.9544249732375274e-01,9.9030198830521510e-01,3.0387606858176772e-15,1.0969092796788381e-33,True,True,True,False,True,True,False,False,False,False,False,The tested non-final second-differential source features do not reproduce the local correction.,derive higher-order or nonlocal non-final source features for the coefficient-gradient law,"This is a finite-difference capacity audit. It perturbs the existing source-free lower-pair row Jacobian along non-final active/source row directions, then projects the local oracle correction onto those second-differential feature rows. It is not a formula and not a trajectory h-sweep."
cylindrical_smooth,0.04,universal_nonlinear_capacity_value_component_nonfinal,paper_tfe_lower_pair_velocity_compression_nonlinear_capacity_gap_not_full_tfe,,universal_nonlinear_capacity_nonfinal_component_diagonal_value_fit,all_case_h_nonlinear_capacity_oracle_fit,second_diff_source_rows_perp_along_active_velocity,source-row second differential along active non-final velocity rows,"0,1",6,24,8,16,24,16,256,46,1.1779127547570171e+04,1.0000000000000001e-05,16,True,False,False,8,132,24,28,4,8.6132143302211682e+02,3.7127280938507345e-01,3.6499396871481160e-01,2.5798048478813751e-01,2.5819888974716138e-01,7.0740590770941025e-01,9.9214876647798067e-01,2.5819888974716138e-01,6.9544249732375352e-01,9.9030198830521510e-01,1.1249269132426650e-14,2.6003532570117728e-19,True,True,True,False,True,True,False,False,False,False,False,The tested non-final second-differential source features do not reproduce the local correction.,derive higher-order or nonlocal non-final source features for the coefficient-gradient law,"This is a finite-difference capacity audit. It perturbs the existing source-free lower-pair row Jacobian along non-final active/source row directions, then projects the local oracle correction onto those second-differential feature rows. It is not a formula and not a trajectory h-sweep."
cylindrical_smooth,0.04,universal_nonlinear_capacity_value_component_nonfinal,paper_tfe_lower_pair_velocity_compression_nonlinear_capacity_gap_not_full_tfe,,universal_nonlinear_capacity_nonfinal_component_diagonal_value_fit,all_case_h_nonlinear_capacity_oracle_fit,active_plus_second_diff_source_rows_perp,active non-final velocity plus source-row second differential,"0,1",6,24,8,16,24,16,272,54,1.2125992814584899e+04,1.0000000000000001e-05,16,True,False,False,8,132,24,28,4,8.6132143302267127e+02,3.7127280938507345e-01,3.6499396871481160e-01,2.5798048478813734e-01,2.5819888974716110e-01,7.0740590770940948e-01,9.9214876647798067e-01,2.5819888974716110e-01,6.9544249732375274e-01,9.9030198830521510e-01,6.4519076657505104e-15,2.6003532570117728e-19,True,True,True,False,True,True,False,False,False,False,False,The tested non-final second-differential source features do not reproduce the local correction.,derive higher-order or nonlocal non-final source features for the coefficient-gradient law,"This is a finite-difference capacity audit. It perturbs the existing source-free lower-pair row Jacobian along non-final active/source row directions, then projects the local oracle correction onto those second-differential feature rows. It is not a formula and not a trajectory h-sweep."
cylindrical_smooth,0.04,universal_nonlinear_capacity_value_component_nonfinal,paper_tfe_lower_pair_velocity_compression_nonlinear_capacity_gap_not_full_tfe,,universal_nonlinear_capacity_nonfinal_component_diagonal_value_fit,all_case_h_nonlinear_capacity_oracle_fit,source_active_plus_second_diff_source_rows_raw,source consistency and active rows plus raw source-row second differential,"0,1",6,24,8,16,24,16,288,70,1.0577057468005228e+05,1.0000000000000001e-05,16,True,False,False,8,132,24,28,4,8.6132143302275267e+02,3.7127280938507345e-01,3.6499396871481160e-01,2.5798048478813662e-01,2.5819888974716110e-01,7.0740590770940948e-01,9.9214876647798067e-01,2.5819888974716110e-01,6.9544249732375274e-01,9.9030198830521510e-01,7.6532224100221572e-15,2.6003532570117728e-19,True,True,True,False,True,True,False,False,False,False,False,The tested non-final second-differential source features do not reproduce the local correction.,derive higher-order or nonlocal non-final source features for the coefficient-gradient law,"This is a finite-difference capacity audit. It perturbs the existing source-free lower-pair row Jacobian along non-final active/source row directions, then projects the local oracle correction onto those second-differential feature rows. It is not a formula and not a trajectory h-sweep."
cylindrical_smooth,0.04,universal_nonlinear_capacity_value_component_nonfinal,paper_tfe_lower_pair_velocity_compression_nonlinear_capacity_gap_not_full_tfe,,universal_nonlinear_capacity_nonfinal_component_diagonal_value_fit,all_case_h_nonlinear_capacity_oracle_fit,second_diff_all_rows_perp_along_active_velocity,all source-free lower-pair row second differential along active non-final velocity rows,"0,1",6,24,8,16,24,16,384,46,1.1071583709381495e+04,1.0000000000000001e-05,16,True,True,False,8,132,24,28,4,8.6132143302211728e+02,3.7127280938507345e-01,3.6499396871481160e-01,2.5798048478813695e-01,2.5819888974716138e-01,7.0740590770941025e-01,9.9214876647798067e-01,2.5819888974716138e-01,6.9544249732375352e-01,9.9030198830521510e-01,5.2455793038903437e-15,2.6003532570117728e-19,True,True,True,False,True,True,False,False,False,False,False,The tested non-final second-differential source features do not reproduce the local correction.,derive higher-order or nonlocal non-final source features for the coefficient-gradient law,"This is a finite-difference capacity audit. It perturbs the existing source-free lower-pair row Jacobian along non-final active/source row directions, then projects the local oracle correction onto those second-differential feature rows. It is not a formula and not a trajectory h-sweep."
cylindrical_smooth,0.04,universal_nonlinear_capacity_value_component_nonfinal,paper_tfe_lower_pair_velocity_compression_nonlinear_capacity_gap_not_full_tfe,,universal_nonlinear_capacity_nonfinal_component_diagonal_value_fit,all_case_h_nonlinear_capacity_oracle_fit,second_diff_source_rows_perp_along_source_rows,source-row second differential along source-consistency rows,"0,1",6,24,8,16,24,16,256,46,7.4920989782368179e+03,1.0000000000000001e-05,16,True,False,False,8,132,24,28,4,8.6132143302203951e+02,3.7127280938507345e-01,3.6499396871481160e-01,2.5798048478813662e-01,2.5819888974716138e-01,7.0740590770941025e-01,9.9214876647798067e-01,2.5819888974716138e-01,6.9544249732375352e-01,9.9030198830521510e-01,6.3980854163343612e-15,2.6003532570117728e-19,True,True,True,False,True,True,False,False,False,False,False,The tested non-final second-differential source features do not reproduce the local correction.,derive higher-order or nonlocal non-final source features for the coefficient-gradient law,"This is a finite-difference capacity audit. It perturbs the existing source-free lower-pair row Jacobian along non-final active/source row directions, then projects the local oracle correction onto those second-differential feature rows. It is not a formula and not a trajectory h-sweep."
cylindrical_smooth,0.04,universal_nonlinear_capacity_value_component_nonfinal,paper_tfe_lower_pair_velocity_compression_nonlinear_capacity_gap_not_full_tfe,,universal_nonlinear_capacity_nonfinal_component_diagonal_value_fit,all_case_h_nonlinear_capacity_oracle_fit,source_active_plus_second_diff_source_rows_perp_along_source_active,source and active rows plus source-row second differential along source/active rows,"0,1",6,24,8,16,24,16,544,70,1.1060895674124422e+03,1.0000000000000001e-05,32,True,False,False,8,132,24,28,4,8.6132143302269276e+02,3.7127280938507345e-01,3.6499396871481160e-01,2.5798048478813734e-01,2.5819888974716110e-01,7.0740590770940948e-01,9.9214876647798067e-01,2.5819888974716110e-01,6.9544249732375274e-01,9.9030198830521510e-01,5.0854135369502275e-15,2.6003532570117728e-19,True,True,True,False,True,True,False,False,False,False,False,The tested non-final second-differential source features do not reproduce the local correction.,derive higher-order or nonlocal non-final source features for the coefficient-gradient law,"This is a finite-difference capacity audit. It perturbs the existing source-free lower-pair row Jacobian along non-final active/source row directions, then projects the local oracle correction onto those second-differential feature rows. It is not a formula and not a trajectory h-sweep."
cylindrical_smooth,0.04,case_local_nonlinear_capacity_value_full_nonfinal,paper_tfe_lower_pair_velocity_compression_nonlinear_capacity_gap_not_full_tfe,,case_local_nonlinear_capacity_nonfinal_full_component_value_fit,case_local_nonlinear_capacity_oracle_fit,second_diff_source_rows_perp_along_active_velocity,source-row second differential along active non-final velocity rows,"0,1",1,24,8,16,24,16,256,46,1.1779127547570171e+04,1.0000000000000001e-05,16,True,False,False,8,132,24,28,4,8.6132133764579032e+02,3.7127280938507345e-01,3.6464473007330461e-01,2.5748614041063789e-01,2.5819888974716110e-01,7.0808342601099794e-01,9.9214876647920236e-01,2.5819888974716110e-01,6.9544249732375274e-01,9.9030198830521510e-01,6.4591026713106948e-13,1.8913227921974338e-33,True,True,True,False,True,True,False,False,False,False,False,The tested non-final second-differential source features do not reproduce the local correction.,derive higher-order or nonlocal non-final source features for the coefficient-gradient law,"This is a finite-difference capacity audit. It perturbs the existing source-free lower-pair row Jacobian along non-final active/source row directions, then projects the local oracle correction onto those second-differential feature rows. It is not a formula and not a trajectory h-sweep."
cylindrical_smooth,0.04,case_local_nonlinear_capacity_value_full_nonfinal,paper_tfe_lower_pair_velocity_compression_nonlinear_capacity_gap_not_full_tfe,,case_local_nonlinear_capacity_nonfinal_full_component_value_fit,case_local_nonlinear_capacity_oracle_fit,active_plus_second_diff_source_rows_perp,active non-final velocity plus source-row second differential,"0,1",1,24,8,16,24,16,272,54,1.2125992814584899e+04,1.0000000000000001e-05,16,True,False,False,8,132,24,28,4,8.6132133764577725e+02,3.7127280938507345e-01,3.6464473007330461e-01,2.5748614041063750e-01,2.5819888974716110e-01,7.0808342601099794e-01,9.9214876647920236e-01,2.5819888974716110e-01,6.9544249732375274e-01,9.9030198830521510e-01,6.2487763910219247e-15,1.8913227921974338e-33,True,True,True,False,True,True,False,False,False,False,False,The tested non-final second-differential source features do not reproduce the local correction.,derive higher-order or nonlocal non-final source features for the coefficient-gradient law,"This is a finite-difference capacity audit. It perturbs the existing source-free lower-pair row Jacobian along non-final active/source row directions, then projects the local oracle correction onto those second-differential feature rows. It is not a formula and not a trajectory h-sweep."
cylindrical_smooth,0.04,case_local_nonlinear_capacity_value_full_nonfinal,paper_tfe_lower_pair_velocity_compression_nonlinear_capacity_gap_not_full_tfe,,case_local_nonlinear_capacity_nonfinal_full_component_value_fit,case_local_nonlinear_capacity_oracle_fit,source_active_plus_second_diff_source_rows_raw,source consistency and active rows plus raw source-row second differential,"0,1",1,24,8,16,24,16,288,70,1.0577057468005228e+05,1.0000000000000001e-05,16,True,False,False,8,132,24,28,4,8.6132133764572961e+02,3.7127280938507345e-01,3.6464473007330461e-01,2.5748614041063639e-01,2.5819888974716110e-01,7.0808342601099794e-01,9.9214876647920236e-01,2.5819888974716110e-01,6.9544249732375274e-01,9.9030198830521510e-01,7.5280898459720656e-15,1.8913227921974338e-33,True,True,True,False,True,True,False,False,False,False,False,The tested non-final second-differential source features do not reproduce the local correction.,derive higher-order or nonlocal non-final source features for the coefficient-gradient law,"This is a finite-difference capacity audit. It perturbs the existing source-free lower-pair row Jacobian along non-final active/source row directions, then projects the local oracle correction onto those second-differential feature rows. It is not a formula and not a trajectory h-sweep."
cylindrical_smooth,0.04,case_local_nonlinear_capacity_value_full_nonfinal,paper_tfe_lower_pair_velocity_compression_nonlinear_capacity_gap_not_full_tfe,,case_local_nonlinear_capacity_nonfinal_full_component_value_fit,case_local_nonlinear_capacity_oracle_fit,second_diff_all_rows_perp_along_active_velocity,all source-free lower-pair row second differential along active non-final velocity rows,"0,1",1,24,8,16,24,16,384,46,1.1071583709381495e+04,1.0000000000000001e-05,16,True,True,False,8,132,24,28,4,8.6132133764581602e+02,3.7127280938507345e-01,3.6464473007330461e-01,2.5748614041063811e-01,2.5819888974716110e-01,7.0808342601099794e-01,9.9214876647920236e-01,2.5819888974716110e-01,6.9544249732375274e-01,9.9030198830521510e-01,6.4591821265379573e-13,1.8913227921974338e-33,True,True,True,False,True,True,False,False,False,False,False,The tested non-final second-differential source features do not reproduce the local correction.,derive higher-order or nonlocal non-final source features for the coefficient-gradient law,"This is a finite-difference capacity audit. It perturbs the existing source-free lower-pair row Jacobian along non-final active/source row directions, then projects the local oracle correction onto those second-differential feature rows. It is not a formula and not a trajectory h-sweep."
cylindrical_smooth,0.04,case_local_nonlinear_capacity_value_full_nonfinal,paper_tfe_lower_pair_velocity_compression_nonlinear_capacity_gap_not_full_tfe,,case_local_nonlinear_capacity_nonfinal_full_component_value_fit,case_local_nonlinear_capacity_oracle_fit,second_diff_source_rows_perp_along_source_rows,source-row second differential along source-consistency rows,"0,1",1,24,8,16,24,16,256,46,7.4920989782368179e+03,1.0000000000000001e-05,16,True,False,False,8,132,24,28,4,8.6132133764576861e+02,3.7127280938507345e-01,3.6464473007330461e-01,2.5748614041063755e-01,2.5819888974716110e-01,7.0808342601099794e-01,9.9214876647920236e-01,2.5819888974716110e-01,6.9544249732375274e-01,9.9030198830521510e-01,6.4582081818000343e-13,1.8913227921974338e-33,True,True,True,False,True,True,False,False,False,False,False,The tested non-final second-differential source features do not reproduce the local correction.,derive higher-order or nonlocal non-final source features for the coefficient-gradient law,"This is a finite-difference capacity audit. It perturbs the existing source-free lower-pair row Jacobian along non-final active/source row directions, then projects the local oracle correction onto those second-differential feature rows. It is not a formula and not a trajectory h-sweep."
cylindrical_smooth,0.04,case_local_nonlinear_capacity_value_full_nonfinal,paper_tfe_lower_pair_velocity_compression_nonlinear_capacity_gap_not_full_tfe,,case_local_nonlinear_capacity_nonfinal_full_component_value_fit,case_local_nonlinear_capacity_oracle_fit,source_active_plus_second_diff_source_rows_perp_along_source_active,source and active rows plus source-row second differential along source/active rows,"0,1",1,24,8,16,24,16,544,70,1.1060895674124422e+03,1.0000000000000001e-05,32,True,False,False,8,132,24,28,4,8.6132133764580931e+02,3.7127280938507345e-01,3.6464473007330461e-01,2.5748614041063750e-01,2.5819888974716110e-01,7.0808342601099794e-01,9.9214876647920236e-01,2.5819888974716110e-01,6.9544249732375274e-01,9.9030198830521510e-01,3.8405193438473051e-15,1.8913227921974338e-33,True,True,True,False,True,True,False,False,False,False,False,The tested non-final second-differential source features do not reproduce the local correction.,derive higher-order or nonlocal non-final source features for the coefficient-gradient law,"This is a finite-difference capacity audit. It perturbs the existing source-free lower-pair row Jacobian along non-final active/source row directions, then projects the local oracle correction onto those second-differential feature rows. It is not a formula and not a trajectory h-sweep."
cylindrical_smooth,0.04,universal_nonlinear_capacity_value_full_nonfinal,paper_tfe_lower_pair_velocity_compression_nonlinear_capacity_gap_not_full_tfe,,universal_nonlinear_capacity_nonfinal_full_component_value_fit,all_case_h_nonlinear_capacity_oracle_fit,second_diff_source_rows_perp_along_active_velocity,source-row second differential along active non-final velocity rows,"0,1",6,24,8,16,24,16,256,46,1.1779127547570171e+04,1.0000000000000001e-05,16,True,False,False,8,132,24,31,7,8.6132117349151247e+02,3.7127280938507345e-01,3.6464472482720589e-01,2.5748613133072762e-01,2.5819889139313540e-01,7.0808344071201923e-01,9.9214869370241221e-01,2.5819889139311375e-01,6.9544250175702282e-01,9.9030200126209422e-01,1.5438571163032380e-06,3.0619550613943693e-28,True,True,True,False,True,True,False,False,False,False,False,The tested non-final second-differential source features do not reproduce the local correction.,derive higher-order or nonlocal non-final source features for the coefficient-gradient law,"This is a finite-difference capacity audit. It perturbs the existing source-free lower-pair row Jacobian along non-final active/source row directions, then projects the local oracle correction onto those second-differential feature rows. It is not a formula and not a trajectory h-sweep."
cylindrical_smooth,0.04,universal_nonlinear_capacity_value_full_nonfinal,paper_tfe_lower_pair_velocity_compression_nonlinear_capacity_gap_not_full_tfe,,universal_nonlinear_capacity_nonfinal_full_component_value_fit,all_case_h_nonlinear_capacity_oracle_fit,active_plus_second_diff_source_rows_perp,active non-final velocity plus source-row second differential,"0,1",6,24,8,16,24,16,272,54,1.2125992814584899e+04,1.0000000000000001e-05,16,True,False,False,8,132,24,28,4,8.6132133764684579e+02,3.7127280938507345e-01,3.6464472482720589e-01,2.5748613298125822e-01,2.5819888974716110e-01,7.0808343619810687e-01,9.9214868072120055e-01,2.5819888974716110e-01,6.9544249732375274e-01,9.9030198830521510e-01,6.1953218926645697e-15,3.0619550613943693e-28,True,True,True,False,True,True,False,False,False,False,False,The tested non-final second-differential source features do not reproduce the local correction.,derive higher-order or nonlocal non-final source features for the coefficient-gradient law,"This is a finite-difference capacity audit. It perturbs the existing source-free lower-pair row Jacobian along non-final active/source row directions, then projects the local oracle correction onto those second-differential feature rows. It is not a formula and not a trajectory h-sweep."
cylindrical_smooth,0.04,universal_nonlinear_capacity_value_full_nonfinal,paper_tfe_lower_pair_velocity_compression_nonlinear_capacity_gap_not_full_tfe,,universal_nonlinear_capacity_nonfinal_full_component_value_fit,all_case_h_nonlinear_capacity_oracle_fit,source_active_plus_second_diff_source_rows_raw,source consistency and active rows plus raw source-row second differential,"0,1",6,24,8,16,24,16,288,70,1.0577057468005228e+05,1.0000000000000001e-05,16,True,False,False,8,132,24,28,4,8.6132133764686296e+02,3.7127280938507345e-01,3.6464472482720589e-01,2.5748613298125722e-01,2.5819888974716110e-01,7.0808343619810687e-01,9.9214868072120055e-01,2.5819888974716110e-01,6.9544249732375274e-01,9.9030198830521510e-01,5.9931069390482865e-15,3.0619550613943693e-28,True,True,True,False,True,True,False,False,False,False,False,The tested non-final second-differential source features do not reproduce the local correction.,derive higher-order or nonlocal non-final source features for the coefficient-gradient law,"This is a finite-difference capacity audit. It perturbs the existing source-free lower-pair row Jacobian along non-final active/source row directions, then projects the local oracle correction onto those second-differential feature rows. It is not a formula and not a trajectory h-sweep."
cylindrical_smooth,0.04,universal_nonlinear_capacity_value_full_nonfinal,paper_tfe_lower_pair_velocity_compression_nonlinear_capacity_gap_not_full_tfe,,universal_nonlinear_capacity_nonfinal_full_component_value_fit,all_case_h_nonlinear_capacity_oracle_fit,second_diff_all_rows_perp_along_active_velocity,all source-free lower-pair row second differential along active non-final velocity rows,"0,1",6,24,8,16,24,16,384,46,1.1071583709381495e+04,1.0000000000000001e-05,16,True,True,False,8,132,24,31,7,8.6132117349152418e+02,3.7127280938507345e-01,3.6464472482720589e-01,2.5748613133072745e-01,2.5819889139313540e-01,7.0808344071201923e-01,9.9214869370241221e-01,2.5819889139311375e-01,6.9544250175702282e-01,9.9030200126209422e-01,1.5438571163032560e-06,3.0619550613943693e-28,True,True,True,False,True,True,False,False,False,False,False,The tested non-final second-differential source features do not reproduce the local correction.,derive higher-order or nonlocal non-final source features for the coefficient-gradient law,"This is a finite-difference capacity audit. It perturbs the existing source-free lower-pair row Jacobian along non-final active/source row directions, then projects the local oracle correction onto those second-differential feature rows. It is not a formula and not a trajectory h-sweep."
cylindrical_smooth,0.04,universal_nonlinear_capacity_value_full_nonfinal,paper_tfe_lower_pair_velocity_compression_nonlinear_capacity_gap_not_full_tfe,,universal_nonlinear_capacity_nonfinal_full_component_value_fit,all_case_h_nonlinear_capacity_oracle_fit,second_diff_source_rows_perp_along_source_rows,source-row second differential along source-consistency rows,"0,1",6,24,8,16,24,16,256,46,7.4920989782368179e+03,1.0000000000000001e-05,16,True,False,False,8,132,24,31,7,8.6132117349155953e+02,3.7127280938507345e-01,3.6464472482720589e-01,2.5748613133072751e-01,2.5819889139313540e-01,7.0808344071201923e-01,9.9214869370241221e-01,2.5819889139311375e-01,6.9544250175702282e-01,9.9030200126209422e-01,1.5438571162976010e-06,3.0619550613943693e-28,True,True,True,False,True,True,False,False,False,False,False,The tested non-final second-differential source features do not reproduce the local correction.,derive higher-order or nonlocal non-final source features for the coefficient-gradient law,"This is a finite-difference capacity audit. It perturbs the existing source-free lower-pair row Jacobian along non-final active/source row directions, then projects the local oracle correction onto those second-differential feature rows. It is not a formula and not a trajectory h-sweep."
cylindrical_smooth,0.04,universal_nonlinear_capacity_value_full_nonfinal,paper_tfe_lower_pair_velocity_compression_nonlinear_capacity_gap_not_full_tfe,,universal_nonlinear_capacity_nonfinal_full_component_value_fit,all_case_h_nonlinear_capacity_oracle_fit,source_active_plus_second_diff_source_rows_perp_along_source_active,source and active rows plus source-row second differential along source/active rows,"0,1",6,24,8,16,24,16,544,70,1.1060895674124422e+03,1.0000000000000001e-05,32,True,False,False,8,132,24,28,4,8.6132133764683499e+02,3.7127280938507345e-01,3.6464472482720589e-01,2.5748613298125833e-01,2.5819888974716110e-01,7.0808343619810687e-01,9.9214868072120055e-01,2.5819888974716110e-01,6.9544249732375274e-01,9.9030198830521510e-01,2.6239100279116036e-15,3.0619550613943693e-28,True,True,True,False,True,True,False,False,False,False,False,The tested non-final second-differential source features do not reproduce the local correction.,derive higher-order or nonlocal non-final source features for the coefficient-gradient law,"This is a finite-difference capacity audit. It perturbs the existing source-free lower-pair row Jacobian along non-final active/source row directions, then projects the local oracle correction onto those second-differential feature rows. It is not a formula and not a trajectory h-sweep."
cylindrical_smooth,0.02,case_local_nonlinear_capacity_value_scalar_nonfinal,paper_tfe_lower_pair_velocity_compression_nonlinear_capacity_gap_not_full_tfe,,case_local_nonlinear_capacity_nonfinal_stage_scalar_value_fit,case_local_nonlinear_capacity_oracle_fit,second_diff_source_rows_perp_along_active_velocity,source-row second differential along active non-final velocity rows,"0,1",1,24,8,16,24,16,256,46,6.7559381098455444e+04,1.0000000000000001e-05,16,True,False,False,8,132,24,28,4,2.0637615854245082e+03,2.6042001459760067e-01,2.5971476305788754e-01,1.8471173437787081e-01,1.8257418583505580e-01,7.0297962151024140e-01,9.9256681659545776e-01,1.8257418583505580e-01,7.0107586053694171e-01,9.9229799549029063e-01,2.2861068209529607e-14,5.2364152976339945e-18,True,True,True,False,True,True,False,False,False,False,False,The tested non-final second-differential source features do not reproduce the local correction.,derive higher-order or nonlocal non-final source features for the coefficient-gradient law,"This is a finite-difference capacity audit. It perturbs the existing source-free lower-pair row Jacobian along non-final active/source row directions, then projects the local oracle correction onto those second-differential feature rows. It is not a formula and not a trajectory h-sweep."
cylindrical_smooth,0.02,case_local_nonlinear_capacity_value_scalar_nonfinal,paper_tfe_lower_pair_velocity_compression_nonlinear_capacity_gap_not_full_tfe,,case_local_nonlinear_capacity_nonfinal_stage_scalar_value_fit,case_local_nonlinear_capacity_oracle_fit,active_plus_second_diff_source_rows_perp,active non-final velocity plus source-row second differential,"0,1",1,24,8,16,24,16,272,54,6.8815015184099189e+04,1.0000000000000001e-05,16,True,False,False,8,132,24,28,4,2.0637615854634632e+03,2.6042001459760067e-01,2.5971476305788754e-01,1.8471173437787136e-01,1.8257418583505539e-01,7.0297962151023974e-01,9.9256681659545543e-01,1.8257418583505539e-01,7.0107586053694004e-01,9.9229799549028819e-01,2.9409328500632612e-14,5.2364152976339945e-18,True,True,True,False,True,True,False,False,False,False,False,The tested non-final second-differential source features do not reproduce the local correction.,derive higher-order or nonlocal non-final source features for the coefficient-gradient law,"This is a finite-difference capacity audit. It perturbs the existing source-free lower-pair row Jacobian along non-final active/source row directions, then projects the local oracle correction onto those second-differential feature rows. It is not a formula and not a trajectory h-sweep."
cylindrical_smooth,0.02,case_local_nonlinear_capacity_value_scalar_nonfinal,paper_tfe_lower_pair_velocity_compression_nonlinear_capacity_gap_not_full_tfe,,case_local_nonlinear_capacity_nonfinal_stage_scalar_value_fit,case_local_nonlinear_capacity_oracle_fit,source_active_plus_second_diff_source_rows_raw,source consistency and active rows plus raw source-row second differential,"0,1",1,24,8,16,24,16,288,70,5.9973609896921029e+05,1.0000000000000001e-05,16,True,False,False,8,132,24,28,4,2.0637615854630812e+03,2.6042001459760067e-01,2.5971476305788754e-01,1.8471173437787308e-01,1.8257418583505539e-01,7.0297962151023974e-01,9.9256681659545543e-01,1.8257418583505539e-01,7.0107586053694004e-01,9.9229799549028819e-01,4.4272569507106758e-14,5.2364152976339945e-18,True,True,True,False,True,True,False,False,False,False,False,The tested non-final second-differential source features do not reproduce the local correction.,derive higher-order or nonlocal non-final source features for the coefficient-gradient law,"This is a finite-difference capacity audit. It perturbs the existing source-free lower-pair row Jacobian along non-final active/source row directions, then projects the local oracle correction onto those second-differential feature rows. It is not a formula and not a trajectory h-sweep."
cylindrical_smooth,0.02,case_local_nonlinear_capacity_value_scalar_nonfinal,paper_tfe_lower_pair_velocity_compression_nonlinear_capacity_gap_not_full_tfe,,case_local_nonlinear_capacity_nonfinal_stage_scalar_value_fit,case_local_nonlinear_capacity_oracle_fit,second_diff_all_rows_perp_along_active_velocity,all source-free lower-pair row second differential along active non-final velocity rows,"0,1",1,24,8,16,24,16,384,46,5.2366930830105426e+04,1.0000000000000001e-05,16,True,True,False,8,132,24,28,4,2.0637615854236615e+03,2.6042001459760067e-01,2.5971476305788754e-01,1.8471173437787070e-01,1.8257418583505580e-01,7.0297962151024140e-01,9.9256681659545776e-01,1.8257418583505580e-01,7.0107586053694171e-01,9.9229799549029063e-01,2.4581247519181759e-14,5.2364152976339945e-18,True,True,True,False,True,True,False,False,False,False,False,The tested non-final second-differential source features do not reproduce the local correction.,derive higher-order or nonlocal non-final source features for the coefficient-gradient law,"This is a finite-difference capacity audit. It perturbs the existing source-free lower-pair row Jacobian along non-final active/source row directions, then projects the local oracle correction onto those second-differential feature rows. It is not a formula and not a trajectory h-sweep."
cylindrical_smooth,0.02,case_local_nonlinear_capacity_value_scalar_nonfinal,paper_tfe_lower_pair_velocity_compression_nonlinear_capacity_gap_not_full_tfe,,case_local_nonlinear_capacity_nonfinal_stage_scalar_value_fit,case_local_nonlinear_capacity_oracle_fit,second_diff_source_rows_perp_along_source_rows,source-row second differential along source-consistency rows,"0,1",1,24,8,16,24,16,256,46,7.4671123051470177e+03,1.0000000000000001e-05,16,True,False,False,8,132,24,28,4,2.0637615854258320e+03,2.6042001459760067e-01,2.5971476305788754e-01,1.8471173437787083e-01,1.8257418583505580e-01,7.0297962151024140e-01,9.9256681659545776e-01,1.8257418583505580e-01,7.0107586053694171e-01,9.9229799549029063e-01,7.6477492149847795e-15,5.2364152976339945e-18,True,True,True,False,True,True,False,False,False,False,False,The tested non-final second-differential source features do not reproduce the local correction.,derive higher-order or nonlocal non-final source features for the coefficient-gradient law,"This is a finite-difference capacity audit. It perturbs the existing source-free lower-pair row Jacobian along non-final active/source row directions, then projects the local oracle correction onto those second-differential feature rows. It is not a formula and not a trajectory h-sweep."
cylindrical_smooth,0.02,case_local_nonlinear_capacity_value_scalar_nonfinal,paper_tfe_lower_pair_velocity_compression_nonlinear_capacity_gap_not_full_tfe,,case_local_nonlinear_capacity_nonfinal_stage_scalar_value_fit,case_local_nonlinear_capacity_oracle_fit,source_active_plus_second_diff_source_rows_perp_along_source_active,source and active rows plus source-row second differential along source/active rows,"0,1",1,24,8,16,24,16,544,70,2.9806149488096962e+03,1.0000000000000001e-05,32,True,False,False,8,132,24,28,4,2.0637615854627807e+03,2.6042001459760067e-01,2.5971476305788754e-01,1.8471173437787142e-01,1.8257418583505539e-01,7.0297962151023974e-01,9.9256681659545543e-01,1.8257418583505539e-01,7.0107586053694004e-01,9.9229799549028819e-01,6.5754787203919230e-15,5.2364152976339945e-18,True,True,True,False,True,True,False,False,False,False,False,The tested non-final second-differential source features do not reproduce the local correction.,derive higher-order or nonlocal non-final source features for the coefficient-gradient law,"This is a finite-difference capacity audit. It perturbs the existing source-free lower-pair row Jacobian along non-final active/source row directions, then projects the local oracle correction onto those second-differential feature rows. It is not a formula and not a trajectory h-sweep."
cylindrical_smooth,0.02,universal_nonlinear_capacity_value_scalar_nonfinal,paper_tfe_lower_pair_velocity_compression_nonlinear_capacity_gap_not_full_tfe,,universal_nonlinear_capacity_nonfinal_stage_scalar_value_fit,all_case_h_nonlinear_capacity_oracle_fit,second_diff_source_rows_perp_along_active_velocity,source-row second differential along active non-final velocity rows,"0,1",6,24,8,16,24,16,256,46,6.7559381098455444e+04,1.0000000000000001e-05,16,True,False,False,8,132,24,28,4,2.0637615854642640e+03,2.6042001459760067e-01,2.5971476306639779e-01,1.8471173438983701e-01,1.8257418583505539e-01,7.0297962148720472e-01,9.9256681659216806e-01,1.8257418583505539e-01,7.0107586053694004e-01,9.9229799549028819e-01,2.2085129764161999e-14,5.6547069701932444e-18,True,True,True,False,True,True,False,False,False,False,False,The tested non-final second-differential source features do not reproduce the local correction.,derive higher-order or nonlocal non-final source features for the coefficient-gradient law,"This is a finite-difference capacity audit. It perturbs the existing source-free lower-pair row Jacobian along non-final active/source row directions, then projects the local oracle correction onto those second-differential feature rows. It is not a formula and not a trajectory h-sweep."
cylindrical_smooth,0.02,universal_nonlinear_capacity_value_scalar_nonfinal,paper_tfe_lower_pair_velocity_compression_nonlinear_capacity_gap_not_full_tfe,,universal_nonlinear_capacity_nonfinal_stage_scalar_value_fit,all_case_h_nonlinear_capacity_oracle_fit,active_plus_second_diff_source_rows_perp,active non-final velocity plus source-row second differential,"0,1",6,24,8,16,24,16,272,54,6.8815015184099189e+04,1.0000000000000001e-05,16,True,False,False,8,132,24,28,4,2.0637615854634237e+03,2.6042001459760067e-01,2.5971476306639779e-01,1.8471173438983732e-01,1.8257418583505539e-01,7.0297962148720472e-01,9.9256681659216806e-01,1.8257418583505539e-01,7.0107586053694004e-01,9.9229799549028819e-01,3.4024617415624979e-14,5.6547069701932444e-18,True,True,True,False,True,True,False,False,False,False,False,The tested non-final second-differential source features do not reproduce the local correction.,derive higher-order or nonlocal non-final source features for the coefficient-gradient law,"This is a finite-difference capacity audit. It perturbs the existing source-free lower-pair row Jacobian along non-final active/source row directions, then projects the local oracle correction onto those second-differential feature rows. It is not a formula and not a trajectory h-sweep."
cylindrical_smooth,0.02,universal_nonlinear_capacity_value_scalar_nonfinal,paper_tfe_lower_pair_velocity_compression_nonlinear_capacity_gap_not_full_tfe,,universal_nonlinear_capacity_nonfinal_stage_scalar_value_fit,all_case_h_nonlinear_capacity_oracle_fit,source_active_plus_second_diff_source_rows_raw,source consistency and active rows plus raw source-row second differential,"0,1",6,24,8,16,24,16,288,70,5.9973609896921029e+05,1.0000000000000001e-05,16,True,False,False,8,132,24,28,4,2.0637615854643045e+03,2.6042001459760067e-01,2.5971476306639779e-01,1.8471173438983915e-01,1.8257418583505539e-01,7.0297962148720472e-01,9.9256681659216806e-01,1.8257418583505539e-01,7.0107586053694004e-01,9.9229799549028819e-01,4.2101814716232142e-14,5.6547069701932444e-18,True,True,True,False,True,True,False,False,False,False,False,The tested non-final second-differential source features do not reproduce the local correction.,derive higher-order or nonlocal non-final source features for the coefficient-gradient law,"This is a finite-difference capacity audit. It perturbs the existing source-free lower-pair row Jacobian along non-final active/source row directions, then projects the local oracle correction onto those second-differential feature rows. It is not a formula and not a trajectory h-sweep."
cylindrical_smooth,0.02,universal_nonlinear_capacity_value_scalar_nonfinal,paper_tfe_lower_pair_velocity_compression_nonlinear_capacity_gap_not_full_tfe,,universal_nonlinear_capacity_nonfinal_stage_scalar_value_fit,all_case_h_nonlinear_capacity_oracle_fit,second_diff_all_rows_perp_along_active_velocity,all source-free lower-pair row second differential along active non-final velocity rows,"0,1",6,24,8,16,24,16,384,46,5.2366930830105426e+04,1.0000000000000001e-05,16,True,True,False,8,132,24,28,4,2.0637615854608234e+03,2.6042001459760067e-01,2.5971476306639779e-01,1.8471173438983718e-01,1.8257418583505539e-01,7.0297962148720472e-01,9.9256681659216806e-01,1.8257418583505539e-01,7.0107586053694004e-01,9.9229799549028819e-01,2.0728807036375787e-14,5.6547069701932444e-18,True,True,True,False,True,True,False,False,False,False,False,The tested non-final second-differential source features do not reproduce the local correction.,derive higher-order or nonlocal non-final source features for the coefficient-gradient law,"This is a finite-difference capacity audit. It perturbs the existing source-free lower-pair row Jacobian along non-final active/source row directions, then projects the local oracle correction onto those second-differential feature rows. It is not a formula and not a trajectory h-sweep."
cylindrical_smooth,0.02,universal_nonlinear_capacity_value_scalar_nonfinal,paper_tfe_lower_pair_velocity_compression_nonlinear_capacity_gap_not_full_tfe,,universal_nonlinear_capacity_nonfinal_stage_scalar_value_fit,all_case_h_nonlinear_capacity_oracle_fit,second_diff_source_rows_perp_along_source_rows,source-row second differential along source-consistency rows,"0,1",6,24,8,16,24,16,256,46,7.4671123051470177e+03,1.0000000000000001e-05,16,True,False,False,8,132,24,28,4,2.0637615854623355e+03,2.6042001459760067e-01,2.5971476306639779e-01,1.8471173438983760e-01,1.8257418583505539e-01,7.0297962148720472e-01,9.9256681659216806e-01,1.8257418583505539e-01,7.0107586053694004e-01,9.9229799549028819e-01,7.8406652217935034e-15,5.6547069701932444e-18,True,True,True,False,True,True,False,False,False,False,False,The tested non-final second-differential source features do not reproduce the local correction.,derive higher-order or nonlocal non-final source features for the coefficient-gradient law,"This is a finite-difference capacity audit. It perturbs the existing source-free lower-pair row Jacobian along non-final active/source row directions, then projects the local oracle correction onto those second-differential feature rows. It is not a formula and not a trajectory h-sweep."
cylindrical_smooth,0.02,universal_nonlinear_capacity_value_scalar_nonfinal,paper_tfe_lower_pair_velocity_compression_nonlinear_capacity_gap_not_full_tfe,,universal_nonlinear_capacity_nonfinal_stage_scalar_value_fit,all_case_h_nonlinear_capacity_oracle_fit,source_active_plus_second_diff_source_rows_perp_along_source_active,source and active rows plus source-row second differential along source/active rows,"0,1",6,24,8,16,24,16,544,70,2.9806149488096962e+03,1.0000000000000001e-05,32,True,False,False,8,132,24,28,4,2.0637615854630817e+03,2.6042001459760067e-01,2.5971476306639779e-01,1.8471173438983743e-01,1.8257418583505539e-01,7.0297962148720472e-01,9.9256681659216806e-01,1.8257418583505539e-01,7.0107586053694004e-01,9.9229799549028819e-01,6.3460234247106852e-15,5.6547069701932444e-18,True,True,True,False,True,True,False,False,False,False,False,The tested non-final second-differential source features do not reproduce the local correction.,derive higher-order or nonlocal non-final source features for the coefficient-gradient law,"This is a finite-difference capacity audit. It perturbs the existing source-free lower-pair row Jacobian along non-final active/source row directions, then projects the local oracle correction onto those second-differential feature rows. It is not a formula and not a trajectory h-sweep."
cylindrical_smooth,0.02,case_local_nonlinear_capacity_value_component_nonfinal,paper_tfe_lower_pair_velocity_compression_nonlinear_capacity_gap_not_full_tfe,,case_local_nonlinear_capacity_nonfinal_component_diagonal_value_fit,case_local_nonlinear_capacity_oracle_fit,second_diff_source_rows_perp_along_active_velocity,source-row second differential along active non-final velocity rows,"0,1",1,24,8,16,24,16,256,46,6.7559381098455444e+04,1.0000000000000001e-05,16,True,False,False,8,132,24,28,4,2.0637615973385641e+03,2.6042001459760067e-01,2.5976201820512657e-01,1.8477817178624473e-01,1.8257418583505544e-01,7.0285173751184005e-01,9.9256681660017532e-01,1.8257418583505544e-01,7.0107586053694027e-01,9.9229799549028952e-01,2.0471064402168889e-14,8.6140718810505691e-34,True,True,True,False,True,True,False,False,False,False,False,The tested non-final second-differential source features do not reproduce the local correction.,derive higher-order or nonlocal non-final source features for the coefficient-gradient law,"This is a finite-difference capacity audit. It perturbs the existing source-free lower-pair row Jacobian along non-final active/source row directions, then projects the local oracle correction onto those second-differential feature rows. It is not a formula and not a trajectory h-sweep."
cylindrical_smooth,0.02,case_local_nonlinear_capacity_value_component_nonfinal,paper_tfe_lower_pair_velocity_compression_nonlinear_capacity_gap_not_full_tfe,,case_local_nonlinear_capacity_nonfinal_component_diagonal_value_fit,case_local_nonlinear_capacity_oracle_fit,active_plus_second_diff_source_rows_perp,active non-final velocity plus source-row second differential,"0,1",1,24,8,16,24,16,272,54,6.8815015184099189e+04,1.0000000000000001e-05,16,True,False,False,8,132,24,28,4,2.0637615973404722e+03,2.6042001459760067e-01,2.5976201820512657e-01,1.8477817178624514e-01,1.8257418583505539e-01,7.0285173751183982e-01,9.9256681660017398e-01,1.8257418583505539e-01,7.0107586053694004e-01,9.9229799549028819e-01,4.3038192787248211e-14,8.6140718810505691e-34,True,True,True,False,True,True,False,False,False,False,False,The tested non-final second-differential source features do not reproduce the local correction.,derive higher-order or nonlocal non-final source features for the coefficient-gradient law,"This is a finite-difference capacity audit. It perturbs the existing source-free lower-pair row Jacobian along non-final active/source row directions, then projects the local oracle correction onto those second-differential feature rows. It is not a formula and not a trajectory h-sweep."
cylindrical_smooth,0.02,case_local_nonlinear_capacity_value_component_nonfinal,paper_tfe_lower_pair_velocity_compression_nonlinear_capacity_gap_not_full_tfe,,case_local_nonlinear_capacity_nonfinal_component_diagonal_value_fit,case_local_nonlinear_capacity_oracle_fit,source_active_plus_second_diff_source_rows_raw,source consistency and active rows plus raw source-row second differential,"0,1",1,24,8,16,24,16,288,70,5.9973609896921029e+05,1.0000000000000001e-05,16,True,False,False,8,132,24,28,4,2.0637615973409238e+03,2.6042001459760067e-01,2.5976201820512657e-01,1.8477817178624681e-01,1.8257418583505539e-01,7.0285173751183982e-01,9.9256681660017398e-01,1.8257418583505539e-01,7.0107586053694004e-01,9.9229799549028819e-01,4.8033915202733447e-14,8.6140718810505691e-34,True,True,True,False,True,True,False,False,False,False,False,The tested non-final second-differential source features do not reproduce the local correction.,derive higher-order or nonlocal non-final source features for the coefficient-gradient law,"This is a finite-difference capacity audit. It perturbs the existing source-free lower-pair row Jacobian along non-final active/source row directions, then projects the local oracle correction onto those second-differential feature rows. It is not a formula and not a trajectory h-sweep."
cylindrical_smooth,0.02,case_local_nonlinear_capacity_value_component_nonfinal,paper_tfe_lower_pair_velocity_compression_nonlinear_capacity_gap_not_full_tfe,,case_local_nonlinear_capacity_nonfinal_component_diagonal_value_fit,case_local_nonlinear_capacity_oracle_fit,second_diff_all_rows_perp_along_active_velocity,all source-free lower-pair row second differential along active non-final velocity rows,"0,1",1,24,8,16,24,16,384,46,5.2366930830105426e+04,1.0000000000000001e-05,16,True,True,False,8,132,24,28,4,2.0637615973390766e+03,2.6042001459760067e-01,2.5976201820512657e-01,1.8477817178624503e-01,1.8257418583505544e-01,7.0285173751184005e-01,9.9256681660017532e-01,1.8257418583505544e-01,7.0107586053694027e-01,9.9229799549028952e-01,1.9509331177149364e-14,8.6140718810505691e-34,True,True,True,False,True,True,False,False,False,False,False,The tested non-final second-differential source features do not reproduce the local correction.,derive higher-order or nonlocal non-final source features for the coefficient-gradient law,"This is a finite-difference capacity audit. It perturbs the existing source-free lower-pair row Jacobian along non-final active/source row directions, then projects the local oracle correction onto those second-differential feature rows. It is not a formula and not a trajectory h-sweep."
cylindrical_smooth,0.02,case_local_nonlinear_capacity_value_component_nonfinal,paper_tfe_lower_pair_velocity_compression_nonlinear_capacity_gap_not_full_tfe,,case_local_nonlinear_capacity_nonfinal_component_diagonal_value_fit,case_local_nonlinear_capacity_oracle_fit,second_diff_source_rows_perp_along_source_rows,source-row second differential along source-consistency rows,"0,1",1,24,8,16,24,16,256,46,7.4671123051470177e+03,1.0000000000000001e-05,16,True,False,False,8,132,24,28,4,2.0637615973386123e+03,2.6042001459760067e-01,2.5976201820512657e-01,1.8477817178624506e-01,1.8257418583505544e-01,7.0285173751184005e-01,9.9256681660017532e-01,1.8257418583505544e-01,7.0107586053694027e-01,9.9229799549028952e-01,5.9877646014979885e-15,8.6140718810505691e-34,True,True,True,False,True,True,False,False,False,False,False,The tested non-final second-differential source features do not reproduce the local correction.,derive higher-order or nonlocal non-final source features for the coefficient-gradient law,"This is a finite-difference capacity audit. It perturbs the existing source-free lower-pair row Jacobian along non-final active/source row directions, then projects the local oracle correction onto those second-differential feature rows. It is not a formula and not a trajectory h-sweep."
cylindrical_smooth,0.02,case_local_nonlinear_capacity_value_component_nonfinal,paper_tfe_lower_pair_velocity_compression_nonlinear_capacity_gap_not_full_tfe,,case_local_nonlinear_capacity_nonfinal_component_diagonal_value_fit,case_local_nonlinear_capacity_oracle_fit,source_active_plus_second_diff_source_rows_perp_along_source_active,source and active rows plus source-row second differential along source/active rows,"0,1",1,24,8,16,24,16,544,70,2.9806149488096962e+03,1.0000000000000001e-05,32,True,False,False,8,132,24,28,4,2.0637615973409161e+03,2.6042001459760067e-01,2.5976201820512657e-01,1.8477817178624531e-01,1.8257418583505539e-01,7.0285173751183982e-01,9.9256681660017398e-01,1.8257418583505539e-01,7.0107586053694004e-01,9.9229799549028819e-01,7.1205250823694532e-15,8.6140718810505691e-34,True,True,True,False,True,True,False,False,False,False,False,The tested non-final second-differential source features do not reproduce the local correction.,derive higher-order or nonlocal non-final source features for the coefficient-gradient law,"This is a finite-difference capacity audit. It perturbs the existing source-free lower-pair row Jacobian along non-final active/source row directions, then projects the local oracle correction onto those second-differential feature rows. It is not a formula and not a trajectory h-sweep."
cylindrical_smooth,0.02,universal_nonlinear_capacity_value_component_nonfinal,paper_tfe_lower_pair_velocity_compression_nonlinear_capacity_gap_not_full_tfe,,universal_nonlinear_capacity_nonfinal_component_diagonal_value_fit,all_case_h_nonlinear_capacity_oracle_fit,second_diff_source_rows_perp_along_active_velocity,source-row second differential along active non-final velocity rows,"0,1",6,24,8,16,24,16,256,46,6.7559381098455444e+04,1.0000000000000001e-05,16,True,False,False,8,132,24,28,4,2.0637616185754418e+03,2.6042001459760067e-01,2.6003035716321488e-01,1.8515521411263458e-01,1.8257418583505555e-01,7.0212642795571012e-01,9.9256681659208112e-01,1.8257418583505555e-01,7.0107586053694071e-01,9.9229799549028819e-01,2.0537282622966392e-14,5.6396941262862447e-18,True,True,True,False,True,True,False,False,False,False,False,The tested non-final second-differential source features do not reproduce the local correction.,derive higher-order or nonlocal non-final source features for the coefficient-gradient law,"This is a finite-difference capacity audit. It perturbs the existing source-free lower-pair row Jacobian along non-final active/source row directions, then projects the local oracle correction onto those second-differential feature rows. It is not a formula and not a trajectory h-sweep."
cylindrical_smooth,0.02,universal_nonlinear_capacity_value_component_nonfinal,paper_tfe_lower_pair_velocity_compression_nonlinear_capacity_gap_not_full_tfe,,universal_nonlinear_capacity_nonfinal_component_diagonal_value_fit,all_case_h_nonlinear_capacity_oracle_fit,active_plus_second_diff_source_rows_perp,active non-final velocity plus source-row second differential,"0,1",6,24,8,16,24,16,272,54,6.8815015184099189e+04,1.0000000000000001e-05,16,True,False,False,8,132,24,28,4,2.0637616185905645e+03,2.6042001459760067e-01,2.6003035716321488e-01,1.8515521411263505e-01,1.8257418583505539e-01,7.0212642795570945e-01,9.9256681659208112e-01,1.8257418583505539e-01,7.0107586053694004e-01,9.9229799549028819e-01,3.6232635393977665e-14,5.6396941262862447e-18,True,True,True,False,True,True,False,False,False,False,False,The tested non-final second-differential source features do not reproduce the local correction.,derive higher-order or nonlocal non-final source features for the coefficient-gradient law,"This is a finite-difference capacity audit. It perturbs the existing source-free lower-pair row Jacobian along non-final active/source row directions, then projects the local oracle correction onto those second-differential feature rows. It is not a formula and not a trajectory h-sweep."
cylindrical_smooth,0.02,universal_nonlinear_capacity_value_component_nonfinal,paper_tfe_lower_pair_velocity_compression_nonlinear_capacity_gap_not_full_tfe,,universal_nonlinear_capacity_nonfinal_component_diagonal_value_fit,all_case_h_nonlinear_capacity_oracle_fit,source_active_plus_second_diff_source_rows_raw,source consistency and active rows plus raw source-row second differential,"0,1",6,24,8,16,24,16,288,70,5.9973609896921029e+05,1.0000000000000001e-05,16,True,False,False,8,132,24,28,4,2.0637616185916736e+03,2.6042001459760067e-01,2.6003035716321488e-01,1.8515521411263661e-01,1.8257418583505539e-01,7.0212642795570945e-01,9.9256681659208112e-01,1.8257418583505539e-01,7.0107586053694004e-01,9.9229799549028819e-01,5.5080971025523442e-14,5.6396941262862447e-18,True,True,True,False,True,True,False,False,False,False,False,The tested non-final second-differential source features do not reproduce the local correction.,derive higher-order or nonlocal non-final source features for the coefficient-gradient law,"This is a finite-difference capacity audit. It perturbs the existing source-free lower-pair row Jacobian along non-final active/source row directions, then projects the local oracle correction onto those second-differential feature rows. It is not a formula and not a trajectory h-sweep."
cylindrical_smooth,0.02,universal_nonlinear_capacity_value_component_nonfinal,paper_tfe_lower_pair_velocity_compression_nonlinear_capacity_gap_not_full_tfe,,universal_nonlinear_capacity_nonfinal_component_diagonal_value_fit,all_case_h_nonlinear_capacity_oracle_fit,second_diff_all_rows_perp_along_active_velocity,all source-free lower-pair row second differential along active non-final velocity rows,"0,1",6,24,8,16,24,16,384,46,5.2366930830105426e+04,1.0000000000000001e-05,16,True,True,False,8,132,24,28,4,2.0637616185784441e+03,2.6042001459760067e-01,2.6003035716321488e-01,1.8515521411263469e-01,1.8257418583505555e-01,7.0212642795571012e-01,9.9256681659208112e-01,1.8257418583505555e-01,7.0107586053694071e-01,9.9229799549028819e-01,2.3388560754289397e-14,5.6396941262862447e-18,True,True,True,False,True,True,False,False,False,False,False,The tested non-final second-differential source features do not reproduce the local correction.,derive higher-order or nonlocal non-final source features for the coefficient-gradient law,"This is a finite-difference capacity audit. It perturbs the existing source-free lower-pair row Jacobian along non-final active/source row directions, then projects the local oracle correction onto those second-differential feature rows. It is not a formula and not a trajectory h-sweep."
cylindrical_smooth,0.02,universal_nonlinear_capacity_value_component_nonfinal,paper_tfe_lower_pair_velocity_compression_nonlinear_capacity_gap_not_full_tfe,,universal_nonlinear_capacity_nonfinal_component_diagonal_value_fit,all_case_h_nonlinear_capacity_oracle_fit,second_diff_source_rows_perp_along_source_rows,source-row second differential along source-consistency rows,"0,1",6,24,8,16,24,16,256,46,7.4671123051470177e+03,1.0000000000000001e-05,16,True,False,False,8,132,24,28,4,2.0637616185774673e+03,2.6042001459760067e-01,2.6003035716321488e-01,1.8515521411263500e-01,1.8257418583505555e-01,7.0212642795571012e-01,9.9256681659208112e-01,1.8257418583505555e-01,7.0107586053694071e-01,9.9229799549028819e-01,7.1308970073730819e-15,5.6396941262862447e-18,True,True,True,False,True,True,False,False,False,False,False,The tested non-final second-differential source features do not reproduce the local correction.,derive higher-order or nonlocal non-final source features for the coefficient-gradient law,"This is a finite-difference capacity audit. It perturbs the existing source-free lower-pair row Jacobian along non-final active/source row directions, then projects the local oracle correction onto those second-differential feature rows. It is not a formula and not a trajectory h-sweep."
cylindrical_smooth,0.02,universal_nonlinear_capacity_value_component_nonfinal,paper_tfe_lower_pair_velocity_compression_nonlinear_capacity_gap_not_full_tfe,,universal_nonlinear_capacity_nonfinal_component_diagonal_value_fit,all_case_h_nonlinear_capacity_oracle_fit,source_active_plus_second_diff_source_rows_perp_along_source_active,source and active rows plus source-row second differential along source/active rows,"0,1",6,24,8,16,24,16,544,70,2.9806149488096962e+03,1.0000000000000001e-05,32,True,False,False,8,132,24,28,4,2.0637616185908255e+03,2.6042001459760067e-01,2.6003035716321488e-01,1.8515521411263514e-01,1.8257418583505539e-01,7.0212642795570945e-01,9.9256681659208112e-01,1.8257418583505539e-01,7.0107586053694004e-01,9.9229799549028819e-01,8.5991582847733731e-15,5.6396941262862447e-18,True,True,True,False,True,True,False,False,False,False,False,The tested non-final second-differential source features do not reproduce the local correction.,derive higher-order or nonlocal non-final source features for the coefficient-gradient law,"This is a finite-difference capacity audit. It perturbs the existing source-free lower-pair row Jacobian along non-final active/source row directions, then projects the local oracle correction onto those second-differential feature rows. It is not a formula and not a trajectory h-sweep."
cylindrical_smooth,0.02,case_local_nonlinear_capacity_value_full_nonfinal,paper_tfe_lower_pair_velocity_compression_nonlinear_capacity_gap_not_full_tfe,,case_local_nonlinear_capacity_nonfinal_full_component_value_fit,case_local_nonlinear_capacity_oracle_fit,second_diff_source_rows_perp_along_active_velocity,source-row second differential along active non-final velocity rows,"0,1",1,24,8,16,24,16,256,46,6.7559381098455444e+04,1.0000000000000001e-05,16,True,False,False,8,132,24,29,5,2.0637615854623427e+03,2.6042001459760067e-01,2.5971476306666380e-01,1.8471173439021085e-01,1.8257418583505539e-01,7.0297962148648474e-01,9.9256681659154733e-01,1.8257418583505539e-01,7.0107586053694004e-01,9.9229799549028819e-01,9.4469595378298985e-11,3.8518598887744717e-34,True,True,True,False,True,True,False,False,False,False,False,The tested non-final second-differential source features do not reproduce the local correction.,derive higher-order or nonlocal non-final source features for the coefficient-gradient law,"This is a finite-difference capacity audit. It perturbs the existing source-free lower-pair row Jacobian along non-final active/source row directions, then projects the local oracle correction onto those second-differential feature rows. It is not a formula and not a trajectory h-sweep."
cylindrical_smooth,0.02,case_local_nonlinear_capacity_value_full_nonfinal,paper_tfe_lower_pair_velocity_compression_nonlinear_capacity_gap_not_full_tfe,,case_local_nonlinear_capacity_nonfinal_full_component_value_fit,case_local_nonlinear_capacity_oracle_fit,active_plus_second_diff_source_rows_perp,active non-final velocity plus source-row second differential,"0,1",1,24,8,16,24,16,272,54,6.8815015184099189e+04,1.0000000000000001e-05,16,True,False,False,8,132,24,28,4,2.0637615854629717e+03,2.6042001459760067e-01,2.5971476306666380e-01,1.8471173439021113e-01,1.8257418583505539e-01,7.0297962148648474e-01,9.9256681659154733e-01,1.8257418583505539e-01,7.0107586053694004e-01,9.9229799549028819e-01,4.7093936862223937e-14,3.8518598887744717e-34,True,True,True,False,True,True,False,False,False,False,False,The tested non-final second-differential source features do not reproduce the local correction.,derive higher-order or nonlocal non-final source features for the coefficient-gradient law,"This is a finite-difference capacity audit. It perturbs the existing source-free lower-pair row Jacobian along non-final active/source row directions, then projects the local oracle correction onto those second-differential feature rows. It is not a formula and not a trajectory h-sweep."
cylindrical_smooth,0.02,case_local_nonlinear_capacity_value_full_nonfinal,paper_tfe_lower_pair_velocity_compression_nonlinear_capacity_gap_not_full_tfe,,case_local_nonlinear_capacity_nonfinal_full_component_value_fit,case_local_nonlinear_capacity_oracle_fit,source_active_plus_second_diff_source_rows_raw,source consistency and active rows plus raw source-row second differential,"0,1",1,24,8,16,24,16,288,70,5.9973609896921029e+05,1.0000000000000001e-05,16,True,False,False,8,132,24,28,4,2.0637615854639121e+03,2.6042001459760067e-01,2.5971476306666380e-01,1.8471173439021296e-01,1.8257418583505539e-01,7.0297962148648474e-01,9.9256681659154733e-01,1.8257418583505539e-01,7.0107586053694004e-01,9.9229799549028819e-01,4.3948307220303500e-14,3.8518598887744717e-34,True,True,True,False,True,True,False,False,False,False,False,The tested non-final second-differential source features do not reproduce the local correction.,derive higher-order or nonlocal non-final source features for the coefficient-gradient law,"This is a finite-difference capacity audit. It perturbs the existing source-free lower-pair row Jacobian along non-final active/source row directions, then projects the local oracle correction onto those second-differential feature rows. It is not a formula and not a trajectory h-sweep."
cylindrical_smooth,0.02,case_local_nonlinear_capacity_value_full_nonfinal,paper_tfe_lower_pair_velocity_compression_nonlinear_capacity_gap_not_full_tfe,,case_local_nonlinear_capacity_nonfinal_full_component_value_fit,case_local_nonlinear_capacity_oracle_fit,second_diff_all_rows_perp_along_active_velocity,all source-free lower-pair row second differential along active non-final velocity rows,"0,1",1,24,8,16,24,16,384,46,5.2366930830105426e+04,1.0000000000000001e-05,16,True,True,False,8,132,24,29,5,2.0637615854652599e+03,2.6042001459760067e-01,2.5971476306666380e-01,1.8471173439021107e-01,1.8257418583505539e-01,7.0297962148648474e-01,9.9256681659154733e-01,1.8257418583505539e-01,7.0107586053694004e-01,9.9229799549028819e-01,9.4469596273833060e-11,3.8518598887744717e-34,True,True,True,False,True,True,False,False,False,False,False,The tested non-final second-differential source features do not reproduce the local correction.,derive higher-order or nonlocal non-final source features for the coefficient-gradient law,"This is a finite-difference capacity audit. It perturbs the existing source-free lower-pair row Jacobian along non-final active/source row directions, then projects the local oracle correction onto those second-differential feature rows. It is not a formula and not a trajectory h-sweep."
cylindrical_smooth,0.02,case_local_nonlinear_capacity_value_full_nonfinal,paper_tfe_lower_pair_velocity_compression_nonlinear_capacity_gap_not_full_tfe,,case_local_nonlinear_capacity_nonfinal_full_component_value_fit,case_local_nonlinear_capacity_oracle_fit,second_diff_source_rows_perp_along_source_rows,source-row second differential along source-consistency rows,"0,1",1,24,8,16,24,16,256,46,7.4671123051470177e+03,1.0000000000000001e-05,16,True,False,False,8,132,24,29,5,2.0637615854631531e+03,2.6042001459760067e-01,2.5971476306666380e-01,1.8471173439021127e-01,1.8257418583505539e-01,7.0297962148648474e-01,9.9256681659154733e-01,1.8257418583505539e-01,7.0107586053694004e-01,9.9229799549028819e-01,9.4469590139816666e-11,3.8518598887744717e-34,True,True,True,False,True,True,False,False,False,False,False,The tested non-final second-differential source features do not reproduce the local correction.,derive higher-order or nonlocal non-final source features for the coefficient-gradient law,"This is a finite-difference capacity audit. It perturbs the existing source-free lower-pair row Jacobian along non-final active/source row directions, then projects the local oracle correction onto those second-differential feature rows. It is not a formula and not a trajectory h-sweep."
cylindrical_smooth,0.02,case_local_nonlinear_capacity_value_full_nonfinal,paper_tfe_lower_pair_velocity_compression_nonlinear_capacity_gap_not_full_tfe,,case_local_nonlinear_capacity_nonfinal_full_component_value_fit,case_local_nonlinear_capacity_oracle_fit,source_active_plus_second_diff_source_rows_perp_along_source_active,source and active rows plus source-row second differential along source/active rows,"0,1",1,24,8,16,24,16,544,70,2.9806149488096962e+03,1.0000000000000001e-05,32,True,False,False,8,132,24,28,4,2.0637615854634464e+03,2.6042001459760067e-01,2.5971476306666380e-01,1.8471173439021138e-01,1.8257418583505539e-01,7.0297962148648474e-01,9.9256681659154733e-01,1.8257418583505539e-01,7.0107586053694004e-01,9.9229799549028819e-01,6.5340911368683076e-15,3.8518598887744717e-34,True,True,True,False,True,True,False,False,False,False,False,The tested non-final second-differential source features do not reproduce the local correction.,derive higher-order or nonlocal non-final source features for the coefficient-gradient law,"This is a finite-difference capacity audit. It perturbs the existing source-free lower-pair row Jacobian along non-final active/source row directions, then projects the local oracle correction onto those second-differential feature rows. It is not a formula and not a trajectory h-sweep."
cylindrical_smooth,0.02,universal_nonlinear_capacity_value_full_nonfinal,paper_tfe_lower_pair_velocity_compression_nonlinear_capacity_gap_not_full_tfe,,universal_nonlinear_capacity_nonfinal_full_component_value_fit,all_case_h_nonlinear_capacity_oracle_fit,second_diff_source_rows_perp_along_active_velocity,source-row second differential along active non-final velocity rows,"0,1",6,24,8,16,24,16,256,46,6.7559381098455444e+04,1.0000000000000001e-05,16,True,False,False,8,132,24,31,7,2.0637505374118596e+03,2.6042001459760067e-01,2.5971476539207483e-01,1.8471173650945469e-01,1.8257418699893493e-01,7.0297961967358424e-01,9.9256679242029022e-01,1.8257418699884304e-01,7.0107586500582719e-01,9.9229800847242300e-01,1.5438302573818451e-06,1.8174507740069540e-29,True,True,True,False,True,True,False,False,False,False,False,The tested non-final second-differential source features do not reproduce the local correction.,derive higher-order or nonlocal non-final source features for the coefficient-gradient law,"This is a finite-difference capacity audit. It perturbs the existing source-free lower-pair row Jacobian along non-final active/source row directions, then projects the local oracle correction onto those second-differential feature rows. It is not a formula and not a trajectory h-sweep."
cylindrical_smooth,0.02,universal_nonlinear_capacity_value_full_nonfinal,paper_tfe_lower_pair_velocity_compression_nonlinear_capacity_gap_not_full_tfe,,universal_nonlinear_capacity_nonfinal_full_component_value_fit,all_case_h_nonlinear_capacity_oracle_fit,active_plus_second_diff_source_rows_perp,active non-final velocity plus source-row second differential,"0,1",6,24,8,16,24,16,272,54,6.8815015184099189e+04,1.0000000000000001e-05,16,True,False,False,8,132,24,28,4,2.0637615854640358e+03,2.6042001459760067e-01,2.5971476539207483e-01,1.8471173765986604e-01,1.8257418583505539e-01,7.0297961519220820e-01,9.9256677943360805e-01,1.8257418583505539e-01,7.0107586053694004e-01,9.9229799549028819e-01,2.6026256438914268e-14,1.8174507740069540e-29,True,True,True,False,True,True,False,False,False,False,False,The tested non-final second-differential source features do not reproduce the local correction.,derive higher-order or nonlocal non-final source features for the coefficient-gradient law,"This is a finite-difference capacity audit. It perturbs the existing source-free lower-pair row Jacobian along non-final active/source row directions, then projects the local oracle correction onto those second-differential feature rows. It is not a formula and not a trajectory h-sweep."
cylindrical_smooth,0.02,universal_nonlinear_capacity_value_full_nonfinal,paper_tfe_lower_pair_velocity_compression_nonlinear_capacity_gap_not_full_tfe,,universal_nonlinear_capacity_nonfinal_full_component_value_fit,all_case_h_nonlinear_capacity_oracle_fit,source_active_plus_second_diff_source_rows_raw,source consistency and active rows plus raw source-row second differential,"0,1",6,24,8,16,24,16,288,70,5.9973609896921029e+05,1.0000000000000001e-05,16,True,False,False,8,132,24,28,4,2.0637615854624114e+03,2.6042001459760067e-01,2.5971476539207483e-01,1.8471173765986756e-01,1.8257418583505539e-01,7.0297961519220820e-01,9.9256677943360805e-01,1.8257418583505539e-01,7.0107586053694004e-01,9.9229799549028819e-01,4.3532735381106237e-14,1.8174507740069540e-29,True,True,True,False,True,True,False,False,False,False,False,The tested non-final second-differential source features do not reproduce the local correction.,derive higher-order or nonlocal non-final source features for the coefficient-gradient law,"This is a finite-difference capacity audit. It perturbs the existing source-free lower-pair row Jacobian along non-final active/source row directions, then projects the local oracle correction onto those second-differential feature rows. It is not a formula and not a trajectory h-sweep."
cylindrical_smooth,0.02,universal_nonlinear_capacity_value_full_nonfinal,paper_tfe_lower_pair_velocity_compression_nonlinear_capacity_gap_not_full_tfe,,universal_nonlinear_capacity_nonfinal_full_component_value_fit,all_case_h_nonlinear_capacity_oracle_fit,second_diff_all_rows_perp_along_active_velocity,all source-free lower-pair row second differential along active non-final velocity rows,"0,1",6,24,8,16,24,16,384,46,5.2366930830105426e+04,1.0000000000000001e-05,16,True,True,False,8,132,24,31,7,2.0637505374112370e+03,2.6042001459760067e-01,2.5971476539207483e-01,1.8471173650945502e-01,1.8257418699893493e-01,7.0297961967358424e-01,9.9256679242029022e-01,1.8257418699884304e-01,7.0107586500582719e-01,9.9229800847242300e-01,1.5438302573964926e-06,1.8174507740069540e-29,True,True,True,False,True,True,False,False,False,False,False,The tested non-final second-differential source features do not reproduce the local correction.,derive higher-order or nonlocal non-final source features for the coefficient-gradient law,"This is a finite-difference capacity audit. It perturbs the existing source-free lower-pair row Jacobian along non-final active/source row directions, then projects the local oracle correction onto those second-differential feature rows. It is not a formula and not a trajectory h-sweep."
cylindrical_smooth,0.02,universal_nonlinear_capacity_value_full_nonfinal,paper_tfe_lower_pair_velocity_compression_nonlinear_capacity_gap_not_full_tfe,,universal_nonlinear_capacity_nonfinal_full_component_value_fit,all_case_h_nonlinear_capacity_oracle_fit,second_diff_source_rows_perp_along_source_rows,source-row second differential along source-consistency rows,"0,1",6,24,8,16,24,16,256,46,7.4671123051470177e+03,1.0000000000000001e-05,16,True,False,False,8,132,24,31,7,2.0637505374108205e+03,2.6042001459760067e-01,2.5971476539207483e-01,1.8471173650945494e-01,1.8257418699893493e-01,7.0297961967358424e-01,9.9256679242029022e-01,1.8257418699884304e-01,7.0107586500582719e-01,9.9229800847242300e-01,1.5438302574071180e-06,1.8174507740069540e-29,True,True,True,False,True,True,False,False,False,False,False,The tested non-final second-differential source features do not reproduce the local correction.,derive higher-order or nonlocal non-final source features for the coefficient-gradient law,"This is a finite-difference capacity audit. It perturbs the existing source-free lower-pair row Jacobian along non-final active/source row directions, then projects the local oracle correction onto those second-differential feature rows. It is not a formula and not a trajectory h-sweep."
cylindrical_smooth,0.02,universal_nonlinear_capacity_value_full_nonfinal,paper_tfe_lower_pair_velocity_compression_nonlinear_capacity_gap_not_full_tfe,,universal_nonlinear_capacity_nonfinal_full_component_value_fit,all_case_h_nonlinear_capacity_oracle_fit,source_active_plus_second_diff_source_rows_perp_along_source_active,source and active rows plus source-row second differential along source/active rows,"0,1",6,24,8,16,24,16,544,70,2.9806149488096962e+03,1.0000000000000001e-05,32,True,False,False,8,132,24,28,4,2.0637615854628730e+03,2.6042001459760067e-01,2.5971476539207483e-01,1.8471173765986595e-01,1.8257418583505539e-01,7.0297961519220820e-01,9.9256677943360805e-01,1.8257418583505539e-01,7.0107586053694004e-01,9.9229799549028819e-01,6.0627404614968828e-15,1.8174507740069540e-29,True,True,True,False,True,True,False,False,False,False,False,The tested non-final second-differential source features do not reproduce the local correction.,derive higher-order or nonlocal non-final source features for the coefficient-gradient law,"This is a finite-difference capacity audit. It perturbs the existing source-free lower-pair row Jacobian along non-final active/source row directions, then projects the local oracle correction onto those second-differential feature rows. It is not a formula and not a trajectory h-sweep."
cylindrical_smooth,0.01,case_local_nonlinear_capacity_value_scalar_nonfinal,paper_tfe_lower_pair_velocity_compression_nonlinear_capacity_gap_not_full_tfe,,case_local_nonlinear_capacity_nonfinal_stage_scalar_value_fit,case_local_nonlinear_capacity_oracle_fit,second_diff_source_rows_perp_along_active_velocity,source-row second differential along active non-final velocity rows,"0,1",1,24,8,16,24,16,256,46,7.4139944247858692e+05,1.0000000000000001e-05,16,True,False,False,8,132,24,28,4,1.1525155891272610e+04,1.8390267947137043e-01,1.8388667796229685e-01,1.3094901169774703e-01,1.2909944487639252e-01,7.0205980284695979e-01,9.9263212788147992e-01,1.2909944487639249e-01,7.0199871610076470e-01,9.9262348048964033e-01,6.0897726589287286e-13,1.4501435478675553e-18,True,True,True,False,True,True,False,False,False,False,False,The tested non-final second-differential source features do not reproduce the local correction.,derive higher-order or nonlocal non-final source features for the coefficient-gradient law,"This is a finite-difference capacity audit. It perturbs the existing source-free lower-pair row Jacobian along non-final active/source row directions, then projects the local oracle correction onto those second-differential feature rows. It is not a formula and not a trajectory h-sweep."
cylindrical_smooth,0.01,case_local_nonlinear_capacity_value_scalar_nonfinal,paper_tfe_lower_pair_velocity_compression_nonlinear_capacity_gap_not_full_tfe,,case_local_nonlinear_capacity_nonfinal_stage_scalar_value_fit,case_local_nonlinear_capacity_oracle_fit,active_plus_second_diff_source_rows_perp,active non-final velocity plus source-row second differential,"0,1",1,24,8,16,24,16,272,54,7.5207379304683616e+05,1.0000000000000001e-05,16,True,False,False,8,132,24,28,4,1.1525215929691525e+04,1.8390267947137043e-01,1.8388667796229685e-01,1.3094901170051937e-01,1.2909944487358055e-01,7.0205980283166791e-01,9.9263212785985910e-01,1.2909944487358055e-01,7.0199871608547426e-01,9.9262348046801974e-01,1.1941968961636019e-12,1.4501435478675553e-18,True,True,True,False,True,True,False,False,False,False,False,The tested non-final second-differential source features do not reproduce the local correction.,derive higher-order or nonlocal non-final source features for the coefficient-gradient law,"This is a finite-difference capacity audit. It perturbs the existing source-free lower-pair row Jacobian along non-final active/source row directions, then projects the local oracle correction onto those second-differential feature rows. It is not a formula and not a trajectory h-sweep."
cylindrical_smooth,0.01,case_local_nonlinear_capacity_value_scalar_nonfinal,paper_tfe_lower_pair_velocity_compression_nonlinear_capacity_gap_not_full_tfe,,case_local_nonlinear_capacity_nonfinal_stage_scalar_value_fit,case_local_nonlinear_capacity_oracle_fit,source_active_plus_second_diff_source_rows_raw,source consistency and active rows plus raw source-row second differential,"0,1",1,24,8,16,24,16,288,70,6.5574518935005721e+06,1.0000000000000001e-05,16,True,False,False,8,132,24,28,4,1.1525215929725853e+04,1.8390267947137043e-01,1.8388667796229685e-01,1.3094901170051779e-01,1.2909944487358055e-01,7.0205980283166791e-01,9.9263212785985910e-01,1.2909944487358055e-01,7.0199871608547426e-01,9.9262348046801974e-01,1.0727847116098966e-12,1.4501435478675553e-18,True,True,True,False,True,True,False,False,False,False,False,The tested non-final second-differential source features do not reproduce the local correction.,derive higher-order or nonlocal non-final source features for the coefficient-gradient law,"This is a finite-difference capacity audit. It perturbs the existing source-free lower-pair row Jacobian along non-final active/source row directions, then projects the local oracle correction onto those second-differential feature rows. It is not a formula and not a trajectory h-sweep."
cylindrical_smooth,0.01,case_local_nonlinear_capacity_value_scalar_nonfinal,paper_tfe_lower_pair_velocity_compression_nonlinear_capacity_gap_not_full_tfe,,case_local_nonlinear_capacity_nonfinal_stage_scalar_value_fit,case_local_nonlinear_capacity_oracle_fit,second_diff_all_rows_perp_along_active_velocity,all source-free lower-pair row second differential along active non-final velocity rows,"0,1",1,24,8,16,24,16,384,46,6.6692162727855134e+05,1.0000000000000001e-05,16,True,True,False,8,132,24,28,4,1.1525155891392016e+04,1.8390267947137043e-01,1.8388667796229685e-01,1.3094901169774684e-01,1.2909944487639252e-01,7.0205980284695979e-01,9.9263212788147992e-01,1.2909944487639249e-01,7.0199871610076470e-01,9.9262348048964033e-01,2.8957617663859348e-13,1.4501435478675553e-18,True,True,True,False,True,True,False,False,False,False,False,The tested non-final second-differential source features do not reproduce the local correction.,derive higher-order or nonlocal non-final source features for the coefficient-gradient law,"This is a finite-difference capacity audit. It perturbs the existing source-free lower-pair row Jacobian along non-final active/source row directions, then projects the local oracle correction onto those second-differential feature rows. It is not a formula and not a trajectory h-sweep."
cylindrical_smooth,0.01,case_local_nonlinear_capacity_value_scalar_nonfinal,paper_tfe_lower_pair_velocity_compression_nonlinear_capacity_gap_not_full_tfe,,case_local_nonlinear_capacity_nonfinal_stage_scalar_value_fit,case_local_nonlinear_capacity_oracle_fit,second_diff_source_rows_perp_along_source_rows,source-row second differential along source-consistency rows,"0,1",1,24,8,16,24,16,256,46,3.4773115374666530e+04,1.0000000000000001e-05,16,True,False,False,8,132,24,28,4,1.1525155891279621e+04,1.8390267947137043e-01,1.8388667796229685e-01,1.3094901169774723e-01,1.2909944487639252e-01,7.0205980284695979e-01,9.9263212788147992e-01,1.2909944487639249e-01,7.0199871610076470e-01,9.9262348048964033e-01,1.8958485094392840e-14,1.4501435478675553e-18,True,True,True,False,True,True,False,False,False,False,False,The tested non-final second-differential source features do not reproduce the local correction.,derive higher-order or nonlocal non-final source features for the coefficient-gradient law,"This is a finite-difference capacity audit. It perturbs the existing source-free lower-pair row Jacobian along non-final active/source row directions, then projects the local oracle correction onto those second-differential feature rows. It is not a formula and not a trajectory h-sweep."
cylindrical_smooth,0.01,case_local_nonlinear_capacity_value_scalar_nonfinal,paper_tfe_lower_pair_velocity_compression_nonlinear_capacity_gap_not_full_tfe,,case_local_nonlinear_capacity_nonfinal_stage_scalar_value_fit,case_local_nonlinear_capacity_oracle_fit,source_active_plus_second_diff_source_rows_perp_along_source_active,source and active rows plus source-row second differential along source/active rows,"0,1",1,24,8,16,24,16,544,70,3.2326775317584241e+04,1.0000000000000001e-05,32,True,False,False,8,132,24,28,4,1.1525215929664351e+04,1.8390267947137043e-01,1.8388667796229685e-01,1.3094901170051962e-01,1.2909944487358055e-01,7.0205980283166791e-01,9.9263212785985910e-01,1.2909944487358055e-01,7.0199871608547426e-01,9.9262348046801974e-01,2.4210659884882459e-14,1.4501435478675553e-18,True,True,True,False,True,True,False,False,False,False,False,The tested non-final second-differential source features do not reproduce the local correction.,derive higher-order or nonlocal non-final source features for the coefficient-gradient law,"This is a finite-difference capacity audit. It perturbs the existing source-free lower-pair row Jacobian along non-final active/source row directions, then projects the local oracle correction onto those second-differential feature rows. It is not a formula and not a trajectory h-sweep."
cylindrical_smooth,0.01,universal_nonlinear_capacity_value_scalar_nonfinal,paper_tfe_lower_pair_velocity_compression_nonlinear_capacity_gap_not_full_tfe,,universal_nonlinear_capacity_nonfinal_stage_scalar_value_fit,all_case_h_nonlinear_capacity_oracle_fit,second_diff_source_rows_perp_along_active_velocity,source-row second differential along active non-final velocity rows,"0,1",6,24,8,16,24,16,256,46,7.4139944247858692e+05,1.0000000000000001e-05,16,True,False,False,8,132,24,28,4,1.1525215929727745e+04,1.8390267947137043e-01,1.8388667815555412e-01,1.3094901197190278e-01,1.2909944487358055e-01,7.0205980209383223e-01,9.9263212777494936e-01,1.2909944487358055e-01,7.0199871608547426e-01,9.9262348046801974e-01,4.5793433193808878e-13,1.6433765094034822e-18,True,True,True,False,True,True,False,False,False,False,False,The tested non-final second-differential source features do not reproduce the local correction.,derive higher-order or nonlocal non-final source features for the coefficient-gradient law,"This is a finite-difference capacity audit. It perturbs the existing source-free lower-pair row Jacobian along non-final active/source row directions, then projects the local oracle correction onto those second-differential feature rows. It is not a formula and not a trajectory h-sweep."
cylindrical_smooth,0.01,universal_nonlinear_capacity_value_scalar_nonfinal,paper_tfe_lower_pair_velocity_compression_nonlinear_capacity_gap_not_full_tfe,,universal_nonlinear_capacity_nonfinal_stage_scalar_value_fit,all_case_h_nonlinear_capacity_oracle_fit,active_plus_second_diff_source_rows_perp,active non-final velocity plus source-row second differential,"0,1",6,24,8,16,24,16,272,54,7.5207379304683616e+05,1.0000000000000001e-05,16,True,False,False,8,132,24,28,4,1.1525215929726059e+04,1.8390267947137043e-01,1.8388667815555412e-01,1.3094901197190323e-01,1.2909944487358055e-01,7.0205980209383223e-01,9.9263212777494936e-01,1.2909944487358055e-01,7.0199871608547426e-01,9.9262348046801974e-01,1.3279414010754742e-12,1.6433765094034822e-18,True,True,True,False,True,True,False,False,False,False,False,The tested non-final second-differential source features do not reproduce the local correction.,derive higher-order or nonlocal non-final source features for the coefficient-gradient law,"This is a finite-difference capacity audit. It perturbs the existing source-free lower-pair row Jacobian along non-final active/source row directions, then projects the local oracle correction onto those second-differential feature rows. It is not a formula and not a trajectory h-sweep."
cylindrical_smooth,0.01,universal_nonlinear_capacity_value_scalar_nonfinal,paper_tfe_lower_pair_velocity_compression_nonlinear_capacity_gap_not_full_tfe,,universal_nonlinear_capacity_nonfinal_stage_scalar_value_fit,all_case_h_nonlinear_capacity_oracle_fit,source_active_plus_second_diff_source_rows_raw,source consistency and active rows plus raw source-row second differential,"0,1",6,24,8,16,24,16,288,70,6.5574518935005721e+06,1.0000000000000001e-05,16,True,False,False,8,132,24,28,4,1.1525215929620277e+04,1.8390267947137043e-01,1.8388667815555412e-01,1.3094901197190098e-01,1.2909944487358055e-01,7.0205980209383223e-01,9.9263212777494936e-01,1.2909944487358055e-01,7.0199871608547426e-01,9.9262348046801974e-01,1.0858897585094119e-12,1.6433765094034822e-18,True,True,True,False,True,True,False,False,False,False,False,The tested non-final second-differential source features do not reproduce the local correction.,derive higher-order or nonlocal non-final source features for the coefficient-gradient law,"This is a finite-difference capacity audit. It perturbs the existing source-free lower-pair row Jacobian along non-final active/source row directions, then projects the local oracle correction onto those second-differential feature rows. It is not a formula and not a trajectory h-sweep."
cylindrical_smooth,0.01,universal_nonlinear_capacity_value_scalar_nonfinal,paper_tfe_lower_pair_velocity_compression_nonlinear_capacity_gap_not_full_tfe,,universal_nonlinear_capacity_nonfinal_stage_scalar_value_fit,all_case_h_nonlinear_capacity_oracle_fit,second_diff_all_rows_perp_along_active_velocity,all source-free lower-pair row second differential along active non-final velocity rows,"0,1",6,24,8,16,24,16,384,46,6.6692162727855134e+05,1.0000000000000001e-05,16,True,True,False,8,132,24,28,4,1.1525215929954142e+04,1.8390267947137043e-01,1.8388667815555412e-01,1.3094901197190284e-01,1.2909944487358055e-01,7.0205980209383223e-01,9.9263212777494936e-01,1.2909944487358055e-01,7.0199871608547426e-01,9.9262348046801974e-01,3.6851030085044505e-13,1.6433765094034822e-18,True,True,True,False,True,True,False,False,False,False,False,The tested non-final second-differential source features do not reproduce the local correction.,derive higher-order or nonlocal non-final source features for the coefficient-gradient law,"This is a finite-difference capacity audit. It perturbs the existing source-free lower-pair row Jacobian along non-final active/source row directions, then projects the local oracle correction onto those second-differential feature rows. It is not a formula and not a trajectory h-sweep."
cylindrical_smooth,0.01,universal_nonlinear_capacity_value_scalar_nonfinal,paper_tfe_lower_pair_velocity_compression_nonlinear_capacity_gap_not_full_tfe,,universal_nonlinear_capacity_nonfinal_stage_scalar_value_fit,all_case_h_nonlinear_capacity_oracle_fit,second_diff_source_rows_perp_along_source_rows,source-row second differential along source-consistency rows,"0,1",6,24,8,16,24,16,256,46,3.4773115374666530e+04,1.0000000000000001e-05,16,True,False,False,8,132,24,28,4,1.1525215929578342e+04,1.8390267947137043e-01,1.8388667815555412e-01,1.3094901197190342e-01,1.2909944487358055e-01,7.0205980209383223e-01,9.9263212777494936e-01,1.2909944487358055e-01,7.0199871608547426e-01,9.9262348046801974e-01,1.7648887825864317e-14,1.6433765094034822e-18,True,True,True,False,True,True,False,False,False,False,False,The tested non-final second-differential source features do not reproduce the local correction.,derive higher-order or nonlocal non-final source features for the coefficient-gradient law,"This is a finite-difference capacity audit. It perturbs the existing source-free lower-pair row Jacobian along non-final active/source row directions, then projects the local oracle correction onto those second-differential feature rows. It is not a formula and not a trajectory h-sweep."
cylindrical_smooth,0.01,universal_nonlinear_capacity_value_scalar_nonfinal,paper_tfe_lower_pair_velocity_compression_nonlinear_capacity_gap_not_full_tfe,,universal_nonlinear_capacity_nonfinal_stage_scalar_value_fit,all_case_h_nonlinear_capacity_oracle_fit,source_active_plus_second_diff_source_rows_perp_along_source_active,source and active rows plus source-row second differential along source/active rows,"0,1",6,24,8,16,24,16,544,70,3.2326775317584241e+04,1.0000000000000001e-05,32,True,False,False,8,132,24,28,4,1.1525215929866890e+04,1.8390267947137043e-01,1.8388667815555412e-01,1.3094901197190309e-01,1.2909944487358055e-01,7.0205980209383223e-01,9.9263212777494936e-01,1.2909944487358055e-01,7.0199871608547426e-01,9.9262348046801974e-01,2.6326031593671469e-14,1.6433765094034822e-18,True,True,True,False,True,True,False,False,False,False,False,The tested non-final second-differential source features do not reproduce the local correction.,derive higher-order or nonlocal non-final source features for the coefficient-gradient law,"This is a finite-difference capacity audit. It perturbs the existing source-free lower-pair row Jacobian along non-final active/source row directions, then projects the local oracle correction onto those second-differential feature rows. It is not a formula and not a trajectory h-sweep."
cylindrical_smooth,0.01,case_local_nonlinear_capacity_value_component_nonfinal,paper_tfe_lower_pair_velocity_compression_nonlinear_capacity_gap_not_full_tfe,,case_local_nonlinear_capacity_nonfinal_component_diagonal_value_fit,case_local_nonlinear_capacity_oracle_fit,second_diff_source_rows_perp_along_active_velocity,source-row second differential along active non-final velocity rows,"0,1",1,24,8,16,24,16,256,46,7.4139944247858692e+05,1.0000000000000001e-05,16,True,False,False,8,132,24,28,4,1.1525215353727255e+04,1.8390267947137043e-01,1.8401235660084056e-01,1.3112543885576497e-01,1.2909944487362404e-01,7.0158030285795669e-01,9.9263212778446475e-01,1.2909944487362404e-01,7.0199871608571074e-01,9.9262348046859727e-01,3.5689686726949507e-13,9.7232345226756130e-35,True,True,True,False,True,True,False,False,False,False,False,The tested non-final second-differential source features do not reproduce the local correction.,derive higher-order or nonlocal non-final source features for the coefficient-gradient law,"This is a finite-difference capacity audit. It perturbs the existing source-free lower-pair row Jacobian along non-final active/source row directions, then projects the local oracle correction onto those second-differential feature rows. It is not a formula and not a trajectory h-sweep."
cylindrical_smooth,0.01,case_local_nonlinear_capacity_value_component_nonfinal,paper_tfe_lower_pair_velocity_compression_nonlinear_capacity_gap_not_full_tfe,,case_local_nonlinear_capacity_nonfinal_component_diagonal_value_fit,case_local_nonlinear_capacity_oracle_fit,active_plus_second_diff_source_rows_perp,active non-final velocity plus source-row second differential,"0,1",1,24,8,16,24,16,272,54,7.5207379304683616e+05,1.0000000000000001e-05,16,True,False,False,8,132,24,28,4,1.1525215964561005e+04,1.8390267947137043e-01,1.8401235660084056e-01,1.3112543885580563e-01,1.2909944487358055e-01,7.0158030285772033e-01,9.9263212778388721e-01,1.2909944487358055e-01,7.0199871608547426e-01,9.9262348046801974e-01,1.3556678684600803e-12,9.7232345226756130e-35,True,True,True,False,True,True,False,False,False,False,False,The tested non-final second-differential source features do not reproduce the local correction.,derive higher-order or nonlocal non-final source features for the coefficient-gradient law,"This is a finite-difference capacity audit. It perturbs the existing source-free lower-pair row Jacobian along non-final active/source row directions, then projects the local oracle correction onto those second-differential feature rows. It is not a formula and not a trajectory h-sweep."
cylindrical_smooth,0.01,case_local_nonlinear_capacity_value_component_nonfinal,paper_tfe_lower_pair_velocity_compression_nonlinear_capacity_gap_not_full_tfe,,case_local_nonlinear_capacity_nonfinal_component_diagonal_value_fit,case_local_nonlinear_capacity_oracle_fit,source_active_plus_second_diff_source_rows_raw,source consistency and active rows plus raw source-row second differential,"0,1",1,24,8,16,24,16,288,70,6.5574518935005721e+06,1.0000000000000001e-05,16,True,False,False,8,132,24,28,4,1.1525215964404997e+04,1.8390267947137043e-01,1.8401235660084056e-01,1.3112543885580605e-01,1.2909944487358055e-01,7.0158030285772033e-01,9.9263212778388721e-01,1.2909944487358055e-01,7.0199871608547426e-01,9.9262348046801974e-01,1.0090877226420324e-12,9.7232345226756130e-35,True,True,True,False,True,True,False,False,False,False,False,The tested non-final second-differential source features do not reproduce the local correction.,derive higher-order or nonlocal non-final source features for the coefficient-gradient law,"This is a finite-difference capacity audit. It perturbs the existing source-free lower-pair row Jacobian along non-final active/source row directions, then projects the local oracle correction onto those second-differential feature rows. It is not a formula and not a trajectory h-sweep."
cylindrical_smooth,0.01,case_local_nonlinear_capacity_value_component_nonfinal,paper_tfe_lower_pair_velocity_compression_nonlinear_capacity_gap_not_full_tfe,,case_local_nonlinear_capacity_nonfinal_component_diagonal_value_fit,case_local_nonlinear_capacity_oracle_fit,second_diff_all_rows_perp_along_active_velocity,all source-free lower-pair row second differential along active non-final velocity rows,"0,1",1,24,8,16,24,16,384,46,6.6692162727855134e+05,1.0000000000000001e-05,16,True,True,False,8,132,24,28,4,1.1525215353845835e+04,1.8390267947137043e-01,1.8401235660084056e-01,1.3112543885576397e-01,1.2909944487362404e-01,7.0158030285795669e-01,9.9263212778446475e-01,1.2909944487362404e-01,7.0199871608571074e-01,9.9262348046859727e-01,4.7333586566151158e-13,9.7232345226756130e-35,True,True,True,False,True,True,False,False,False,False,False,The tested non-final second-differential source features do not reproduce the local correction.,derive higher-order or nonlocal non-final source features for the coefficient-gradient law,"This is a finite-difference capacity audit. It perturbs the existing source-free lower-pair row Jacobian along non-final active/source row directions, then projects the local oracle correction onto those second-differential feature rows. It is not a formula and not a trajectory h-sweep."
cylindrical_smooth,0.01,case_local_nonlinear_capacity_value_component_nonfinal,paper_tfe_lower_pair_velocity_compression_nonlinear_capacity_gap_not_full_tfe,,case_local_nonlinear_capacity_nonfinal_component_diagonal_value_fit,case_local_nonlinear_capacity_oracle_fit,second_diff_source_rows_perp_along_source_rows,source-row second differential along source-consistency rows,"0,1",1,24,8,16,24,16,256,46,3.4773115374666530e+04,1.0000000000000001e-05,16,True,False,False,8,132,24,28,4,1.1525215353424501e+04,1.8390267947137043e-01,1.8401235660084056e-01,1.3112543885576497e-01,1.2909944487362404e-01,7.0158030285795669e-01,9.9263212778446475e-01,1.2909944487362404e-01,7.0199871608571074e-01,9.9262348046859727e-01,1.5098590009939314e-14,9.7232345226756130e-35,True,True,True,False,True,True,False,False,False,False,False,The tested non-final second-differential source features do not reproduce the local correction.,derive higher-order or nonlocal non-final source features for the coefficient-gradient law,"This is a finite-difference capacity audit. It perturbs the existing source-free lower-pair row Jacobian along non-final active/source row directions, then projects the local oracle correction onto those second-differential feature rows. It is not a formula and not a trajectory h-sweep."
cylindrical_smooth,0.01,case_local_nonlinear_capacity_value_component_nonfinal,paper_tfe_lower_pair_velocity_compression_nonlinear_capacity_gap_not_full_tfe,,case_local_nonlinear_capacity_nonfinal_component_diagonal_value_fit,case_local_nonlinear_capacity_oracle_fit,source_active_plus_second_diff_source_rows_perp_along_source_active,source and active rows plus source-row second differential along source/active rows,"0,1",1,24,8,16,24,16,544,70,3.2326775317584241e+04,1.0000000000000001e-05,32,True,False,False,8,132,24,28,4,1.1525215964508001e+04,1.8390267947137043e-01,1.8401235660084056e-01,1.3112543885580794e-01,1.2909944487358055e-01,7.0158030285772033e-01,9.9263212778388721e-01,1.2909944487358055e-01,7.0199871608547426e-01,9.9262348046801974e-01,2.2767993420751247e-14,9.7232345226756130e-35,True,True,True,False,True,True,False,False,False,False,False,The tested non-final second-differential source features do not reproduce the local correction.,derive higher-order or nonlocal non-final source features for the coefficient-gradient law,"This is a finite-difference capacity audit. It perturbs the existing source-free lower-pair row Jacobian along non-final active/source row directions, then projects the local oracle correction onto those second-differential feature rows. It is not a formula and not a trajectory h-sweep."
cylindrical_smooth,0.01,universal_nonlinear_capacity_value_component_nonfinal,paper_tfe_lower_pair_velocity_compression_nonlinear_capacity_gap_not_full_tfe,,universal_nonlinear_capacity_nonfinal_component_diagonal_value_fit,all_case_h_nonlinear_capacity_oracle_fit,second_diff_source_rows_perp_along_active_velocity,source-row second differential along active non-final velocity rows,"0,1",6,24,8,16,24,16,256,46,7.4139944247858692e+05,1.0000000000000001e-05,16,True,False,False,8,132,24,28,4,1.1525216152341894e+04,1.8390267947137043e-01,1.8411674096983208e-01,1.3127188441812526e-01,1.2909944487358069e-01,7.0118254425725424e-01,9.9263212777495424e-01,1.2909944487358069e-01,7.0199871608547504e-01,9.9262348046801974e-01,5.4473831262176296e-13,1.6450722467175256e-18,True,True,True,False,True,True,False,False,False,False,False,The tested non-final second-differential source features do not reproduce the local correction.,derive higher-order or nonlocal non-final source features for the coefficient-gradient law,"This is a finite-difference capacity audit. It perturbs the existing source-free lower-pair row Jacobian along non-final active/source row directions, then projects the local oracle correction onto those second-differential feature rows. It is not a formula and not a trajectory h-sweep."
cylindrical_smooth,0.01,universal_nonlinear_capacity_value_component_nonfinal,paper_tfe_lower_pair_velocity_compression_nonlinear_capacity_gap_not_full_tfe,,universal_nonlinear_capacity_nonfinal_component_diagonal_value_fit,all_case_h_nonlinear_capacity_oracle_fit,active_plus_second_diff_source_rows_perp,active non-final velocity plus source-row second differential,"0,1",6,24,8,16,24,16,272,54,7.5207379304683616e+05,1.0000000000000001e-05,16,True,False,False,8,132,24,28,4,1.1525216154762575e+04,1.8390267947137043e-01,1.8411674096983208e-01,1.3127188441812510e-01,1.2909944487358055e-01,7.0118254425725346e-01,9.9263212777495424e-01,1.2909944487358055e-01,7.0199871608547426e-01,9.9262348046801974e-01,1.2363760362721970e-12,1.6450722467175256e-18,True,True,True,False,True,True,False,False,False,False,False,The tested non-final second-differential source features do not reproduce the local correction.,derive higher-order or nonlocal non-final source features for the coefficient-gradient law,"This is a finite-difference capacity audit. It perturbs the existing source-free lower-pair row Jacobian along non-final active/source row directions, then projects the local oracle correction onto those second-differential feature rows. It is not a formula and not a trajectory h-sweep."
cylindrical_smooth,0.01,universal_nonlinear_capacity_value_component_nonfinal,paper_tfe_lower_pair_velocity_compression_nonlinear_capacity_gap_not_full_tfe,,universal_nonlinear_capacity_nonfinal_component_diagonal_value_fit,all_case_h_nonlinear_capacity_oracle_fit,source_active_plus_second_diff_source_rows_raw,source consistency and active rows plus raw source-row second differential,"0,1",6,24,8,16,24,16,288,70,6.5574518935005721e+06,1.0000000000000001e-05,16,True,False,False,8,132,24,28,4,1.1525216155005834e+04,1.8390267947137043e-01,1.8411674096983208e-01,1.3127188441812257e-01,1.2909944487358055e-01,7.0118254425725346e-01,9.9263212777495424e-01,1.2909944487358055e-01,7.0199871608547426e-01,9.9262348046801974e-01,7.9892263521278805e-13,1.6450722467175256e-18,True,True,True,False,True,True,False,False,False,False,False,The tested non-final second-differential source features do not reproduce the local correction.,derive higher-order or nonlocal non-final source features for the coefficient-gradient law,"This is a finite-difference capacity audit. It perturbs the existing source-free lower-pair row Jacobian along non-final active/source row directions, then projects the local oracle correction onto those second-differential feature rows. It is not a formula and not a trajectory h-sweep."
cylindrical_smooth,0.01,universal_nonlinear_capacity_value_component_nonfinal,paper_tfe_lower_pair_velocity_compression_nonlinear_capacity_gap_not_full_tfe,,universal_nonlinear_capacity_nonfinal_component_diagonal_value_fit,all_case_h_nonlinear_capacity_oracle_fit,second_diff_all_rows_perp_along_active_velocity,all source-free lower-pair row second differential along active non-final velocity rows,"0,1",6,24,8,16,24,16,384,46,6.6692162727855134e+05,1.0000000000000001e-05,16,True,True,False,8,132,24,28,4,1.1525216152377356e+04,1.8390267947137043e-01,1.8411674096983208e-01,1.3127188441812485e-01,1.2909944487358069e-01,7.0118254425725424e-01,9.9263212777495424e-01,1.2909944487358069e-01,7.0199871608547504e-01,9.9262348046801974e-01,3.8593391064000537e-13,1.6450722467175256e-18,True,True,True,False,True,True,False,False,False,False,False,The tested non-final second-differential source features do not reproduce the local correction.,derive higher-order or nonlocal non-final source features for the coefficient-gradient law,"This is a finite-difference capacity audit. It perturbs the existing source-free lower-pair row Jacobian along non-final active/source row directions, then projects the local oracle correction onto those second-differential feature rows. It is not a formula and not a trajectory h-sweep."
cylindrical_smooth,0.01,universal_nonlinear_capacity_value_component_nonfinal,paper_tfe_lower_pair_velocity_compression_nonlinear_capacity_gap_not_full_tfe,,universal_nonlinear_capacity_nonfinal_component_diagonal_value_fit,all_case_h_nonlinear_capacity_oracle_fit,second_diff_source_rows_perp_along_source_rows,source-row second differential along source-consistency rows,"0,1",6,24,8,16,24,16,256,46,3.4773115374666530e+04,1.0000000000000001e-05,16,True,False,False,8,132,24,28,4,1.1525216152337964e+04,1.8390267947137043e-01,1.8411674096983208e-01,1.3127188441812485e-01,1.2909944487358069e-01,7.0118254425725424e-01,9.9263212777495424e-01,1.2909944487358069e-01,7.0199871608547504e-01,9.9262348046801974e-01,2.5194329366901007e-14,1.6450722467175256e-18,True,True,True,False,True,True,False,False,False,False,False,The tested non-final second-differential source features do not reproduce the local correction.,derive higher-order or nonlocal non-final source features for the coefficient-gradient law,"This is a finite-difference capacity audit. It perturbs the existing source-free lower-pair row Jacobian along non-final active/source row directions, then projects the local oracle correction onto those second-differential feature rows. It is not a formula and not a trajectory h-sweep."
cylindrical_smooth,0.01,universal_nonlinear_capacity_value_component_nonfinal,paper_tfe_lower_pair_velocity_compression_nonlinear_capacity_gap_not_full_tfe,,universal_nonlinear_capacity_nonfinal_component_diagonal_value_fit,all_case_h_nonlinear_capacity_oracle_fit,source_active_plus_second_diff_source_rows_perp_along_source_active,source and active rows plus source-row second differential along source/active rows,"0,1",6,24,8,16,24,16,544,70,3.2326775317584241e+04,1.0000000000000001e-05,32,True,False,False,8,132,24,28,4,1.1525216154959116e+04,1.8390267947137043e-01,1.8411674096983208e-01,1.3127188441812479e-01,1.2909944487358055e-01,7.0118254425725346e-01,9.9263212777495424e-01,1.2909944487358055e-01,7.0199871608547426e-01,9.9262348046801974e-01,2.5967949694340256e-14,1.6450722467175256e-18,True,True,True,False,True,True,False,False,False,False,False,The tested non-final second-differential source features do not reproduce the local correction.,derive higher-order or nonlocal non-final source features for the coefficient-gradient law,"This is a finite-difference capacity audit. It perturbs the existing source-free lower-pair row Jacobian along non-final active/source row directions, then projects the local oracle correction onto those second-differential feature rows. It is not a formula and not a trajectory h-sweep."
cylindrical_smooth,0.01,case_local_nonlinear_capacity_value_full_nonfinal,paper_tfe_lower_pair_velocity_compression_nonlinear_capacity_gap_not_full_tfe,,case_local_nonlinear_capacity_nonfinal_full_component_value_fit,case_local_nonlinear_capacity_oracle_fit,second_diff_source_rows_perp_along_active_velocity,source-row second differential along active non-final velocity rows,"0,1",1,24,8,16,24,16,256,46,7.4139944247858692e+05,1.0000000000000001e-05,16,True,False,False,8,132,24,29,5,1.1525215929847984e+04,1.8390267947137043e-01,1.8388667815553009e-01,1.3094901197186853e-01,1.2909944487358124e-01,7.0205980209392782e-01,9.9263212777407961e-01,1.2909944487358124e-01,7.0199871608547804e-01,9.9262348046802729e-01,2.6948264044490302e-09,1.6692610498525925e-34,True,True,True,False,True,True,False,False,False,False,False,The tested non-final second-differential source features do not reproduce the local correction.,derive higher-order or nonlocal non-final source features for the coefficient-gradient law,"This is a finite-difference capacity audit. It perturbs the existing source-free lower-pair row Jacobian along non-final active/source row directions, then projects the local oracle correction onto those second-differential feature rows. It is not a formula and not a trajectory h-sweep."
cylindrical_smooth,0.01,case_local_nonlinear_capacity_value_full_nonfinal,paper_tfe_lower_pair_velocity_compression_nonlinear_capacity_gap_not_full_tfe,,case_local_nonlinear_capacity_nonfinal_full_component_value_fit,case_local_nonlinear_capacity_oracle_fit,active_plus_second_diff_source_rows_perp,active non-final velocity plus source-row second differential,"0,1",1,24,8,16,24,16,272,54,7.5207379304683616e+05,1.0000000000000001e-05,16,True,False,False,8,132,24,28,4,1.1525215929839223e+04,1.8390267947137043e-01,1.8388667815553009e-01,1.3094901197186956e-01,1.2909944487358055e-01,7.0205980209392405e-01,9.9263212777407217e-01,1.2909944487358055e-01,7.0199871608547426e-01,9.9262348046801974e-01,1.3674950384129260e-12,1.6692610498525925e-34,True,True,True,False,True,True,False,False,False,False,False,The tested non-final second-differential source features do not reproduce the local correction.,derive higher-order or nonlocal non-final source features for the coefficient-gradient law,"This is a finite-difference capacity audit. It perturbs the existing source-free lower-pair row Jacobian along non-final active/source row directions, then projects the local oracle correction onto those second-differential feature rows. It is not a formula and not a trajectory h-sweep."
cylindrical_smooth,0.01,case_local_nonlinear_capacity_value_full_nonfinal,paper_tfe_lower_pair_velocity_compression_nonlinear_capacity_gap_not_full_tfe,,case_local_nonlinear_capacity_nonfinal_full_component_value_fit,case_local_nonlinear_capacity_oracle_fit,source_active_plus_second_diff_source_rows_raw,source consistency and active rows plus raw source-row second differential,"0,1",1,24,8,16,24,16,288,70,6.5574518935005721e+06,1.0000000000000001e-05,16,True,False,False,8,132,24,28,4,1.1525215929679720e+04,1.8390267947137043e-01,1.8388667815553009e-01,1.3094901197186778e-01,1.2909944487358055e-01,7.0205980209392405e-01,9.9263212777407217e-01,1.2909944487358055e-01,7.0199871608547426e-01,9.9262348046801974e-01,1.0296780569352194e-12,1.6692610498525925e-34,True,True,True,False,True,True,False,False,False,False,False,The tested non-final second-differential source features do not reproduce the local correction.,derive higher-order or nonlocal non-final source features for the coefficient-gradient law,"This is a finite-difference capacity audit. It perturbs the existing source-free lower-pair row Jacobian along non-final active/source row directions, then projects the local oracle correction onto those second-differential feature rows. It is not a formula and not a trajectory h-sweep."
cylindrical_smooth,0.01,case_local_nonlinear_capacity_value_full_nonfinal,paper_tfe_lower_pair_velocity_compression_nonlinear_capacity_gap_not_full_tfe,,case_local_nonlinear_capacity_nonfinal_full_component_value_fit,case_local_nonlinear_capacity_oracle_fit,second_diff_all_rows_perp_along_active_velocity,all source-free lower-pair row second differential along active non-final velocity rows,"0,1",1,24,8,16,24,16,384,46,6.6692162727855134e+05,1.0000000000000001e-05,16,True,True,False,8,132,24,29,5,1.1525215929705279e+04,1.8390267947137043e-01,1.8388667815553009e-01,1.3094901197186837e-01,1.2909944487358124e-01,7.0205980209392782e-01,9.9263212777407961e-01,1.2909944487358124e-01,7.0199871608547804e-01,9.9262348046802729e-01,2.6948264478943381e-09,1.6692610498525925e-34,True,True,True,False,True,True,False,False,False,False,False,The tested non-final second-differential source features do not reproduce the local correction.,derive higher-order or nonlocal non-final source features for the coefficient-gradient law,"This is a finite-difference capacity audit. It perturbs the existing source-free lower-pair row Jacobian along non-final active/source row directions, then projects the local oracle correction onto those second-differential feature rows. It is not a formula and not a trajectory h-sweep."
cylindrical_smooth,0.01,case_local_nonlinear_capacity_value_full_nonfinal,paper_tfe_lower_pair_velocity_compression_nonlinear_capacity_gap_not_full_tfe,,case_local_nonlinear_capacity_nonfinal_full_component_value_fit,case_local_nonlinear_capacity_oracle_fit,second_diff_source_rows_perp_along_source_rows,source-row second differential along source-consistency rows,"0,1",1,24,8,16,24,16,256,46,3.4773115374666530e+04,1.0000000000000001e-05,16,True,False,False,8,132,24,29,5,1.1525215929770400e+04,1.8390267947137043e-01,1.8388667815553009e-01,1.3094901197186876e-01,1.2909944487358124e-01,7.0205980209392782e-01,9.9263212777407961e-01,1.2909944487358124e-01,7.0199871608547804e-01,9.9262348046802729e-01,2.6948263595674609e-09,1.6692610498525925e-34,True,True,True,False,True,True,False,False,False,False,False,The tested non-final second-differential source features do not reproduce the local correction.,derive higher-order or nonlocal non-final source features for the coefficient-gradient law,"This is a finite-difference capacity audit. It perturbs the existing source-free lower-pair row Jacobian along non-final active/source row directions, then projects the local oracle correction onto those second-differential feature rows. It is not a formula and not a trajectory h-sweep."
cylindrical_smooth,0.01,case_local_nonlinear_capacity_value_full_nonfinal,paper_tfe_lower_pair_velocity_compression_nonlinear_capacity_gap_not_full_tfe,,case_local_nonlinear_capacity_nonfinal_full_component_value_fit,case_local_nonlinear_capacity_oracle_fit,source_active_plus_second_diff_source_rows_perp_along_source_active,source and active rows plus source-row second differential along source/active rows,"0,1",1,24,8,16,24,16,544,70,3.2326775317584241e+04,1.0000000000000001e-05,32,True,False,False,8,132,24,28,4,1.1525215929923173e+04,1.8390267947137043e-01,1.8388667815553009e-01,1.3094901197186948e-01,1.2909944487358055e-01,7.0205980209392405e-01,9.9263212777407217e-01,1.2909944487358055e-01,7.0199871608547426e-01,9.9262348046801974e-01,2.2655784666216754e-14,1.6692610498525925e-34,True,True,True,False,True,True,False,False,False,False,False,The tested non-final second-differential source features do not reproduce the local correction.,derive higher-order or nonlocal non-final source features for the coefficient-gradient law,"This is a finite-difference capacity audit. It perturbs the existing source-free lower-pair row Jacobian along non-final active/source row directions, then projects the local oracle correction onto those second-differential feature rows. It is not a formula and not a trajectory h-sweep."
cylindrical_smooth,0.01,universal_nonlinear_capacity_value_full_nonfinal,paper_tfe_lower_pair_velocity_compression_nonlinear_capacity_gap_not_full_tfe,,universal_nonlinear_capacity_nonfinal_full_component_value_fit,all_case_h_nonlinear_capacity_oracle_fit,second_diff_source_rows_perp_along_active_velocity,source-row second differential along active non-final velocity rows,"0,1",6,24,8,16,24,16,256,46,7.4139944247858692e+05,1.0000000000000001e-05,16,True,False,False,8,132,24,31,7,1.1522612593359079e+04,1.8390267947137043e-01,1.8388667986011836e-01,1.3094901355419400e-01,1.2909944569656770e-01,7.0205980006149971e-01,9.9263210709966343e-01,1.2909944569457399e-01,7.0199872054975643e-01,9.9262349342380640e-01,1.5428709221921465e-06,6.4630228833806393e-32,True,True,True,False,True,True,False,False,False,False,False,The tested non-final second-differential source features do not reproduce the local correction.,derive higher-order or nonlocal non-final source features for the coefficient-gradient law,"This is a finite-difference capacity audit. It perturbs the existing source-free lower-pair row Jacobian along non-final active/source row directions, then projects the local oracle correction onto those second-differential feature rows. It is not a formula and not a trajectory h-sweep."
cylindrical_smooth,0.01,universal_nonlinear_capacity_value_full_nonfinal,paper_tfe_lower_pair_velocity_compression_nonlinear_capacity_gap_not_full_tfe,,universal_nonlinear_capacity_nonfinal_full_component_value_fit,all_case_h_nonlinear_capacity_oracle_fit,active_plus_second_diff_source_rows_perp,active non-final velocity plus source-row second differential,"0,1",6,24,8,16,24,16,272,54,7.5207379304683616e+05,1.0000000000000001e-05,16,True,False,False,8,132,24,28,4,1.1525215929699154e+04,1.8390267947137043e-01,1.8388667986011836e-01,1.3094901436555750e-01,1.2909944487358055e-01,7.0205979558598708e-01,9.9263209411212672e-01,1.2909944487358055e-01,7.0199871608547426e-01,9.9262348046801974e-01,1.5754863078750453e-12,6.4630228833806393e-32,True,True,True,False,True,True,False,False,False,False,False,The tested non-final second-differential source features do not reproduce the local correction.,derive higher-order or nonlocal non-final source features for the coefficient-gradient law,"This is a finite-difference capacity audit. It perturbs the existing source-free lower-pair row Jacobian along non-final active/source row directions, then projects the local oracle correction onto those second-differential feature rows. It is not a formula and not a trajectory h-sweep."
cylindrical_smooth,0.01,universal_nonlinear_capacity_value_full_nonfinal,paper_tfe_lower_pair_velocity_compression_nonlinear_capacity_gap_not_full_tfe,,universal_nonlinear_capacity_nonfinal_full_component_value_fit,all_case_h_nonlinear_capacity_oracle_fit,source_active_plus_second_diff_source_rows_raw,source consistency and active rows plus raw source-row second differential,"0,1",6,24,8,16,24,16,288,70,6.5574518935005721e+06,1.0000000000000001e-05,16,True,False,False,8,132,24,28,4,1.1525215929757807e+04,1.8390267947137043e-01,1.8388667986011836e-01,1.3094901436555567e-01,1.2909944487358055e-01,7.0205979558598708e-01,9.9263209411212672e-01,1.2909944487358055e-01,7.0199871608547426e-01,9.9262348046801974e-01,9.9898722188405343e-13,6.4630228833806393e-32,True,True,True,False,True,True,False,False,False,False,False,The tested non-final second-differential source features do not reproduce the local correction.,derive higher-order or nonlocal non-final source features for the coefficient-gradient law,"This is a finite-difference capacity audit. It perturbs the existing source-free lower-pair row Jacobian along non-final active/source row directions, then projects the local oracle correction onto those second-differential feature rows. It is not a formula and not a trajectory h-sweep."
cylindrical_smooth,0.01,universal_nonlinear_capacity_value_full_nonfinal,paper_tfe_lower_pair_velocity_compression_nonlinear_capacity_gap_not_full_tfe,,universal_nonlinear_capacity_nonfinal_full_component_value_fit,all_case_h_nonlinear_capacity_oracle_fit,second_diff_all_rows_perp_along_active_velocity,all source-free lower-pair row second differential along active non-final velocity rows,"0,1",6,24,8,16,24,16,384,46,6.6692162727855134e+05,1.0000000000000001e-05,16,True,True,False,8,132,24,31,7,1.1522612593328946e+04,1.8390267947137043e-01,1.8388667986011836e-01,1.3094901355419400e-01,1.2909944569656770e-01,7.0205980006149971e-01,9.9263210709966343e-01,1.2909944569457399e-01,7.0199872054975643e-01,9.9262349342380640e-01,1.5428709233602623e-06,6.4630228833806393e-32,True,True,True,False,True,True,False,False,False,False,False,The tested non-final second-differential source features do not reproduce the local correction.,derive higher-order or nonlocal non-final source features for the coefficient-gradient law,"This is a finite-difference capacity audit. It perturbs the existing source-free lower-pair row Jacobian along non-final active/source row directions, then projects the local oracle correction onto those second-differential feature rows. It is not a formula and not a trajectory h-sweep."
cylindrical_smooth,0.01,universal_nonlinear_capacity_value_full_nonfinal,paper_tfe_lower_pair_velocity_compression_nonlinear_capacity_gap_not_full_tfe,,universal_nonlinear_capacity_nonfinal_full_component_value_fit,all_case_h_nonlinear_capacity_oracle_fit,second_diff_source_rows_perp_along_source_rows,source-row second differential along source-consistency rows,"0,1",6,24,8,16,24,16,256,46,3.4773115374666530e+04,1.0000000000000001e-05,16,True,False,False,8,132,24,31,7,1.1522612593418768e+04,1.8390267947137043e-01,1.8388667986011836e-01,1.3094901355419453e-01,1.2909944569656770e-01,7.0205980006149971e-01,9.9263210709966343e-01,1.2909944569457399e-01,7.0199872054975643e-01,9.9262349342380640e-01,1.5428709229965985e-06,6.4630228833806393e-32,True,True,True,False,True,True,False,False,False,False,False,The tested non-final second-differential source features do not reproduce the local correction.,derive higher-order or nonlocal non-final source features for the coefficient-gradient law,"This is a finite-difference capacity audit. It perturbs the existing source-free lower-pair row Jacobian along non-final active/source row directions, then projects the local oracle correction onto those second-differential feature rows. It is not a formula and not a trajectory h-sweep."
cylindrical_smooth,0.01,universal_nonlinear_capacity_value_full_nonfinal,paper_tfe_lower_pair_velocity_compression_nonlinear_capacity_gap_not_full_tfe,,universal_nonlinear_capacity_nonfinal_full_component_value_fit,all_case_h_nonlinear_capacity_oracle_fit,source_active_plus_second_diff_source_rows_perp_along_source_active,source and active rows plus source-row second differential along source/active rows,"0,1",6,24,8,16,24,16,544,70,3.2326775317584241e+04,1.0000000000000001e-05,32,True,False,False,8,132,24,28,4,1.1525215929637176e+04,1.8390267947137043e-01,1.8388667986011836e-01,1.3094901436555778e-01,1.2909944487358055e-01,7.0205979558598708e-01,9.9263209411212672e-01,1.2909944487358055e-01,7.0199871608547426e-01,9.9262348046801974e-01,2.3232009978067035e-14,6.4630228833806393e-32,True,True,True,False,True,True,False,False,False,False,False,The tested non-final second-differential source features do not reproduce the local correction.,derive higher-order or nonlocal non-final source features for the coefficient-gradient law,"This is a finite-difference capacity audit. It perturbs the existing source-free lower-pair row Jacobian along non-final active/source row directions, then projects the local oracle correction onto those second-differential feature rows. It is not a formula and not a trajectory h-sweep."
cylindrical_sharp,0.04,case_local_nonlinear_capacity_value_scalar_nonfinal,paper_tfe_lower_pair_velocity_compression_nonlinear_capacity_gap_not_full_tfe,,case_local_nonlinear_capacity_nonfinal_stage_scalar_value_fit,case_local_nonlinear_capacity_oracle_fit,second_diff_source_rows_perp_along_active_velocity,source-row second differential along active non-final velocity rows,"0,1",1,24,8,16,24,16,256,46,1.2118291433109796e+04,1.0000000000000001e-05,16,True,False,False,8,132,24,28,4,8.6529322206006043e+02,3.7137778489504708e-01,3.6458407253839792e-01,2.5740023170544585e-01,2.5819888974716110e-01,7.0820123311878258e-01,9.9213015521046355e-01,2.5819888974716110e-01,6.9524592005450514e-01,9.9023103246073607e-01,7.7352959173025407e-15,1.1640035118717464e-17,True,True,True,False,True,True,False,False,False,False,False,The tested non-final second-differential source features do not reproduce the local correction.,derive higher-order or nonlocal non-final source features for the coefficient-gradient law,"This is a finite-difference capacity audit. It perturbs the existing source-free lower-pair row Jacobian along non-final active/source row directions, then projects the local oracle correction onto those second-differential feature rows. It is not a formula and not a trajectory h-sweep."
cylindrical_sharp,0.04,case_local_nonlinear_capacity_value_scalar_nonfinal,paper_tfe_lower_pair_velocity_compression_nonlinear_capacity_gap_not_full_tfe,,case_local_nonlinear_capacity_nonfinal_stage_scalar_value_fit,case_local_nonlinear_capacity_oracle_fit,active_plus_second_diff_source_rows_perp,active non-final velocity plus source-row second differential,"0,1",1,24,8,16,24,16,272,54,1.2466855682410300e+04,1.0000000000000001e-05,16,True,False,False,8,132,24,28,4,8.6529322206005349e+02,3.7137778489504708e-01,3.6458407253839792e-01,2.5740023170544596e-01,2.5819888974716110e-01,7.0820123311878258e-01,9.9213015521046355e-01,2.5819888974716110e-01,6.9524592005450514e-01,9.9023103246073607e-01,6.5240655262932100e-15,1.1640035118717464e-17,True,True,True,False,True,True,False,False,False,False,False,The tested non-final second-differential source features do not reproduce the local correction.,derive higher-order or nonlocal non-final source features for the coefficient-gradient law,"This is a finite-difference capacity audit. It perturbs the existing source-free lower-pair row Jacobian along non-final active/source row directions, then projects the local oracle correction onto those second-differential feature rows. It is not a formula and not a trajectory h-sweep."
cylindrical_sharp,0.04,case_local_nonlinear_capacity_value_scalar_nonfinal,paper_tfe_lower_pair_velocity_compression_nonlinear_capacity_gap_not_full_tfe,,case_local_nonlinear_capacity_nonfinal_stage_scalar_value_fit,case_local_nonlinear_capacity_oracle_fit,source_active_plus_second_diff_source_rows_raw,source consistency and active rows plus raw source-row second differential,"0,1",1,24,8,16,24,16,288,70,1.1010211618179450e+05,1.0000000000000001e-05,16,True,False,False,8,132,24,28,4,8.6529322206006020e+02,3.7137778489504708e-01,3.6458407253839792e-01,2.5740023170544485e-01,2.5819888974716110e-01,7.0820123311878258e-01,9.9213015521046355e-01,2.5819888974716110e-01,6.9524592005450514e-01,9.9023103246073607e-01,5.4950784848377404e-15,1.1640035118717464e-17,True,True,True,False,True,True,False,False,False,False,False,The tested non-final second-differential source features do not reproduce the local correction.,derive higher-order or nonlocal non-final source features for the coefficient-gradient law,"This is a finite-difference capacity audit. It perturbs the existing source-free lower-pair row Jacobian along non-final active/source row directions, then projects the local oracle correction onto those second-differential feature rows. It is not a formula and not a trajectory h-sweep."
cylindrical_sharp,0.04,case_local_nonlinear_capacity_value_scalar_nonfinal,paper_tfe_lower_pair_velocity_compression_nonlinear_capacity_gap_not_full_tfe,,case_local_nonlinear_capacity_nonfinal_stage_scalar_value_fit,case_local_nonlinear_capacity_oracle_fit,second_diff_all_rows_perp_along_active_velocity,all source-free lower-pair row second differential along active non-final velocity rows,"0,1",1,24,8,16,24,16,384,46,1.1201100610842770e+04,1.0000000000000001e-05,16,True,True,False,8,132,24,28,4,8.6529322206003303e+02,3.7137778489504708e-01,3.6458407253839792e-01,2.5740023170544574e-01,2.5819888974716110e-01,7.0820123311878258e-01,9.9213015521046355e-01,2.5819888974716110e-01,6.9524592005450514e-01,9.9023103246073607e-01,2.8619873825382738e-15,1.1640035118717464e-17,True,True,True,False,True,True,False,False,False,False,False,The tested non-final second-differential source features do not reproduce the local correction.,derive higher-order or nonlocal non-final source features for the coefficient-gradient law,"This is a finite-difference capacity audit. It perturbs the existing source-free lower-pair row Jacobian along non-final active/source row directions, then projects the local oracle correction onto those second-differential feature rows. It is not a formula and not a trajectory h-sweep."
cylindrical_sharp,0.04,case_local_nonlinear_capacity_value_scalar_nonfinal,paper_tfe_lower_pair_velocity_compression_nonlinear_capacity_gap_not_full_tfe,,case_local_nonlinear_capacity_nonfinal_stage_scalar_value_fit,case_local_nonlinear_capacity_oracle_fit,second_diff_source_rows_perp_along_source_rows,source-row second differential along source-consistency rows,"0,1",1,24,8,16,24,16,256,46,9.8467714135485730e+03,1.0000000000000001e-05,16,True,False,False,8,132,24,28,4,8.6529322206004986e+02,3.7137778489504708e-01,3.6458407253839792e-01,2.5740023170544579e-01,2.5819888974716110e-01,7.0820123311878258e-01,9.9213015521046355e-01,2.5819888974716110e-01,6.9524592005450514e-01,9.9023103246073607e-01,3.6271564264437506e-15,1.1640035118717464e-17,True,True,True,False,True,True,False,False,False,False,False,The tested non-final second-differential source features do not reproduce the local correction.,derive higher-order or nonlocal non-final source features for the coefficient-gradient law,"This is a finite-difference capacity audit. It perturbs the existing source-free lower-pair row Jacobian along non-final active/source row directions, then projects the local oracle correction onto those second-differential feature rows. It is not a formula and not a trajectory h-sweep."
cylindrical_sharp,0.04,case_local_nonlinear_capacity_value_scalar_nonfinal,paper_tfe_lower_pair_velocity_compression_nonlinear_capacity_gap_not_full_tfe,,case_local_nonlinear_capacity_nonfinal_stage_scalar_value_fit,case_local_nonlinear_capacity_oracle_fit,source_active_plus_second_diff_source_rows_perp_along_source_active,source and active rows plus source-row second differential along source/active rows,"0,1",1,24,8,16,24,16,544,70,1.1390110183873703e+03,1.0000000000000001e-05,32,True,False,False,8,132,24,28,4,8.6529322206009101e+02,3.7137778489504708e-01,3.6458407253839792e-01,2.5740023170544529e-01,2.5819888974716110e-01,7.0820123311878258e-01,9.9213015521046355e-01,2.5819888974716110e-01,6.9524592005450514e-01,9.9023103246073607e-01,3.8972381138720927e-15,1.1640035118717464e-17,True,True,True,False,True,True,False,False,False,False,False,The tested non-final second-differential source features do not reproduce the local correction.,derive higher-order or nonlocal non-final source features for the coefficient-gradient law,"This is a finite-difference capacity audit. It perturbs the existing source-free lower-pair row Jacobian along non-final active/source row directions, then projects the local oracle correction onto those second-differential feature rows. It is not a formula and not a trajectory h-sweep."
cylindrical_sharp,0.04,universal_nonlinear_capacity_value_scalar_nonfinal,paper_tfe_lower_pair_velocity_compression_nonlinear_capacity_gap_not_full_tfe,,universal_nonlinear_capacity_nonfinal_stage_scalar_value_fit,all_case_h_nonlinear_capacity_oracle_fit,second_diff_source_rows_perp_along_active_velocity,source-row second differential along active non-final velocity rows,"0,1",6,24,8,16,24,16,256,46,1.2118291433109796e+04,1.0000000000000001e-05,16,True,False,False,8,132,24,28,4,8.6529322206003326e+02,3.7137778489504708e-01,3.6458407253007830e-01,2.5740023169366161e-01,2.5819888974716110e-01,7.0820123313494343e-01,9.9213015521280012e-01,2.5819888974716110e-01,6.9524592005450514e-01,9.9023103246073607e-01,7.5284456536348954e-15,1.1858915487241241e-17,True,True,True,False,True,True,False,False,False,False,False,The tested non-final second-differential source features do not reproduce the local correction.,derive higher-order or nonlocal non-final source features for the coefficient-gradient law,"This is a finite-difference capacity audit. It perturbs the existing source-free lower-pair row Jacobian along non-final active/source row directions, then projects the local oracle correction onto those second-differential feature rows. It is not a formula and not a trajectory h-sweep."
cylindrical_sharp,0.04,universal_nonlinear_capacity_value_scalar_nonfinal,paper_tfe_lower_pair_velocity_compression_nonlinear_capacity_gap_not_full_tfe,,universal_nonlinear_capacity_nonfinal_stage_scalar_value_fit,all_case_h_nonlinear_capacity_oracle_fit,active_plus_second_diff_source_rows_perp,active non-final velocity plus source-row second differential,"0,1",6,24,8,16,24,16,272,54,1.2466855682410300e+04,1.0000000000000001e-05,16,True,False,False,8,132,24,28,4,8.6529322206002382e+02,3.7137778489504708e-01,3.6458407253007830e-01,2.5740023169366166e-01,2.5819888974716110e-01,7.0820123313494343e-01,9.9213015521280012e-01,2.5819888974716110e-01,6.9524592005450514e-01,9.9023103246073607e-01,7.8804250513723319e-15,1.1858915487241241e-17,True,True,True,False,True,True,False,False,False,False,False,The tested non-final second-differential source features do not reproduce the local correction.,derive higher-order or nonlocal non-final source features for the coefficient-gradient law,"This is a finite-difference capacity audit. It perturbs the existing source-free lower-pair row Jacobian along non-final active/source row directions, then projects the local oracle correction onto those second-differential feature rows. It is not a formula and not a trajectory h-sweep."
cylindrical_sharp,0.04,universal_nonlinear_capacity_value_scalar_nonfinal,paper_tfe_lower_pair_velocity_compression_nonlinear_capacity_gap_not_full_tfe,,universal_nonlinear_capacity_nonfinal_stage_scalar_value_fit,all_case_h_nonlinear_capacity_oracle_fit,source_active_plus_second_diff_source_rows_raw,source consistency and active rows plus raw source-row second differential,"0,1",6,24,8,16,24,16,288,70,1.1010211618179450e+05,1.0000000000000001e-05,16,True,False,False,8,132,24,28,4,8.6529322206007885e+02,3.7137778489504708e-01,3.6458407253007830e-01,2.5740023169366127e-01,2.5819888974716110e-01,7.0820123313494343e-01,9.9213015521280012e-01,2.5819888974716110e-01,6.9524592005450514e-01,9.9023103246073607e-01,7.3093561899923907e-15,1.1858915487241241e-17,True,True,True,False,True,True,False,False,False,False,False,The tested non-final second-differential source features do not reproduce the local correction.,derive higher-order or nonlocal non-final source features for the coefficient-gradient law,"This is a finite-difference capacity audit. It perturbs the existing source-free lower-pair row Jacobian along non-final active/source row directions, then projects the local oracle correction onto those second-differential feature rows. It is not a formula and not a trajectory h-sweep."
cylindrical_sharp,0.04,universal_nonlinear_capacity_value_scalar_nonfinal,paper_tfe_lower_pair_velocity_compression_nonlinear_capacity_gap_not_full_tfe,,universal_nonlinear_capacity_nonfinal_stage_scalar_value_fit,all_case_h_nonlinear_capacity_oracle_fit,second_diff_all_rows_perp_along_active_velocity,all source-free lower-pair row second differential along active non-final velocity rows,"0,1",6,24,8,16,24,16,384,46,1.1201100610842770e+04,1.0000000000000001e-05,16,True,True,False,8,132,24,28,4,8.6529322206005793e+02,3.7137778489504708e-01,3.6458407253007830e-01,2.5740023169366166e-01,2.5819888974716110e-01,7.0820123313494343e-01,9.9213015521280012e-01,2.5819888974716110e-01,6.9524592005450514e-01,9.9023103246073607e-01,3.0850595451498960e-15,1.1858915487241241e-17,True,True,True,False,True,True,False,False,False,False,False,The tested non-final second-differential source features do not reproduce the local correction.,derive higher-order or nonlocal non-final source features for the coefficient-gradient law,"This is a finite-difference capacity audit. It perturbs the existing source-free lower-pair row Jacobian along non-final active/source row directions, then projects the local oracle correction onto those second-differential feature rows. It is not a formula and not a trajectory h-sweep."
cylindrical_sharp,0.04,universal_nonlinear_capacity_value_scalar_nonfinal,paper_tfe_lower_pair_velocity_compression_nonlinear_capacity_gap_not_full_tfe,,universal_nonlinear_capacity_nonfinal_stage_scalar_value_fit,all_case_h_nonlinear_capacity_oracle_fit,second_diff_source_rows_perp_along_source_rows,source-row second differential along source-consistency rows,"0,1",6,24,8,16,24,16,256,46,9.8467714135485730e+03,1.0000000000000001e-05,16,True,False,False,8,132,24,28,4,8.6529322206002917e+02,3.7137778489504708e-01,3.6458407253007830e-01,2.5740023169366216e-01,2.5819888974716110e-01,7.0820123313494343e-01,9.9213015521280012e-01,2.5819888974716110e-01,6.9524592005450514e-01,9.9023103246073607e-01,4.1403615198035553e-15,1.1858915487241241e-17,True,True,True,False,True,True,False,False,False,False,False,The tested non-final second-differential source features do not reproduce the local correction.,derive higher-order or nonlocal non-final source features for the coefficient-gradient law,"This is a finite-difference capacity audit. It perturbs the existing source-free lower-pair row Jacobian along non-final active/source row directions, then projects the local oracle correction onto those second-differential feature rows. It is not a formula and not a trajectory h-sweep."
cylindrical_sharp,0.04,universal_nonlinear_capacity_value_scalar_nonfinal,paper_tfe_lower_pair_velocity_compression_nonlinear_capacity_gap_not_full_tfe,,universal_nonlinear_capacity_nonfinal_stage_scalar_value_fit,all_case_h_nonlinear_capacity_oracle_fit,source_active_plus_second_diff_source_rows_perp_along_source_active,source and active rows plus source-row second differential along source/active rows,"0,1",6,24,8,16,24,16,544,70,1.1390110183873703e+03,1.0000000000000001e-05,32,True,False,False,8,132,24,28,4,8.6529322206006805e+02,3.7137778489504708e-01,3.6458407253007830e-01,2.5740023169366161e-01,2.5819888974716110e-01,7.0820123313494343e-01,9.9213015521280012e-01,2.5819888974716110e-01,6.9524592005450514e-01,9.9023103246073607e-01,3.1418593275366109e-15,1.1858915487241241e-17,True,True,True,False,True,True,False,False,False,False,False,The tested non-final second-differential source features do not reproduce the local correction.,derive higher-order or nonlocal non-final source features for the coefficient-gradient law,"This is a finite-difference capacity audit. It perturbs the existing source-free lower-pair row Jacobian along non-final active/source row directions, then projects the local oracle correction onto those second-differential feature rows. It is not a formula and not a trajectory h-sweep."
cylindrical_sharp,0.04,case_local_nonlinear_capacity_value_component_nonfinal,paper_tfe_lower_pair_velocity_compression_nonlinear_capacity_gap_not_full_tfe,,case_local_nonlinear_capacity_nonfinal_component_diagonal_value_fit,case_local_nonlinear_capacity_oracle_fit,second_diff_source_rows_perp_along_active_velocity,source-row second differential along active non-final velocity rows,"0,1",1,24,8,16,24,16,256,46,1.2118291433109796e+04,1.0000000000000001e-05,16,True,False,False,8,132,24,28,4,8.6529372712110296e+02,3.7137778489504708e-01,3.6654316047024932e-01,2.6016768020038950e-01,2.5819888974716110e-01,7.0441606226101705e-01,9.9213015521287706e-01,2.5819888974716110e-01,6.9524592005450514e-01,9.9023103246073607e-01,1.0647785824617593e-14,4.6444969609303800e-33,True,True,True,False,True,True,False,False,False,False,False,The tested non-final second-differential source features do not reproduce the local correction.,derive higher-order or nonlocal non-final source features for the coefficient-gradient law,"This is a finite-difference capacity audit. It perturbs the existing source-free lower-pair row Jacobian along non-final active/source row directions, then projects the local oracle correction onto those second-differential feature rows. It is not a formula and not a trajectory h-sweep."
cylindrical_sharp,0.04,case_local_nonlinear_capacity_value_component_nonfinal,paper_tfe_lower_pair_velocity_compression_nonlinear_capacity_gap_not_full_tfe,,case_local_nonlinear_capacity_nonfinal_component_diagonal_value_fit,case_local_nonlinear_capacity_oracle_fit,active_plus_second_diff_source_rows_perp,active non-final velocity plus source-row second differential,"0,1",1,24,8,16,24,16,272,54,1.2466855682410300e+04,1.0000000000000001e-05,16,True,False,False,8,132,24,28,4,8.6529372712110023e+02,3.7137778489504708e-01,3.6654316047024932e-01,2.6016768020038961e-01,2.5819888974716110e-01,7.0441606226101705e-01,9.9213015521287706e-01,2.5819888974716110e-01,6.9524592005450514e-01,9.9023103246073607e-01,7.1133725565476412e-15,4.6444969609303800e-33,True,True,True,False,True,True,False,False,False,False,False,The tested non-final second-differential source features do not reproduce the local correction.,derive higher-order or nonlocal non-final source features for the coefficient-gradient law,"This is a finite-difference capacity audit. It perturbs the existing source-free lower-pair row Jacobian along non-final active/source row directions, then projects the local oracle correction onto those second-differential feature rows. It is not a formula and not a trajectory h-sweep."
cylindrical_sharp,0.04,case_local_nonlinear_capacity_value_component_nonfinal,paper_tfe_lower_pair_velocity_compression_nonlinear_capacity_gap_not_full_tfe,,case_local_nonlinear_capacity_nonfinal_component_diagonal_value_fit,case_local_nonlinear_capacity_oracle_fit,source_active_plus_second_diff_source_rows_raw,source consistency and active rows plus raw source-row second differential,"0,1",1,24,8,16,24,16,288,70,1.1010211618179450e+05,1.0000000000000001e-05,16,True,False,False,8,132,24,28,4,8.6529372712113457e+02,3.7137778489504708e-01,3.6654316047024932e-01,2.6016768020038894e-01,2.5819888974716110e-01,7.0441606226101705e-01,9.9213015521287706e-01,2.5819888974716110e-01,6.9524592005450514e-01,9.9023103246073607e-01,7.2394687669950587e-15,4.6444969609303800e-33,True,True,True,False,True,True,False,False,False,False,False,The tested non-final second-differential source features do not reproduce the local correction.,derive higher-order or nonlocal non-final source features for the coefficient-gradient law,"This is a finite-difference capacity audit. It perturbs the existing source-free lower-pair row Jacobian along non-final active/source row directions, then projects the local oracle correction onto those second-differential feature rows. It is not a formula and not a trajectory h-sweep."
cylindrical_sharp,0.04,case_local_nonlinear_capacity_value_component_nonfinal,paper_tfe_lower_pair_velocity_compression_nonlinear_capacity_gap_not_full_tfe,,case_local_nonlinear_capacity_nonfinal_component_diagonal_value_fit,case_local_nonlinear_capacity_oracle_fit,second_diff_all_rows_perp_along_active_velocity,all source-free lower-pair row second differential along active non-final velocity rows,"0,1",1,24,8,16,24,16,384,46,1.1201100610842770e+04,1.0000000000000001e-05,16,True,True,False,8,132,24,28,4,8.6529372712119198e+02,3.7137778489504708e-01,3.6654316047024932e-01,2.6016768020038983e-01,2.5819888974716110e-01,7.0441606226101705e-01,9.9213015521287706e-01,2.5819888974716110e-01,6.9524592005450514e-01,9.9023103246073607e-01,4.8499103273367708e-15,4.6444969609303800e-33,True,True,True,False,True,True,False,False,False,False,False,The tested non-final second-differential source features do not reproduce the local correction.,derive higher-order or nonlocal non-final source features for the coefficient-gradient law,"This is a finite-difference capacity audit. It perturbs the existing source-free lower-pair row Jacobian along non-final active/source row directions, then projects the local oracle correction onto those second-differential feature rows. It is not a formula and not a trajectory h-sweep."
cylindrical_sharp,0.04,case_local_nonlinear_capacity_value_component_nonfinal,paper_tfe_lower_pair_velocity_compression_nonlinear_capacity_gap_not_full_tfe,,case_local_nonlinear_capacity_nonfinal_component_diagonal_value_fit,case_local_nonlinear_capacity_oracle_fit,second_diff_source_rows_perp_along_source_rows,source-row second differential along source-consistency rows,"0,1",1,24,8,16,24,16,256,46,9.8467714135485730e+03,1.0000000000000001e-05,16,True,False,False,8,132,24,28,4,8.6529372712108852e+02,3.7137778489504708e-01,3.6654316047024932e-01,2.6016768020038994e-01,2.5819888974716110e-01,7.0441606226101705e-01,9.9213015521287706e-01,2.5819888974716110e-01,6.9524592005450514e-01,9.9023103246073607e-01,7.8909970845510273e-15,4.6444969609303800e-33,True,True,True,False,True,True,False,False,False,False,False,The tested non-final second-differential source features do not reproduce the local correction.,derive higher-order or nonlocal non-final source features for the coefficient-gradient law,"This is a finite-difference capacity audit. It perturbs the existing source-free lower-pair row Jacobian along non-final active/source row directions, then projects the local oracle correction onto those second-differential feature rows. It is not a formula and not a trajectory h-sweep."
cylindrical_sharp,0.04,case_local_nonlinear_capacity_value_component_nonfinal,paper_tfe_lower_pair_velocity_compression_nonlinear_capacity_gap_not_full_tfe,,case_local_nonlinear_capacity_nonfinal_component_diagonal_value_fit,case_local_nonlinear_capacity_oracle_fit,source_active_plus_second_diff_source_rows_perp_along_source_active,source and active rows plus source-row second differential along source/active rows,"0,1",1,24,8,16,24,16,544,70,1.1390110183873703e+03,1.0000000000000001e-05,32,True,False,False,8,132,24,28,4,8.6529372712110262e+02,3.7137778489504708e-01,3.6654316047024932e-01,2.6016768020038966e-01,2.5819888974716110e-01,7.0441606226101705e-01,9.9213015521287706e-01,2.5819888974716110e-01,6.9524592005450514e-01,9.9023103246073607e-01,3.2971057901568240e-15,4.6444969609303800e-33,True,True,True,False,True,True,False,False,False,False,False,The tested non-final second-differential source features do not reproduce the local correction.,derive higher-order or nonlocal non-final source features for the coefficient-gradient law,"This is a finite-difference capacity audit. It perturbs the existing source-free lower-pair row Jacobian along non-final active/source row directions, then projects the local oracle correction onto those second-differential feature rows. It is not a formula and not a trajectory h-sweep."
cylindrical_sharp,0.04,universal_nonlinear_capacity_value_component_nonfinal,paper_tfe_lower_pair_velocity_compression_nonlinear_capacity_gap_not_full_tfe,,universal_nonlinear_capacity_nonfinal_component_diagonal_value_fit,all_case_h_nonlinear_capacity_oracle_fit,second_diff_source_rows_perp_along_active_velocity,source-row second differential along active non-final velocity rows,"0,1",6,24,8,16,24,16,256,46,1.2118291433109796e+04,1.0000000000000001e-05,16,True,False,False,8,132,24,28,4,8.6529331986056286e+02,3.7137778489504708e-01,3.6492988180991714e-01,2.5788980586896670e-01,2.5819888974716138e-01,7.0753013830106337e-01,9.9213015521196113e-01,2.5819888974716138e-01,6.9524592005450581e-01,9.9023103246073607e-01,7.8158015152411321e-15,4.0313416495214741e-19,True,True,True,False,True,True,False,False,False,False,False,The tested non-final second-differential source features do not reproduce the local correction.,derive higher-order or nonlocal non-final source features for the coefficient-gradient law,"This is a finite-difference capacity audit. It perturbs the existing source-free lower-pair row Jacobian along non-final active/source row directions, then projects the local oracle correction onto those second-differential feature rows. It is not a formula and not a trajectory h-sweep."
cylindrical_sharp,0.04,universal_nonlinear_capacity_value_component_nonfinal,paper_tfe_lower_pair_velocity_compression_nonlinear_capacity_gap_not_full_tfe,,universal_nonlinear_capacity_nonfinal_component_diagonal_value_fit,all_case_h_nonlinear_capacity_oracle_fit,active_plus_second_diff_source_rows_perp,active non-final velocity plus source-row second differential,"0,1",6,24,8,16,24,16,272,54,1.2466855682410300e+04,1.0000000000000001e-05,16,True,False,False,8,132,24,28,4,8.6529331986104955e+02,3.7137778489504708e-01,3.6492988180991714e-01,2.5788980586896687e-01,2.5819888974716110e-01,7.0753013830106259e-01,9.9213015521196113e-01,2.5819888974716110e-01,6.9524592005450514e-01,9.9023103246073607e-01,7.9696247011140146e-15,4.0313416495214741e-19,True,True,True,False,True,True,False,False,False,False,False,The tested non-final second-differential source features do not reproduce the local correction.,derive higher-order or nonlocal non-final source features for the coefficient-gradient law,"This is a finite-difference capacity audit. It perturbs the existing source-free lower-pair row Jacobian along non-final active/source row directions, then projects the local oracle correction onto those second-differential feature rows. It is not a formula and not a trajectory h-sweep."
cylindrical_sharp,0.04,universal_nonlinear_capacity_value_component_nonfinal,paper_tfe_lower_pair_velocity_compression_nonlinear_capacity_gap_not_full_tfe,,universal_nonlinear_capacity_nonfinal_component_diagonal_value_fit,all_case_h_nonlinear_capacity_oracle_fit,source_active_plus_second_diff_source_rows_raw,source consistency and active rows plus raw source-row second differential,"0,1",6,24,8,16,24,16,288,70,1.1010211618179450e+05,1.0000000000000001e-05,16,True,False,False,8,132,24,28,4,8.6529331986113641e+02,3.7137778489504708e-01,3.6492988180991714e-01,2.5788980586896654e-01,2.5819888974716110e-01,7.0753013830106259e-01,9.9213015521196113e-01,2.5819888974716110e-01,6.9524592005450514e-01,9.9023103246073607e-01,6.9686362470393745e-15,4.0313416495214741e-19,True,True,True,False,True,True,False,False,False,False,False,The tested non-final second-differential source features do not reproduce the local correction.,derive higher-order or nonlocal non-final source features for the coefficient-gradient law,"This is a finite-difference capacity audit. It perturbs the existing source-free lower-pair row Jacobian along non-final active/source row directions, then projects the local oracle correction onto those second-differential feature rows. It is not a formula and not a trajectory h-sweep."
cylindrical_sharp,0.04,universal_nonlinear_capacity_value_component_nonfinal,paper_tfe_lower_pair_velocity_compression_nonlinear_capacity_gap_not_full_tfe,,universal_nonlinear_capacity_nonfinal_component_diagonal_value_fit,all_case_h_nonlinear_capacity_oracle_fit,second_diff_all_rows_perp_along_active_velocity,all source-free lower-pair row second differential along active non-final velocity rows,"0,1",6,24,8,16,24,16,384,46,1.1201100610842770e+04,1.0000000000000001e-05,16,True,True,False,8,132,24,28,4,8.6529331986054967e+02,3.7137778489504708e-01,3.6492988180991714e-01,2.5788980586896687e-01,2.5819888974716138e-01,7.0753013830106337e-01,9.9213015521196113e-01,2.5819888974716138e-01,6.9524592005450581e-01,9.9023103246073607e-01,4.7703351855491531e-15,4.0313416495214741e-19,True,True,True,False,True,True,False,False,False,False,False,The tested non-final second-differential source features do not reproduce the local correction.,derive higher-order or nonlocal non-final source features for the coefficient-gradient law,"This is a finite-difference capacity audit. It perturbs the existing source-free lower-pair row Jacobian along non-final active/source row directions, then projects the local oracle correction onto those second-differential feature rows. It is not a formula and not a trajectory h-sweep."
cylindrical_sharp,0.04,universal_nonlinear_capacity_value_component_nonfinal,paper_tfe_lower_pair_velocity_compression_nonlinear_capacity_gap_not_full_tfe,,universal_nonlinear_capacity_nonfinal_component_diagonal_value_fit,all_case_h_nonlinear_capacity_oracle_fit,second_diff_source_rows_perp_along_source_rows,source-row second differential along source-consistency rows,"0,1",6,24,8,16,24,16,256,46,9.8467714135485730e+03,1.0000000000000001e-05,16,True,False,False,8,132,24,28,4,8.6529331986060038e+02,3.7137778489504708e-01,3.6492988180991714e-01,2.5788980586896665e-01,2.5819888974716138e-01,7.0753013830106337e-01,9.9213015521196113e-01,2.5819888974716138e-01,6.9524592005450581e-01,9.9023103246073607e-01,7.2782831680671155e-15,4.0313416495214741e-19,True,True,True,False,True,True,False,False,False,False,False,The tested non-final second-differential source features do not reproduce the local correction.,derive higher-order or nonlocal non-final source features for the coefficient-gradient law,"This is a finite-difference capacity audit. It perturbs the existing source-free lower-pair row Jacobian along non-final active/source row directions, then projects the local oracle correction onto those second-differential feature rows. It is not a formula and not a trajectory h-sweep."
cylindrical_sharp,0.04,universal_nonlinear_capacity_value_component_nonfinal,paper_tfe_lower_pair_velocity_compression_nonlinear_capacity_gap_not_full_tfe,,universal_nonlinear_capacity_nonfinal_component_diagonal_value_fit,all_case_h_nonlinear_capacity_oracle_fit,source_active_plus_second_diff_source_rows_perp_along_source_active,source and active rows plus source-row second differential along source/active rows,"0,1",6,24,8,16,24,16,544,70,1.1390110183873703e+03,1.0000000000000001e-05,32,True,False,False,8,132,24,28,4,8.6529331986109753e+02,3.7137778489504708e-01,3.6492988180991714e-01,2.5788980586896698e-01,2.5819888974716110e-01,7.0753013830106259e-01,9.9213015521196113e-01,2.5819888974716110e-01,6.9524592005450514e-01,9.9023103246073607e-01,4.2318958458109143e-15,4.0313416495214741e-19,True,True,True,False,True,True,False,False,False,False,False,The tested non-final second-differential source features do not reproduce the local correction.,derive higher-order or nonlocal non-final source features for the coefficient-gradient law,"This is a finite-difference capacity audit. It perturbs the existing source-free lower-pair row Jacobian along non-final active/source row directions, then projects the local oracle correction onto those second-differential feature rows. It is not a formula and not a trajectory h-sweep."
cylindrical_sharp,0.04,case_local_nonlinear_capacity_value_full_nonfinal,paper_tfe_lower_pair_velocity_compression_nonlinear_capacity_gap_not_full_tfe,,case_local_nonlinear_capacity_nonfinal_full_component_value_fit,case_local_nonlinear_capacity_oracle_fit,second_diff_source_rows_perp_along_active_velocity,source-row second differential along active non-final velocity rows,"0,1",1,24,8,16,24,16,256,46,1.2118291433109796e+04,1.0000000000000001e-05,16,True,False,False,8,132,24,28,4,8.6529322206006248e+02,3.7137778489504708e-01,3.6458407252842701e-01,2.5740023169132270e-01,2.5819888974716110e-01,7.0820123313815098e-01,9.9213015521316472e-01,2.5819888974716110e-01,6.9524592005450514e-01,9.9023103246073607e-01,1.0589432086681815e-12,1.5997975634355494e-33,True,True,True,False,True,True,False,False,False,False,False,The tested non-final second-differential source features do not reproduce the local correction.,derive higher-order or nonlocal non-final source features for the coefficient-gradient law,"This is a finite-difference capacity audit. It perturbs the existing source-free lower-pair row Jacobian along non-final active/source row directions, then projects the local oracle correction onto those second-differential feature rows. It is not a formula and not a trajectory h-sweep."
cylindrical_sharp,0.04,case_local_nonlinear_capacity_value_full_nonfinal,paper_tfe_lower_pair_velocity_compression_nonlinear_capacity_gap_not_full_tfe,,case_local_nonlinear_capacity_nonfinal_full_component_value_fit,case_local_nonlinear_capacity_oracle_fit,active_plus_second_diff_source_rows_perp,active non-final velocity plus source-row second differential,"0,1",1,24,8,16,24,16,272,54,1.2466855682410300e+04,1.0000000000000001e-05,16,True,False,False,8,132,24,28,4,8.6529322206003235e+02,3.7137778489504708e-01,3.6458407252842701e-01,2.5740023169132270e-01,2.5819888974716110e-01,7.0820123313815098e-01,9.9213015521316472e-01,2.5819888974716110e-01,6.9524592005450514e-01,9.9023103246073607e-01,7.1568924529846274e-15,1.5997975634355494e-33,True,True,True,False,True,True,False,False,False,False,False,The tested non-final second-differential source features do not reproduce the local correction.,derive higher-order or nonlocal non-final source features for the coefficient-gradient law,"This is a finite-difference capacity audit. It perturbs the existing source-free lower-pair row Jacobian along non-final active/source row directions, then projects the local oracle correction onto those second-differential feature rows. It is not a formula and not a trajectory h-sweep."
cylindrical_sharp,0.04,case_local_nonlinear_capacity_value_full_nonfinal,paper_tfe_lower_pair_velocity_compression_nonlinear_capacity_gap_not_full_tfe,,case_local_nonlinear_capacity_nonfinal_full_component_value_fit,case_local_nonlinear_capacity_oracle_fit,source_active_plus_second_diff_source_rows_raw,source consistency and active rows plus raw source-row second differential,"0,1",1,24,8,16,24,16,288,70,1.1010211618179450e+05,1.0000000000000001e-05,16,True,False,False,8,132,24,28,4,8.6529322206005475e+02,3.7137778489504708e-01,3.6458407252842701e-01,2.5740023169132198e-01,2.5819888974716110e-01,7.0820123313815098e-01,9.9213015521316472e-01,2.5819888974716110e-01,6.9524592005450514e-01,9.9023103246073607e-01,7.4192043566123169e-15,1.5997975634355494e-33,True,True,True,False,True,True,False,False,False,False,False,The tested non-final second-differential source features do not reproduce the local correction.,derive higher-order or nonlocal non-final source features for the coefficient-gradient law,"This is a finite-difference capacity audit. It perturbs the existing source-free lower-pair row Jacobian along non-final active/source row directions, then projects the local oracle correction onto those second-differential feature rows. It is not a formula and not a trajectory h-sweep."
cylindrical_sharp,0.04,case_local_nonlinear_capacity_value_full_nonfinal,paper_tfe_lower_pair_velocity_compression_nonlinear_capacity_gap_not_full_tfe,,case_local_nonlinear_capacity_nonfinal_full_component_value_fit,case_local_nonlinear_capacity_oracle_fit,second_diff_all_rows_perp_along_active_velocity,all source-free lower-pair row second differential along active non-final velocity rows,"0,1",1,24,8,16,24,16,384,46,1.1201100610842770e+04,1.0000000000000001e-05,16,True,True,False,8,132,24,28,4,8.6529322206012830e+02,3.7137778489504708e-01,3.6458407252842701e-01,2.5740023169132292e-01,2.5819888974716110e-01,7.0820123313815098e-01,9.9213015521316472e-01,2.5819888974716110e-01,6.9524592005450514e-01,9.9023103246073607e-01,1.0592722781067487e-12,1.5997975634355494e-33,True,True,True,False,True,True,False,False,False,False,False,The tested non-final second-differential source features do not reproduce the local correction.,derive higher-order or nonlocal non-final source features for the coefficient-gradient law,"This is a finite-difference capacity audit. It perturbs the existing source-free lower-pair row Jacobian along non-final active/source row directions, then projects the local oracle correction onto those second-differential feature rows. It is not a formula and not a trajectory h-sweep."
cylindrical_sharp,0.04,case_local_nonlinear_capacity_value_full_nonfinal,paper_tfe_lower_pair_velocity_compression_nonlinear_capacity_gap_not_full_tfe,,case_local_nonlinear_capacity_nonfinal_full_component_value_fit,case_local_nonlinear_capacity_oracle_fit,second_diff_source_rows_perp_along_source_rows,source-row second differential along source-consistency rows,"0,1",1,24,8,16,24,16,256,46,9.8467714135485730e+03,1.0000000000000001e-05,16,True,False,False,8,132,24,28,4,8.6529322206001439e+02,3.7137778489504708e-01,3.6458407252842701e-01,2.5740023169132337e-01,2.5819888974716110e-01,7.0820123313815098e-01,9.9213015521316472e-01,2.5819888974716110e-01,6.9524592005450514e-01,9.9023103246073607e-01,1.0585769190128376e-12,1.5997975634355494e-33,True,True,True,False,True,True,False,False,False,False,False,The tested non-final second-differential source features do not reproduce the local correction.,derive higher-order or nonlocal non-final source features for the coefficient-gradient law,"This is a finite-difference capacity audit. It perturbs the existing source-free lower-pair row Jacobian along non-final active/source row directions, then projects the local oracle correction onto those second-differential feature rows. It is not a formula and not a trajectory h-sweep."
cylindrical_sharp,0.04,case_local_nonlinear_capacity_value_full_nonfinal,paper_tfe_lower_pair_velocity_compression_nonlinear_capacity_gap_not_full_tfe,,case_local_nonlinear_capacity_nonfinal_full_component_value_fit,case_local_nonlinear_capacity_oracle_fit,source_active_plus_second_diff_source_rows_perp_along_source_active,source and active rows plus source-row second differential along source/active rows,"0,1",1,24,8,16,24,16,544,70,1.1390110183873703e+03,1.0000000000000001e-05,32,True,False,False,8,132,24,28,4,8.6529322206006543e+02,3.7137778489504708e-01,3.6458407252842701e-01,2.5740023169132242e-01,2.5819888974716110e-01,7.0820123313815098e-01,9.9213015521316472e-01,2.5819888974716110e-01,6.9524592005450514e-01,9.9023103246073607e-01,3.4482790592249657e-15,1.5997975634355494e-33,True,True,True,False,True,True,False,False,False,False,False,The tested non-final second-differential source features do not reproduce the local correction.,derive higher-order or nonlocal non-final source features for the coefficient-gradient law,"This is a finite-difference capacity audit. It perturbs the existing source-free lower-pair row Jacobian along non-final active/source row directions, then projects the local oracle correction onto those second-differential feature rows. It is not a formula and not a trajectory h-sweep."
cylindrical_sharp,0.04,universal_nonlinear_capacity_value_full_nonfinal,paper_tfe_lower_pair_velocity_compression_nonlinear_capacity_gap_not_full_tfe,,universal_nonlinear_capacity_nonfinal_full_component_value_fit,all_case_h_nonlinear_capacity_oracle_fit,second_diff_source_rows_perp_along_active_velocity,source-row second differential along active non-final velocity rows,"0,1",6,24,8,16,24,16,256,46,1.2118291433109796e+04,1.0000000000000001e-05,16,True,False,False,8,132,24,31,7,8.6529305624093399e+02,3.7137778489504708e-01,3.6458406683330119e-01,2.5740022197361245e-01,2.5819889139313540e-01,7.0820124871554435e-01,9.9213008045911988e-01,2.5819889139311425e-01,6.9524592448652345e-01,9.9023104541669038e-01,1.5438572292396863e-06,2.1732456171071242e-28,True,True,True,False,True,True,False,False,False,False,False,The tested non-final second-differential source features do not reproduce the local correction.,derive higher-order or nonlocal non-final source features for the coefficient-gradient law,"This is a finite-difference capacity audit. It perturbs the existing source-free lower-pair row Jacobian along non-final active/source row directions, then projects the local oracle correction onto those second-differential feature rows. It is not a formula and not a trajectory h-sweep."
cylindrical_sharp,0.04,universal_nonlinear_capacity_value_full_nonfinal,paper_tfe_lower_pair_velocity_compression_nonlinear_capacity_gap_not_full_tfe,,universal_nonlinear_capacity_nonfinal_full_component_value_fit,all_case_h_nonlinear_capacity_oracle_fit,active_plus_second_diff_source_rows_perp,active non-final velocity plus source-row second differential,"0,1",6,24,8,16,24,16,272,54,1.2466855682410300e+04,1.0000000000000001e-05,16,True,False,False,8,132,24,28,4,8.6529322206120878e+02,3.7137778489504708e-01,3.6458406683330119e-01,2.5740022362469406e-01,2.5819888974716110e-01,7.0820124420088115e-01,9.9213006747815169e-01,2.5819888974716110e-01,6.9524592005450514e-01,9.9023103246073607e-01,7.4736359466121379e-15,2.1732456171071242e-28,True,True,True,False,True,True,False,False,False,False,False,The tested non-final second-differential source features do not reproduce the local correction.,derive higher-order or nonlocal non-final source features for the coefficient-gradient law,"This is a finite-difference capacity audit. It perturbs the existing source-free lower-pair row Jacobian along non-final active/source row directions, then projects the local oracle correction onto those second-differential feature rows. It is not a formula and not a trajectory h-sweep."
cylindrical_sharp,0.04,universal_nonlinear_capacity_value_full_nonfinal,paper_tfe_lower_pair_velocity_compression_nonlinear_capacity_gap_not_full_tfe,,universal_nonlinear_capacity_nonfinal_full_component_value_fit,all_case_h_nonlinear_capacity_oracle_fit,source_active_plus_second_diff_source_rows_raw,source consistency and active rows plus raw source-row second differential,"0,1",6,24,8,16,24,16,288,70,1.1010211618179450e+05,1.0000000000000001e-05,16,True,False,False,8,132,24,28,4,8.6529322206122856e+02,3.7137778489504708e-01,3.6458406683330119e-01,2.5740022362469323e-01,2.5819888974716110e-01,7.0820124420088115e-01,9.9213006747815169e-01,2.5819888974716110e-01,6.9524592005450514e-01,9.9023103246073607e-01,6.5633025089018689e-15,2.1732456171071242e-28,True,True,True,False,True,True,False,False,False,False,False,The tested non-final second-differential source features do not reproduce the local correction.,derive higher-order or nonlocal non-final source features for the coefficient-gradient law,"This is a finite-difference capacity audit. It perturbs the existing source-free lower-pair row Jacobian along non-final active/source row directions, then projects the local oracle correction onto those second-differential feature rows. It is not a formula and not a trajectory h-sweep."
cylindrical_sharp,0.04,universal_nonlinear_capacity_value_full_nonfinal,paper_tfe_lower_pair_velocity_compression_nonlinear_capacity_gap_not_full_tfe,,universal_nonlinear_capacity_nonfinal_full_component_value_fit,all_case_h_nonlinear_capacity_oracle_fit,second_diff_all_rows_perp_along_active_velocity,all source-free lower-pair row second differential along active non-final velocity rows,"0,1",6,24,8,16,24,16,384,46,1.1201100610842770e+04,1.0000000000000001e-05,16,True,True,False,8,132,24,31,7,8.6529305624090614e+02,3.7137778489504708e-01,3.6458406683330119e-01,2.5740022197361240e-01,2.5819889139313540e-01,7.0820124871554435e-01,9.9213008045911988e-01,2.5819889139311425e-01,6.9524592448652345e-01,9.9023104541669038e-01,1.5438572292396060e-06,2.1732456171071242e-28,True,True,True,False,True,True,False,False,False,False,False,The tested non-final second-differential source features do not reproduce the local correction.,derive higher-order or nonlocal non-final source features for the coefficient-gradient law,"This is a finite-difference capacity audit. It perturbs the existing source-free lower-pair row Jacobian along non-final active/source row directions, then projects the local oracle correction onto those second-differential feature rows. It is not a formula and not a trajectory h-sweep."
cylindrical_sharp,0.04,universal_nonlinear_capacity_value_full_nonfinal,paper_tfe_lower_pair_velocity_compression_nonlinear_capacity_gap_not_full_tfe,,universal_nonlinear_capacity_nonfinal_full_component_value_fit,all_case_h_nonlinear_capacity_oracle_fit,second_diff_source_rows_perp_along_source_rows,source-row second differential along source-consistency rows,"0,1",6,24,8,16,24,16,256,46,9.8467714135485730e+03,1.0000000000000001e-05,16,True,False,False,8,132,24,31,7,8.6529305624096833e+02,3.7137778489504708e-01,3.6458406683330119e-01,2.5740022197361262e-01,2.5819889139313540e-01,7.0820124871554435e-01,9.9213008045911988e-01,2.5819889139311425e-01,6.9524592448652345e-01,9.9023104541669038e-01,1.5438572292342640e-06,2.1732456171071242e-28,True,True,True,False,True,True,False,False,False,False,False,The tested non-final second-differential source features do not reproduce the local correction.,derive higher-order or nonlocal non-final source features for the coefficient-gradient law,"This is a finite-difference capacity audit. It perturbs the existing source-free lower-pair row Jacobian along non-final active/source row directions, then projects the local oracle correction onto those second-differential feature rows. It is not a formula and not a trajectory h-sweep."
cylindrical_sharp,0.04,universal_nonlinear_capacity_value_full_nonfinal,paper_tfe_lower_pair_velocity_compression_nonlinear_capacity_gap_not_full_tfe,,universal_nonlinear_capacity_nonfinal_full_component_value_fit,all_case_h_nonlinear_capacity_oracle_fit,source_active_plus_second_diff_source_rows_perp_along_source_active,source and active rows plus source-row second differential along source/active rows,"0,1",6,24,8,16,24,16,544,70,1.1390110183873703e+03,1.0000000000000001e-05,32,True,False,False,8,132,24,28,4,8.6529322206124414e+02,3.7137778489504708e-01,3.6458406683330119e-01,2.5740022362469311e-01,2.5819888974716110e-01,7.0820124420088115e-01,9.9213006747815169e-01,2.5819888974716110e-01,6.9524592005450514e-01,9.9023103246073607e-01,2.6401597522973451e-15,2.1732456171071242e-28,True,True,True,False,True,True,False,False,False,False,False,The tested non-final second-differential source features do not reproduce the local correction.,derive higher-order or nonlocal non-final source features for the coefficient-gradient law,"This is a finite-difference capacity audit. It perturbs the existing source-free lower-pair row Jacobian along non-final active/source row directions, then projects the local oracle correction onto those second-differential feature rows. It is not a formula and not a trajectory h-sweep."
cylindrical_sharp,0.02,case_local_nonlinear_capacity_value_scalar_nonfinal,paper_tfe_lower_pair_velocity_compression_nonlinear_capacity_gap_not_full_tfe,,case_local_nonlinear_capacity_nonfinal_stage_scalar_value_fit,case_local_nonlinear_capacity_oracle_fit,second_diff_source_rows_perp_along_active_velocity,source-row second differential along active non-final velocity rows,"0,1",1,24,8,16,24,16,256,46,5.9946609700261717e+04,1.0000000000000001e-05,16,True,False,False,8,132,24,28,4,2.0617121907531327e+03,2.6043562229773637e-01,2.5970145206752637e-01,1.8469301793148074e-01,1.8257418583508347e-01,7.0301565271037214e-01,9.9256381751308731e-01,1.8257418583508347e-01,7.0103384561717219e-01,9.9228287537058335e-01,2.3684792182443748e-14,3.1541822023455162e-18,True,True,True,False,True,True,False,False,False,False,False,The tested non-final second-differential source features do not reproduce the local correction.,derive higher-order or nonlocal non-final source features for the coefficient-gradient law,"This is a finite-difference capacity audit. It perturbs the existing source-free lower-pair row Jacobian along non-final active/source row directions, then projects the local oracle correction onto those second-differential feature rows. It is not a formula and not a trajectory h-sweep."
cylindrical_sharp,0.02,case_local_nonlinear_capacity_value_scalar_nonfinal,paper_tfe_lower_pair_velocity_compression_nonlinear_capacity_gap_not_full_tfe,,case_local_nonlinear_capacity_nonfinal_stage_scalar_value_fit,case_local_nonlinear_capacity_oracle_fit,active_plus_second_diff_source_rows_perp,active non-final velocity plus source-row second differential,"0,1",1,24,8,16,24,16,272,54,6.0978812304189269e+04,1.0000000000000001e-05,16,True,False,False,8,132,24,28,4,2.0617121930953826e+03,2.6043562229773637e-01,2.5970145206752637e-01,1.8469301793150830e-01,1.8257418583505539e-01,7.0301565271026401e-01,9.9256381751293465e-01,1.8257418583505539e-01,7.0103384561706428e-01,9.9228287537043081e-01,5.4860056108896999e-14,3.1541822023455162e-18,True,True,True,False,True,True,False,False,False,False,False,The tested non-final second-differential source features do not reproduce the local correction.,derive higher-order or nonlocal non-final source features for the coefficient-gradient law,"This is a finite-difference capacity audit. It perturbs the existing source-free lower-pair row Jacobian along non-final active/source row directions, then projects the local oracle correction onto those second-differential feature rows. It is not a formula and not a trajectory h-sweep."
cylindrical_sharp,0.02,case_local_nonlinear_capacity_value_scalar_nonfinal,paper_tfe_lower_pair_velocity_compression_nonlinear_capacity_gap_not_full_tfe,,case_local_nonlinear_capacity_nonfinal_stage_scalar_value_fit,case_local_nonlinear_capacity_oracle_fit,source_active_plus_second_diff_source_rows_raw,source consistency and active rows plus raw source-row second differential,"0,1",1,24,8,16,24,16,288,70,5.3856734544331045e+05,1.0000000000000001e-05,16,True,False,False,8,132,24,28,4,2.0617121930951466e+03,2.6043562229773637e-01,2.5970145206752637e-01,1.8469301793150320e-01,1.8257418583505539e-01,7.0301565271026401e-01,9.9256381751293465e-01,1.8257418583505539e-01,7.0103384561706428e-01,9.9228287537043081e-01,3.8865497549901753e-14,3.1541822023455162e-18,True,True,True,False,True,True,False,False,False,False,False,The tested non-final second-differential source features do not reproduce the local correction.,derive higher-order or nonlocal non-final source features for the coefficient-gradient law,"This is a finite-difference capacity audit. It perturbs the existing source-free lower-pair row Jacobian along non-final active/source row directions, then projects the local oracle correction onto those second-differential feature rows. It is not a formula and not a trajectory h-sweep."
cylindrical_sharp,0.02,case_local_nonlinear_capacity_value_scalar_nonfinal,paper_tfe_lower_pair_velocity_compression_nonlinear_capacity_gap_not_full_tfe,,case_local_nonlinear_capacity_nonfinal_stage_scalar_value_fit,case_local_nonlinear_capacity_oracle_fit,second_diff_all_rows_perp_along_active_velocity,all source-free lower-pair row second differential along active non-final velocity rows,"0,1",1,24,8,16,24,16,384,46,4.6301036308011579e+04,1.0000000000000001e-05,16,True,True,False,8,132,24,28,4,2.0617121907552851e+03,2.6043562229773637e-01,2.5970145206752637e-01,1.8469301793148041e-01,1.8257418583508347e-01,7.0301565271037214e-01,9.9256381751308731e-01,1.8257418583508347e-01,7.0103384561717219e-01,9.9228287537058335e-01,1.9266485852578354e-14,3.1541822023455162e-18,True,True,True,False,True,True,False,False,False,False,False,The tested non-final second-differential source features do not reproduce the local correction.,derive higher-order or nonlocal non-final source features for the coefficient-gradient law,"This is a finite-difference capacity audit. It perturbs the existing source-free lower-pair row Jacobian along non-final active/source row directions, then projects the local oracle correction onto those second-differential feature rows. It is not a formula and not a trajectory h-sweep."
cylindrical_sharp,0.02,case_local_nonlinear_capacity_value_scalar_nonfinal,paper_tfe_lower_pair_velocity_compression_nonlinear_capacity_gap_not_full_tfe,,case_local_nonlinear_capacity_nonfinal_stage_scalar_value_fit,case_local_nonlinear_capacity_oracle_fit,second_diff_source_rows_perp_along_source_rows,source-row second differential along source-consistency rows,"0,1",1,24,8,16,24,16,256,46,7.4850797417609483e+03,1.0000000000000001e-05,16,True,False,False,8,132,24,28,4,2.0617121907544110e+03,2.6043562229773637e-01,2.5970145206752637e-01,1.8469301793148066e-01,1.8257418583508347e-01,7.0301565271037214e-01,9.9256381751308731e-01,1.8257418583508347e-01,7.0103384561717219e-01,9.9228287537058335e-01,8.4292732811110617e-15,3.1541822023455162e-18,True,True,True,False,True,True,False,False,False,False,False,The tested non-final second-differential source features do not reproduce the local correction.,derive higher-order or nonlocal non-final source features for the coefficient-gradient law,"This is a finite-difference capacity audit. It perturbs the existing source-free lower-pair row Jacobian along non-final active/source row directions, then projects the local oracle correction onto those second-differential feature rows. It is not a formula and not a trajectory h-sweep."
cylindrical_sharp,0.02,case_local_nonlinear_capacity_value_scalar_nonfinal,paper_tfe_lower_pair_velocity_compression_nonlinear_capacity_gap_not_full_tfe,,case_local_nonlinear_capacity_nonfinal_stage_scalar_value_fit,case_local_nonlinear_capacity_oracle_fit,source_active_plus_second_diff_source_rows_perp_along_source_active,source and active rows plus source-row second differential along source/active rows,"0,1",1,24,8,16,24,16,544,70,3.0848908715221705e+03,1.0000000000000001e-05,32,True,False,False,8,132,24,28,4,2.0617121930949643e+03,2.6043562229773637e-01,2.5970145206752637e-01,1.8469301793150805e-01,1.8257418583505539e-01,7.0301565271026401e-01,9.9256381751293465e-01,1.8257418583505539e-01,7.0103384561706428e-01,9.9228287537043081e-01,5.8242084062476075e-15,3.1541822023455162e-18,True,True,True,False,True,True,False,False,False,False,False,The tested non-final second-differential source features do not reproduce the local correction.,derive higher-order or nonlocal non-final source features for the coefficient-gradient law,"This is a finite-difference capacity audit. It perturbs the existing source-free lower-pair row Jacobian along non-final active/source row directions, then projects the local oracle correction onto those second-differential feature rows. It is not a formula and not a trajectory h-sweep."
cylindrical_sharp,0.02,universal_nonlinear_capacity_value_scalar_nonfinal,paper_tfe_lower_pair_velocity_compression_nonlinear_capacity_gap_not_full_tfe,,universal_nonlinear_capacity_nonfinal_stage_scalar_value_fit,all_case_h_nonlinear_capacity_oracle_fit,second_diff_source_rows_perp_along_active_velocity,source-row second differential along active non-final velocity rows,"0,1",6,24,8,16,24,16,256,46,5.9946609700261717e+04,1.0000000000000001e-05,16,True,False,False,8,132,24,28,4,2.0617121930962157e+03,2.6043562229773637e-01,2.5970145217160140e-01,1.8469301807785080e-01,1.8257418583505539e-01,7.0301565242853137e-01,9.9256381747283129e-01,1.8257418583505539e-01,7.0103384561706428e-01,9.9228287537043081e-01,1.8196036483355358e-14,3.3521064770341994e-18,True,True,True,False,True,True,False,False,False,False,False,The tested non-final second-differential source features do not reproduce the local correction.,derive higher-order or nonlocal non-final source features for the coefficient-gradient law,"This is a finite-difference capacity audit. It perturbs the existing source-free lower-pair row Jacobian along non-final active/source row directions, then projects the local oracle correction onto those second-differential feature rows. It is not a formula and not a trajectory h-sweep."
cylindrical_sharp,0.02,universal_nonlinear_capacity_value_scalar_nonfinal,paper_tfe_lower_pair_velocity_compression_nonlinear_capacity_gap_not_full_tfe,,universal_nonlinear_capacity_nonfinal_stage_scalar_value_fit,all_case_h_nonlinear_capacity_oracle_fit,active_plus_second_diff_source_rows_perp,active non-final velocity plus source-row second differential,"0,1",6,24,8,16,24,16,272,54,6.0978812304189269e+04,1.0000000000000001e-05,16,True,False,False,8,132,24,28,4,2.0617121930962253e+03,2.6043562229773637e-01,2.5970145217160140e-01,1.8469301807785088e-01,1.8257418583505539e-01,7.0301565242853137e-01,9.9256381747283129e-01,1.8257418583505539e-01,7.0103384561706428e-01,9.9228287537043081e-01,3.8967005407174197e-14,3.3521064770341994e-18,True,True,True,False,True,True,False,False,False,False,False,The tested non-final second-differential source features do not reproduce the local correction.,derive higher-order or nonlocal non-final source features for the coefficient-gradient law,"This is a finite-difference capacity audit. It perturbs the existing source-free lower-pair row Jacobian along non-final active/source row directions, then projects the local oracle correction onto those second-differential feature rows. It is not a formula and not a trajectory h-sweep."
cylindrical_sharp,0.02,universal_nonlinear_capacity_value_scalar_nonfinal,paper_tfe_lower_pair_velocity_compression_nonlinear_capacity_gap_not_full_tfe,,universal_nonlinear_capacity_nonfinal_stage_scalar_value_fit,all_case_h_nonlinear_capacity_oracle_fit,source_active_plus_second_diff_source_rows_raw,source consistency and active rows plus raw source-row second differential,"0,1",6,24,8,16,24,16,288,70,5.3856734544331045e+05,1.0000000000000001e-05,16,True,False,False,8,132,24,28,4,2.0617121930953631e+03,2.6043562229773637e-01,2.5970145217160140e-01,1.8469301807784555e-01,1.8257418583505539e-01,7.0301565242853137e-01,9.9256381747283129e-01,1.8257418583505539e-01,7.0103384561706428e-01,9.9228287537043081e-01,3.8215287875069591e-14,3.3521064770341994e-18,True,True,True,False,True,True,False,False,False,False,False,The tested non-final second-differential source features do not reproduce the local correction.,derive higher-order or nonlocal non-final source features for the coefficient-gradient law,"This is a finite-difference capacity audit. It perturbs the existing source-free lower-pair row Jacobian along non-final active/source row directions, then projects the local oracle correction onto those second-differential feature rows. It is not a formula and not a trajectory h-sweep."
cylindrical_sharp,0.02,universal_nonlinear_capacity_value_scalar_nonfinal,paper_tfe_lower_pair_velocity_compression_nonlinear_capacity_gap_not_full_tfe,,universal_nonlinear_capacity_nonfinal_stage_scalar_value_fit,all_case_h_nonlinear_capacity_oracle_fit,second_diff_all_rows_perp_along_active_velocity,all source-free lower-pair row second differential along active non-final velocity rows,"0,1",6,24,8,16,24,16,384,46,4.6301036308011579e+04,1.0000000000000001e-05,16,True,True,False,8,132,24,28,4,2.0617121930942567e+03,2.6043562229773637e-01,2.5970145217160140e-01,1.8469301807785030e-01,1.8257418583505539e-01,7.0301565242853137e-01,9.9256381747283129e-01,1.8257418583505539e-01,7.0103384561706428e-01,9.9228287537043081e-01,2.6474466274779656e-14,3.3521064770341994e-18,True,True,True,False,True,True,False,False,False,False,False,The tested non-final second-differential source features do not reproduce the local correction.,derive higher-order or nonlocal non-final source features for the coefficient-gradient law,"This is a finite-difference capacity audit. It perturbs the existing source-free lower-pair row Jacobian along non-final active/source row directions, then projects the local oracle correction onto those second-differential feature rows. It is not a formula and not a trajectory h-sweep."
cylindrical_sharp,0.02,universal_nonlinear_capacity_value_scalar_nonfinal,paper_tfe_lower_pair_velocity_compression_nonlinear_capacity_gap_not_full_tfe,,universal_nonlinear_capacity_nonfinal_stage_scalar_value_fit,all_case_h_nonlinear_capacity_oracle_fit,second_diff_source_rows_perp_along_source_rows,source-row second differential along source-consistency rows,"0,1",6,24,8,16,24,16,256,46,7.4850797417609483e+03,1.0000000000000001e-05,16,True,False,False,8,132,24,28,4,2.0617121930958060e+03,2.6043562229773637e-01,2.5970145217160140e-01,1.8469301807785035e-01,1.8257418583505539e-01,7.0301565242853137e-01,9.9256381747283129e-01,1.8257418583505539e-01,7.0103384561706428e-01,9.9228287537043081e-01,9.3014305327599388e-15,3.3521064770341994e-18,True,True,True,False,True,True,False,False,False,False,False,The tested non-final second-differential source features do not reproduce the local correction.,derive higher-order or nonlocal non-final source features for the coefficient-gradient law,"This is a finite-difference capacity audit. It perturbs the existing source-free lower-pair row Jacobian along non-final active/source row directions, then projects the local oracle correction onto those second-differential feature rows. It is not a formula and not a trajectory h-sweep."
cylindrical_sharp,0.02,universal_nonlinear_capacity_value_scalar_nonfinal,paper_tfe_lower_pair_velocity_compression_nonlinear_capacity_gap_not_full_tfe,,universal_nonlinear_capacity_nonfinal_stage_scalar_value_fit,all_case_h_nonlinear_capacity_oracle_fit,source_active_plus_second_diff_source_rows_perp_along_source_active,source and active rows plus source-row second differential along source/active rows,"0,1",6,24,8,16,24,16,544,70,3.0848908715221705e+03,1.0000000000000001e-05,32,True,False,False,8,132,24,28,4,2.0617121930952758e+03,2.6043562229773637e-01,2.5970145217160140e-01,1.8469301807785066e-01,1.8257418583505539e-01,7.0301565242853137e-01,9.9256381747283129e-01,1.8257418583505539e-01,7.0103384561706428e-01,9.9228287537043081e-01,5.4357064858314491e-15,3.3521064770341994e-18,True,True,True,False,True,True,False,False,False,False,False,The tested non-final second-differential source features do not reproduce the local correction.,derive higher-order or nonlocal non-final source features for the coefficient-gradient law,"This is a finite-difference capacity audit. It perturbs the existing source-free lower-pair row Jacobian along non-final active/source row directions, then projects the local oracle correction onto those second-differential feature rows. It is not a formula and not a trajectory h-sweep."
cylindrical_sharp,0.02,case_local_nonlinear_capacity_value_component_nonfinal,paper_tfe_lower_pair_velocity_compression_nonlinear_capacity_gap_not_full_tfe,,case_local_nonlinear_capacity_nonfinal_component_diagonal_value_fit,case_local_nonlinear_capacity_oracle_fit,second_diff_source_rows_perp_along_active_velocity,source-row second differential along active non-final velocity rows,"0,1",1,24,8,16,24,16,256,46,5.9946609700261717e+04,1.0000000000000001e-05,16,True,False,False,8,132,24,28,4,2.0617122375470758e+03,2.6043562229773637e-01,2.5992975651812394e-01,1.8501390485646682e-01,1.8257418583505597e-01,7.0239817203201105e-01,9.9256381747481692e-01,1.8257418583505597e-01,7.0103384561706650e-01,9.9228287537043081e-01,2.1196397914236266e-14,5.7878120260073902e-34,True,True,True,False,True,True,False,False,False,False,False,The tested non-final second-differential source features do not reproduce the local correction.,derive higher-order or nonlocal non-final source features for the coefficient-gradient law,"This is a finite-difference capacity audit. It perturbs the existing source-free lower-pair row Jacobian along non-final active/source row directions, then projects the local oracle correction onto those second-differential feature rows. It is not a formula and not a trajectory h-sweep."
cylindrical_sharp,0.02,case_local_nonlinear_capacity_value_component_nonfinal,paper_tfe_lower_pair_velocity_compression_nonlinear_capacity_gap_not_full_tfe,,case_local_nonlinear_capacity_nonfinal_component_diagonal_value_fit,case_local_nonlinear_capacity_oracle_fit,active_plus_second_diff_source_rows_perp,active non-final velocity plus source-row second differential,"0,1",1,24,8,16,24,16,272,54,6.0978812304189269e+04,1.0000000000000001e-05,16,True,False,False,8,132,24,28,4,2.0617122375905524e+03,2.6043562229773637e-01,2.5992975651812394e-01,1.8501390485646799e-01,1.8257418583505539e-01,7.0239817203200883e-01,9.9256381747481692e-01,1.8257418583505539e-01,7.0103384561706428e-01,9.9228287537043081e-01,5.1749792026956904e-14,5.7878120260073902e-34,True,True,True,False,True,True,False,False,False,False,False,The tested non-final second-differential source features do not reproduce the local correction.,derive higher-order or nonlocal non-final source features for the coefficient-gradient law,"This is a finite-difference capacity audit. It perturbs the existing source-free lower-pair row Jacobian along non-final active/source row directions, then projects the local oracle correction onto those second-differential feature rows. It is not a formula and not a trajectory h-sweep."
cylindrical_sharp,0.02,case_local_nonlinear_capacity_value_component_nonfinal,paper_tfe_lower_pair_velocity_compression_nonlinear_capacity_gap_not_full_tfe,,case_local_nonlinear_capacity_nonfinal_component_diagonal_value_fit,case_local_nonlinear_capacity_oracle_fit,source_active_plus_second_diff_source_rows_raw,source consistency and active rows plus raw source-row second differential,"0,1",1,24,8,16,24,16,288,70,5.3856734544331045e+05,1.0000000000000001e-05,16,True,False,False,8,132,24,28,4,2.0617122375892532e+03,2.6043562229773637e-01,2.5992975651812394e-01,1.8501390485646213e-01,1.8257418583505539e-01,7.0239817203200883e-01,9.9256381747481692e-01,1.8257418583505539e-01,7.0103384561706428e-01,9.9228287537043081e-01,4.7953520086400809e-14,5.7878120260073902e-34,True,True,True,False,True,True,False,False,False,False,False,The tested non-final second-differential source features do not reproduce the local correction.,derive higher-order or nonlocal non-final source features for the coefficient-gradient law,"This is a finite-difference capacity audit. It perturbs the existing source-free lower-pair row Jacobian along non-final active/source row directions, then projects the local oracle correction onto those second-differential feature rows. It is not a formula and not a trajectory h-sweep."
cylindrical_sharp,0.02,case_local_nonlinear_capacity_value_component_nonfinal,paper_tfe_lower_pair_velocity_compression_nonlinear_capacity_gap_not_full_tfe,,case_local_nonlinear_capacity_nonfinal_component_diagonal_value_fit,case_local_nonlinear_capacity_oracle_fit,second_diff_all_rows_perp_along_active_velocity,all source-free lower-pair row second differential along active non-final velocity rows,"0,1",1,24,8,16,24,16,384,46,4.6301036308011579e+04,1.0000000000000001e-05,16,True,True,False,8,132,24,28,4,2.0617122375481872e+03,2.6043562229773637e-01,2.5992975651812394e-01,1.8501390485646663e-01,1.8257418583505597e-01,7.0239817203201105e-01,9.9256381747481692e-01,1.8257418583505597e-01,7.0103384561706650e-01,9.9228287537043081e-01,1.8169525072314176e-14,5.7878120260073902e-34,True,True,True,False,True,True,False,False,False,False,False,The tested non-final second-differential source features do not reproduce the local correction.,derive higher-order or nonlocal non-final source features for the coefficient-gradient law,"This is a finite-difference capacity audit. It perturbs the existing source-free lower-pair row Jacobian along non-final active/source row directions, then projects the local oracle correction onto those second-differential feature rows. It is not a formula and not a trajectory h-sweep."
cylindrical_sharp,0.02,case_local_nonlinear_capacity_value_component_nonfinal,paper_tfe_lower_pair_velocity_compression_nonlinear_capacity_gap_not_full_tfe,,case_local_nonlinear_capacity_nonfinal_component_diagonal_value_fit,case_local_nonlinear_capacity_oracle_fit,second_diff_source_rows_perp_along_source_rows,source-row second differential along source-consistency rows,"0,1",1,24,8,16,24,16,256,46,7.4850797417609483e+03,1.0000000000000001e-05,16,True,False,False,8,132,24,28,4,2.0617122375472845e+03,2.6043562229773637e-01,2.5992975651812394e-01,1.8501390485646674e-01,1.8257418583505597e-01,7.0239817203201105e-01,9.9256381747481692e-01,1.8257418583505597e-01,7.0103384561706650e-01,9.9228287537043081e-01,1.2795403083553828e-14,5.7878120260073902e-34,True,True,True,False,True,True,False,False,False,False,False,The tested non-final second-differential source features do not reproduce the local correction.,derive higher-order or nonlocal non-final source features for the coefficient-gradient law,"This is a finite-difference capacity audit. It perturbs the existing source-free lower-pair row Jacobian along non-final active/source row directions, then projects the local oracle correction onto those second-differential feature rows. It is not a formula and not a trajectory h-sweep."
cylindrical_sharp,0.02,case_local_nonlinear_capacity_value_component_nonfinal,paper_tfe_lower_pair_velocity_compression_nonlinear_capacity_gap_not_full_tfe,,case_local_nonlinear_capacity_nonfinal_component_diagonal_value_fit,case_local_nonlinear_capacity_oracle_fit,source_active_plus_second_diff_source_rows_perp_along_source_active,source and active rows plus source-row second differential along source/active rows,"0,1",1,24,8,16,24,16,544,70,3.0848908715221705e+03,1.0000000000000001e-05,32,True,False,False,8,132,24,28,4,2.0617122375911131e+03,2.6043562229773637e-01,2.5992975651812394e-01,1.8501390485646704e-01,1.8257418583505539e-01,7.0239817203200883e-01,9.9256381747481692e-01,1.8257418583505539e-01,7.0103384561706428e-01,9.9228287537043081e-01,6.1318676784506374e-15,5.7878120260073902e-34,True,True,True,False,True,True,False,False,False,False,False,The tested non-final second-differential source features do not reproduce the local correction.,derive higher-order or nonlocal non-final source features for the coefficient-gradient law,"This is a finite-difference capacity audit. It perturbs the existing source-free lower-pair row Jacobian along non-final active/source row directions, then projects the local oracle correction onto those second-differential feature rows. It is not a formula and not a trajectory h-sweep."
cylindrical_sharp,0.02,universal_nonlinear_capacity_value_component_nonfinal,paper_tfe_lower_pair_velocity_compression_nonlinear_capacity_gap_not_full_tfe,,universal_nonlinear_capacity_nonfinal_component_diagonal_value_fit,all_case_h_nonlinear_capacity_oracle_fit,second_diff_source_rows_perp_along_active_velocity,source-row second differential along active non-final velocity rows,"0,1",6,24,8,16,24,16,256,46,5.9946609700261717e+04,1.0000000000000001e-05,16,True,False,False,8,132,24,28,4,2.0617122268082171e+03,2.6043562229773637e-01,2.6001651966512862e-01,1.8513578034899941e-01,1.8257418583505555e-01,7.0216379355507919e-01,9.9256381747273914e-01,1.8257418583505555e-01,7.0103384561706494e-01,9.9228287537043081e-01,2.0380664617494923e-14,3.3868279671505633e-18,True,True,True,False,True,True,False,False,False,False,False,The tested non-final second-differential source features do not reproduce the local correction.,derive higher-order or nonlocal non-final source features for the coefficient-gradient law,"This is a finite-difference capacity audit. It perturbs the existing source-free lower-pair row Jacobian along non-final active/source row directions, then projects the local oracle correction onto those second-differential feature rows. It is not a formula and not a trajectory h-sweep."
cylindrical_sharp,0.02,universal_nonlinear_capacity_value_component_nonfinal,paper_tfe_lower_pair_velocity_compression_nonlinear_capacity_gap_not_full_tfe,,universal_nonlinear_capacity_nonfinal_component_diagonal_value_fit,all_case_h_nonlinear_capacity_oracle_fit,active_plus_second_diff_source_rows_perp,active non-final velocity plus source-row second differential,"0,1",6,24,8,16,24,16,272,54,6.0978812304189269e+04,1.0000000000000001e-05,16,True,False,False,8,132,24,28,4,2.0617122268221929e+03,2.6043562229773637e-01,2.6001651966512862e-01,1.8513578034899966e-01,1.8257418583505539e-01,7.0216379355507852e-01,9.9256381747273914e-01,1.8257418583505539e-01,7.0103384561706428e-01,9.9228287537043081e-01,3.7730219221128774e-14,3.3868279671505633e-18,True,True,True,False,True,True,False,False,False,False,False,The tested non-final second-differential source features do not reproduce the local correction.,derive higher-order or nonlocal non-final source features for the coefficient-gradient law,"This is a finite-difference capacity audit. It perturbs the existing source-free lower-pair row Jacobian along non-final active/source row directions, then projects the local oracle correction onto those second-differential feature rows. It is not a formula and not a trajectory h-sweep."
cylindrical_sharp,0.02,universal_nonlinear_capacity_value_component_nonfinal,paper_tfe_lower_pair_velocity_compression_nonlinear_capacity_gap_not_full_tfe,,universal_nonlinear_capacity_nonfinal_component_diagonal_value_fit,all_case_h_nonlinear_capacity_oracle_fit,source_active_plus_second_diff_source_rows_raw,source consistency and active rows plus raw source-row second differential,"0,1",6,24,8,16,24,16,288,70,5.3856734544331045e+05,1.0000000000000001e-05,16,True,False,False,8,132,24,28,4,2.0617122268201829e+03,2.6043562229773637e-01,2.6001651966512862e-01,1.8513578034899447e-01,1.8257418583505539e-01,7.0216379355507852e-01,9.9256381747273914e-01,1.8257418583505539e-01,7.0103384561706428e-01,9.9228287537043081e-01,3.8234904194888332e-14,3.3868279671505633e-18,True,True,True,False,True,True,False,False,False,False,False,The tested non-final second-differential source features do not reproduce the local correction.,derive higher-order or nonlocal non-final source features for the coefficient-gradient law,"This is a finite-difference capacity audit. It perturbs the existing source-free lower-pair row Jacobian along non-final active/source row directions, then projects the local oracle correction onto those second-differential feature rows. It is not a formula and not a trajectory h-sweep."
cylindrical_sharp,0.02,universal_nonlinear_capacity_value_component_nonfinal,paper_tfe_lower_pair_velocity_compression_nonlinear_capacity_gap_not_full_tfe,,universal_nonlinear_capacity_nonfinal_component_diagonal_value_fit,all_case_h_nonlinear_capacity_oracle_fit,second_diff_all_rows_perp_along_active_velocity,all source-free lower-pair row second differential along active non-final velocity rows,"0,1",6,24,8,16,24,16,384,46,4.6301036308011579e+04,1.0000000000000001e-05,16,True,True,False,8,132,24,28,4,2.0617122268066855e+03,2.6043562229773637e-01,2.6001651966512862e-01,1.8513578034899908e-01,1.8257418583505555e-01,7.0216379355507919e-01,9.9256381747273914e-01,1.8257418583505555e-01,7.0103384561706494e-01,9.9228287537043081e-01,1.3296918328488140e-14,3.3868279671505633e-18,True,True,True,False,True,True,False,False,False,False,False,The tested non-final second-differential source features do not reproduce the local correction.,derive higher-order or nonlocal non-final source features for the coefficient-gradient law,"This is a finite-difference capacity audit. It perturbs the existing source-free lower-pair row Jacobian along non-final active/source row directions, then projects the local oracle correction onto those second-differential feature rows. It is not a formula and not a trajectory h-sweep."
cylindrical_sharp,0.02,universal_nonlinear_capacity_value_component_nonfinal,paper_tfe_lower_pair_velocity_compression_nonlinear_capacity_gap_not_full_tfe,,universal_nonlinear_capacity_nonfinal_component_diagonal_value_fit,all_case_h_nonlinear_capacity_oracle_fit,second_diff_source_rows_perp_along_source_rows,source-row second differential along source-consistency rows,"0,1",6,24,8,16,24,16,256,46,7.4850797417609483e+03,1.0000000000000001e-05,16,True,False,False,8,132,24,28,4,2.0617122268095036e+03,2.6043562229773637e-01,2.6001651966512862e-01,1.8513578034899916e-01,1.8257418583505555e-01,7.0216379355507919e-01,9.9256381747273914e-01,1.8257418583505555e-01,7.0103384561706494e-01,9.9228287537043081e-01,7.9637248287779928e-15,3.3868279671505633e-18,True,True,True,False,True,True,False,False,False,False,False,The tested non-final second-differential source features do not reproduce the local correction.,derive higher-order or nonlocal non-final source features for the coefficient-gradient law,"This is a finite-difference capacity audit. It perturbs the existing source-free lower-pair row Jacobian along non-final active/source row directions, then projects the local oracle correction onto those second-differential feature rows. It is not a formula and not a trajectory h-sweep."
cylindrical_sharp,0.02,universal_nonlinear_capacity_value_component_nonfinal,paper_tfe_lower_pair_velocity_compression_nonlinear_capacity_gap_not_full_tfe,,universal_nonlinear_capacity_nonfinal_component_diagonal_value_fit,all_case_h_nonlinear_capacity_oracle_fit,source_active_plus_second_diff_source_rows_perp_along_source_active,source and active rows plus source-row second differential along source/active rows,"0,1",6,24,8,16,24,16,544,70,3.0848908715221705e+03,1.0000000000000001e-05,32,True,False,False,8,132,24,28,4,2.0617122268219005e+03,2.6043562229773637e-01,2.6001651966512862e-01,1.8513578034899916e-01,1.8257418583505539e-01,7.0216379355507852e-01,9.9256381747273914e-01,1.8257418583505539e-01,7.0103384561706428e-01,9.9228287537043081e-01,7.9352952202396373e-15,3.3868279671505633e-18,True,True,True,False,True,True,False,False,False,False,False,The tested non-final second-differential source features do not reproduce the local correction.,derive higher-order or nonlocal non-final source features for the coefficient-gradient law,"This is a finite-difference capacity audit. It perturbs the existing source-free lower-pair row Jacobian along non-final active/source row directions, then projects the local oracle correction onto those second-differential feature rows. It is not a formula and not a trajectory h-sweep."
cylindrical_sharp,0.02,case_local_nonlinear_capacity_value_full_nonfinal,paper_tfe_lower_pair_velocity_compression_nonlinear_capacity_gap_not_full_tfe,,case_local_nonlinear_capacity_nonfinal_full_component_value_fit,case_local_nonlinear_capacity_oracle_fit,second_diff_source_rows_perp_along_active_velocity,source-row second differential along active non-final velocity rows,"0,1",1,24,8,16,24,16,256,46,5.9946609700261717e+04,1.0000000000000001e-05,16,True,False,False,8,132,24,28,4,2.0617121930950775e+03,2.6043562229773637e-01,2.5970145217120505e-01,1.8469301807729349e-01,1.8257418583505539e-01,7.0301565242960429e-01,9.9256381747323963e-01,1.8257418583505539e-01,7.0103384561706428e-01,9.9228287537043081e-01,8.4189553901204000e-11,4.9278503444992840e-34,True,True,True,False,True,True,False,False,False,False,False,The tested non-final second-differential source features do not reproduce the local correction.,derive higher-order or nonlocal non-final source features for the coefficient-gradient law,"This is a finite-difference capacity audit. It perturbs the existing source-free lower-pair row Jacobian along non-final active/source row directions, then projects the local oracle correction onto those second-differential feature rows. It is not a formula and not a trajectory h-sweep."
cylindrical_sharp,0.02,case_local_nonlinear_capacity_value_full_nonfinal,paper_tfe_lower_pair_velocity_compression_nonlinear_capacity_gap_not_full_tfe,,case_local_nonlinear_capacity_nonfinal_full_component_value_fit,case_local_nonlinear_capacity_oracle_fit,active_plus_second_diff_source_rows_perp,active non-final velocity plus source-row second differential,"0,1",1,24,8,16,24,16,272,54,6.0978812304189269e+04,1.0000000000000001e-05,16,True,False,False,8,132,24,28,4,2.0617121930959006e+03,2.6043562229773637e-01,2.5970145217120505e-01,1.8469301807729355e-01,1.8257418583505539e-01,7.0301565242960429e-01,9.9256381747323963e-01,1.8257418583505539e-01,7.0103384561706428e-01,9.9228287537043081e-01,3.2422350730396835e-14,4.9278503444992840e-34,True,True,True,False,True,True,False,False,False,False,False,The tested non-final second-differential source features do not reproduce the local correction.,derive higher-order or nonlocal non-final source features for the coefficient-gradient law,"This is a finite-difference capacity audit. It perturbs the existing source-free lower-pair row Jacobian along non-final active/source row directions, then projects the local oracle correction onto those second-differential feature rows. It is not a formula and not a trajectory h-sweep."
cylindrical_sharp,0.02,case_local_nonlinear_capacity_value_full_nonfinal,paper_tfe_lower_pair_velocity_compression_nonlinear_capacity_gap_not_full_tfe,,case_local_nonlinear_capacity_nonfinal_full_component_value_fit,case_local_nonlinear_capacity_oracle_fit,source_active_plus_second_diff_source_rows_raw,source consistency and active rows plus raw source-row second differential,"0,1",1,24,8,16,24,16,288,70,5.3856734544331045e+05,1.0000000000000001e-05,16,True,False,False,8,132,24,28,4,2.0617121930965641e+03,2.6043562229773637e-01,2.5970145217120505e-01,1.8469301807728816e-01,1.8257418583505539e-01,7.0301565242960429e-01,9.9256381747323963e-01,1.8257418583505539e-01,7.0103384561706428e-01,9.9228287537043081e-01,4.5635259810766535e-14,4.9278503444992840e-34,True,True,True,False,True,True,False,False,False,False,False,The tested non-final second-differential source features do not reproduce the local correction.,derive higher-order or nonlocal non-final source features for the coefficient-gradient law,"This is a finite-difference capacity audit. It perturbs the existing source-free lower-pair row Jacobian along non-final active/source row directions, then projects the local oracle correction onto those second-differential feature rows. It is not a formula and not a trajectory h-sweep."
cylindrical_sharp,0.02,case_local_nonlinear_capacity_value_full_nonfinal,paper_tfe_lower_pair_velocity_compression_nonlinear_capacity_gap_not_full_tfe,,case_local_nonlinear_capacity_nonfinal_full_component_value_fit,case_local_nonlinear_capacity_oracle_fit,second_diff_all_rows_perp_along_active_velocity,all source-free lower-pair row second differential along active non-final velocity rows,"0,1",1,24,8,16,24,16,384,46,4.6301036308011579e+04,1.0000000000000001e-05,16,True,True,False,8,132,24,28,4,2.0617121930939184e+03,2.6043562229773637e-01,2.5970145217120505e-01,1.8469301807729332e-01,1.8257418583505539e-01,7.0301565242960429e-01,9.9256381747323963e-01,1.8257418583505539e-01,7.0103384561706428e-01,9.9228287537043081e-01,8.4189552560362464e-11,4.9278503444992840e-34,True,True,True,False,True,True,False,False,False,False,False,The tested non-final second-differential source features do not reproduce the local correction.,derive higher-order or nonlocal non-final source features for the coefficient-gradient law,"This is a finite-difference capacity audit. It perturbs the existing source-free lower-pair row Jacobian along non-final active/source row directions, then projects the local oracle correction onto those second-differential feature rows. It is not a formula and not a trajectory h-sweep."
cylindrical_sharp,0.02,case_local_nonlinear_capacity_value_full_nonfinal,paper_tfe_lower_pair_velocity_compression_nonlinear_capacity_gap_not_full_tfe,,case_local_nonlinear_capacity_nonfinal_full_component_value_fit,case_local_nonlinear_capacity_oracle_fit,second_diff_source_rows_perp_along_source_rows,source-row second differential along source-consistency rows,"0,1",1,24,8,16,24,16,256,46,7.4850797417609483e+03,1.0000000000000001e-05,16,True,False,False,8,132,24,28,4,2.0617121930953513e+03,2.6043562229773637e-01,2.5970145217120505e-01,1.8469301807729305e-01,1.8257418583505539e-01,7.0301565242960429e-01,9.9256381747323963e-01,1.8257418583505539e-01,7.0103384561706428e-01,9.9228287537043081e-01,8.4189549495862143e-11,4.9278503444992840e-34,True,True,True,False,True,True,False,False,False,False,False,The tested non-final second-differential source features do not reproduce the local correction.,derive higher-order or nonlocal non-final source features for the coefficient-gradient law,"This is a finite-difference capacity audit. It perturbs the existing source-free lower-pair row Jacobian along non-final active/source row directions, then projects the local oracle correction onto those second-differential feature rows. It is not a formula and not a trajectory h-sweep."
cylindrical_sharp,0.02,case_local_nonlinear_capacity_value_full_nonfinal,paper_tfe_lower_pair_velocity_compression_nonlinear_capacity_gap_not_full_tfe,,case_local_nonlinear_capacity_nonfinal_full_component_value_fit,case_local_nonlinear_capacity_oracle_fit,source_active_plus_second_diff_source_rows_perp_along_source_active,source and active rows plus source-row second differential along source/active rows,"0,1",1,24,8,16,24,16,544,70,3.0848908715221705e+03,1.0000000000000001e-05,32,True,False,False,8,132,24,28,4,2.0617121930959042e+03,2.6043562229773637e-01,2.5970145217120505e-01,1.8469301807729296e-01,1.8257418583505539e-01,7.0301565242960429e-01,9.9256381747323963e-01,1.8257418583505539e-01,7.0103384561706428e-01,9.9228287537043081e-01,5.1980182698353706e-15,4.9278503444992840e-34,True,True,True,False,True,True,False,False,False,False,False,The tested non-final second-differential source features do not reproduce the local correction.,derive higher-order or nonlocal non-final source features for the coefficient-gradient law,"This is a finite-difference capacity audit. It perturbs the existing source-free lower-pair row Jacobian along non-final active/source row directions, then projects the local oracle correction onto those second-differential feature rows. It is not a formula and not a trajectory h-sweep."
cylindrical_sharp,0.02,universal_nonlinear_capacity_value_full_nonfinal,paper_tfe_lower_pair_velocity_compression_nonlinear_capacity_gap_not_full_tfe,,universal_nonlinear_capacity_nonfinal_full_component_value_fit,all_case_h_nonlinear_capacity_oracle_fit,second_diff_source_rows_perp_along_active_velocity,source-row second differential along active non-final velocity rows,"0,1",6,24,8,16,24,16,256,46,5.9946609700261717e+04,1.0000000000000001e-05,16,True,False,False,8,132,24,31,7,2.0617010675368820e+03,2.6043562229773637e-01,2.5970145446109977e-01,1.8469302014664418e-01,1.8257418699893493e-01,7.0301565071243144e-01,9.9256379317188625e-01,1.8257418699884612e-01,7.0103385008569541e-01,9.9228288835240197e-01,1.5438312991314494e-06,5.4817986714822987e-30,True,True,True,False,True,True,False,False,False,False,False,The tested non-final second-differential source features do not reproduce the local correction.,derive higher-order or nonlocal non-final source features for the coefficient-gradient law,"This is a finite-difference capacity audit. It perturbs the existing source-free lower-pair row Jacobian along non-final active/source row directions, then projects the local oracle correction onto those second-differential feature rows. It is not a formula and not a trajectory h-sweep."
cylindrical_sharp,0.02,universal_nonlinear_capacity_value_full_nonfinal,paper_tfe_lower_pair_velocity_compression_nonlinear_capacity_gap_not_full_tfe,,universal_nonlinear_capacity_nonfinal_full_component_value_fit,all_case_h_nonlinear_capacity_oracle_fit,active_plus_second_diff_source_rows_perp,active non-final velocity plus source-row second differential,"0,1",6,24,8,16,24,16,272,54,6.0978812304189269e+04,1.0000000000000001e-05,16,True,False,False,8,132,24,28,4,2.0617121930964681e+03,2.6043562229773637e-01,2.5970145446109977e-01,1.8469302129717161e-01,1.8257418583505539e-01,7.0301564623082557e-01,9.9256378018524327e-01,1.8257418583505539e-01,7.0103384561706428e-01,9.9228287537043081e-01,4.0403172886018725e-14,5.4817986714822987e-30,True,True,True,False,True,True,False,False,False,False,False,The tested non-final second-differential source features do not reproduce the local correction.,derive higher-order or nonlocal non-final source features for the coefficient-gradient law,"This is a finite-difference capacity audit. It perturbs the existing source-free lower-pair row Jacobian along non-final active/source row directions, then projects the local oracle correction onto those second-differential feature rows. It is not a formula and not a trajectory h-sweep."
cylindrical_sharp,0.02,universal_nonlinear_capacity_value_full_nonfinal,paper_tfe_lower_pair_velocity_compression_nonlinear_capacity_gap_not_full_tfe,,universal_nonlinear_capacity_nonfinal_full_component_value_fit,all_case_h_nonlinear_capacity_oracle_fit,source_active_plus_second_diff_source_rows_raw,source consistency and active rows plus raw source-row second differential,"0,1",6,24,8,16,24,16,288,70,5.3856734544331045e+05,1.0000000000000001e-05,16,True,False,False,8,132,24,28,4,2.0617121930947305e+03,2.6043562229773637e-01,2.5970145446109977e-01,1.8469302129716642e-01,1.8257418583505539e-01,7.0301564623082557e-01,9.9256378018524327e-01,1.8257418583505539e-01,7.0103384561706428e-01,9.9228287537043081e-01,2.8377761224637540e-14,5.4817986714822987e-30,True,True,True,False,True,True,False,False,False,False,False,The tested non-final second-differential source features do not reproduce the local correction.,derive higher-order or nonlocal non-final source features for the coefficient-gradient law,"This is a finite-difference capacity audit. It perturbs the existing source-free lower-pair row Jacobian along non-final active/source row directions, then projects the local oracle correction onto those second-differential feature rows. It is not a formula and not a trajectory h-sweep."
cylindrical_sharp,0.02,universal_nonlinear_capacity_value_full_nonfinal,paper_tfe_lower_pair_velocity_compression_nonlinear_capacity_gap_not_full_tfe,,universal_nonlinear_capacity_nonfinal_full_component_value_fit,all_case_h_nonlinear_capacity_oracle_fit,second_diff_all_rows_perp_along_active_velocity,all source-free lower-pair row second differential along active non-final velocity rows,"0,1",6,24,8,16,24,16,384,46,4.6301036308011579e+04,1.0000000000000001e-05,16,True,True,False,8,132,24,31,7,2.0617010675385886e+03,2.6043562229773637e-01,2.5970145446109977e-01,1.8469302014664390e-01,1.8257418699893493e-01,7.0301565071243144e-01,9.9256379317188625e-01,1.8257418699884612e-01,7.0103385008569541e-01,9.9228288835240197e-01,1.5438312991337997e-06,5.4817986714822987e-30,True,True,True,False,True,True,False,False,False,False,False,The tested non-final second-differential source features do not reproduce the local correction.,derive higher-order or nonlocal non-final source features for the coefficient-gradient law,"This is a finite-difference capacity audit. It perturbs the existing source-free lower-pair row Jacobian along non-final active/source row directions, then projects the local oracle correction onto those second-differential feature rows. It is not a formula and not a trajectory h-sweep."
cylindrical_sharp,0.02,universal_nonlinear_capacity_value_full_nonfinal,paper_tfe_lower_pair_velocity_compression_nonlinear_capacity_gap_not_full_tfe,,universal_nonlinear_capacity_nonfinal_full_component_value_fit,all_case_h_nonlinear_capacity_oracle_fit,second_diff_source_rows_perp_along_source_rows,source-row second differential along source-consistency rows,"0,1",6,24,8,16,24,16,256,46,7.4850797417609483e+03,1.0000000000000001e-05,16,True,False,False,8,132,24,31,7,2.0617010675377987e+03,2.6043562229773637e-01,2.5970145446109977e-01,1.8469302014664402e-01,1.8257418699893493e-01,7.0301565071243144e-01,9.9256379317188625e-01,1.8257418699884612e-01,7.0103385008569541e-01,9.9228288835240197e-01,1.5438312991397268e-06,5.4817986714822987e-30,True,True,True,False,True,True,False,False,False,False,False,The tested non-final second-differential source features do not reproduce the local correction.,derive higher-order or nonlocal non-final source features for the coefficient-gradient law,"This is a finite-difference capacity audit. It perturbs the existing source-free lower-pair row Jacobian along non-final active/source row directions, then projects the local oracle correction onto those second-differential feature rows. It is not a formula and not a trajectory h-sweep."
cylindrical_sharp,0.02,universal_nonlinear_capacity_value_full_nonfinal,paper_tfe_lower_pair_velocity_compression_nonlinear_capacity_gap_not_full_tfe,,universal_nonlinear_capacity_nonfinal_full_component_value_fit,all_case_h_nonlinear_capacity_oracle_fit,source_active_plus_second_diff_source_rows_perp_along_source_active,source and active rows plus source-row second differential along source/active rows,"0,1",6,24,8,16,24,16,544,70,3.0848908715221705e+03,1.0000000000000001e-05,32,True,False,False,8,132,24,28,4,2.0617121930965932e+03,2.6043562229773637e-01,2.5970145446109977e-01,1.8469302129717105e-01,1.8257418583505539e-01,7.0301564623082557e-01,9.9256378018524327e-01,1.8257418583505539e-01,7.0103384561706428e-01,9.9228287537043081e-01,6.1455247898285029e-15,5.4817986714822987e-30,True,True,True,False,True,True,False,False,False,False,False,The tested non-final second-differential source features do not reproduce the local correction.,derive higher-order or nonlocal non-final source features for the coefficient-gradient law,"This is a finite-difference capacity audit. It perturbs the existing source-free lower-pair row Jacobian along non-final active/source row directions, then projects the local oracle correction onto those second-differential feature rows. It is not a formula and not a trajectory h-sweep."
cylindrical_sharp,0.01,case_local_nonlinear_capacity_value_scalar_nonfinal,paper_tfe_lower_pair_velocity_compression_nonlinear_capacity_gap_not_full_tfe,,case_local_nonlinear_capacity_nonfinal_stage_scalar_value_fit,case_local_nonlinear_capacity_oracle_fit,second_diff_source_rows_perp_along_active_velocity,source-row second differential along active non-final velocity rows,"0,1",1,24,8,16,24,16,256,46,6.5393319640125078e+05,1.0000000000000001e-05,16,True,False,False,8,132,24,28,4,1.1009283837378345e+04,1.8390370753258983e-01,1.8388557844972300e-01,1.3094746732330692e-01,1.2909944524823022e-01,7.0206400271638425e-01,9.9263177791184720e-01,1.2909944524799966e-01,7.0199479379784535e-01,9.9262199854950017e-01,5.3072214891283750e-13,1.0044055051631692e-18,True,True,True,False,True,True,False,False,False,False,False,The tested non-final second-differential source features do not reproduce the local correction.,derive higher-order or nonlocal non-final source features for the coefficient-gradient law,"This is a finite-difference capacity audit. It perturbs the existing source-free lower-pair row Jacobian along non-final active/source row directions, then projects the local oracle correction onto those second-differential feature rows. It is not a formula and not a trajectory h-sweep."
cylindrical_sharp,0.01,case_local_nonlinear_capacity_value_scalar_nonfinal,paper_tfe_lower_pair_velocity_compression_nonlinear_capacity_gap_not_full_tfe,,case_local_nonlinear_capacity_nonfinal_stage_scalar_value_fit,case_local_nonlinear_capacity_oracle_fit,active_plus_second_diff_source_rows_perp,active non-final velocity plus source-row second differential,"0,1",1,24,8,16,24,16,272,54,6.6510577593528188e+05,1.0000000000000001e-05,16,True,False,False,8,132,24,28,4,1.1016080698725425e+04,1.8390370753258983e-01,1.8388557844972300e-01,1.3094746769266921e-01,1.2909944487358055e-01,7.0206400067897778e-01,9.9263177503120603e-01,1.2909944487358055e-01,7.0199479176189339e-01,9.9262199567089682e-01,1.0663543744169379e-12,1.0044055051631692e-18,True,True,True,False,True,True,False,False,False,False,False,The tested non-final second-differential source features do not reproduce the local correction.,derive higher-order or nonlocal non-final source features for the coefficient-gradient law,"This is a finite-difference capacity audit. It perturbs the existing source-free lower-pair row Jacobian along non-final active/source row directions, then projects the local oracle correction onto those second-differential feature rows. It is not a formula and not a trajectory h-sweep."
cylindrical_sharp,0.01,case_local_nonlinear_capacity_value_scalar_nonfinal,paper_tfe_lower_pair_velocity_compression_nonlinear_capacity_gap_not_full_tfe,,case_local_nonlinear_capacity_nonfinal_stage_scalar_value_fit,case_local_nonlinear_capacity_oracle_fit,source_active_plus_second_diff_source_rows_raw,source consistency and active rows plus raw source-row second differential,"0,1",1,24,8,16,24,16,288,70,5.8775807019353528e+06,1.0000000000000001e-05,16,True,False,False,8,132,24,28,4,1.1016080698617989e+04,1.8390370753258983e-01,1.8388557844972300e-01,1.3094746769266663e-01,1.2909944487358055e-01,7.0206400067897778e-01,9.9263177503120603e-01,1.2909944487358055e-01,7.0199479176189339e-01,9.9262199567089682e-01,9.6009885376745475e-13,1.0044055051631692e-18,True,True,True,False,True,True,False,False,False,False,False,The tested non-final second-differential source features do not reproduce the local correction.,derive higher-order or nonlocal non-final source features for the coefficient-gradient law,"This is a finite-difference capacity audit. It perturbs the existing source-free lower-pair row Jacobian along non-final active/source row directions, then projects the local oracle correction onto those second-differential feature rows. It is not a formula and not a trajectory h-sweep."
cylindrical_sharp,0.01,case_local_nonlinear_capacity_value_scalar_nonfinal,paper_tfe_lower_pair_velocity_compression_nonlinear_capacity_gap_not_full_tfe,,case_local_nonlinear_capacity_nonfinal_stage_scalar_value_fit,case_local_nonlinear_capacity_oracle_fit,second_diff_all_rows_perp_along_active_velocity,all source-free lower-pair row second differential along active non-final velocity rows,"0,1",1,24,8,16,24,16,384,46,5.7709573973807041e+05,1.0000000000000001e-05,16,True,True,False,8,132,24,28,4,1.1009283837361379e+04,1.8390370753258983e-01,1.8388557844972300e-01,1.3094746732330625e-01,1.2909944524823022e-01,7.0206400271638425e-01,9.9263177791184720e-01,1.2909944524799966e-01,7.0199479379784535e-01,9.9262199854950017e-01,4.5195303407130702e-13,1.0044055051631692e-18,True,True,True,False,True,True,False,False,False,False,False,The tested non-final second-differential source features do not reproduce the local correction.,derive higher-order or nonlocal non-final source features for the coefficient-gradient law,"This is a finite-difference capacity audit. It perturbs the existing source-free lower-pair row Jacobian along non-final active/source row directions, then projects the local oracle correction onto those second-differential feature rows. It is not a formula and not a trajectory h-sweep."
cylindrical_sharp,0.01,case_local_nonlinear_capacity_value_scalar_nonfinal,paper_tfe_lower_pair_velocity_compression_nonlinear_capacity_gap_not_full_tfe,,case_local_nonlinear_capacity_nonfinal_stage_scalar_value_fit,case_local_nonlinear_capacity_oracle_fit,second_diff_source_rows_perp_along_source_rows,source-row second differential along source-consistency rows,"0,1",1,24,8,16,24,16,256,46,2.9674446922710140e+04,1.0000000000000001e-05,16,True,False,False,8,132,24,28,4,1.1009283837414927e+04,1.8390370753258983e-01,1.8388557844972300e-01,1.3094746732330670e-01,1.2909944524823022e-01,7.0206400271638425e-01,9.9263177791184720e-01,1.2909944524799966e-01,7.0199479379784535e-01,9.9262199854950017e-01,2.6066856130867061e-14,1.0044055051631692e-18,True,True,True,False,True,True,False,False,False,False,False,The tested non-final second-differential source features do not reproduce the local correction.,derive higher-order or nonlocal non-final source features for the coefficient-gradient law,"This is a finite-difference capacity audit. It perturbs the existing source-free lower-pair row Jacobian along non-final active/source row directions, then projects the local oracle correction onto those second-differential feature rows. It is not a formula and not a trajectory h-sweep."
cylindrical_sharp,0.01,case_local_nonlinear_capacity_value_scalar_nonfinal,paper_tfe_lower_pair_velocity_compression_nonlinear_capacity_gap_not_full_tfe,,case_local_nonlinear_capacity_nonfinal_stage_scalar_value_fit,case_local_nonlinear_capacity_oracle_fit,source_active_plus_second_diff_source_rows_perp_along_source_active,source and active rows plus source-row second differential along source/active rows,"0,1",1,24,8,16,24,16,544,70,2.2581456148175810e+04,1.0000000000000001e-05,32,True,False,False,8,132,24,28,4,1.1016080698700851e+04,1.8390370753258983e-01,1.8388557844972300e-01,1.3094746769266893e-01,1.2909944487358055e-01,7.0206400067897778e-01,9.9263177503120603e-01,1.2909944487358055e-01,7.0199479176189339e-01,9.9262199567089682e-01,2.3829566834881173e-14,1.0044055051631692e-18,True,True,True,False,True,True,False,False,False,False,False,The tested non-final second-differential source features do not reproduce the local correction.,derive higher-order or nonlocal non-final source features for the coefficient-gradient law,"This is a finite-difference capacity audit. It perturbs the existing source-free lower-pair row Jacobian along non-final active/source row directions, then projects the local oracle correction onto those second-differential feature rows. It is not a formula and not a trajectory h-sweep."
cylindrical_sharp,0.01,universal_nonlinear_capacity_value_scalar_nonfinal,paper_tfe_lower_pair_velocity_compression_nonlinear_capacity_gap_not_full_tfe,,universal_nonlinear_capacity_nonfinal_stage_scalar_value_fit,all_case_h_nonlinear_capacity_oracle_fit,second_diff_source_rows_perp_along_active_velocity,source-row second differential along active non-final velocity rows,"0,1",6,24,8,16,24,16,256,46,6.5393319640125078e+05,1.0000000000000001e-05,16,True,False,False,8,132,24,28,4,1.1016080698678596e+04,1.8390370753258983e-01,1.8388558020327053e-01,1.3094747015512276e-01,1.2909944487358055e-01,7.0206399398403962e-01,9.9263177666221658e-01,1.2909944487358055e-01,7.0199479176189339e-01,9.9262199567089682e-01,4.8652987575917103e-13,1.1683695253089600e-18,True,True,True,False,True,True,False,False,False,False,False,The tested non-final second-differential source features do not reproduce the local correction.,derive higher-order or nonlocal non-final source features for the coefficient-gradient law,"This is a finite-difference capacity audit. It perturbs the existing source-free lower-pair row Jacobian along non-final active/source row directions, then projects the local oracle correction onto those second-differential feature rows. It is not a formula and not a trajectory h-sweep."
cylindrical_sharp,0.01,universal_nonlinear_capacity_value_scalar_nonfinal,paper_tfe_lower_pair_velocity_compression_nonlinear_capacity_gap_not_full_tfe,,universal_nonlinear_capacity_nonfinal_stage_scalar_value_fit,all_case_h_nonlinear_capacity_oracle_fit,active_plus_second_diff_source_rows_perp,active non-final velocity plus source-row second differential,"0,1",6,24,8,16,24,16,272,54,6.6510577593528188e+05,1.0000000000000001e-05,16,True,False,False,8,132,24,28,4,1.1016080698647491e+04,1.8390370753258983e-01,1.8388558020327053e-01,1.3094747015512306e-01,1.2909944487358055e-01,7.0206399398403962e-01,9.9263177666221658e-01,1.2909944487358055e-01,7.0199479176189339e-01,9.9262199567089682e-01,1.0990522611079856e-12,1.1683695253089600e-18,True,True,True,False,True,True,False,False,False,False,False,The tested non-final second-differential source features do not reproduce the local correction.,derive higher-order or nonlocal non-final source features for the coefficient-gradient law,"This is a finite-difference capacity audit. It perturbs the existing source-free lower-pair row Jacobian along non-final active/source row directions, then projects the local oracle correction onto those second-differential feature rows. It is not a formula and not a trajectory h-sweep."
cylindrical_sharp,0.01,universal_nonlinear_capacity_value_scalar_nonfinal,paper_tfe_lower_pair_velocity_compression_nonlinear_capacity_gap_not_full_tfe,,universal_nonlinear_capacity_nonfinal_stage_scalar_value_fit,all_case_h_nonlinear_capacity_oracle_fit,source_active_plus_second_diff_source_rows_raw,source consistency and active rows plus raw source-row second differential,"0,1",6,24,8,16,24,16,288,70,5.8775807019353528e+06,1.0000000000000001e-05,16,True,False,False,8,132,24,28,4,1.1016080698673244e+04,1.8390370753258983e-01,1.8388558020327053e-01,1.3094747015512045e-01,1.2909944487358055e-01,7.0206399398403962e-01,9.9263177666221658e-01,1.2909944487358055e-01,7.0199479176189339e-01,9.9262199567089682e-01,7.6443234954452595e-13,1.1683695253089600e-18,True,True,True,False,True,True,False,False,False,False,False,The tested non-final second-differential source features do not reproduce the local correction.,derive higher-order or nonlocal non-final source features for the coefficient-gradient law,"This is a finite-difference capacity audit. It perturbs the existing source-free lower-pair row Jacobian along non-final active/source row directions, then projects the local oracle correction onto those second-differential feature rows. It is not a formula and not a trajectory h-sweep."
cylindrical_sharp,0.01,universal_nonlinear_capacity_value_scalar_nonfinal,paper_tfe_lower_pair_velocity_compression_nonlinear_capacity_gap_not_full_tfe,,universal_nonlinear_capacity_nonfinal_stage_scalar_value_fit,all_case_h_nonlinear_capacity_oracle_fit,second_diff_all_rows_perp_along_active_velocity,all source-free lower-pair row second differential along active non-final velocity rows,"0,1",6,24,8,16,24,16,384,46,5.7709573973807041e+05,1.0000000000000001e-05,16,True,True,False,8,132,24,28,4,1.1016080698624526e+04,1.8390370753258983e-01,1.8388558020327053e-01,1.3094747015512251e-01,1.2909944487358055e-01,7.0206399398403962e-01,9.9263177666221658e-01,1.2909944487358055e-01,7.0199479176189339e-01,9.9262199567089682e-01,4.5993341296304887e-13,1.1683695253089600e-18,True,True,True,False,True,True,False,False,False,False,False,The tested non-final second-differential source features do not reproduce the local correction.,derive higher-order or nonlocal non-final source features for the coefficient-gradient law,"This is a finite-difference capacity audit. It perturbs the existing source-free lower-pair row Jacobian along non-final active/source row directions, then projects the local oracle correction onto those second-differential feature rows. It is not a formula and not a trajectory h-sweep."
cylindrical_sharp,0.01,universal_nonlinear_capacity_value_scalar_nonfinal,paper_tfe_lower_pair_velocity_compression_nonlinear_capacity_gap_not_full_tfe,,universal_nonlinear_capacity_nonfinal_stage_scalar_value_fit,all_case_h_nonlinear_capacity_oracle_fit,second_diff_source_rows_perp_along_source_rows,source-row second differential along source-consistency rows,"0,1",6,24,8,16,24,16,256,46,2.9674446922710140e+04,1.0000000000000001e-05,16,True,False,False,8,132,24,28,4,1.1016080698687769e+04,1.8390370753258983e-01,1.8388558020327053e-01,1.3094747015512287e-01,1.2909944487358055e-01,7.0206399398403962e-01,9.9263177666221658e-01,1.2909944487358055e-01,7.0199479176189339e-01,9.9262199567089682e-01,2.0492901152505346e-14,1.1683695253089600e-18,True,True,True,False,True,True,False,False,False,False,False,The tested non-final second-differential source features do not reproduce the local correction.,derive higher-order or nonlocal non-final source features for the coefficient-gradient law,"This is a finite-difference capacity audit. It perturbs the existing source-free lower-pair row Jacobian along non-final active/source row directions, then projects the local oracle correction onto those second-differential feature rows. It is not a formula and not a trajectory h-sweep."
cylindrical_sharp,0.01,universal_nonlinear_capacity_value_scalar_nonfinal,paper_tfe_lower_pair_velocity_compression_nonlinear_capacity_gap_not_full_tfe,,universal_nonlinear_capacity_nonfinal_stage_scalar_value_fit,all_case_h_nonlinear_capacity_oracle_fit,source_active_plus_second_diff_source_rows_perp_along_source_active,source and active rows plus source-row second differential along source/active rows,"0,1",6,24,8,16,24,16,544,70,2.2581456148175810e+04,1.0000000000000001e-05,32,True,False,False,8,132,24,28,4,1.1016080698597043e+04,1.8390370753258983e-01,1.8388558020327053e-01,1.3094747015512304e-01,1.2909944487358055e-01,7.0206399398403962e-01,9.9263177666221658e-01,1.2909944487358055e-01,7.0199479176189339e-01,9.9262199567089682e-01,2.3852894831366003e-14,1.1683695253089600e-18,True,True,True,False,True,True,False,False,False,False,False,The tested non-final second-differential source features do not reproduce the local correction.,derive higher-order or nonlocal non-final source features for the coefficient-gradient law,"This is a finite-difference capacity audit. It perturbs the existing source-free lower-pair row Jacobian along non-final active/source row directions, then projects the local oracle correction onto those second-differential feature rows. It is not a formula and not a trajectory h-sweep."
cylindrical_sharp,0.01,case_local_nonlinear_capacity_value_component_nonfinal,paper_tfe_lower_pair_velocity_compression_nonlinear_capacity_gap_not_full_tfe,,case_local_nonlinear_capacity_nonfinal_component_diagonal_value_fit,case_local_nonlinear_capacity_oracle_fit,second_diff_source_rows_perp_along_active_velocity,source-row second differential along active non-final velocity rows,"0,1",1,24,8,16,24,16,256,46,6.5393319640125078e+05,1.0000000000000001e-05,16,True,False,False,8,132,24,28,4,1.1016078961804531e+04,1.8390370753258983e-01,1.8393788717788728e-01,1.3102091311225650e-01,1.2909944487369393e-01,7.0186434591825653e-01,9.9263177666587088e-01,1.2909944487369393e-01,7.0199479176250990e-01,9.9262199567097065e-01,4.5796738472619767e-13,3.1716002775823931e-34,True,True,True,False,True,True,False,False,False,False,False,The tested non-final second-differential source features do not reproduce the local correction.,derive higher-order or nonlocal non-final source features for the coefficient-gradient law,"This is a finite-difference capacity audit. It perturbs the existing source-free lower-pair row Jacobian along non-final active/source row directions, then projects the local oracle correction onto those second-differential feature rows. It is not a formula and not a trajectory h-sweep."
cylindrical_sharp,0.01,case_local_nonlinear_capacity_value_component_nonfinal,paper_tfe_lower_pair_velocity_compression_nonlinear_capacity_gap_not_full_tfe,,case_local_nonlinear_capacity_nonfinal_component_diagonal_value_fit,case_local_nonlinear_capacity_oracle_fit,active_plus_second_diff_source_rows_perp,active non-final velocity plus source-row second differential,"0,1",1,24,8,16,24,16,272,54,6.6510577593528188e+05,1.0000000000000001e-05,16,True,False,False,8,132,24,28,4,1.1016080731892225e+04,1.8390370753258983e-01,1.8393788717788728e-01,1.3102091311236752e-01,1.2909944487358055e-01,7.0186434591764013e-01,9.9263177666579705e-01,1.2909944487358055e-01,7.0199479176189339e-01,9.9262199567089682e-01,7.5743383530625747e-13,3.1716002775823931e-34,True,True,True,False,True,True,False,False,False,False,False,The tested non-final second-differential source features do not reproduce the local correction.,derive higher-order or nonlocal non-final source features for the coefficient-gradient law,"This is a finite-difference capacity audit. It perturbs the existing source-free lower-pair row Jacobian along non-final active/source row directions, then projects the local oracle correction onto those second-differential feature rows. It is not a formula and not a trajectory h-sweep."
cylindrical_sharp,0.01,case_local_nonlinear_capacity_value_component_nonfinal,paper_tfe_lower_pair_velocity_compression_nonlinear_capacity_gap_not_full_tfe,,case_local_nonlinear_capacity_nonfinal_component_diagonal_value_fit,case_local_nonlinear_capacity_oracle_fit,source_active_plus_second_diff_source_rows_raw,source consistency and active rows plus raw source-row second differential,"0,1",1,24,8,16,24,16,288,70,5.8775807019353528e+06,1.0000000000000001e-05,16,True,False,False,8,132,24,28,4,1.1016080731632877e+04,1.8390370753258983e-01,1.8393788717788728e-01,1.3102091311236552e-01,1.2909944487358055e-01,7.0186434591764013e-01,9.9263177666579705e-01,1.2909944487358055e-01,7.0199479176189339e-01,9.9262199567089682e-01,5.9608307819630059e-13,3.1716002775823931e-34,True,True,True,False,True,True,False,False,False,False,False,The tested non-final second-differential source features do not reproduce the local correction.,derive higher-order or nonlocal non-final source features for the coefficient-gradient law,"This is a finite-difference capacity audit. It perturbs the existing source-free lower-pair row Jacobian along non-final active/source row directions, then projects the local oracle correction onto those second-differential feature rows. It is not a formula and not a trajectory h-sweep."
cylindrical_sharp,0.01,case_local_nonlinear_capacity_value_component_nonfinal,paper_tfe_lower_pair_velocity_compression_nonlinear_capacity_gap_not_full_tfe,,case_local_nonlinear_capacity_nonfinal_component_diagonal_value_fit,case_local_nonlinear_capacity_oracle_fit,second_diff_all_rows_perp_along_active_velocity,all source-free lower-pair row second differential along active non-final velocity rows,"0,1",1,24,8,16,24,16,384,46,5.7709573973807041e+05,1.0000000000000001e-05,16,True,True,False,8,132,24,28,4,1.1016078962035499e+04,1.8390370753258983e-01,1.8393788717788728e-01,1.3102091311225503e-01,1.2909944487369393e-01,7.0186434591825653e-01,9.9263177666587088e-01,1.2909944487369393e-01,7.0199479176250990e-01,9.9262199567097065e-01,3.9899628228826282e-13,3.1716002775823931e-34,True,True,True,False,True,True,False,False,False,False,False,The tested non-final second-differential source features do not reproduce the local correction.,derive higher-order or nonlocal non-final source features for the coefficient-gradient law,"This is a finite-difference capacity audit. It perturbs the existing source-free lower-pair row Jacobian along non-final active/source row directions, then projects the local oracle correction onto those second-differential feature rows. It is not a formula and not a trajectory h-sweep."
cylindrical_sharp,0.01,case_local_nonlinear_capacity_value_component_nonfinal,paper_tfe_lower_pair_velocity_compression_nonlinear_capacity_gap_not_full_tfe,,case_local_nonlinear_capacity_nonfinal_component_diagonal_value_fit,case_local_nonlinear_capacity_oracle_fit,second_diff_source_rows_perp_along_source_rows,source-row second differential along source-consistency rows,"0,1",1,24,8,16,24,16,256,46,2.9674446922710140e+04,1.0000000000000001e-05,16,True,False,False,8,132,24,28,4,1.1016078961841977e+04,1.8390370753258983e-01,1.8393788717788728e-01,1.3102091311225575e-01,1.2909944487369393e-01,7.0186434591825653e-01,9.9263177666587088e-01,1.2909944487369393e-01,7.0199479176250990e-01,9.9262199567097065e-01,1.5593393059615763e-14,3.1716002775823931e-34,True,True,True,False,True,True,False,False,False,False,False,The tested non-final second-differential source features do not reproduce the local correction.,derive higher-order or nonlocal non-final source features for the coefficient-gradient law,"This is a finite-difference capacity audit. It perturbs the existing source-free lower-pair row Jacobian along non-final active/source row directions, then projects the local oracle correction onto those second-differential feature rows. It is not a formula and not a trajectory h-sweep."
cylindrical_sharp,0.01,case_local_nonlinear_capacity_value_component_nonfinal,paper_tfe_lower_pair_velocity_compression_nonlinear_capacity_gap_not_full_tfe,,case_local_nonlinear_capacity_nonfinal_component_diagonal_value_fit,case_local_nonlinear_capacity_oracle_fit,source_active_plus_second_diff_source_rows_perp_along_source_active,source and active rows plus source-row second differential along source/active rows,"0,1",1,24,8,16,24,16,544,70,2.2581456148175810e+04,1.0000000000000001e-05,32,True,False,False,8,132,24,28,4,1.1016080731823289e+04,1.8390370753258983e-01,1.8393788717788728e-01,1.3102091311236738e-01,1.2909944487358055e-01,7.0186434591764013e-01,9.9263177666579705e-01,1.2909944487358055e-01,7.0199479176189339e-01,9.9262199567089682e-01,2.0334192994785739e-14,3.1716002775823931e-34,True,True,True,False,True,True,False,False,False,False,False,The tested non-final second-differential source features do not reproduce the local correction.,derive higher-order or nonlocal non-final source features for the coefficient-gradient law,"This is a finite-difference capacity audit. It perturbs the existing source-free lower-pair row Jacobian along non-final active/source row directions, then projects the local oracle correction onto those second-differential feature rows. It is not a formula and not a trajectory h-sweep."
cylindrical_sharp,0.01,universal_nonlinear_capacity_value_component_nonfinal,paper_tfe_lower_pair_velocity_compression_nonlinear_capacity_gap_not_full_tfe,,universal_nonlinear_capacity_nonfinal_component_diagonal_value_fit,all_case_h_nonlinear_capacity_oracle_fit,second_diff_source_rows_perp_along_active_velocity,source-row second differential along active non-final velocity rows,"0,1",6,24,8,16,24,16,256,46,6.5393319640125078e+05,1.0000000000000001e-05,16,True,False,False,8,132,24,28,4,1.1016080908453936e+04,1.8390370753258983e-01,1.8411563974505604e-01,1.3127033987944628e-01,1.2909944487358069e-01,7.0118673814100752e-01,9.9263177666222158e-01,1.2909944487358069e-01,7.0199479176189417e-01,9.9262199567089682e-01,5.6851059426483744e-13,1.1691914586183223e-18,True,True,True,False,True,True,False,False,False,False,False,The tested non-final second-differential source features do not reproduce the local correction.,derive higher-order or nonlocal non-final source features for the coefficient-gradient law,"This is a finite-difference capacity audit. It perturbs the existing source-free lower-pair row Jacobian along non-final active/source row directions, then projects the local oracle correction onto those second-differential feature rows. It is not a formula and not a trajectory h-sweep."
cylindrical_sharp,0.01,universal_nonlinear_capacity_value_component_nonfinal,paper_tfe_lower_pair_velocity_compression_nonlinear_capacity_gap_not_full_tfe,,universal_nonlinear_capacity_nonfinal_component_diagonal_value_fit,all_case_h_nonlinear_capacity_oracle_fit,active_plus_second_diff_source_rows_perp,active non-final velocity plus source-row second differential,"0,1",6,24,8,16,24,16,272,54,6.6510577593528188e+05,1.0000000000000001e-05,16,True,False,False,8,132,24,28,4,1.1016080910716133e+04,1.8390370753258983e-01,1.8411563974505604e-01,1.3127033987944409e-01,1.2909944487358055e-01,7.0118673814100674e-01,9.9263177666222158e-01,1.2909944487358055e-01,7.0199479176189339e-01,9.9262199567089682e-01,1.2017161923683647e-12,1.1691914586183223e-18,True,True,True,False,True,True,False,False,False,False,False,The tested non-final second-differential source features do not reproduce the local correction.,derive higher-order or nonlocal non-final source features for the coefficient-gradient law,"This is a finite-difference capacity audit. It perturbs the existing source-free lower-pair row Jacobian along non-final active/source row directions, then projects the local oracle correction onto those second-differential feature rows. It is not a formula and not a trajectory h-sweep."
cylindrical_sharp,0.01,universal_nonlinear_capacity_value_component_nonfinal,paper_tfe_lower_pair_velocity_compression_nonlinear_capacity_gap_not_full_tfe,,universal_nonlinear_capacity_nonfinal_component_diagonal_value_fit,all_case_h_nonlinear_capacity_oracle_fit,source_active_plus_second_diff_source_rows_raw,source consistency and active rows plus raw source-row second differential,"0,1",6,24,8,16,24,16,288,70,5.8775807019353528e+06,1.0000000000000001e-05,16,True,False,False,8,132,24,28,4,1.1016080910426754e+04,1.8390370753258983e-01,1.8411563974505604e-01,1.3127033987944148e-01,1.2909944487358055e-01,7.0118673814100674e-01,9.9263177666222158e-01,1.2909944487358055e-01,7.0199479176189339e-01,9.9262199567089682e-01,9.1987381632402041e-13,1.1691914586183223e-18,True,True,True,False,True,True,False,False,False,False,False,The tested non-final second-differential source features do not reproduce the local correction.,derive higher-order or nonlocal non-final source features for the coefficient-gradient law,"This is a finite-difference capacity audit. It perturbs the existing source-free lower-pair row Jacobian along non-final active/source row directions, then projects the local oracle correction onto those second-differential feature rows. It is not a formula and not a trajectory h-sweep."
cylindrical_sharp,0.01,universal_nonlinear_capacity_value_component_nonfinal,paper_tfe_lower_pair_velocity_compression_nonlinear_capacity_gap_not_full_tfe,,universal_nonlinear_capacity_nonfinal_component_diagonal_value_fit,all_case_h_nonlinear_capacity_oracle_fit,second_diff_all_rows_perp_along_active_velocity,all source-free lower-pair row second differential along active non-final velocity rows,"0,1",6,24,8,16,24,16,384,46,5.7709573973807041e+05,1.0000000000000001e-05,16,True,True,False,8,132,24,28,4,1.1016080908539359e+04,1.8390370753258983e-01,1.8411563974505604e-01,1.3127033987944328e-01,1.2909944487358069e-01,7.0118673814100752e-01,9.9263177666222158e-01,1.2909944487358069e-01,7.0199479176189417e-01,9.9262199567089682e-01,4.4778257835768843e-13,1.1691914586183223e-18,True,True,True,False,True,True,False,False,False,False,False,The tested non-final second-differential source features do not reproduce the local correction.,derive higher-order or nonlocal non-final source features for the coefficient-gradient law,"This is a finite-difference capacity audit. It perturbs the existing source-free lower-pair row Jacobian along non-final active/source row directions, then projects the local oracle correction onto those second-differential feature rows. It is not a formula and not a trajectory h-sweep."
cylindrical_sharp,0.01,universal_nonlinear_capacity_value_component_nonfinal,paper_tfe_lower_pair_velocity_compression_nonlinear_capacity_gap_not_full_tfe,,universal_nonlinear_capacity_nonfinal_component_diagonal_value_fit,all_case_h_nonlinear_capacity_oracle_fit,second_diff_source_rows_perp_along_source_rows,source-row second differential along source-consistency rows,"0,1",6,24,8,16,24,16,256,46,2.9674446922710140e+04,1.0000000000000001e-05,16,True,False,False,8,132,24,28,4,1.1016080908528620e+04,1.8390370753258983e-01,1.8411563974505604e-01,1.3127033987944345e-01,1.2909944487358069e-01,7.0118673814100752e-01,9.9263177666222158e-01,1.2909944487358069e-01,7.0199479176189417e-01,9.9262199567089682e-01,1.9112692660011260e-14,1.1691914586183223e-18,True,True,True,False,True,True,False,False,False,False,False,The tested non-final second-differential source features do not reproduce the local correction.,derive higher-order or nonlocal non-final source features for the coefficient-gradient law,"This is a finite-difference capacity audit. It perturbs the existing source-free lower-pair row Jacobian along non-final active/source row directions, then projects the local oracle correction onto those second-differential feature rows. It is not a formula and not a trajectory h-sweep."
cylindrical_sharp,0.01,universal_nonlinear_capacity_value_component_nonfinal,paper_tfe_lower_pair_velocity_compression_nonlinear_capacity_gap_not_full_tfe,,universal_nonlinear_capacity_nonfinal_component_diagonal_value_fit,all_case_h_nonlinear_capacity_oracle_fit,source_active_plus_second_diff_source_rows_perp_along_source_active,source and active rows plus source-row second differential along source/active rows,"0,1",6,24,8,16,24,16,544,70,2.2581456148175810e+04,1.0000000000000001e-05,32,True,False,False,8,132,24,28,4,1.1016080910643752e+04,1.8390370753258983e-01,1.8411563974505604e-01,1.3127033987944359e-01,1.2909944487358055e-01,7.0118673814100674e-01,9.9263177666222158e-01,1.2909944487358055e-01,7.0199479176189339e-01,9.9262199567089682e-01,1.9799084909883255e-14,1.1691914586183223e-18,True,True,True,False,True,True,False,False,False,False,False,The tested non-final second-differential source features do not reproduce the local correction.,derive higher-order or nonlocal non-final source features for the coefficient-gradient law,"This is a finite-difference capacity audit. It perturbs the existing source-free lower-pair row Jacobian along non-final active/source row directions, then projects the local oracle correction onto those second-differential feature rows. It is not a formula and not a trajectory h-sweep."
cylindrical_sharp,0.01,case_local_nonlinear_capacity_value_full_nonfinal,paper_tfe_lower_pair_velocity_compression_nonlinear_capacity_gap_not_full_tfe,,case_local_nonlinear_capacity_nonfinal_full_component_value_fit,case_local_nonlinear_capacity_oracle_fit,second_diff_source_rows_perp_along_active_velocity,source-row second differential along active non-final velocity rows,"0,1",1,24,8,16,24,16,256,46,6.5393319640125078e+05,1.0000000000000001e-05,16,True,False,False,8,132,24,29,5,1.1016080698382759e+04,1.8390370753258983e-01,1.8388558020348772e-01,1.3094747015542751e-01,1.2909944487358058e-01,7.0206399398321051e-01,9.9263177666290525e-01,1.2909944487358058e-01,7.0199479176189361e-01,9.9262199567089726e-01,1.5519422373323669e-09,1.5237703619020713e-34,True,True,True,False,True,True,False,False,False,False,False,The tested non-final second-differential source features do not reproduce the local correction.,derive higher-order or nonlocal non-final source features for the coefficient-gradient law,"This is a finite-difference capacity audit. It perturbs the existing source-free lower-pair row Jacobian along non-final active/source row directions, then projects the local oracle correction onto those second-differential feature rows. It is not a formula and not a trajectory h-sweep."
cylindrical_sharp,0.01,case_local_nonlinear_capacity_value_full_nonfinal,paper_tfe_lower_pair_velocity_compression_nonlinear_capacity_gap_not_full_tfe,,case_local_nonlinear_capacity_nonfinal_full_component_value_fit,case_local_nonlinear_capacity_oracle_fit,active_plus_second_diff_source_rows_perp,active non-final velocity plus source-row second differential,"0,1",1,24,8,16,24,16,272,54,6.6510577593528188e+05,1.0000000000000001e-05,16,True,False,False,8,132,24,28,4,1.1016080698776150e+04,1.8390370753258983e-01,1.8388558020348772e-01,1.3094747015542796e-01,1.2909944487358055e-01,7.0206399398321040e-01,9.9263177666290492e-01,1.2909944487358055e-01,7.0199479176189339e-01,9.9262199567089682e-01,1.0633615920281803e-12,1.5237703619020713e-34,True,True,True,False,True,True,False,False,False,False,False,The tested non-final second-differential source features do not reproduce the local correction.,derive higher-order or nonlocal non-final source features for the coefficient-gradient law,"This is a finite-difference capacity audit. It perturbs the existing source-free lower-pair row Jacobian along non-final active/source row directions, then projects the local oracle correction onto those second-differential feature rows. It is not a formula and not a trajectory h-sweep."
cylindrical_sharp,0.01,case_local_nonlinear_capacity_value_full_nonfinal,paper_tfe_lower_pair_velocity_compression_nonlinear_capacity_gap_not_full_tfe,,case_local_nonlinear_capacity_nonfinal_full_component_value_fit,case_local_nonlinear_capacity_oracle_fit,source_active_plus_second_diff_source_rows_raw,source consistency and active rows plus raw source-row second differential,"0,1",1,24,8,16,24,16,288,70,5.8775807019353528e+06,1.0000000000000001e-05,16,True,False,False,8,132,24,28,4,1.1016080698736239e+04,1.8390370753258983e-01,1.8388558020348772e-01,1.3094747015542577e-01,1.2909944487358055e-01,7.0206399398321040e-01,9.9263177666290492e-01,1.2909944487358055e-01,7.0199479176189339e-01,9.9262199567089682e-01,6.7494997974475924e-13,1.5237703619020713e-34,True,True,True,False,True,True,False,False,False,False,False,The tested non-final second-differential source features do not reproduce the local correction.,derive higher-order or nonlocal non-final source features for the coefficient-gradient law,"This is a finite-difference capacity audit. It perturbs the existing source-free lower-pair row Jacobian along non-final active/source row directions, then projects the local oracle correction onto those second-differential feature rows. It is not a formula and not a trajectory h-sweep."
cylindrical_sharp,0.01,case_local_nonlinear_capacity_value_full_nonfinal,paper_tfe_lower_pair_velocity_compression_nonlinear_capacity_gap_not_full_tfe,,case_local_nonlinear_capacity_nonfinal_full_component_value_fit,case_local_nonlinear_capacity_oracle_fit,second_diff_all_rows_perp_along_active_velocity,all source-free lower-pair row second differential along active non-final velocity rows,"0,1",1,24,8,16,24,16,384,46,5.7709573973807041e+05,1.0000000000000001e-05,16,True,True,False,8,132,24,29,5,1.1016080698473032e+04,1.8390370753258983e-01,1.8388558020348772e-01,1.3094747015542740e-01,1.2909944487358058e-01,7.0206399398321051e-01,9.9263177666290525e-01,1.2909944487358058e-01,7.0199479176189361e-01,9.9262199567089726e-01,1.5519423048210218e-09,1.5237703619020713e-34,True,True,True,False,True,True,False,False,False,False,False,The tested non-final second-differential source features do not reproduce the local correction.,derive higher-order or nonlocal non-final source features for the coefficient-gradient law,"This is a finite-difference capacity audit. It perturbs the existing source-free lower-pair row Jacobian along non-final active/source row directions, then projects the local oracle correction onto those second-differential feature rows. It is not a formula and not a trajectory h-sweep."
cylindrical_sharp,0.01,case_local_nonlinear_capacity_value_full_nonfinal,paper_tfe_lower_pair_velocity_compression_nonlinear_capacity_gap_not_full_tfe,,case_local_nonlinear_capacity_nonfinal_full_component_value_fit,case_local_nonlinear_capacity_oracle_fit,second_diff_source_rows_perp_along_source_rows,source-row second differential along source-consistency rows,"0,1",1,24,8,16,24,16,256,46,2.9674446922710140e+04,1.0000000000000001e-05,16,True,False,False,8,132,24,29,5,1.1016080698358624e+04,1.8390370753258983e-01,1.8388558020348772e-01,1.3094747015542788e-01,1.2909944487358058e-01,7.0206399398321051e-01,9.9263177666290525e-01,1.2909944487358058e-01,7.0199479176189361e-01,9.9262199567089726e-01,1.5519422211163504e-09,1.5237703619020713e-34,True,True,True,False,True,True,False,False,False,False,False,The tested non-final second-differential source features do not reproduce the local correction.,derive higher-order or nonlocal non-final source features for the coefficient-gradient law,"This is a finite-difference capacity audit. It perturbs the existing source-free lower-pair row Jacobian along non-final active/source row directions, then projects the local oracle correction onto those second-differential feature rows. It is not a formula and not a trajectory h-sweep."
cylindrical_sharp,0.01,case_local_nonlinear_capacity_value_full_nonfinal,paper_tfe_lower_pair_velocity_compression_nonlinear_capacity_gap_not_full_tfe,,case_local_nonlinear_capacity_nonfinal_full_component_value_fit,case_local_nonlinear_capacity_oracle_fit,source_active_plus_second_diff_source_rows_perp_along_source_active,source and active rows plus source-row second differential along source/active rows,"0,1",1,24,8,16,24,16,544,70,2.2581456148175810e+04,1.0000000000000001e-05,32,True,False,False,8,132,24,28,4,1.1016080698693104e+04,1.8390370753258983e-01,1.8388558020348772e-01,1.3094747015542768e-01,1.2909944487358055e-01,7.0206399398321040e-01,9.9263177666290492e-01,1.2909944487358055e-01,7.0199479176189339e-01,9.9262199567089682e-01,1.7675738813323625e-14,1.5237703619020713e-34,True,True,True,False,True,True,False,False,False,False,False,The tested non-final second-differential source features do not reproduce the local correction.,derive higher-order or nonlocal non-final source features for the coefficient-gradient law,"This is a finite-difference capacity audit. It perturbs the existing source-free lower-pair row Jacobian along non-final active/source row directions, then projects the local oracle correction onto those second-differential feature rows. It is not a formula and not a trajectory h-sweep."
cylindrical_sharp,0.01,universal_nonlinear_capacity_value_full_nonfinal,paper_tfe_lower_pair_velocity_compression_nonlinear_capacity_gap_not_full_tfe,,universal_nonlinear_capacity_nonfinal_full_component_value_fit,all_case_h_nonlinear_capacity_oracle_fit,second_diff_source_rows_perp_along_active_velocity,source-row second differential along active non-final velocity rows,"0,1",6,24,8,16,24,16,256,46,6.5393319640125078e+05,1.0000000000000001e-05,16,True,False,False,8,132,24,31,7,1.1013857021788881e+04,1.8390370753258983e-01,1.8388558191675508e-01,1.3094747174994523e-01,1.2909944569656770e-01,7.0206399191759883e-01,9.9263175603638465e-01,1.2909944569479523e-01,7.0199479622735361e-01,9.9262200863017502e-01,1.5429808854224228e-06,4.5145606179748471e-32,True,True,True,False,True,True,False,False,False,False,False,The tested non-final second-differential source features do not reproduce the local correction.,derive higher-order or nonlocal non-final source features for the coefficient-gradient law,"This is a finite-difference capacity audit. It perturbs the existing source-free lower-pair row Jacobian along non-final active/source row directions, then projects the local oracle correction onto those second-differential feature rows. It is not a formula and not a trajectory h-sweep."
cylindrical_sharp,0.01,universal_nonlinear_capacity_value_full_nonfinal,paper_tfe_lower_pair_velocity_compression_nonlinear_capacity_gap_not_full_tfe,,universal_nonlinear_capacity_nonfinal_full_component_value_fit,all_case_h_nonlinear_capacity_oracle_fit,active_plus_second_diff_source_rows_perp,active non-final velocity plus source-row second differential,"0,1",6,24,8,16,24,16,272,54,6.6510577593528188e+05,1.0000000000000001e-05,16,True,False,False,8,132,24,28,4,1.1016080698693324e+04,1.8390370753258983e-01,1.8388558191675508e-01,1.3094747256131775e-01,1.2909944487358055e-01,7.0206398744205956e-01,9.9263174304885249e-01,1.2909944487358055e-01,7.0199479176189339e-01,9.9262199567089682e-01,1.1926886461709804e-12,4.5145606179748471e-32,True,True,True,False,True,True,False,False,False,False,False,The tested non-final second-differential source features do not reproduce the local correction.,derive higher-order or nonlocal non-final source features for the coefficient-gradient law,"This is a finite-difference capacity audit. It perturbs the existing source-free lower-pair row Jacobian along non-final active/source row directions, then projects the local oracle correction onto those second-differential feature rows. It is not a formula and not a trajectory h-sweep."
cylindrical_sharp,0.01,universal_nonlinear_capacity_value_full_nonfinal,paper_tfe_lower_pair_velocity_compression_nonlinear_capacity_gap_not_full_tfe,,universal_nonlinear_capacity_nonfinal_full_component_value_fit,all_case_h_nonlinear_capacity_oracle_fit,source_active_plus_second_diff_source_rows_raw,source consistency and active rows plus raw source-row second differential,"0,1",6,24,8,16,24,16,288,70,5.8775807019353528e+06,1.0000000000000001e-05,16,True,False,False,8,132,24,28,4,1.1016080698713882e+04,1.8390370753258983e-01,1.8388558191675508e-01,1.3094747256131500e-01,1.2909944487358055e-01,7.0206398744205956e-01,9.9263174304885249e-01,1.2909944487358055e-01,7.0199479176189339e-01,9.9262199567089682e-01,8.2600273567945310e-13,4.5145606179748471e-32,True,True,True,False,True,True,False,False,False,False,False,The tested non-final second-differential source features do not reproduce the local correction.,derive higher-order or nonlocal non-final source features for the coefficient-gradient law,"This is a finite-difference capacity audit. It perturbs the existing source-free lower-pair row Jacobian along non-final active/source row directions, then projects the local oracle correction onto those second-differential feature rows. It is not a formula and not a trajectory h-sweep."
cylindrical_sharp,0.01,universal_nonlinear_capacity_value_full_nonfinal,paper_tfe_lower_pair_velocity_compression_nonlinear_capacity_gap_not_full_tfe,,universal_nonlinear_capacity_nonfinal_full_component_value_fit,all_case_h_nonlinear_capacity_oracle_fit,second_diff_all_rows_perp_along_active_velocity,all source-free lower-pair row second differential along active non-final velocity rows,"0,1",6,24,8,16,24,16,384,46,5.7709573973807041e+05,1.0000000000000001e-05,16,True,True,False,8,132,24,31,7,1.1013857021875136e+04,1.8390370753258983e-01,1.8388558191675508e-01,1.3094747174994464e-01,1.2909944569656770e-01,7.0206399191759883e-01,9.9263175603638465e-01,1.2909944569479523e-01,7.0199479622735361e-01,9.9262200863017502e-01,1.5429808858523730e-06,4.5145606179748471e-32,True,True,True,False,True,True,False,False,False,False,False,The tested non-final second-differential source features do not reproduce the local correction.,derive higher-order or nonlocal non-final source features for the coefficient-gradient law,"This is a finite-difference capacity audit. It perturbs the existing source-free lower-pair row Jacobian along non-final active/source row directions, then projects the local oracle correction onto those second-differential feature rows. It is not a formula and not a trajectory h-sweep."
cylindrical_sharp,0.01,universal_nonlinear_capacity_value_full_nonfinal,paper_tfe_lower_pair_velocity_compression_nonlinear_capacity_gap_not_full_tfe,,universal_nonlinear_capacity_nonfinal_full_component_value_fit,all_case_h_nonlinear_capacity_oracle_fit,second_diff_source_rows_perp_along_source_rows,source-row second differential along source-consistency rows,"0,1",6,24,8,16,24,16,256,46,2.9674446922710140e+04,1.0000000000000001e-05,16,True,False,False,8,132,24,31,7,1.1013857021657615e+04,1.8390370753258983e-01,1.8388558191675508e-01,1.3094747174994495e-01,1.2909944569656770e-01,7.0206399191759883e-01,9.9263175603638465e-01,1.2909944569479523e-01,7.0199479622735361e-01,9.9262200863017502e-01,1.5429808854386531e-06,4.5145606179748471e-32,True,True,True,False,True,True,False,False,False,False,False,The tested non-final second-differential source features do not reproduce the local correction.,derive higher-order or nonlocal non-final source features for the coefficient-gradient law,"This is a finite-difference capacity audit. It perturbs the existing source-free lower-pair row Jacobian along non-final active/source row directions, then projects the local oracle correction onto those second-differential feature rows. It is not a formula and not a trajectory h-sweep."
cylindrical_sharp,0.01,universal_nonlinear_capacity_value_full_nonfinal,paper_tfe_lower_pair_velocity_compression_nonlinear_capacity_gap_not_full_tfe,,universal_nonlinear_capacity_nonfinal_full_component_value_fit,all_case_h_nonlinear_capacity_oracle_fit,source_active_plus_second_diff_source_rows_perp_along_source_active,source and active rows plus source-row second differential along source/active rows,"0,1",6,24,8,16,24,16,544,70,2.2581456148175810e+04,1.0000000000000001e-05,32,True,False,False,8,132,24,28,4,1.1016080698667929e+04,1.8390370753258983e-01,1.8388558191675508e-01,1.3094747256131731e-01,1.2909944487358055e-01,7.0206398744205956e-01,9.9263174304885249e-01,1.2909944487358055e-01,7.0199479176189339e-01,9.9262199567089682e-01,2.5572481300246342e-14,4.5145606179748471e-32,True,True,True,False,True,True,False,False,False,False,False,The tested non-final second-differential source features do not reproduce the local correction.,derive higher-order or nonlocal non-final source features for the coefficient-gradient law,"This is a finite-difference capacity audit. It perturbs the existing source-free lower-pair row Jacobian along non-final active/source row directions, then projects the local oracle correction onto those second-differential feature rows. It is not a formula and not a trajectory h-sweep."
